HIERARCHY
ROOT Hips
{
	OFFSET -0.001795 -0.223333 0.028219
	CHANNELS 6 Xposition Yposition Zposition Zrotation Yrotation Xrotation 
	JOINT LeftUpLeg
	{
		OFFSET 0.069520 -0.091406 -0.006815
		CHANNELS 3 Zrotation Yrotation Xrotation
		JOINT LeftLeg
		{
			OFFSET 0.034277 -0.375199 -0.004496
			CHANNELS 3 Zrotation Yrotation Xrotation
			JOINT LeftFoot
			{
				OFFSET -0.013596 -0.397961 -0.043693
				CHANNELS 3 Zrotation Yrotation Xrotation
				JOINT LeftToe
				{
					OFFSET 0.026358 -0.055791 0.119288
					CHANNELS 3 Zrotation Yrotation Xrotation
					End Site
					{
						OFFSET 0.000000 0.000000 0.000000
					}
				}
			}
		}
	}
	JOINT RightUpLeg
	{
		OFFSET -0.067670 -0.090522 -0.004320
		CHANNELS 3 Zrotation Yrotation Xrotation
		JOINT RightLeg
		{
			OFFSET -0.038290 -0.382569 -0.008850
			CHANNELS 3 Zrotation Yrotation Xrotation
			JOINT RightFoot
			{
				OFFSET 0.015774 -0.398415 -0.042312
				CHANNELS 3 Zrotation Yrotation Xrotation
				JOINT RightToe
				{
					OFFSET -0.025372 -0.048144 0.123348
					CHANNELS 3 Zrotation Yrotation Xrotation
					End Site
					{
						OFFSET 0.000000 0.000000 0.000000
					}
				}
			}
		}
	}
	JOINT Spine
	{
		OFFSET -0.002533 0.108963 -0.026696
		CHANNELS 3 Zrotation Yrotation Xrotation
		JOINT Spine1
		{
			OFFSET 0.005487 0.135180 0.001092
			CHANNELS 3 Zrotation Yrotation Xrotation
			JOINT Spine2
			{
				OFFSET 0.001457 0.052922 0.025425
				CHANNELS 3 Zrotation Yrotation Xrotation
				JOINT Neck
				{
					OFFSET -0.002778 0.213870 -0.042857
					CHANNELS 3 Zrotation Yrotation Xrotation
					JOINT Head
					{
						OFFSET 0.005152 0.064970 0.051349
						CHANNELS 3 Zrotation Yrotation Xrotation
						End Site
						{
							OFFSET 0.000000 0.000000 0.000000
						}
					}
				}
				JOINT LeftShoulder
				{
					OFFSET 0.078845 0.121749 -0.034090
					CHANNELS 3 Zrotation Yrotation Xrotation
					JOINT LeftArm
					{
						OFFSET 0.090977 0.030469 -0.008868
						CHANNELS 3 Zrotation Yrotation Xrotation
						JOINT LeftForeArm
						{
							OFFSET 0.259612 -0.012772 -0.027456
							CHANNELS 3 Zrotation Yrotation Xrotation
							JOINT LeftHand
							{
								OFFSET 0.249234 0.008986 -0.001171
								CHANNELS 3 Zrotation Yrotation Xrotation
								End Site
								{
									OFFSET 0.000000 0.000000 0.000000
								}
							}
						}
					}
				}
				JOINT RightShoulder
				{
					OFFSET -0.081759 0.118833 -0.038615
					CHANNELS 3 Zrotation Yrotation Xrotation
					JOINT RightArm
					{
						OFFSET -0.096012 0.032551 -0.009143
						CHANNELS 3 Zrotation Yrotation Xrotation
						JOINT RightForeArm
						{
							OFFSET -0.253742 -0.013329 -0.021401
							CHANNELS 3 Zrotation Yrotation Xrotation
							JOINT RightHand
							{
								OFFSET -0.255298 0.007772 -0.005559
								CHANNELS 3 Zrotation Yrotation Xrotation
								End Site
								{
									OFFSET 0.000000 0.000000 0.000000
								}
							}
						}
					}
				}
			}
		}
	}
}
MOTION
Frames: 196
Frame Time: 0.050000
0.000000 0.949014 0.000000 -2.425445 5.249093 -0.968958 1.878053 1.014837 17.645369 -0.722408 -1.617910 33.492505 -0.518453 6.774538 19.840620 0.000000 0.000000 0.000000 4.283681 3.175872 -25.461434 2.970956 -0.365576 20.298401 -8.392741 -19.584008 59.635636 0.000000 0.000000 0.000000 5.531111 -1.047057 10.704308 6.170462 -4.596708 12.017605 -0.999704 -9.867543 -12.986627 -0.888737 0.826881 15.623635 0.000000 0.000000 0.000000 -18.964680 -5.189874 2.111403 -32.601934 0.862572 -3.300988 -124.996139 -60.215570 103.972432 0.000000 0.000000 0.000000 14.417582 -11.540835 -8.090855 32.498523 -25.983477 -8.233958 88.082164 48.937026 45.529407 0.000000 0.000000 0.000000 
-0.005135 0.921406 0.008555 -2.530230 1.542942 -1.472144 4.594035 0.552989 13.088178 -3.918475 -0.119458 53.244009 3.718355 10.357479 10.256639 0.000000 0.000000 0.000000 6.256116 3.451355 -23.172721 4.988959 -0.903303 30.942617 -10.166536 -21.986832 35.865522 0.000000 0.000000 0.000000 6.049733 -1.117491 11.346312 4.020489 -2.866832 10.869400 1.105304 -8.112791 -10.861088 -2.335207 2.128404 11.220632 0.000000 0.000000 0.000000 -21.222190 0.393081 -0.881469 -30.671126 2.489564 -3.664902 -114.092227 -54.692433 84.429093 0.000000 0.000000 0.000000 12.715448 -7.509712 -5.890282 36.879499 -21.259150 -8.280513 91.638338 54.419015 53.352048 0.000000 0.000000 0.000000 
-0.008381 0.915839 0.010537 -1.904883 -1.331587 -3.226600 4.193196 0.172264 3.293080 -3.948691 1.033581 70.184790 5.504446 12.555682 5.812468 0.000000 0.000000 0.000000 8.546971 2.214333 -13.278614 1.316024 0.874399 30.086962 -4.422026 -11.306807 1.133853 0.000000 0.000000 0.000000 4.640425 -1.333066 16.667010 2.441285 -1.591317 7.883082 2.098023 -1.856936 -7.789182 -2.602681 1.920399 3.096647 0.000000 0.000000 0.000000 -23.586947 0.875203 -2.512044 -29.942482 7.420727 -4.498800 -100.959535 -54.350559 68.119297 0.000000 0.000000 0.000000 14.878500 -5.121361 -4.644378 40.986421 -11.191400 -6.326369 100.006115 62.507297 71.823248 0.000000 0.000000 0.000000 
-0.008875 0.946022 0.010253 0.143745 -4.348914 -2.677211 0.503849 -0.744536 -8.714515 -4.199047 3.237148 71.881539 6.119832 14.339335 11.779044 0.000000 0.000000 0.000000 6.660407 0.127828 -1.751596 -1.570406 1.588555 21.316175 -1.965242 0.083278 -8.714499 0.000000 0.000000 0.000000 2.451849 -0.947434 16.819015 -0.405631 0.179950 8.995812 2.471833 3.663497 -8.352848 -2.339241 1.352538 5.180899 0.000000 0.000000 0.000000 -22.887747 2.587523 -4.548990 -27.297566 11.592451 -4.576894 -96.289307 -50.401531 58.054880 0.000000 0.000000 0.000000 15.954441 -1.710203 -2.493312 42.019065 -3.367115 -4.023110 119.034996 65.720488 98.031109 0.000000 0.000000 0.000000 
-0.007944 0.989264 0.012594 1.552189 -6.403822 -2.306220 -1.949340 -1.814620 -18.115860 -3.430715 2.906192 60.630489 3.856838 11.680164 19.189437 0.000000 0.000000 0.000000 3.255627 -1.242880 9.977748 -2.501068 1.217640 13.209979 0.708466 4.961331 -4.245986 0.000000 0.000000 0.000000 1.111988 -0.711738 17.430666 -1.250564 0.719172 6.675619 0.277462 10.444892 -7.772785 2.135689 -3.631626 9.853802 0.000000 0.000000 0.000000 -20.166169 3.997606 -6.300085 -27.352921 18.102373 -5.671057 -94.082945 -47.111951 50.380022 0.000000 0.000000 0.000000 15.739494 -1.917251 -1.315852 44.172041 1.194674 -3.092058 127.754055 66.153398 113.449228 0.000000 0.000000 0.000000 
-0.008478 1.018859 0.017131 2.341526 -6.702383 -1.305970 -4.107034 -2.485452 -21.433821 -2.949200 1.364715 40.004473 3.911039 12.087375 24.628098 0.000000 0.000000 0.000000 0.983585 -1.371758 14.668243 -1.844614 1.454138 17.767969 1.632936 2.153720 2.852826 0.000000 0.000000 0.000000 0.197815 -0.518769 15.457044 -4.089604 2.474525 9.078465 1.764936 11.451767 -11.050953 1.527030 -4.159858 14.495754 0.000000 0.000000 0.000000 -18.609983 4.687266 -6.367535 -25.273899 25.229874 -6.442920 -98.848132 -44.234222 51.148679 0.000000 0.000000 0.000000 13.815859 -0.313088 -0.446341 46.394421 1.312859 -2.806977 136.445582 65.883376 124.587414 0.000000 0.000000 0.000000 
-0.010805 1.016682 0.022225 1.944063 -6.787003 -0.709879 -3.974664 -2.304779 -19.990510 -1.849180 0.310496 23.525639 -0.182732 7.725771 29.864249 0.000000 0.000000 0.000000 -0.629327 -1.191364 15.919007 0.804124 2.214653 36.527755 -1.499710 -7.203579 8.350606 0.000000 0.000000 0.000000 0.293408 -0.510132 14.291315 -3.636146 2.492308 13.434356 -0.551241 12.332058 -15.049841 2.523117 -5.906860 16.277275 0.000000 0.000000 0.000000 -16.535327 4.380263 -6.074016 -25.885648 29.246340 -7.348025 -102.501748 -45.864536 55.577725 0.000000 0.000000 0.000000 15.009742 -0.331285 -0.248643 44.241589 0.561871 -2.707157 132.351107 64.427022 118.373618 0.000000 0.000000 0.000000 
-0.013777 0.981482 0.027091 2.022614 -6.202333 -2.374688 -5.814660 -2.195292 -16.195396 -0.881924 -0.061581 23.030148 -1.237794 6.862434 31.173248 0.000000 0.000000 0.000000 -3.419666 -0.644671 13.985409 7.307526 0.200956 66.658501 -6.956118 -18.134687 16.139255 0.000000 0.000000 0.000000 -0.746500 -0.413917 16.257692 -3.300872 2.378627 15.732013 -1.437650 11.826029 -17.383855 3.966158 -7.145433 15.778698 0.000000 0.000000 0.000000 -19.992851 3.319022 -6.766117 -23.785363 26.471265 -5.883722 -106.870770 -49.827120 64.709067 0.000000 0.000000 0.000000 15.743819 0.520750 0.146688 44.128465 -2.802946 -3.641209 121.808558 64.227788 104.202615 0.000000 0.000000 0.000000 
-0.018378 0.937353 0.026731 1.708012 -3.913512 -4.740804 -7.563599 -2.013076 -12.828357 0.633875 -0.834164 28.602670 0.670883 9.175918 29.524490 0.000000 0.000000 0.000000 -5.110347 -0.196352 6.578146 10.076342 -4.253369 95.005335 -6.157483 -16.351568 11.873254 0.000000 0.000000 0.000000 -0.224750 -0.621196 19.639051 -2.126846 1.441635 18.232996 -1.886523 6.663884 -19.552917 1.654085 -3.182363 10.228719 0.000000 0.000000 0.000000 -24.990716 1.951889 -6.536989 -23.635893 18.253878 -4.212767 -114.196624 -55.180079 80.190860 0.000000 0.000000 0.000000 16.824390 1.859062 -0.104861 43.094305 -5.534825 -4.063051 102.874214 64.324479 80.121675 0.000000 0.000000 0.000000 
-0.026730 0.916222 0.022108 1.217624 -0.303914 -7.171838 -8.301014 -0.790798 -4.583347 3.608211 -1.921600 22.522480 3.192318 11.915423 24.188669 0.000000 0.000000 0.000000 -6.269047 0.289024 -5.220409 10.409790 -9.437560 106.215142 -6.150037 -16.526589 13.381218 0.000000 0.000000 0.000000 1.167229 -1.186988 24.268994 -0.679913 0.076663 13.617233 -3.252360 1.395209 -14.316268 1.747825 -2.564541 9.148372 0.000000 0.000000 0.000000 -26.831022 -4.928844 -1.610872 -25.359759 6.731046 -2.820856 -126.775754 -64.422473 106.517392 0.000000 0.000000 0.000000 20.687911 1.042667 -1.527765 37.740010 -9.666772 -4.937387 90.757115 61.314201 63.837500 0.000000 0.000000 0.000000 
-0.039201 0.936988 0.020017 0.096670 2.659314 -6.916046 -5.915221 0.917242 6.589985 4.990398 -0.960457 5.110151 -1.195233 3.149662 12.340210 0.000000 0.000000 0.000000 -6.086023 0.756188 -17.102331 11.218871 -12.009710 97.174416 -7.105183 -18.208870 11.701667 0.000000 0.000000 0.000000 3.174292 -1.752875 24.107302 0.467828 -0.663392 9.153493 -3.369127 -5.020262 -8.490636 -0.010809 -0.340223 6.986624 0.000000 0.000000 0.000000 -27.299217 -5.989545 1.277914 -27.132105 -4.918188 -1.633299 -144.406041 -68.252679 135.142120 0.000000 0.000000 0.000000 19.215610 0.985031 -2.504686 35.474811 -15.014927 -6.169659 90.537424 56.749948 57.026716 0.000000 0.000000 0.000000 
-0.053780 0.974383 0.022248 -1.991002 3.032595 -4.436446 -1.128607 1.211429 12.822618 3.763553 -0.255329 -2.167279 -4.500346 -0.915770 15.130896 0.000000 0.000000 0.000000 -2.231979 1.926908 -25.534455 11.724825 -9.055283 73.849131 -9.180218 -21.528486 17.448985 0.000000 0.000000 0.000000 3.955116 -1.702550 20.933562 3.872467 -2.795619 9.833254 -3.383405 -6.539497 -10.406215 -1.695174 1.086188 9.971640 0.000000 0.000000 0.000000 -25.481559 -6.783671 2.165765 -31.932500 -8.708185 -0.946953 -143.688114 -64.009987 131.166418 0.000000 0.000000 0.000000 15.198252 0.032281 -2.588715 34.789030 -19.132050 -7.014937 93.766255 52.515463 54.701812 0.000000 0.000000 0.000000 
-0.068685 1.004952 0.028094 -2.917994 2.738706 -2.044656 1.619106 1.028631 15.120211 3.743237 -0.811863 5.857216 -4.329913 -3.921948 8.590667 0.000000 0.000000 0.000000 1.158129 2.714869 -25.903390 6.874077 -2.529232 45.313075 -6.234607 -17.032634 25.559673 0.000000 0.000000 0.000000 4.409493 -1.384606 16.242960 3.558213 -2.946311 13.831409 -0.957443 -7.829267 -13.523044 -4.186382 3.528557 12.064257 0.000000 0.000000 0.000000 -24.104732 -5.621678 2.072027 -33.286358 -8.811973 -0.920112 -139.530984 -58.829979 121.395529 0.000000 0.000000 0.000000 12.077226 -0.958005 -2.828156 35.425009 -22.550245 -7.979508 96.433422 48.118149 50.826296 0.000000 0.000000 0.000000 
-0.082885 1.008980 0.036507 -2.687248 2.837931 -1.630437 2.185757 0.941912 15.138227 4.945378 -3.156498 28.446601 -1.235980 -4.446891 -3.011882 0.000000 0.000000 0.000000 3.386453 2.525388 -20.414446 2.316808 -0.001863 26.821777 -3.684895 -13.775202 29.705504 0.000000 0.000000 0.000000 3.087930 -1.179317 16.059518 7.498688 -4.954336 9.860961 -4.252385 -6.403203 -11.165994 -4.943998 3.822901 11.403644 0.000000 0.000000 0.000000 -25.047829 -3.935660 0.277105 -33.662810 -3.957776 -2.060828 -128.801764 -52.279066 97.287100 0.000000 0.000000 0.000000 12.474176 -0.536005 -2.303589 36.724143 -22.724361 -8.511622 95.393267 48.429894 51.596196 0.000000 0.000000 0.000000 
-0.098048 0.980766 0.044617 -2.188570 2.545545 -3.044290 2.283414 0.761733 12.105222 4.273605 -6.015844 55.189566 0.255148 0.285119 -0.530784 0.000000 0.000000 0.000000 4.807838 2.103018 -15.427133 1.809764 0.216465 28.268321 -4.814377 -15.550186 32.905794 0.000000 0.000000 0.000000 1.790836 -0.943633 15.656037 6.184807 -4.333155 11.191614 -2.582854 -3.342631 -11.201732 -3.099122 1.925891 10.463249 0.000000 0.000000 0.000000 -24.498228 -2.781874 -1.115968 -32.013079 1.499211 -3.057234 -117.908763 -51.506886 81.558389 0.000000 0.000000 0.000000 13.518728 0.449048 -1.668016 39.458840 -18.353314 -7.944135 96.729061 53.637617 59.444364 0.000000 0.000000 0.000000 
-0.112295 0.940003 0.045402 -2.148842 -0.061144 -4.603344 2.635311 0.276726 4.203846 1.365925 -5.013218 76.967005 1.183243 5.541755 8.444033 0.000000 0.000000 0.000000 6.435152 1.563709 -10.458089 1.111561 0.885388 32.553940 -7.390900 -19.110572 33.649543 0.000000 0.000000 0.000000 1.533020 -0.962961 17.628491 3.592164 -2.705462 12.998754 -1.402818 2.027238 -11.313802 -3.358979 1.995824 4.832303 0.000000 0.000000 0.000000 -24.361204 -1.133617 -3.250775 -29.308696 7.623225 -3.815705 -107.086423 -50.168995 66.962200 0.000000 0.000000 0.000000 17.892236 1.945268 -0.630045 37.989882 -8.246177 -4.815578 99.759843 60.436045 71.755411 0.000000 0.000000 0.000000 
-0.121021 0.920728 0.040714 -1.841957 -0.891826 -5.009150 3.771096 -0.538296 -9.281840 -1.105427 -2.559711 88.172603 3.103236 7.858299 4.466132 0.000000 0.000000 0.000000 7.383711 0.446956 -3.291455 -0.734505 1.316595 24.709802 -12.793391 -25.681827 30.858132 0.000000 0.000000 0.000000 0.338324 -0.873506 20.266653 2.828332 -1.961224 9.821366 -0.756161 8.142467 -9.757315 -2.048440 0.678671 4.501695 0.000000 0.000000 0.000000 -25.479395 0.154400 -5.778457 -25.533420 15.394937 -4.480959 -96.914215 -46.513912 52.387333 0.000000 0.000000 0.000000 19.014420 3.521499 1.564435 36.377976 -0.045848 -2.925169 112.169234 64.692994 92.579550 0.000000 0.000000 0.000000 
-0.123966 0.937826 0.039307 0.617959 -2.843852 -3.980500 1.620898 -1.567943 -21.474851 -5.368219 3.959245 81.467888 4.398746 11.167136 8.996693 0.000000 0.000000 0.000000 4.183115 -1.103167 7.763589 -2.075241 0.623202 6.678377 -4.661022 -14.106876 12.790924 0.000000 0.000000 0.000000 -1.566856 -0.426645 18.978154 -1.909681 0.997787 8.066271 1.933512 13.412947 -8.851654 -0.342756 -0.810162 4.327034 0.000000 0.000000 0.000000 -22.102499 1.319784 -6.488524 -23.098584 21.003133 -4.911999 -94.584048 -43.539082 46.351824 0.000000 0.000000 0.000000 14.498133 3.715765 2.286358 39.921565 4.621267 -1.917720 120.347759 63.523405 103.522374 0.000000 0.000000 0.000000 
-0.124612 0.970515 0.043255 2.205805 -3.104435 -2.263714 -2.694618 -2.889375 -26.457589 -6.088132 3.248491 57.831373 4.328925 11.933817 15.219940 0.000000 0.000000 0.000000 0.547177 -1.600440 16.479408 -1.259035 0.014954 -2.219858 0.443564 -5.646330 14.982012 0.000000 0.000000 0.000000 -2.353458 -0.245159 16.917336 -3.444095 1.852375 6.783824 0.786462 17.410644 -8.881844 3.104926 -4.761842 7.757400 0.000000 0.000000 0.000000 -18.260055 2.931597 -6.993609 -22.194549 24.689101 -5.405329 -95.840913 -40.353486 42.279726 0.000000 0.000000 0.000000 13.180459 3.602743 2.915143 40.525164 5.275293 -1.900879 124.140237 61.704063 109.288721 0.000000 0.000000 0.000000 
-0.126528 0.997593 0.050636 2.210160 -1.167502 -0.691195 -6.896913 -3.710596 -24.851218 -2.956871 0.226456 34.370303 1.990070 9.834763 21.693601 0.000000 0.000000 0.000000 -1.024512 -1.633258 18.887819 -0.294263 0.410294 8.615793 0.248588 -3.418264 8.592142 0.000000 0.000000 0.000000 -1.972964 -0.287012 14.029089 -5.900791 3.275026 9.565250 0.914121 17.627870 -14.508677 3.779091 -6.969634 12.352952 0.000000 0.000000 0.000000 -17.972560 4.512919 -7.768296 -17.906998 26.260102 -4.329106 -95.643969 -38.027175 40.199323 0.000000 0.000000 0.000000 13.256363 3.953776 3.116091 40.861220 1.565774 -2.573072 120.054961 58.329605 99.945299 0.000000 0.000000 0.000000 
-0.129836 0.996830 0.058459 1.055812 0.282264 -0.829056 -7.912201 -3.033921 -19.077267 -1.663754 -0.323659 24.196712 0.005295 7.507664 22.191553 0.000000 0.000000 0.000000 -0.690038 -1.602242 16.968979 1.342678 1.019040 39.888215 -2.894888 -6.044236 -3.559095 0.000000 0.000000 0.000000 -1.471580 -0.332049 12.295642 -4.694399 2.579702 13.643763 -2.470401 17.541652 -17.672573 4.460587 -8.589410 14.271283 0.000000 0.000000 0.000000 -14.767135 4.540098 -6.826322 -22.565953 26.261840 -5.778652 -94.749391 -42.040062 42.726559 0.000000 0.000000 0.000000 15.372501 2.902353 3.071986 38.224032 -0.588393 -3.069589 113.948807 52.510455 85.884865 0.000000 0.000000 0.000000 
-0.131839 0.962750 0.062629 0.340875 1.403124 -2.539759 -10.243244 -2.454094 -13.689525 1.391184 -1.543163 26.191197 1.366254 8.326858 17.036037 0.000000 0.000000 0.000000 -2.804118 -0.871416 11.625860 4.222138 -0.983699 75.285846 -4.164934 -11.284305 3.495933 0.000000 0.000000 0.000000 -1.810733 -0.349290 13.427785 -3.360158 1.653946 15.714020 -3.972697 16.466281 -18.220435 7.138395 -9.181081 9.644666 0.000000 0.000000 0.000000 -19.612935 2.188905 -7.757681 -22.437112 21.444175 -4.475839 -92.403069 -49.423602 49.554110 0.000000 0.000000 0.000000 16.629894 3.579414 3.545913 36.351858 -5.378731 -4.160401 106.126195 50.956502 74.434722 0.000000 0.000000 0.000000 
-0.133649 0.925091 0.058038 0.279114 4.623632 -5.721400 -12.266581 -1.681717 -8.334520 3.796795 -2.888561 28.423851 2.921587 8.277756 6.470483 0.000000 0.000000 0.000000 -4.496801 -0.125995 1.886523 4.185835 -4.324068 101.223251 -5.011027 -14.286851 10.090511 0.000000 0.000000 0.000000 -0.948048 -0.803164 20.007477 -2.827038 1.076820 14.489028 -4.044849 9.562357 -17.186758 6.146178 -6.177923 5.035431 0.000000 0.000000 0.000000 -27.675222 0.363362 -8.099514 -20.606119 12.525098 -2.514529 -89.102791 -55.960922 55.987686 0.000000 0.000000 0.000000 19.807101 1.380622 1.155426 33.269375 -6.685604 -4.013391 89.924744 46.803051 51.822603 0.000000 0.000000 0.000000 
-0.137617 0.913379 0.051298 -0.567709 7.727278 -7.986678 -10.995423 0.418529 2.493661 5.385684 -1.917707 13.861529 2.962105 3.597871 -5.202856 0.000000 0.000000 0.000000 -4.952509 0.567635 -12.591086 3.555597 -7.165367 110.073678 -5.672482 -15.005795 5.107418 0.000000 0.000000 0.000000 1.659732 -1.696180 23.965115 -1.773467 0.425078 10.302292 -4.763422 1.832776 -12.162300 5.965462 -5.977999 6.715022 0.000000 0.000000 0.000000 -29.807308 -5.540021 -2.804414 -20.696835 4.654132 -1.807483 -92.022357 -65.395101 69.496291 0.000000 0.000000 0.000000 21.807503 1.032639 -0.544152 30.352175 -13.420648 -5.041223 79.561371 43.807498 39.087558 0.000000 0.000000 0.000000 
-0.142534 0.938528 0.050456 -2.237106 10.998899 -8.177266 -6.251556 1.802764 15.236209 3.662950 -0.102937 -3.888992 -1.714905 -0.600557 4.583846 0.000000 0.000000 0.000000 -3.084885 1.176071 -25.738235 3.836449 -9.520268 97.912227 -6.914425 -17.967169 10.483385 0.000000 0.000000 0.000000 3.680057 -2.471032 25.257711 -0.063195 -0.354456 5.632550 -3.869361 -5.750283 -7.231676 3.727260 -3.528466 5.647790 0.000000 0.000000 0.000000 -30.649532 -6.916683 0.807569 -20.515556 -2.674724 -1.471573 -111.224621 -72.304429 97.830822 0.000000 0.000000 0.000000 20.823954 -0.537718 -2.832293 26.148879 -18.316465 -5.088242 78.093834 41.142621 34.060890 0.000000 0.000000 0.000000 
-0.146029 0.975788 0.055508 -4.803815 11.772464 -6.072841 -0.952591 1.303238 22.461035 2.281811 0.235051 -10.278768 -4.324625 2.129888 18.423950 0.000000 0.000000 0.000000 0.997706 2.427854 -33.287993 5.588475 -8.120442 72.830820 -8.824390 -20.475733 21.371441 0.000000 0.000000 0.000000 5.154640 -2.250410 20.636075 2.931429 -2.356125 7.652265 -1.901457 -9.888556 -9.959165 0.832523 -1.182174 12.556839 0.000000 0.000000 0.000000 -27.705962 -6.583798 2.233701 -24.182572 -2.892821 -1.926270 -130.163475 -68.269688 117.228706 0.000000 0.000000 0.000000 15.469127 -2.399096 -3.820770 22.999438 -23.976408 -5.088185 78.592419 35.944256 28.615731 0.000000 0.000000 0.000000 
-0.147373 1.006778 0.064102 -4.449578 12.034877 -3.861023 0.623607 0.963082 23.370762 2.378145 -0.407977 3.007545 -5.374414 3.741472 26.080303 0.000000 0.000000 0.000000 2.685558 2.733636 -30.104855 6.126975 -3.922927 41.157649 -7.731535 -17.750347 24.511576 0.000000 0.000000 0.000000 4.506788 -1.515089 15.600562 5.032655 -4.707996 13.664585 -0.677262 -11.050493 -14.927281 -2.285885 1.969109 15.891382 0.000000 0.000000 0.000000 -25.381343 -5.973036 2.310236 -24.618079 -0.350718 -2.251685 -129.949072 -61.869829 111.373673 0.000000 0.000000 0.000000 12.750458 -2.428830 -3.650344 20.753027 -30.037491 -5.273775 81.723604 33.993465 28.120838 0.000000 0.000000 0.000000 
-0.147025 1.010698 0.073120 -3.441337 11.659683 -3.340644 0.241415 1.052024 21.157836 1.011737 -2.914676 32.183463 -2.112001 7.448838 26.681550 0.000000 0.000000 0.000000 4.215745 2.666022 -23.568426 3.488135 -1.108189 23.223565 -4.613847 -12.898043 24.628132 0.000000 0.000000 0.000000 2.887978 -1.098541 13.901925 7.880168 -6.609526 13.679331 -2.751686 -10.118721 -14.651180 -3.399365 2.717776 19.633035 0.000000 0.000000 0.000000 -24.457186 -4.239641 0.707137 -25.184855 3.169677 -2.747893 -124.405619 -56.461153 97.461813 0.000000 0.000000 0.000000 11.477455 -1.885839 -2.919456 22.283268 -31.760097 -6.021876 83.608873 35.464276 30.926088 0.000000 0.000000 0.000000 
-0.147186 0.980564 0.080830 -2.452569 10.415712 -4.044503 0.455272 0.909407 15.700164 -4.668914 -3.820288 66.125742 0.054840 7.763827 20.988595 0.000000 0.000000 0.000000 5.578647 2.516736 -18.999447 3.637130 -1.294400 27.015304 -4.888683 -13.481058 22.295307 0.000000 0.000000 0.000000 2.005812 -0.893379 13.132351 6.194233 -5.446120 14.115888 -1.670226 -8.078022 -12.665152 -2.191137 1.274870 19.016044 0.000000 0.000000 0.000000 -24.593160 -1.377824 -1.294634 -22.631604 5.686743 -2.857757 -115.637321 -56.028956 85.974943 0.000000 0.000000 0.000000 15.218648 -1.021320 -3.037446 23.592729 -30.689347 -6.275384 81.174796 40.904182 35.165989 0.000000 0.000000 0.000000 
-0.149585 0.932112 0.080220 -1.934616 7.250966 -6.044667 1.483649 0.493264 7.998228 -8.609238 -0.011619 93.419067 3.350215 9.940223 12.144061 0.000000 0.000000 0.000000 7.613971 2.319060 -14.650560 2.374482 -0.784388 35.253973 -4.606491 -13.041483 14.349700 0.000000 0.000000 0.000000 1.301800 -1.022064 16.631601 3.638474 -3.509093 14.554911 0.280543 -3.214667 -10.905500 -3.667972 2.416398 8.944819 0.000000 0.000000 0.000000 -25.357572 0.202103 -3.130062 -20.100767 11.057463 -3.124725 -105.648434 -56.288081 74.599612 0.000000 0.000000 0.000000 21.111598 0.554614 -2.475061 27.164632 -20.428577 -5.518356 74.407404 51.099358 40.770877 0.000000 0.000000 0.000000 
-0.150484 0.908230 0.071618 -2.490692 4.208112 -7.457093 3.634628 -0.314852 -4.932221 -9.966658 5.162473 104.821876 6.832362 14.757377 5.001517 0.000000 0.000000 0.000000 9.850868 1.285389 -7.117052 0.070721 0.668401 28.936922 -4.732311 -11.850172 -0.679091 0.000000 0.000000 0.000000 0.112082 -1.032966 20.597156 2.261928 -1.976490 10.885080 1.399297 4.815580 -9.517330 -4.606207 2.539851 8.115411 0.000000 0.000000 0.000000 -26.569123 -1.302142 -4.505445 -16.137544 17.679335 -2.878646 -93.886886 -54.314383 60.049464 0.000000 0.000000 0.000000 23.040553 1.733410 -0.079412 28.500745 -9.932932 -4.215923 86.239204 59.349116 59.582519 0.000000 0.000000 0.000000 
-0.147922 0.930004 0.065587 -0.667771 2.331019 -6.701299 2.845829 -1.298537 -18.203462 -9.584333 5.629279 93.830314 6.336966 12.398789 -4.517286 0.000000 0.000000 0.000000 6.869792 -0.652497 3.698531 -0.580857 0.551777 11.809619 -2.957672 -7.883888 1.209204 0.000000 0.000000 0.000000 -2.353061 -0.548754 21.040906 -0.038177 -0.290252 8.145097 2.459068 10.186233 -8.359192 -3.220107 1.094194 7.488393 0.000000 0.000000 0.000000 -25.332519 0.836645 -6.746253 -11.491024 20.495094 -2.000855 -93.513425 -52.383417 57.171747 0.000000 0.000000 0.000000 20.412466 3.711624 2.311952 31.885600 -2.588192 -3.486936 101.837909 65.704151 83.383090 0.000000 0.000000 0.000000 
-0.143397 0.969028 0.063572 0.550333 1.347409 -5.384899 -0.456225 -2.341702 -23.422398 -6.530653 1.891873 65.202666 1.357193 5.242679 6.453416 0.000000 0.000000 0.000000 2.294444 -1.698011 13.540900 1.843237 -0.175180 1.284790 -0.391944 -6.200640 14.013077 0.000000 0.000000 0.000000 -3.376563 -0.295427 20.230801 -2.138021 1.004911 6.050224 1.888723 14.823063 -8.096835 1.182503 -3.715587 10.453020 0.000000 0.000000 0.000000 -21.203217 1.354606 -6.978123 -12.146906 22.419459 -2.348092 -98.323430 -49.989921 57.206972 0.000000 0.000000 0.000000 18.030040 3.247688 2.974632 33.059582 -0.176719 -3.270474 116.375367 63.584574 99.720489 0.000000 0.000000 0.000000 
-0.139729 0.997262 0.064244 0.536234 1.684486 -3.403778 -3.907498 -2.834675 -21.875287 -2.281569 -0.630410 38.377479 -2.111016 6.057177 26.447045 0.000000 0.000000 0.000000 0.174477 -1.546743 14.565156 3.053041 -0.211901 12.449488 -2.791924 -11.246293 17.935072 0.000000 0.000000 0.000000 -4.167913 -0.136001 18.782401 -3.207513 1.573012 7.580687 0.946546 15.544814 -13.139892 2.444544 -6.364290 14.729337 0.000000 0.000000 0.000000 -20.005729 2.759214 -7.526364 -9.826057 25.465871 -1.955087 -103.963670 -46.847630 58.969785 0.000000 0.000000 0.000000 18.299148 4.439468 3.791366 32.694958 -1.849114 -3.342151 120.773485 59.805047 100.941324 0.000000 0.000000 0.000000 
-0.136696 0.991564 0.066504 -0.291955 2.215068 -3.601669 -4.553258 -2.184040 -16.366254 -0.831984 -0.817383 25.537440 -3.160228 7.182111 34.949523 0.000000 0.000000 0.000000 0.331467 -1.511914 13.854336 2.718794 -0.018320 41.848733 -6.363997 -16.792955 11.893763 0.000000 0.000000 0.000000 -5.652848 0.070976 16.801940 -1.908013 0.617436 15.842298 -1.756312 16.843210 -19.503688 2.789934 -6.242433 11.769070 0.000000 0.000000 0.000000 -17.739368 4.695672 -8.035018 -13.207203 23.682165 -2.685983 -106.608862 -47.805818 61.322274 0.000000 0.000000 0.000000 17.374660 4.096619 3.822844 31.011286 -3.092187 -3.124870 114.141154 56.855592 90.257269 0.000000 0.000000 0.000000 
-0.132124 0.953393 0.067670 -0.332811 4.450414 -5.923273 -7.324906 -1.642567 -10.438546 1.810064 -1.873656 25.143566 -1.647128 6.647657 24.494216 0.000000 0.000000 0.000000 -2.377119 -1.021483 11.543544 4.446363 -2.862777 73.258816 -5.865210 -15.981512 12.343277 0.000000 0.000000 0.000000 -5.347753 -0.094064 19.878952 -3.780892 1.762744 13.587096 1.687391 15.169065 -17.450310 3.817577 -6.548198 11.321244 0.000000 0.000000 0.000000 -25.264633 -0.478558 -7.924421 -10.780642 17.683920 -1.386438 -104.732574 -55.373475 70.595766 0.000000 0.000000 0.000000 16.905981 0.345879 1.095781 28.560450 -6.896742 -3.514716 103.427865 52.092936 71.790185 0.000000 0.000000 0.000000 
-0.126806 0.915528 0.063239 -1.065640 7.206783 -7.836709 -7.684504 -0.642409 -4.084333 3.070394 -2.091355 21.212102 0.955359 1.763648 -0.426973 0.000000 0.000000 0.000000 -2.997851 -0.245211 2.560404 2.898110 -4.767773 96.133776 -5.319307 -14.477710 7.033084 0.000000 0.000000 0.000000 -4.338592 -0.495505 23.401800 0.827163 -1.544455 14.396255 -3.190554 7.989390 -16.570769 4.174147 -4.029611 2.831209 0.000000 0.000000 0.000000 -30.359047 1.252404 -8.958640 -10.615357 5.390979 -0.655803 -103.866245 -61.728324 78.049254 0.000000 0.000000 0.000000 21.855023 1.950079 1.192342 26.604491 -9.083930 -3.598675 89.355519 52.474194 56.675777 0.000000 0.000000 0.000000 
-0.121792 0.915554 0.058616 -1.348937 10.429517 -8.554822 -7.178423 0.895538 6.485474 3.793398 -0.964281 7.385884 0.464882 -5.836330 -9.430978 0.000000 0.000000 0.000000 -4.915364 0.455401 -11.340793 2.538716 -7.708865 101.579157 -4.044538 -11.813360 6.207482 0.000000 0.000000 0.000000 -1.654831 -1.323915 25.577842 0.547312 -1.153102 10.516062 -2.100019 0.073646 -12.159966 3.423702 -3.367444 4.702904 0.000000 0.000000 0.000000 -29.650672 -4.523053 -2.692575 -14.223320 -3.192501 -0.586772 -111.217036 -71.495883 96.492075 0.000000 0.000000 0.000000 20.714660 -1.437165 -2.369327 24.500101 -15.912476 -4.256482 81.940522 46.400973 42.769510 0.000000 0.000000 0.000000 
-0.117632 0.950224 0.059965 -2.804142 13.408690 -7.416633 -2.272138 1.280845 17.593019 1.708911 0.070911 -5.045754 -5.348274 -11.123312 0.237663 0.000000 0.000000 0.000000 -3.464346 0.892177 -22.317492 5.052987 -11.109703 85.023043 -6.434362 -17.165407 14.655920 0.000000 0.000000 0.000000 1.461464 -2.124793 25.132494 3.190677 -2.397391 6.574211 -2.336856 -7.852682 -8.714115 0.842509 -1.022979 5.984798 0.000000 0.000000 0.000000 -29.021570 -4.581602 -0.009060 -16.542188 -9.017043 -0.628811 -141.067457 -73.914621 134.980640 0.000000 0.000000 0.000000 16.738628 -2.920684 -3.841570 22.187306 -20.838079 -4.471709 81.118332 42.976466 37.193106 0.000000 0.000000 0.000000 
-0.113490 0.992334 0.065582 -4.835319 12.760040 -3.708207 1.882297 0.605541 22.613857 2.221883 0.054976 -5.302943 -7.019413 -9.887553 5.755923 0.000000 0.000000 0.000000 0.430967 2.003760 -27.968884 7.541633 -7.326340 55.699709 -8.309037 -19.106517 22.896168 0.000000 0.000000 0.000000 3.426454 -1.795920 19.088059 6.623757 -4.882787 9.193393 -1.648385 -9.820030 -12.767009 -1.636693 1.009922 13.789510 0.000000 0.000000 0.000000 -26.782739 -4.519328 0.734444 -19.212354 -9.117469 -0.644846 -145.093385 -68.670443 137.340823 0.000000 0.000000 0.000000 11.897734 -5.117259 -4.258710 18.836475 -23.335771 -3.828256 82.812690 39.723230 34.683729 0.000000 0.000000 0.000000 
-0.109585 1.016855 0.073434 -4.152167 9.750470 -0.829758 1.658648 0.958416 24.656074 3.373626 -0.881500 7.465137 -6.444402 -6.694503 9.059317 0.000000 0.000000 0.000000 4.026147 2.912671 -25.946136 4.995801 -1.730207 27.469806 -6.240459 -15.689939 24.127929 0.000000 0.000000 0.000000 3.168632 -1.260771 15.109266 7.410833 -5.967084 13.256433 -1.450362 -9.515126 -16.867450 -4.050494 3.390219 18.338304 0.000000 0.000000 0.000000 -22.147964 -2.454901 -0.201121 -20.955700 -6.400250 -0.873976 -136.320064 -64.608714 122.751821 0.000000 0.000000 0.000000 10.020641 -7.955884 -5.086080 17.557121 -24.013902 -3.509180 85.649652 36.955080 33.428348 0.000000 0.000000 0.000000 
-0.107020 1.009662 0.081217 -2.274814 11.206407 -0.746757 2.744924 0.564518 23.049097 2.602759 -3.176108 30.204639 -5.580202 -0.282712 18.078150 0.000000 0.000000 0.000000 5.472766 2.655617 -21.033611 3.001937 -0.650063 17.463160 -6.705883 -15.976932 23.749924 0.000000 0.000000 0.000000 1.749305 -0.956167 13.847643 10.872060 -8.254428 12.508201 -3.540013 -10.373821 -15.409564 -6.209736 5.349664 17.807497 0.000000 0.000000 0.000000 -24.287794 0.266654 -1.991531 -18.729733 -2.160728 -1.364946 -124.493655 -59.578799 101.683234 0.000000 0.000000 0.000000 9.617343 -6.297759 -4.283752 21.974473 -24.623388 -4.787340 84.871502 42.205583 38.071452 0.000000 0.000000 0.000000 
-0.107316 0.969463 0.085150 -1.326211 9.444102 -2.358857 4.998743 0.215138 18.119069 -0.377361 -5.036901 55.681118 -1.493188 6.594305 23.466464 0.000000 0.000000 0.000000 6.423553 2.640686 -18.894658 4.425018 -1.593113 28.893751 -7.386667 -17.520819 20.827423 0.000000 0.000000 0.000000 0.260397 -0.797360 14.772505 8.797936 -6.938492 13.441270 -1.178407 -7.329023 -13.688165 -5.523400 4.375382 14.901222 0.000000 0.000000 0.000000 -23.997741 0.747211 -2.588896 -18.501246 1.487755 -1.764691 -105.663685 -58.054674 77.605460 0.000000 0.000000 0.000000 12.667971 -4.074500 -3.889699 26.861906 -21.244254 -5.476147 83.522929 52.108260 47.173410 0.000000 0.000000 0.000000 
-0.109423 0.924255 0.079075 -1.501756 4.454198 -4.765213 6.184155 0.164185 8.629799 -3.624009 -3.270273 82.621241 2.684736 9.511992 14.252311 0.000000 0.000000 0.000000 9.927822 2.576356 -14.514946 1.971386 -0.145111 36.914691 -7.122883 -17.781657 13.404521 0.000000 0.000000 0.000000 -1.137452 -0.825961 20.775039 6.649898 -5.097911 13.419586 0.089698 -0.738190 -13.520642 -7.644829 5.343820 6.452025 0.000000 0.000000 0.000000 -25.269775 1.470571 -4.424071 -16.509737 5.945905 -1.816823 -86.617747 -53.428124 53.938206 0.000000 0.000000 0.000000 19.316452 0.037818 -2.248441 28.536614 -8.266633 -3.300171 78.760690 65.982103 58.241709 0.000000 0.000000 0.000000 
-0.109401 0.911669 0.070618 -0.679555 1.794206 -5.915922 6.804314 -0.249275 -6.833361 -4.661709 -0.603327 96.755846 5.570723 12.947153 7.766740 0.000000 0.000000 0.000000 10.550639 0.632676 -3.766189 -1.155161 1.276202 25.374564 -6.384295 -15.790479 -1.367357 0.000000 0.000000 0.000000 -2.342610 -0.602341 23.739240 3.994554 -2.983571 11.753636 0.532053 5.959309 -11.949497 -7.392792 4.746808 4.561924 0.000000 0.000000 0.000000 -26.728536 1.713852 -6.504659 -12.737956 11.180284 -1.576252 -76.938408 -46.351161 39.394138 0.000000 0.000000 0.000000 19.147902 2.589968 0.518673 30.418772 1.989847 -1.796986 98.485564 74.156207 87.467695 0.000000 0.000000 0.000000 
-0.106894 0.935973 0.069610 2.311735 -0.718471 -4.758674 4.670956 -1.054781 -20.975421 -6.513547 4.229114 89.058929 7.066350 15.893091 11.779404 0.000000 0.000000 0.000000 7.085278 -1.605427 9.353411 -3.981330 0.715755 3.834795 -3.598145 -9.787615 2.696137 0.000000 0.000000 0.000000 -4.974435 0.095272 22.437659 -0.798014 0.249155 9.903175 1.366949 11.682574 -11.099193 -5.482498 2.701995 7.564142 0.000000 0.000000 0.000000 -24.076563 2.841691 -7.641422 -9.483131 13.262010 -1.117055 -76.062156 -42.062752 34.548341 0.000000 0.000000 0.000000 15.697649 2.508757 1.434579 34.080067 6.342907 -1.142214 121.044252 73.039066 113.453582 0.000000 0.000000 0.000000 
-0.103570 0.973992 0.075492 4.066362 -1.970036 -2.317917 0.840123 -2.307868 -28.628897 -6.337121 3.489654 65.596065 7.026728 15.838994 13.268032 0.000000 0.000000 0.000000 3.299279 -2.432872 19.208296 -3.921071 -0.130283 -7.403865 -0.625740 -8.474331 19.059966 0.000000 0.000000 0.000000 -6.737123 0.462193 18.760028 -2.911217 1.584900 10.700967 -1.025080 16.493168 -13.013191 -1.508670 -2.229923 12.656677 0.000000 0.000000 0.000000 -19.268554 5.773980 -8.578680 -9.713883 14.595528 -1.244332 -82.008650 -40.865823 35.633568 0.000000 0.000000 0.000000 13.606342 2.136375 2.041452 35.577179 6.271642 -1.238699 130.866638 68.305946 124.103132 0.000000 0.000000 0.000000 
-0.101731 1.003237 0.084874 4.480678 0.013383 -0.497872 -3.980247 -3.591266 -28.189009 -2.523370 -0.131020 35.679421 4.620001 12.895115 17.531145 0.000000 0.000000 0.000000 1.893195 -2.923907 24.567058 -3.565993 0.254694 -1.749628 -1.760502 -11.798983 29.184898 0.000000 0.000000 0.000000 -7.528055 0.497337 16.477479 -5.063611 2.767446 11.250117 -0.682527 17.310119 -15.948414 -0.143748 -5.002250 16.956168 0.000000 0.000000 0.000000 -18.403483 6.395249 -8.773634 -8.269530 17.090405 -1.123911 -88.777790 -41.308812 40.370512 0.000000 0.000000 0.000000 12.764826 2.365370 2.263574 36.443247 3.251973 -1.843076 132.431188 64.312415 123.124381 0.000000 0.000000 0.000000 
-0.101095 1.008151 0.094624 3.361072 1.289339 0.012630 -4.002880 -3.054717 -23.698774 -2.331657 -0.078684 19.622639 0.182701 7.569205 20.859553 0.000000 0.000000 0.000000 2.195714 -3.453368 27.040333 -2.362269 1.360267 18.541202 -4.019991 -14.691629 30.187399 0.000000 0.000000 0.000000 -6.960498 0.332064 14.151161 -4.644802 2.485854 15.310630 -4.815771 18.058020 -19.752184 1.596560 -7.108327 16.414818 0.000000 0.000000 0.000000 -14.924146 7.771837 -8.277024 -11.844447 15.552480 -1.733614 -90.703670 -47.196917 46.251490 0.000000 0.000000 0.000000 15.173562 1.401136 2.489896 36.650566 -0.329210 -2.813231 123.397757 59.582961 107.054646 0.000000 0.000000 0.000000 
-0.097803 0.978236 0.105791 1.761496 2.024250 -2.087355 -4.846029 -2.514040 -18.482251 -1.450082 -0.571933 25.496599 0.534424 7.123538 16.803698 0.000000 0.000000 0.000000 1.771773 -3.465885 27.432859 1.550990 0.731692 44.914566 -6.376789 -17.727677 30.069635 0.000000 0.000000 0.000000 -6.956887 0.267596 14.480972 -3.693670 1.825160 17.770131 -6.037992 17.908520 -22.033305 3.100375 -8.939041 17.080452 0.000000 0.000000 0.000000 -18.318712 6.378526 -9.300897 -13.630804 13.821766 -1.715100 -90.435626 -53.450669 53.069203 0.000000 0.000000 0.000000 16.578421 0.774795 2.319342 34.768101 -5.681479 -3.873406 114.536415 54.562672 89.486291 0.000000 0.000000 0.000000 
-0.091934 0.930722 0.111870 1.931975 2.465695 -5.605771 -7.649206 -2.458262 -15.101999 -0.844834 -1.389535 37.820666 2.621592 9.728803 14.808164 0.000000 0.000000 0.000000 -2.113992 -2.045312 23.021144 4.843743 -1.747679 69.163182 -6.190089 -17.139061 20.719198 0.000000 0.000000 0.000000 -7.661929 0.338873 18.193571 -3.818160 1.954007 19.808789 -4.813893 13.754888 -22.430409 2.054809 -4.777521 9.537708 0.000000 0.000000 0.000000 -25.627778 5.725081 -11.069049 -13.655836 8.486989 -1.104794 -91.936575 -56.341363 59.469975 0.000000 0.000000 0.000000 16.323930 -2.294500 -0.439522 35.830862 -8.683674 -4.361321 100.214671 48.274544 64.143166 0.000000 0.000000 0.000000 
-0.088766 0.897361 0.106552 2.213102 3.109409 -8.247668 -10.384380 -1.300138 -6.723305 1.727607 -2.473978 35.248966 5.707247 12.147917 1.755764 0.000000 0.000000 0.000000 -4.996917 -0.482183 7.844522 6.558269 -5.021925 91.055793 -6.405152 -17.392957 18.437368 0.000000 0.000000 0.000000 -6.691755 0.184402 24.300860 -2.517465 1.059939 16.045191 -4.697898 5.544585 -18.592289 2.671407 -3.859970 8.358594 0.000000 0.000000 0.000000 -29.976079 0.851746 -7.583856 -14.480395 2.691602 -0.819114 -89.918338 -65.077643 67.924750 0.000000 0.000000 0.000000 21.033067 -1.772937 -1.880562 31.159211 -12.693655 -4.672641 84.201162 43.395317 42.237699 0.000000 0.000000 0.000000 
-0.091688 0.908942 0.098479 0.894020 5.470212 -8.328336 -9.560165 1.055116 6.508558 6.249170 -1.815290 11.490550 4.511106 6.769341 -6.709299 0.000000 0.000000 0.000000 -4.408260 0.614158 -11.278024 7.171697 -8.723434 96.353773 -6.990418 -18.372504 17.599471 0.000000 0.000000 0.000000 -3.664929 -0.642626 26.992167 -1.123985 0.209736 9.506935 -3.926844 -4.295138 -10.931186 1.022476 -1.248640 6.099992 0.000000 0.000000 0.000000 -31.369044 -1.745343 -2.543817 -16.226038 -5.889011 -0.779100 -92.291663 -75.661513 81.985396 0.000000 0.000000 0.000000 20.794439 -3.232030 -4.624154 28.888075 -17.140198 -5.248446 75.563124 37.990409 29.518340 0.000000 0.000000 0.000000 
-0.097755 0.947578 0.095581 -2.262913 6.080350 -6.822758 -3.325128 1.961132 19.065167 4.129062 0.212989 -9.792400 -0.512829 3.889047 10.342573 0.000000 0.000000 0.000000 -0.177328 2.217101 -25.835425 8.241212 -8.963572 83.240327 -8.381019 -20.349325 20.722825 0.000000 0.000000 0.000000 -1.605160 -1.074206 25.222750 2.357954 -1.772100 7.352341 -2.446119 -10.596862 -9.192004 -0.379182 0.346036 9.458251 0.000000 0.000000 0.000000 -27.242565 -2.075890 0.329090 -21.282622 -9.089819 -1.081496 -126.414620 -76.855220 121.499007 0.000000 0.000000 0.000000 16.853039 -5.996782 -6.274548 23.516421 -20.446833 -4.666501 76.610459 33.369435 24.630459 0.000000 0.000000 0.000000 
-0.103104 0.993825 0.098042 -3.891253 7.191278 -3.495940 0.954500 1.359178 24.510313 2.454323 0.443132 -15.044864 -4.086558 4.428035 25.873218 0.000000 0.000000 0.000000 2.671320 3.300691 -31.896946 8.303616 -5.845358 56.804696 -10.064434 -21.932496 25.367976 0.000000 0.000000 0.000000 -1.146034 -0.953026 20.829578 5.645041 -4.178335 10.496042 1.553541 -14.982796 -13.984185 -4.616221 4.944714 12.009730 0.000000 0.000000 0.000000 -24.159261 -0.620392 0.993967 -24.829879 -8.752063 -1.432239 -140.240955 -70.278467 135.661883 0.000000 0.000000 0.000000 10.485583 -7.221469 -5.582854 21.141664 -22.692224 -4.448201 77.689731 30.218912 20.655418 0.000000 0.000000 0.000000 
-0.105565 1.025851 0.103420 -4.145240 6.237801 -0.527554 1.974282 1.269026 26.272743 2.417039 -0.034568 -3.856534 -3.116597 7.063008 31.721919 0.000000 0.000000 0.000000 5.294886 4.005899 -31.274629 3.785684 -0.861209 27.400256 -4.871133 -14.155731 22.302286 0.000000 0.000000 0.000000 -1.236602 -0.647818 16.440031 9.081327 -6.595614 12.482914 2.068782 -15.601435 -16.894871 -7.768333 8.701292 16.664697 0.000000 0.000000 0.000000 -23.971454 0.467044 0.562813 -26.124735 -6.506324 -1.777628 -132.508812 -62.847569 119.485236 0.000000 0.000000 0.000000 6.529148 -8.192488 -4.599103 20.010349 -25.161749 -4.664163 78.653011 31.757776 22.112409 0.000000 0.000000 0.000000 
-0.105810 1.026867 0.111694 -2.769444 5.244533 0.825383 0.402066 1.786376 26.046613 1.408879 -1.350077 20.132651 0.993279 11.492011 32.891193 0.000000 0.000000 0.000000 6.378712 3.948707 -28.132086 1.290213 0.146339 18.481712 -1.879485 -6.804670 7.385113 0.000000 0.000000 0.000000 -1.739012 -0.411220 13.492818 11.028888 -8.246401 14.870904 0.803836 -14.985464 -20.643155 -7.527518 8.992119 21.545005 0.000000 0.000000 0.000000 -24.243511 2.356256 -1.054647 -25.272263 0.501281 -2.571745 -123.712115 -55.754512 99.469165 0.000000 0.000000 0.000000 6.221405 -9.458235 -4.829885 17.567023 -27.343851 -4.256139 80.917234 32.889449 24.992222 0.000000 0.000000 0.000000 
-0.108417 0.991836 0.122022 -2.103171 5.791116 -0.730762 2.272511 1.120682 22.466574 -2.057142 -2.234619 50.159940 0.290396 10.371782 31.772974 0.000000 0.000000 0.000000 6.837307 3.464311 -23.872797 2.539903 -0.383818 28.219904 -2.285802 -4.814499 -3.178705 0.000000 0.000000 0.000000 0.020304 -0.586232 12.565397 9.777672 -7.859015 16.570238 -0.140029 -14.242003 -18.402464 -8.867185 9.532587 18.472031 0.000000 0.000000 0.000000 -25.756805 5.123698 -3.080111 -24.927135 3.232868 -3.041997 -112.246065 -49.942371 77.879805 0.000000 0.000000 0.000000 9.348701 -9.606400 -5.970008 21.642422 -25.727542 -5.058251 80.138600 39.355411 30.627614 0.000000 0.000000 0.000000 
-0.114331 0.938053 0.123935 -3.411410 3.342045 -3.786911 6.143340 0.382357 17.131780 -5.179058 -0.448706 72.944718 1.271351 9.605148 23.790871 0.000000 0.000000 0.000000 11.143582 3.729474 -19.897771 0.814857 0.584757 38.386577 -3.243910 -6.884780 -4.496162 0.000000 0.000000 0.000000 -0.469181 -0.671182 15.899261 7.297775 -5.933900 16.816714 3.228782 -7.031824 -16.214273 -7.967773 6.724080 10.646657 0.000000 0.000000 0.000000 -27.924847 5.161440 -4.719615 -24.014976 8.750831 -3.612524 -99.413924 -47.806939 60.339802 0.000000 0.000000 0.000000 14.731368 -8.022408 -6.598444 25.711948 -19.083889 -4.697767 77.759454 50.254155 40.350814 0.000000 0.000000 0.000000 
-0.118573 0.908327 0.114011 -3.868510 0.719557 -5.961479 8.221651 0.044606 3.855614 -7.038732 3.099836 90.958539 2.310624 9.242300 15.748539 0.000000 0.000000 0.000000 12.766761 2.266227 -11.167633 -0.504657 1.396607 32.455994 -6.662025 -16.887272 6.121051 0.000000 0.000000 0.000000 -1.037221 -0.775926 21.933161 6.423845 -4.740713 13.947104 2.047829 2.140374 -14.042418 -7.695995 5.208367 2.389592 0.000000 0.000000 0.000000 -28.807085 4.952641 -7.501405 -20.483106 13.819720 -3.328591 -89.099609 -43.951645 45.652903 0.000000 0.000000 0.000000 20.645603 -2.631649 -3.630827 30.180650 -7.716540 -3.431219 78.451340 62.351210 54.634783 0.000000 0.000000 0.000000 
-0.118666 0.924120 0.106344 -2.156550 -0.262740 -5.975894 5.977201 -0.576437 -14.756944 -8.409908 6.086815 93.252980 5.720347 14.302054 15.896609 0.000000 0.000000 0.000000 9.898909 -0.655098 2.936191 -1.278815 0.762134 12.091577 -32.625650 -38.013807 57.122296 0.000000 0.000000 0.000000 -2.543088 -0.465870 23.273316 2.908654 -1.917728 7.812075 2.090378 10.640129 -7.648877 -4.310640 2.631783 2.592158 0.000000 0.000000 0.000000 -26.569322 5.702086 -9.635116 -16.693989 16.145621 -2.789698 -89.262213 -40.229565 40.254232 0.000000 0.000000 0.000000 18.631510 -2.266615 -1.189115 34.127584 -0.975348 -3.241318 112.654461 68.777592 98.873149 0.000000 0.000000 0.000000 
-0.116301 0.963632 0.107580 0.504441 -0.783360 -3.589649 2.172995 -1.933530 -26.728073 -9.071320 5.968536 76.562025 6.727718 16.315402 23.181785 0.000000 0.000000 0.000000 4.493591 -2.339917 16.353695 -0.942593 -0.106738 -4.343807 -32.061015 -31.627486 80.053001 0.000000 0.000000 0.000000 -4.702572 0.038224 21.189391 -0.868287 0.342914 5.651867 1.150866 16.584286 -8.866252 -0.349073 -2.035525 8.545343 0.000000 0.000000 0.000000 -21.487274 7.171120 -10.050643 -12.254506 16.798675 -1.915155 -92.461647 -38.950776 39.816435 0.000000 0.000000 0.000000 15.821985 -3.775926 -0.893674 38.435801 1.437314 -2.997269 133.590660 63.788434 123.755987 0.000000 0.000000 0.000000 
-0.113947 1.002123 0.115559 1.306058 -0.641739 -1.456213 -1.589821 -2.924888 -27.778462 -4.705152 1.081840 46.574306 5.780046 15.184359 24.483749 0.000000 0.000000 0.000000 1.466065 -2.709313 23.866334 -1.599108 0.014152 -2.888419 -14.220670 -24.027278 66.129131 0.000000 0.000000 0.000000 -5.088666 0.112268 17.106473 -2.508629 1.233020 5.923419 -0.905044 20.513754 -10.091802 4.005313 -7.305054 11.351398 0.000000 0.000000 0.000000 -16.275177 8.892191 -9.465064 -12.512798 18.220258 -2.208430 -95.784752 -36.706252 37.520980 0.000000 0.000000 0.000000 15.737570 -4.646435 -0.562241 36.602057 1.229192 -3.105289 137.398732 59.047500 127.688931 0.000000 0.000000 0.000000 
-0.113399 1.013740 0.126134 1.081525 2.141925 -0.689880 -4.004271 -3.204314 -24.452377 -1.349759 -0.615960 25.493142 1.134434 9.416745 22.688092 0.000000 0.000000 0.000000 0.854632 -3.366937 28.306447 -1.712002 0.912725 13.840053 -4.241262 -16.182518 46.698097 0.000000 0.000000 0.000000 -5.236372 0.068807 13.385977 -5.031350 2.632651 13.389974 -0.492073 19.613572 -18.701763 2.376766 -7.230826 14.842920 0.000000 0.000000 0.000000 -15.909932 9.696850 -9.438083 -10.385611 19.248410 -1.800653 -98.424818 -38.263930 42.292593 0.000000 0.000000 0.000000 14.027123 -2.544380 0.141203 36.024011 -2.218147 -3.123546 134.756143 57.937048 121.480834 0.000000 0.000000 0.000000 
-0.113614 0.987450 0.135550 -0.251211 3.498429 -1.415830 -4.581838 -2.828640 -20.744214 -0.620911 -0.992872 25.584116 0.930821 8.739514 19.940055 0.000000 0.000000 0.000000 0.997616 -3.647946 28.873317 0.085299 1.098698 39.267221 -2.864071 -13.061048 30.550574 0.000000 0.000000 0.000000 -5.040051 0.015192 11.358922 -3.335633 1.334181 19.297218 -4.072240 19.619576 -22.381837 2.556211 -7.880798 15.034040 0.000000 0.000000 0.000000 -15.946978 9.346479 -9.493204 -11.896735 17.663667 -1.943493 -97.582575 -44.978217 49.197956 0.000000 0.000000 0.000000 15.648502 -2.538528 0.524509 34.545795 -4.440032 -3.481245 125.809191 56.739638 107.808217 0.000000 0.000000 0.000000 
-0.112268 0.936372 0.138525 0.347050 4.960566 -4.944156 -7.418413 -2.629951 -16.223558 0.468272 -2.331844 36.311262 3.469173 11.495489 15.809137 0.000000 0.000000 0.000000 -2.361624 -2.409803 24.731772 2.694330 -1.048107 66.161232 -3.001146 -12.557604 23.794877 0.000000 0.000000 0.000000 -6.754197 0.116281 15.659479 -1.122528 -0.308296 18.472435 -5.006802 17.362429 -20.255917 4.635457 -7.027700 8.622307 0.000000 0.000000 0.000000 -23.307732 5.232976 -10.968930 -11.475788 13.153063 -1.214385 -97.292823 -52.063309 58.675832 0.000000 0.000000 0.000000 19.284577 -3.464957 0.052156 30.945536 -7.795574 -4.080907 110.269882 55.276225 84.949881 0.000000 0.000000 0.000000 
-0.111973 0.897802 0.131748 0.832633 7.035875 -8.387857 -8.701604 -1.428535 -8.212922 1.433553 -3.019083 35.781792 6.390041 13.382101 1.824314 0.000000 0.000000 0.000000 -6.356549 -0.777016 11.837837 2.920692 -3.659799 91.543636 -0.824860 -7.665624 15.334359 0.000000 0.000000 0.000000 -5.822425 -0.216680 23.705088 -2.131600 0.566578 13.479457 -1.667237 7.829643 -15.263655 2.489545 -2.993458 4.047966 0.000000 0.000000 0.000000 -33.382881 1.898423 -9.794267 -10.461142 3.873832 -0.622318 -96.005723 -60.714062 69.548411 0.000000 0.000000 0.000000 21.844928 -2.515198 -1.657832 30.569016 -11.607424 -4.695459 92.084727 52.802954 59.081745 0.000000 0.000000 0.000000 
-0.114922 0.905957 0.124924 0.168669 8.976439 -8.811223 -7.384886 0.594337 4.198566 3.657451 -1.583535 14.291219 5.515242 8.101689 -7.759741 0.000000 0.000000 0.000000 -6.433508 0.200757 -8.241455 3.992193 -7.799771 99.029884 -1.835390 -10.060748 16.944388 0.000000 0.000000 0.000000 -3.405031 -0.853027 25.263601 0.349557 -0.923692 10.376146 -1.926301 -1.155946 -11.159033 0.752786 -1.328859 6.096792 0.000000 0.000000 0.000000 -33.239969 -1.531694 -4.381650 -15.325511 -4.660846 -0.643940 -104.246323 -69.552501 87.179730 0.000000 0.000000 0.000000 23.287048 -3.896052 -4.480403 24.580634 -17.233202 -4.490715 82.682860 46.140075 42.414292 0.000000 0.000000 0.000000 
-0.118606 0.946249 0.125183 -1.462312 10.748202 -7.367448 -3.025799 1.558688 17.695845 2.246772 0.166746 -8.087770 -0.684344 3.816021 9.786968 0.000000 0.000000 0.000000 -4.285652 0.855207 -21.816283 6.220265 -10.033966 83.690538 -5.261484 -15.755744 21.160897 0.000000 0.000000 0.000000 -1.084840 -1.303820 23.613267 2.626039 -2.212459 8.419567 0.311557 -10.593842 -9.134330 -3.648442 3.053676 6.892349 0.000000 0.000000 0.000000 -31.376628 0.452281 -1.710387 -19.956836 -11.062836 -0.814437 -134.397368 -67.597617 122.343498 0.000000 0.000000 0.000000 17.508583 -4.163926 -5.493206 22.841323 -21.670367 -4.701911 82.301881 40.425445 34.046075 0.000000 0.000000 0.000000 
-0.121575 0.991738 0.130096 -3.188230 9.838421 -3.475537 0.052887 1.248345 21.650345 2.567926 0.247677 -10.295051 -2.840942 6.087664 24.758490 0.000000 0.000000 0.000000 -0.560146 1.953367 -27.243809 8.441753 -6.485125 53.674338 -8.434703 -19.513479 22.875224 0.000000 0.000000 0.000000 0.087625 -0.910152 16.389972 5.685604 -4.581213 11.691405 3.248973 -14.681909 -12.962386 -8.404663 8.337422 12.117958 0.000000 0.000000 0.000000 -30.714483 2.310259 -0.933776 -23.240414 -10.125919 -1.368287 -140.216079 -58.764061 124.597372 0.000000 0.000000 0.000000 10.106319 -4.784362 -4.482627 22.907907 -24.139214 -5.187182 83.301180 37.056860 29.354533 0.000000 0.000000 0.000000 
-0.124261 1.018635 0.135657 -2.773366 8.845044 -1.656885 -0.136566 1.293998 19.935765 3.102643 -1.195972 11.744792 -0.888546 8.653519 26.257226 0.000000 0.000000 0.000000 2.159606 2.501262 -25.083475 5.540227 -1.807902 27.066902 -6.561389 -16.245282 20.684066 0.000000 0.000000 0.000000 -0.043574 -0.649297 13.142737 7.784926 -6.604834 15.408677 2.782410 -13.442916 -17.284707 -10.098133 10.130659 15.348461 0.000000 0.000000 0.000000 -28.661299 3.450530 -2.158134 -24.804687 -5.856521 -1.721063 -138.848638 -52.797901 116.242825 0.000000 0.000000 0.000000 8.385570 -7.338944 -4.810381 22.628242 -28.439431 -5.874880 85.650078 35.910456 29.987891 0.000000 0.000000 0.000000 
-0.127816 1.009526 0.140276 -1.748282 8.850793 -2.760791 0.246943 0.981217 14.911908 -1.059280 -4.084022 52.585741 1.723170 10.396620 22.075585 0.000000 0.000000 0.000000 4.542276 2.318310 -18.387998 1.981416 -0.192766 13.689918 -5.983640 -15.216163 21.413671 0.000000 0.000000 0.000000 -0.423790 -0.681003 14.485955 9.439759 -7.440624 13.867338 -0.809599 -11.441141 -14.958095 -11.669868 10.949477 15.331205 0.000000 0.000000 0.000000 -28.697157 5.672684 -4.750871 -25.017127 -2.597044 -2.039565 -129.246742 -49.755646 96.709830 0.000000 0.000000 0.000000 12.485621 -6.016412 -5.242558 26.042660 -30.042302 -7.090126 85.559621 43.557672 38.866146 0.000000 0.000000 0.000000 
-0.133021 0.965881 0.140670 -1.593910 6.307830 -5.385810 1.664924 0.436769 7.002347 -6.494575 -1.688950 88.112272 3.362794 11.178477 18.130134 0.000000 0.000000 0.000000 6.847796 1.827612 -11.909472 2.788909 -0.394256 20.080422 -7.386777 -18.005972 12.144685 0.000000 0.000000 0.000000 -1.936919 -0.554725 16.477564 6.471978 -5.772194 17.154026 2.397596 -4.333450 -14.485352 -10.263715 8.153694 10.268041 0.000000 0.000000 0.000000 -29.732630 6.921346 -7.270821 -23.234964 3.471057 -2.534629 -115.319295 -50.478512 78.323605 0.000000 0.000000 0.000000 17.853425 -4.157545 -4.998906 29.191128 -23.828528 -6.562458 83.445653 53.670721 48.780899 0.000000 0.000000 0.000000 
-0.137164 0.923208 0.133921 -1.095684 2.472210 -7.000793 2.774647 -0.437028 -6.377871 -8.308880 4.837803 107.774849 5.899881 13.973648 11.814590 0.000000 0.000000 0.000000 7.667118 0.584322 -3.725806 1.553571 0.308707 27.727792 -6.971624 -17.435848 2.948098 0.000000 0.000000 0.000000 -2.463256 -0.552155 21.430422 3.758855 -3.550815 18.389843 2.257778 3.696202 -15.501304 -11.422765 7.613534 2.451594 0.000000 0.000000 0.000000 -29.337155 8.392719 -10.248316 -20.115548 9.934904 -2.629636 -102.653872 -49.620402 62.790371 0.000000 0.000000 0.000000 22.785315 -0.889311 -2.529500 32.403839 -10.175580 -4.309517 83.627427 65.033259 62.117668 0.000000 0.000000 0.000000 
-0.138456 0.921054 0.129283 0.302652 0.764497 -7.237371 2.154200 -1.717532 -22.712570 -9.117456 8.232183 106.509640 9.377271 19.372387 7.291312 0.000000 0.000000 0.000000 5.791538 -1.399461 8.904454 -1.673228 1.450063 23.335926 -6.321607 -16.250866 5.353139 0.000000 0.000000 0.000000 -4.993950 -0.029293 22.656613 0.760933 -0.930497 13.521937 2.575998 11.959550 -11.640219 -9.882447 6.013922 7.205211 0.000000 0.000000 0.000000 -27.405558 8.427912 -11.779947 -14.800746 15.535556 -2.246558 -101.677899 -45.201809 55.476211 0.000000 0.000000 0.000000 21.234342 -0.181346 0.171596 33.990403 -3.466887 -3.731565 119.318131 68.954282 106.881164 0.000000 0.000000 0.000000 
-0.138072 0.953974 0.131397 2.191534 0.282709 -5.000537 -0.378529 -3.124031 -31.755231 -9.839503 7.169174 85.419686 9.033110 18.901178 11.888918 0.000000 0.000000 0.000000 1.727564 -2.515175 21.427859 -3.747662 1.303825 12.160984 -2.157307 -10.784879 19.890767 0.000000 0.000000 0.000000 -7.422271 0.424473 19.173872 -2.612545 1.312186 12.900306 2.469438 17.132798 -13.545243 -6.412342 1.492389 14.718957 0.000000 0.000000 0.000000 -23.211375 11.414520 -12.749072 -9.301343 15.672234 -1.236759 -105.407429 -41.576455 53.554651 0.000000 0.000000 0.000000 17.655019 -0.594300 0.891458 38.292489 -2.603375 -3.878334 134.965648 66.966860 127.759399 0.000000 0.000000 0.000000 
-0.136936 0.995030 0.135183 1.809522 -0.355157 -2.267924 -3.208275 -3.700327 -30.643128 -5.608591 1.650159 51.075865 7.310863 16.596742 16.997225 0.000000 0.000000 0.000000 -1.124312 -2.291117 25.771713 -2.815336 1.046301 11.293396 0.443698 -8.862529 28.930696 0.000000 0.000000 0.000000 -7.829717 0.458536 15.345584 -2.872320 1.484462 12.716960 -1.185456 21.389795 -14.274103 -0.833389 -4.994943 16.400082 0.000000 0.000000 0.000000 -17.842988 12.040517 -11.552175 -11.159559 16.670044 -1.760398 -106.444779 -42.218358 52.669411 0.000000 0.000000 0.000000 18.434197 -3.591126 0.403860 37.757708 -2.207274 -3.990963 132.434286 64.026592 124.861441 0.000000 0.000000 0.000000 
-0.136352 1.010000 0.138144 0.365236 2.107409 -1.188721 -4.431233 -3.389118 -25.082589 -1.519514 -0.662903 28.415187 0.931567 8.156485 18.491852 0.000000 0.000000 0.000000 -1.306354 -2.578200 26.470768 0.160938 0.854715 25.541933 -2.025290 -12.429681 33.281008 0.000000 0.000000 0.000000 -6.915135 0.254393 13.286294 -4.830594 2.548168 15.586976 -0.112899 19.592768 -17.733953 -0.631040 -6.256664 20.142092 0.000000 0.000000 0.000000 -18.441527 10.784294 -11.039352 -12.426086 18.570342 -2.126505 -106.476900 -44.076974 55.948570 0.000000 0.000000 0.000000 18.291040 -3.111165 0.235319 37.261537 -5.607761 -4.434067 123.989851 61.428662 109.496625 0.000000 0.000000 0.000000 
-0.135953 0.983520 0.138284 -1.325359 2.834961 -1.626853 -5.543830 -2.733783 -19.176789 0.075852 -1.247902 26.732472 0.950335 7.338156 14.804718 0.000000 0.000000 0.000000 -1.206289 -2.405960 23.894394 1.674369 0.486900 51.525791 -4.062016 -14.530474 28.507235 0.000000 0.000000 0.000000 -6.835884 0.219498 13.718063 -3.373162 1.494719 16.940469 -1.861992 18.767334 -18.001883 -0.191798 -5.990470 18.020683 0.000000 0.000000 0.000000 -21.371448 9.247512 -11.773855 -15.180933 16.169454 -2.286455 -105.726880 -47.036816 59.104744 0.000000 0.000000 0.000000 19.441690 -4.596284 -0.562246 35.015128 -7.083700 -4.575937 110.552983 59.244256 90.276945 0.000000 0.000000 0.000000 
-0.134548 0.937585 0.131820 -0.784605 2.912911 -4.268239 -8.172064 -2.256495 -13.719570 0.718046 -1.942812 33.570098 3.554780 10.575499 11.702157 0.000000 0.000000 0.000000 -4.581396 -1.064013 16.133618 2.716191 -0.404300 81.802106 -3.942156 -13.973778 22.994548 0.000000 0.000000 0.000000 -9.140415 0.556071 18.271103 -1.151830 0.025128 16.769035 -2.521407 14.845866 -16.988210 2.820104 -5.617698 10.663852 0.000000 0.000000 0.000000 -27.872148 5.340025 -11.911011 -15.111829 10.296231 -1.457293 -101.540678 -53.998957 65.173073 0.000000 0.000000 0.000000 22.790935 -4.051472 -0.966467 29.746865 -8.969202 -4.310675 93.178338 56.313197 66.352220 0.000000 0.000000 0.000000 
-0.134768 0.910394 0.121789 -0.940778 5.670166 -6.517568 -9.258817 -0.971159 -5.644443 2.916247 -2.877070 30.222686 5.022671 10.185655 -0.346521 0.000000 0.000000 0.000000 -6.789480 -0.128691 1.759252 1.632396 -1.441834 104.582898 -1.356775 -8.906838 15.989448 0.000000 0.000000 0.000000 -7.831866 0.240118 25.215958 -0.376394 -0.495026 13.184040 -1.552216 4.277613 -13.597165 0.677491 -1.758693 6.824507 0.000000 0.000000 0.000000 -34.109787 0.413643 -7.519630 -14.015393 -0.324219 -0.717673 -97.448970 -65.650345 76.045558 0.000000 0.000000 0.000000 22.924833 -2.512837 -2.610369 29.084316 -11.740573 -4.424420 76.096958 51.142565 43.731248 0.000000 0.000000 0.000000 
-0.137243 0.923612 0.117367 -2.844087 7.989131 -7.337284 -6.009773 0.958182 7.223934 4.102001 -1.091065 8.290020 3.043822 4.182195 -4.277859 0.000000 0.000000 0.000000 -4.036868 0.842311 -16.057455 1.989123 -4.927013 108.066499 -1.661033 -9.660469 15.873369 0.000000 0.000000 0.000000 -5.373768 -0.476119 26.336170 1.855804 -1.838602 10.529909 -0.645979 -4.959817 -8.850833 -0.886308 0.121124 10.200849 0.000000 0.000000 0.000000 -31.255361 -3.176913 -1.130161 -18.440965 -9.268683 -0.618505 -112.112464 -76.397797 103.368404 0.000000 0.000000 0.000000 21.323384 -3.630179 -4.987893 24.702993 -15.935576 -4.257821 73.253778 44.936791 34.333818 0.000000 0.000000 0.000000 
-0.140115 0.959238 0.120882 -4.677589 9.999566 -6.010138 -0.967234 1.335117 19.838948 1.850294 0.287823 -11.651457 -2.611760 2.133654 13.122328 0.000000 0.000000 0.000000 -0.889204 1.888275 -28.320156 4.558399 -9.054085 91.985269 -4.865358 -15.310219 20.564784 0.000000 0.000000 0.000000 -3.305582 -0.945525 24.673170 5.587389 -4.048448 8.891451 0.109727 -12.894367 -7.422464 -4.384163 4.236937 11.585300 0.000000 0.000000 0.000000 -27.992652 -2.267089 1.268720 -22.786320 -14.098430 -0.701123 -147.515581 -75.055898 146.301151 0.000000 0.000000 0.000000 16.010082 -3.790198 -5.314544 22.864742 -19.952542 -4.465523 76.269329 40.653600 30.250423 0.000000 0.000000 0.000000 
-0.141812 0.993474 0.127093 -6.802272 8.534944 -2.882187 2.104837 0.924719 24.776346 1.957021 0.349555 -13.169009 -2.130843 7.014877 25.723665 0.000000 0.000000 0.000000 4.175964 3.580054 -32.011611 7.218622 -6.064423 59.662571 -7.404669 -18.267923 25.510329 0.000000 0.000000 0.000000 -1.615012 -0.780603 18.255643 7.855656 -6.410749 14.470211 3.497718 -15.940901 -12.094929 -7.602027 8.723910 16.326542 0.000000 0.000000 0.000000 -27.667899 -2.170833 2.862715 -25.469676 -12.530980 -1.229748 -153.110929 -69.221503 152.810773 0.000000 0.000000 0.000000 8.739933 -4.605611 -4.131733 23.605622 -22.560123 -5.166329 76.765548 40.648541 28.687804 0.000000 0.000000 0.000000 
-0.142551 1.005489 0.134075 -6.247555 7.121892 -1.528186 3.063955 0.876571 27.076932 -0.335769 -0.153367 5.090854 2.742079 12.992693 28.910463 0.000000 0.000000 0.000000 6.230479 3.738144 -27.541377 7.183555 -2.755908 33.253547 -5.411557 -15.085170 25.275161 0.000000 0.000000 0.000000 -1.645195 -0.610630 16.178936 9.134951 -8.024707 18.659658 4.637596 -15.838136 -16.952180 -9.813526 12.076499 21.008110 0.000000 0.000000 0.000000 -25.432192 0.352825 1.102261 -28.692803 -6.659268 -2.026192 -145.138288 -65.048150 139.493292 0.000000 0.000000 0.000000 7.146914 -7.602707 -4.672239 22.146777 -26.015405 -5.484637 81.370552 40.459280 31.087881 0.000000 0.000000 0.000000 
-0.144790 0.983670 0.142979 -4.978098 8.175222 -2.472871 5.613795 0.105931 24.844892 -2.396265 -1.956269 42.745998 2.788856 12.670302 27.547420 0.000000 0.000000 0.000000 8.002349 3.019495 -19.644956 6.104263 -1.845304 24.667802 -6.338475 -16.048883 22.935654 0.000000 0.000000 0.000000 -2.147022 -0.499395 14.930471 10.983541 -9.228957 17.279495 1.449706 -15.470933 -12.356384 -9.575013 11.106461 19.309734 0.000000 0.000000 0.000000 -29.663208 4.422714 -2.075211 -27.304189 -2.359308 -2.919242 -126.122928 -62.376750 109.419027 0.000000 0.000000 0.000000 9.828566 -7.410476 -5.419905 26.136596 -26.800140 -6.821851 82.086924 46.626190 37.934067 0.000000 0.000000 0.000000 
-0.149099 0.939624 0.144648 -4.960532 6.149547 -4.447861 7.985199 -0.143207 18.081749 -2.992238 -4.444713 77.375635 0.453984 8.191975 22.073710 0.000000 0.000000 0.000000 11.780330 2.490071 -13.132934 3.730823 -0.932460 27.534092 -7.575160 -18.369032 13.503122 0.000000 0.000000 0.000000 -3.765727 -0.313191 16.090833 7.751982 -6.669309 17.358405 5.141443 -8.799390 -8.990031 -7.944793 7.692804 14.031518 0.000000 0.000000 0.000000 -32.244474 5.624165 -4.673535 -25.773756 5.333290 -3.905461 -101.992781 -62.292389 79.376390 0.000000 0.000000 0.000000 15.163846 -5.467833 -5.696287 31.572776 -21.659778 -7.052265 82.011996 58.335029 50.399556 0.000000 0.000000 0.000000 
-0.150207 0.916930 0.133298 -4.468257 0.974700 -5.980514 8.627728 -0.001028 2.515864 -3.706779 -1.727233 101.091643 -0.578506 5.362326 17.588190 0.000000 0.000000 0.000000 13.685693 1.010164 -5.176088 0.071469 0.766982 21.819606 -6.197946 -15.415921 -0.217604 0.000000 0.000000 0.000000 -5.069770 -0.051892 21.170916 6.241613 -5.101579 17.947963 3.730075 0.922073 -9.677174 -7.573315 5.465496 1.661053 0.000000 0.000000 0.000000 -30.051064 8.253910 -9.073956 -25.357066 11.886336 -4.277370 -80.710261 -55.560333 51.056306 0.000000 0.000000 0.000000 21.746195 -0.247319 -2.714459 36.390605 -5.790252 -3.966698 77.002028 73.012492 63.020539 0.000000 0.000000 0.000000 
-0.144472 0.936442 0.121631 -2.403989 -3.577010 -5.497116 6.563328 -0.469449 -17.430756 -3.642910 3.142116 104.477009 0.200563 6.679178 17.274441 0.000000 0.000000 0.000000 11.545148 -1.728332 7.982876 -3.716012 0.477850 1.270086 -2.467273 -7.255231 2.811538 0.000000 0.000000 0.000000 -6.295160 0.407681 21.451370 1.482163 -1.113256 13.916073 3.344916 9.870069 -6.572362 -5.239431 3.321193 4.670865 0.000000 0.000000 0.000000 -28.201899 10.528251 -12.114992 -19.915868 18.779638 -3.987957 -81.312691 -47.280032 42.421030 0.000000 0.000000 0.000000 19.201110 -0.101518 -0.473925 39.926627 4.485373 -2.017396 126.011358 77.542458 122.009083 0.000000 0.000000 0.000000 
-0.134499 0.975549 0.116736 0.205637 -6.161295 -3.038574 3.490678 -1.335451 -30.456330 -5.647032 7.003300 87.175810 3.005165 11.097757 19.789887 0.000000 0.000000 0.000000 5.132373 -2.514707 18.678916 -2.704803 -0.387917 -11.410645 1.856023 -4.510818 17.397897 0.000000 0.000000 0.000000 -6.833583 0.613853 19.283807 -3.473756 2.224413 12.050472 2.198309 16.637064 -8.688788 -1.066985 -1.715724 10.826651 0.000000 0.000000 0.000000 -23.590130 12.968722 -13.177059 -12.487406 22.199251 -2.472403 -89.313236 -39.542341 39.224942 0.000000 0.000000 0.000000 14.226969 -2.354398 -0.528216 44.784448 6.635959 -1.282238 155.693095 69.976898 158.594639 0.000000 0.000000 0.000000 
-0.125424 1.011842 0.118319 0.273544 -7.736079 -0.845639 1.201911 -1.889094 -32.447674 -4.512346 3.548354 56.180618 4.830836 13.378554 23.993156 0.000000 0.000000 0.000000 0.836213 -1.923358 23.156201 -2.009581 -0.123240 -5.788315 2.351765 -6.662783 25.475447 0.000000 0.000000 0.000000 -7.135328 0.671312 17.166770 -4.621418 3.046642 12.185790 -1.145282 21.476604 -11.249737 4.061481 -7.720463 12.757287 0.000000 0.000000 0.000000 -18.520785 15.899227 -13.147795 -12.669121 26.319860 -3.109351 -94.474210 -35.484298 36.533011 0.000000 0.000000 0.000000 13.684245 -4.347857 -0.811007 42.556816 6.679879 -1.221711 156.665232 66.578773 162.143939 0.000000 0.000000 0.000000 
-0.120497 1.017312 0.124758 0.210921 -5.200316 -0.187163 -1.923885 -2.665190 -27.685838 -1.572600 0.157382 32.704787 0.782294 8.607209 26.416775 0.000000 0.000000 0.000000 -1.986841 -1.542467 24.661383 -0.731036 1.164592 18.879390 -2.692294 -12.880380 23.900912 0.000000 0.000000 0.000000 -7.145111 0.507951 14.844050 -6.807912 4.556473 15.491345 0.513922 19.896507 -16.257213 2.921007 -8.285591 17.617266 0.000000 0.000000 0.000000 -19.008797 16.897686 -13.491954 -11.234992 28.989476 -2.862169 -99.469004 -37.473496 43.204929 0.000000 0.000000 0.000000 12.151452 -2.435330 -0.193537 42.444109 1.450423 -2.339788 150.363053 65.660702 150.765908 0.000000 0.000000 0.000000 
-0.118714 0.985634 0.130521 -1.331589 -3.296401 -1.201493 -2.418775 -2.337073 -21.828344 -1.121899 -0.279947 30.346742 -0.264729 8.330970 29.821814 0.000000 0.000000 0.000000 -2.510243 -1.489807 22.699920 2.338736 2.120482 57.984300 -4.976006 -15.137473 18.296573 0.000000 0.000000 0.000000 -6.241451 0.259771 13.076523 -5.918308 4.258139 21.788257 -2.703442 18.643108 -21.382553 3.667937 -8.004254 14.346706 0.000000 0.000000 0.000000 -19.606450 15.635697 -13.246263 -14.740395 25.522377 -3.447467 -103.525608 -42.683055 52.482997 0.000000 0.000000 0.000000 15.533011 -4.908579 -1.358253 39.326644 -3.473303 -3.468788 128.961486 61.612485 115.861123 0.000000 0.000000 0.000000 
-0.117841 0.935202 0.125116 -1.210062 -0.073853 -4.251615 -5.344030 -2.144219 -15.478609 1.604990 -2.024067 35.390544 2.610354 12.135095 29.691037 0.000000 0.000000 0.000000 -4.442244 -0.919964 15.958259 4.711160 -0.614010 90.863971 -3.997375 -13.353134 17.520022 0.000000 0.000000 0.000000 -7.898102 0.449938 17.423936 -1.748233 0.698798 20.358160 -5.231896 15.328448 -19.691344 6.957296 -9.009875 9.951218 0.000000 0.000000 0.000000 -27.884026 10.040595 -14.450923 -16.184273 16.200415 -2.295138 -107.410079 -52.334556 68.951351 0.000000 0.000000 0.000000 21.134242 -4.632101 -1.264134 32.617098 -8.638612 -4.433232 105.329923 59.306197 82.583239 0.000000 0.000000 0.000000 
-0.119419 0.909920 0.109908 -1.160302 4.130274 -6.817476 -6.890146 -0.840414 -5.541416 4.943596 -3.133821 26.969286 6.777467 16.735238 21.734197 0.000000 0.000000 0.000000 -4.854052 -0.101780 1.440969 4.347805 -4.642333 111.019555 -2.518080 -10.420879 13.787172 0.000000 0.000000 0.000000 -6.709262 0.107327 24.897526 -0.599335 -0.209226 12.366765 -2.973101 5.218367 -11.082469 5.958655 -5.396027 3.639927 0.000000 0.000000 0.000000 -35.318849 3.438228 -10.136733 -17.720339 1.524973 -1.162953 -107.832794 -65.346358 85.845111 0.000000 0.000000 0.000000 22.212410 -3.732307 -2.915647 29.710569 -13.553589 -5.071457 84.456440 53.511539 52.667074 0.000000 0.000000 0.000000 
-0.122504 0.927112 0.096013 -3.383115 6.436668 -7.247541 -2.711063 0.741175 7.065370 4.793136 -1.086958 6.958869 2.105050 6.064852 4.091533 0.000000 0.000000 0.000000 -2.061172 1.207841 -16.343287 6.952070 -11.783388 107.779829 -6.842698 -17.836763 9.866721 0.000000 0.000000 0.000000 -4.392057 -0.585695 26.361288 2.099223 -1.574538 6.806737 -2.366788 -1.956013 -4.591538 3.812276 -3.663078 4.797521 0.000000 0.000000 0.000000 -32.877966 -3.351990 -2.239980 -21.875791 -9.166468 -0.609421 -125.176632 -74.875498 115.661870 0.000000 0.000000 0.000000 19.534123 -3.546036 -3.783745 26.693217 -19.688498 -5.692101 80.984309 47.339744 42.203022 0.000000 0.000000 0.000000 
-0.124263 0.965731 0.088284 -5.025916 7.015266 -4.656325 1.522954 0.903368 16.310497 3.110662 0.026614 -5.781746 -3.266181 -0.807984 9.935577 0.000000 0.000000 0.000000 1.623774 2.744070 -28.080668 9.025919 -10.780419 83.562967 -11.091392 -24.776238 14.804049 0.000000 0.000000 0.000000 -2.596726 -0.955375 25.353754 3.512462 -2.108806 3.991707 0.510192 -9.390884 -3.639223 -1.659971 1.334907 5.741879 0.000000 0.000000 0.000000 -29.184860 -2.862238 0.953355 -24.520309 -14.655745 -0.592280 -152.272492 -70.896572 149.326606 0.000000 0.000000 0.000000 10.769572 -4.367056 -3.795920 26.614656 -23.685321 -6.460618 85.657330 40.647032 35.826764 0.000000 0.000000 0.000000 
-0.123559 1.004039 0.085580 -6.206801 5.277238 -1.062554 3.905208 0.661246 19.035094 2.682882 -0.267054 -0.104866 -3.299697 -2.188762 7.847977 0.000000 0.000000 0.000000 5.063703 3.917199 -30.192806 7.418611 -3.728675 47.877667 -12.451933 -25.466801 22.954439 0.000000 0.000000 0.000000 -1.395679 -0.874982 21.294175 6.879783 -3.830315 3.702652 0.161757 -12.131517 -4.477707 -4.607366 4.240577 7.894551 0.000000 0.000000 0.000000 -26.946553 -1.585598 1.300603 -27.425033 -11.959572 -1.334107 -145.965341 -65.472481 138.988786 0.000000 0.000000 0.000000 6.431416 -4.520840 -3.075029 26.102959 -24.412484 -6.529746 87.399272 39.455457 34.239491 0.000000 0.000000 0.000000 
-0.122061 1.020595 0.085044 -5.606404 1.985295 0.124951 2.615457 1.013402 17.220983 2.078465 -1.615250 23.046550 0.198725 0.675908 0.532233 0.000000 0.000000 0.000000 7.280682 3.697951 -23.754499 3.856521 -0.432672 19.661152 -7.075589 -18.145639 23.993539 0.000000 0.000000 0.000000 -2.046796 -0.526332 19.086707 7.712927 -4.669908 7.525935 0.881245 -11.372372 -7.192057 -5.889732 5.440053 8.221858 0.000000 0.000000 0.000000 -26.087285 0.961152 -0.237547 -28.359401 -4.738382 -2.602126 -137.767614 -61.153644 123.834867 0.000000 0.000000 0.000000 5.854931 -3.752808 -2.702494 28.869330 -25.147538 -7.450887 90.784380 44.698769 41.555847 0.000000 0.000000 0.000000 
-0.121625 1.009914 0.085919 -4.115123 -0.209759 -0.245776 1.580447 0.696645 9.327216 -1.209605 -1.279256 52.599531 2.020421 7.608095 10.720119 0.000000 0.000000 0.000000 9.182295 2.599159 -15.340067 0.852585 0.249907 10.482240 -5.801107 -16.481794 20.397241 0.000000 0.000000 0.000000 -2.955160 -0.269298 17.854004 7.882002 -4.755954 8.223598 -0.571579 -8.551852 -6.104986 -7.315085 6.334978 6.930160 0.000000 0.000000 0.000000 -26.687295 2.430347 -1.964797 -28.245021 1.137810 -3.539679 -121.554219 -59.469802 99.044937 0.000000 0.000000 0.000000 11.626224 -0.537253 -2.647660 32.311788 -21.426625 -7.304494 92.550348 53.020345 52.962940 0.000000 0.000000 0.000000 
-0.122487 0.979883 0.084515 -3.389519 -4.499839 -2.221520 2.392242 -0.115177 -1.691172 -2.616598 1.683905 71.622368 5.135189 13.901414 20.511664 0.000000 0.000000 0.000000 9.869152 0.683454 -4.749137 0.059578 0.638041 13.496514 -5.976077 -16.413451 11.344068 0.000000 0.000000 0.000000 -4.009339 0.014255 18.758287 4.199764 -2.473900 8.242660 2.486196 -1.343078 -4.679204 -6.044360 4.755701 3.301152 0.000000 0.000000 0.000000 -28.477822 2.795473 -3.836935 -26.203582 8.431554 -4.294170 -102.242941 -56.869231 72.471459 0.000000 0.000000 0.000000 14.844434 1.143115 -1.734762 34.924991 -13.231838 -5.910480 105.499002 58.645554 73.005492 0.000000 0.000000 0.000000 
-0.123232 0.957202 0.079453 -1.715120 -8.034639 -2.598887 2.355887 -0.908549 -15.136824 -3.529396 4.984352 75.139071 8.569334 18.142980 14.244022 0.000000 0.000000 0.000000 7.001796 -0.984164 5.365718 -1.578901 1.188593 14.884641 -5.761893 -15.474172 7.415172 0.000000 0.000000 0.000000 -5.217385 0.409276 20.457545 -0.864044 0.564435 7.345194 5.032972 5.192730 -4.779570 -5.097216 3.839560 -1.243382 0.000000 0.000000 0.000000 -28.007232 3.585360 -5.723187 -22.576395 15.866096 -4.468293 -94.855194 -53.565696 60.764229 0.000000 0.000000 0.000000 15.701990 4.103668 0.428313 37.990202 -2.678965 -3.639339 117.459329 64.969841 95.483061 0.000000 0.000000 0.000000 
-0.122626 0.956611 0.076629 -1.231254 -10.348779 -2.210948 2.874746 -1.037936 -25.145912 -2.737531 4.078194 63.257621 8.831933 18.113311 8.778444 0.000000 0.000000 0.000000 3.267751 -1.697116 15.559151 -2.581276 1.305715 13.364450 -4.465905 -14.147067 12.448645 0.000000 0.000000 0.000000 -6.423047 0.787730 20.970654 -2.540079 1.422341 4.215724 5.104715 12.380495 -2.691085 -2.204053 1.595723 0.163378 0.000000 0.000000 0.000000 -26.244136 4.412509 -7.706562 -20.786005 21.365884 -4.653876 -93.840670 -50.874151 55.583896 0.000000 0.000000 0.000000 14.854938 4.536616 1.941993 38.227699 3.149793 -2.486133 130.745098 64.547364 115.305783 0.000000 0.000000 0.000000 
-0.121649 0.970290 0.080208 -0.395673 -9.544082 -1.458170 0.122804 -1.849888 -27.795122 -1.561450 1.132826 40.482710 7.105288 15.174689 12.666589 0.000000 0.000000 0.000000 -0.328511 -1.440120 21.882394 -1.921410 1.665145 19.058263 -4.748178 -14.836498 14.726366 0.000000 0.000000 0.000000 -7.280820 0.860221 19.506287 -5.355617 2.948205 4.509737 6.776129 15.090990 -4.449837 -0.848237 0.047422 3.050251 0.000000 0.000000 0.000000 -27.009193 6.410350 -9.891067 -15.532434 22.282382 -3.209720 -95.446587 -47.317009 52.940499 0.000000 0.000000 0.000000 13.686916 4.430018 2.280124 39.064646 3.192666 -2.452864 138.452414 64.064453 126.982998 0.000000 0.000000 0.000000 
-0.119785 0.978658 0.089386 -0.263563 -6.882218 -0.160455 -2.091612 -2.359059 -24.773068 0.346489 -0.443901 20.945915 2.651678 9.449228 19.605017 0.000000 0.000000 0.000000 -1.675029 -1.384457 22.870532 0.273296 2.386549 36.628249 -6.648774 -17.508125 13.593646 0.000000 0.000000 0.000000 -6.972394 0.641599 17.776690 -5.046247 2.906038 7.405960 3.413176 15.985252 -9.474493 1.620453 -2.544198 5.008675 0.000000 0.000000 0.000000 -24.763248 6.174600 -9.945261 -16.979359 21.926581 -3.412937 -101.029566 -45.833601 55.109473 0.000000 0.000000 0.000000 16.186683 2.597819 1.901345 37.132049 -0.834725 -3.327601 129.994379 60.698367 112.953516 0.000000 0.000000 0.000000 
-0.117729 0.968907 0.099547 0.044196 -2.602097 -0.954934 -5.409790 -2.416252 -18.017213 1.415066 -0.852847 16.596108 1.916772 8.092436 14.850274 0.000000 0.000000 0.000000 -3.373905 -1.125458 19.147394 6.100704 -0.629528 63.724920 -7.706988 -19.356271 18.280182 0.000000 0.000000 0.000000 -7.339236 0.518780 16.937680 -1.528644 0.752453 7.455612 0.825588 14.430601 -8.061769 3.012828 -3.494417 4.214257 0.000000 0.000000 0.000000 -28.540601 3.055413 -9.768392 -17.126828 17.327685 -2.810996 -108.270155 -49.021305 65.833380 0.000000 0.000000 0.000000 18.756454 1.869023 1.919315 34.235945 -7.318893 -4.902464 118.480147 58.312822 95.286190 0.000000 0.000000 0.000000 
-0.118761 0.953717 0.104336 -0.291279 0.885383 -3.171793 -7.923647 -1.297058 -8.282876 3.258032 -1.566551 18.057576 2.452852 8.156846 9.756604 0.000000 0.000000 0.000000 -4.557143 -0.400770 7.548104 6.821565 -4.034034 91.021276 -4.833856 -15.036311 20.400331 0.000000 0.000000 0.000000 -6.508380 0.284625 20.355623 -0.685832 0.244992 3.929890 1.526029 8.486451 -3.580760 2.219279 -1.910821 0.696479 0.000000 0.000000 0.000000 -33.790642 1.186263 -8.295697 -18.416278 9.732123 -2.411915 -113.734407 -52.429270 76.727564 0.000000 0.000000 0.000000 21.861994 0.481295 0.148236 28.356943 -12.501519 -5.095822 105.674531 56.224739 75.522106 0.000000 0.000000 0.000000 
-0.124106 0.951586 0.104495 -1.572413 3.932898 -3.755209 -6.233826 0.453809 2.866914 4.479457 -1.627238 13.839201 1.748382 6.914686 8.657695 0.000000 0.000000 0.000000 -3.134353 0.611075 -8.260741 6.643563 -7.720407 101.364434 -5.330675 -16.251038 23.358189 0.000000 0.000000 0.000000 -3.766165 -0.330697 20.310253 0.905059 -0.813765 6.608348 -1.176995 1.664387 -4.731025 2.396965 -1.984053 0.792406 0.000000 0.000000 0.000000 -33.032939 -1.651759 -4.332779 -21.433805 2.377299 -2.106072 -122.479776 -57.327887 93.520275 0.000000 0.000000 0.000000 22.700020 -0.148725 -1.621014 25.226290 -21.603818 -5.667863 98.379126 51.508460 60.926053 0.000000 0.000000 0.000000 
-0.131624 0.964753 0.104524 -2.920966 6.073738 -4.075578 -2.708209 1.418248 13.912226 5.348574 -1.443011 9.720789 0.486930 7.007680 14.682054 0.000000 0.000000 0.000000 -0.801341 1.568828 -18.465716 7.173566 -9.110259 90.889631 -6.763911 -17.643746 12.402279 0.000000 0.000000 0.000000 -1.988225 -0.795665 21.646808 1.836767 -1.236887 4.548297 0.265502 -5.227204 -3.405570 -1.047593 0.804003 0.755162 0.000000 0.000000 0.000000 -34.804440 -2.100328 -1.427685 -21.514920 -2.526471 -2.000769 -135.220321 -60.913233 115.798587 0.000000 0.000000 0.000000 19.119268 -1.172750 -3.320011 23.837792 -28.093051 -6.288690 99.421236 47.467471 55.119728 0.000000 0.000000 0.000000 
-0.138508 0.977309 0.106984 -4.390158 6.913726 -4.060813 0.428817 1.178623 17.955842 4.911468 -2.072218 16.611361 1.687204 8.993144 15.323006 0.000000 0.000000 0.000000 2.315622 2.268990 -20.843645 7.958049 -6.714164 64.258417 -6.904827 -17.575829 14.738881 0.000000 0.000000 0.000000 -1.216642 -0.935416 20.832097 4.367807 -2.744669 5.411096 1.336981 -8.075457 -4.662179 -4.867934 3.855944 1.397201 0.000000 0.000000 0.000000 -36.245051 -1.382314 -0.814784 -22.639099 -3.117214 -2.231284 -136.387632 -60.024346 117.214820 0.000000 0.000000 0.000000 14.672475 -2.154200 -3.547285 25.758766 -31.046425 -7.519304 101.798653 45.513632 53.713943 0.000000 0.000000 0.000000 
-0.145301 0.973954 0.111362 -4.337528 6.681474 -3.390907 1.808924 0.849557 15.729626 3.901657 -3.744113 33.318522 4.303173 11.642343 10.675399 0.000000 0.000000 0.000000 4.259392 2.159051 -16.882845 6.171406 -2.643226 37.901243 -7.768934 -18.585255 33.810889 0.000000 0.000000 0.000000 -2.143924 -0.651876 18.798744 6.028578 -4.374023 10.290794 1.424489 -5.988495 -7.931794 -4.650397 3.560958 0.922555 0.000000 0.000000 0.000000 -33.782742 -0.438953 -2.295328 -24.271560 -0.702416 -2.387177 -126.930705 -57.822552 101.583367 0.000000 0.000000 0.000000 15.839635 -1.812154 -3.399408 29.477554 -31.287540 -8.654835 104.516756 48.606839 60.517294 0.000000 0.000000 0.000000 
-0.151723 0.952671 0.114493 -4.932931 3.975070 -4.956085 3.980075 0.310572 7.550053 -0.670829 -3.824417 60.261028 5.679753 13.947128 12.511299 0.000000 0.000000 0.000000 8.512310 1.329779 -8.046332 2.029022 -0.048501 24.753013 -10.711734 -21.945299 42.317700 0.000000 0.000000 0.000000 -3.422614 -0.469743 21.574517 8.555343 -5.615494 9.035906 -0.122480 -1.002113 -6.465079 -7.177870 5.314758 -1.197698 0.000000 0.000000 0.000000 -33.011207 3.112905 -6.459829 -25.685740 3.358614 -2.905040 -111.661099 -55.783540 79.536285 0.000000 0.000000 0.000000 18.949204 1.178201 -1.390287 36.841140 -22.188751 -8.796211 103.330234 59.857786 74.212494 0.000000 0.000000 0.000000 
-0.155923 0.926211 0.114485 -2.893535 -0.016661 -4.604178 3.437628 -0.359108 -5.735911 -3.818050 -0.003132 81.749532 4.853014 11.679050 7.438327 0.000000 0.000000 0.000000 8.747346 -0.448812 1.854910 0.433560 0.650279 19.378714 -8.013625 -19.705780 3.388124 0.000000 0.000000 0.000000 -4.824171 -0.023875 20.399326 4.456078 -2.937788 9.246018 1.841178 5.216896 -6.202911 -5.036021 3.583791 1.071359 0.000000 0.000000 0.000000 -32.143865 2.597306 -7.477564 -23.080257 11.785502 -3.645082 -90.597631 -53.589439 56.249049 0.000000 0.000000 0.000000 22.047130 3.584646 0.823980 37.064351 -10.614828 -5.918063 111.027400 67.357991 92.643637 0.000000 0.000000 0.000000 
-0.157277 0.923766 0.113735 -0.192847 -3.351178 -4.577501 2.126372 -1.303048 -19.160826 -6.231970 5.656742 86.715247 4.527207 11.334491 8.599022 0.000000 0.000000 0.000000 6.873073 -2.125991 13.056472 -2.520110 1.311387 15.127908 -5.223975 -8.106464 -13.893259 0.000000 0.000000 0.000000 -5.995237 0.359419 21.024206 -1.374692 0.722379 9.857211 3.839131 10.241801 -7.769030 -3.806312 2.533090 0.527758 0.000000 0.000000 0.000000 -30.066343 3.407629 -8.608135 -18.881049 17.625856 -3.430840 -83.071485 -47.058891 43.702395 0.000000 0.000000 0.000000 21.993396 4.621709 2.224881 36.743767 0.275549 -3.032274 132.030490 70.428149 122.248577 0.000000 0.000000 0.000000 
-0.156722 0.943802 0.116281 1.705141 -4.550362 -4.115259 0.333511 -2.292376 -29.415259 -7.033519 5.856766 72.116503 8.191383 17.741153 17.899449 0.000000 0.000000 0.000000 3.082190 -2.801572 24.481895 -3.875661 1.117466 9.061196 -2.795510 -1.489337 -10.286153 0.000000 0.000000 0.000000 -8.548081 0.897274 20.358066 -0.834844 0.436474 7.821299 1.807101 17.091470 -7.487049 -0.118201 -1.158904 4.550762 0.000000 0.000000 0.000000 -25.847266 3.889157 -9.745838 -15.239503 23.941201 -3.187858 -84.925647 -38.415320 35.460127 0.000000 0.000000 0.000000 18.008615 5.152195 4.061036 38.579719 6.275064 -1.806310 146.832180 67.810690 144.237782 0.000000 0.000000 0.000000 
-0.155948 0.969774 0.121837 2.706124 -4.033272 -2.626905 -3.350945 -3.572145 -32.131577 -6.440122 3.224616 50.179700 8.324199 17.816808 20.342699 0.000000 0.000000 0.000000 1.333818 -2.875558 29.515361 -3.788086 1.308876 11.599883 -1.213268 -3.710064 1.409288 0.000000 0.000000 0.000000 -8.934655 0.820131 17.231172 -4.394364 2.511281 8.581051 3.825264 19.245791 -9.975377 0.646249 -3.262289 9.684138 0.000000 0.000000 0.000000 -24.606997 4.729367 -10.207999 -9.248898 25.119475 -1.663577 -87.960218 -31.112677 30.211336 0.000000 0.000000 0.000000 15.684673 6.550075 4.827700 38.889337 6.440517 -1.489865 148.091356 68.537119 147.459297 0.000000 0.000000 0.000000 
-0.154865 0.984304 0.129082 2.435861 -2.086870 -0.886653 -5.193487 -3.601131 -27.128110 -5.066868 1.292729 34.415100 3.668462 10.810410 14.536267 0.000000 0.000000 0.000000 1.579798 -3.283194 30.242372 -2.670911 2.022231 24.495846 -1.813946 -10.710986 21.168225 0.000000 0.000000 0.000000 -8.216657 0.562768 14.362751 -3.681391 2.095777 12.397666 -0.785733 20.080475 -14.545942 3.637092 -6.693956 10.787867 0.000000 0.000000 0.000000 -20.316457 3.745046 -8.887559 -12.623189 25.502971 -2.668215 -90.688306 -32.508978 31.707574 0.000000 0.000000 0.000000 16.515296 5.167251 4.802706 37.630903 4.021084 -2.104049 138.158072 65.899325 132.939335 0.000000 0.000000 0.000000 
-0.152069 0.965725 0.137157 1.847237 -0.453556 -1.575692 -8.057319 -3.296557 -20.540218 -2.472358 -0.066305 31.921728 2.484266 8.825727 12.927882 0.000000 0.000000 0.000000 0.532542 -2.882463 27.473421 3.025653 0.523559 48.938578 -5.621569 -17.203529 35.034513 0.000000 0.000000 0.000000 -7.729174 0.447925 14.778712 -3.754603 2.019390 11.624557 -0.543780 18.396025 -13.756284 4.054524 -7.850684 13.499280 0.000000 0.000000 0.000000 -25.910657 1.710286 -9.788786 -11.885215 23.032111 -2.049937 -89.620541 -36.798843 36.884472 0.000000 0.000000 0.000000 17.659059 5.475108 4.887418 34.909726 -1.439871 -3.432674 121.130316 62.569421 105.698338 0.000000 0.000000 0.000000 
-0.149335 0.924494 0.139769 1.342623 1.120174 -4.170220 -10.461740 -2.777467 -15.037000 -0.042389 -1.406724 35.124440 4.032352 11.784699 15.169765 0.000000 0.000000 0.000000 -2.624435 -1.467908 18.729666 7.411283 -4.059835 80.340887 -4.701805 -15.448718 26.738268 0.000000 0.000000 0.000000 -6.861659 0.300768 18.509796 -4.297803 2.303775 11.567321 0.220208 13.809350 -12.790901 4.103692 -5.153564 6.655130 0.000000 0.000000 0.000000 -32.506309 1.427016 -10.496817 -12.383097 15.770949 -1.554978 -91.815715 -41.341034 44.324312 0.000000 0.000000 0.000000 18.254674 3.722147 2.904609 35.261487 -5.422518 -4.257103 101.290324 56.913672 74.324558 0.000000 0.000000 0.000000 
-0.150641 0.892393 0.133951 1.484801 4.169605 -6.427455 -12.715964 -1.296798 -6.214285 3.769773 -2.565425 25.905645 9.765026 20.084060 11.175562 0.000000 0.000000 0.000000 -5.698108 -0.219207 3.918099 7.694384 -9.310945 103.986692 -4.074867 -14.564021 24.084308 0.000000 0.000000 0.000000 -5.646489 -0.051703 23.881424 -2.844994 1.286048 9.677758 -2.338439 7.081147 -10.261465 5.116055 -4.672645 2.964397 0.000000 0.000000 0.000000 -35.609534 -4.152837 -5.739156 -14.060701 8.810443 -1.430253 -95.991772 -51.190212 58.808095 0.000000 0.000000 0.000000 23.676755 3.508150 1.866081 30.751362 -11.019849 -4.948119 88.441661 52.945633 55.557909 0.000000 0.000000 0.000000 
-0.157279 0.898708 0.127424 0.426516 7.178449 -7.018871 -10.292898 1.008431 5.889300 4.624408 -0.838079 4.441518 7.549039 15.047461 0.633080 0.000000 0.000000 0.000000 -6.879201 0.384892 -14.077776 7.153915 -12.945762 111.767258 -4.177900 -14.684669 20.756601 0.000000 0.000000 0.000000 -3.195763 -0.837841 26.684916 -3.062012 1.454781 4.311468 -1.826075 -2.272530 -3.648361 2.491199 -1.915696 -0.169329 0.000000 0.000000 0.000000 -35.786681 -4.861273 -1.216094 -15.641943 -1.433608 -1.338366 -104.318170 -63.512132 80.817629 0.000000 0.000000 0.000000 22.151347 2.185907 -0.989293 30.108737 -15.712110 -5.766995 80.407799 47.068512 41.340295 0.000000 0.000000 0.000000 
-0.166910 0.933346 0.125474 -2.372246 8.901085 -5.495213 -3.632238 1.634824 16.143766 1.713385 0.282743 -11.019490 1.461431 8.736000 14.761365 0.000000 0.000000 0.000000 -4.569867 1.049250 -30.295597 8.413270 -14.481718 101.167308 -6.679357 -18.479933 23.432972 0.000000 0.000000 0.000000 -1.779291 -1.197242 25.272772 1.111616 -0.710267 2.474175 -2.388609 -6.805617 -2.405533 0.411533 -0.466440 2.342773 0.000000 0.000000 0.000000 -31.582552 -4.092249 0.073162 -19.911705 -5.078344 -1.544937 -124.799088 -66.485558 107.962526 0.000000 0.000000 0.000000 21.211065 -0.193870 -3.029885 25.894474 -20.812080 -5.671300 81.212100 42.491427 36.696806 0.000000 0.000000 0.000000 
-0.176537 0.975028 0.128309 -4.382508 11.327600 -3.009033 1.780402 0.740541 21.286669 0.447933 0.284773 -13.351900 -2.302858 7.635639 27.140753 0.000000 0.000000 0.000000 -2.090165 1.566110 -36.584605 9.837862 -11.739239 73.585642 -10.820931 -22.831237 32.513069 0.000000 0.000000 0.000000 -1.058911 -1.143043 20.999637 3.663558 -2.554945 6.184752 1.375914 -10.479255 -5.963320 -3.760907 3.097224 5.369690 0.000000 0.000000 0.000000 -32.869051 -2.616244 0.463164 -19.232933 -5.644915 -1.617658 -135.795611 -64.966076 121.639052 0.000000 0.000000 0.000000 16.795677 -0.808339 -3.526778 25.258995 -26.262749 -6.308311 85.039918 40.601181 36.043711 0.000000 0.000000 0.000000 
-0.184469 1.003271 0.134003 -5.224369 10.996495 -0.515590 3.813881 0.301907 20.449841 1.763187 -0.287432 2.252685 -2.230202 8.356961 29.765462 0.000000 0.000000 0.000000 0.534485 2.386606 -33.761423 8.928443 -5.785874 45.602997 -7.735731 -18.167657 31.927912 0.000000 0.000000 0.000000 -1.227616 -0.859367 17.808994 8.366923 -5.113222 5.560094 -0.303769 -10.454937 -5.354564 -5.630757 4.790602 8.383837 0.000000 0.000000 0.000000 -32.053745 -1.368873 -0.580778 -20.826836 -3.825267 -1.921987 -127.658487 -62.647766 108.636745 0.000000 0.000000 0.000000 14.441902 -0.546670 -2.805094 28.283052 -27.453517 -7.534866 87.873208 42.411970 39.691268 0.000000 0.000000 0.000000 
-0.191093 0.999992 0.141543 -4.189701 11.145973 0.907528 2.963167 0.461220 17.366665 3.529316 -3.586183 30.247147 0.895271 10.719563 25.659175 0.000000 0.000000 0.000000 2.742797 2.644605 -27.570143 6.527669 -3.075351 33.511314 -6.676670 -16.376394 28.504395 0.000000 0.000000 0.000000 -2.725517 -0.459966 15.121585 9.988747 -6.368427 7.100411 -0.354358 -9.670128 -5.897073 -6.241349 5.310450 9.551653 0.000000 0.000000 0.000000 -31.074830 0.798235 -2.359478 -22.075903 0.653391 -2.540867 -114.140171 -61.592625 90.902668 0.000000 0.000000 0.000000 16.934863 0.720386 -2.513880 33.134231 -28.140153 -9.210004 88.426256 48.604467 46.801903 0.000000 0.000000 0.000000 
-0.198277 0.964477 0.148478 -3.721096 10.939282 -1.117862 3.469027 0.284899 11.061757 -0.169117 -7.365722 63.998024 3.055679 12.241004 23.228526 0.000000 0.000000 0.000000 5.610230 2.527793 -19.487713 5.166422 -2.542102 33.773947 -7.309494 -17.241010 24.748859 0.000000 0.000000 0.000000 -2.798479 -0.451401 15.003837 9.238806 -6.655565 10.387570 0.259483 -5.818246 -4.648889 -7.352772 5.788138 4.227297 0.000000 0.000000 0.000000 -30.599743 2.418730 -4.606509 -22.484036 5.070990 -3.036877 -102.361367 -59.055897 74.445185 0.000000 0.000000 0.000000 21.940813 2.075773 -1.679286 37.090595 -20.613704 -8.489378 85.280168 62.130775 59.295588 0.000000 0.000000 0.000000 
-0.204288 0.924946 0.147871 -4.236446 7.335468 -3.192931 5.039022 -0.077559 1.176207 -4.546129 -4.980197 87.636664 4.938578 13.373878 17.901671 0.000000 0.000000 0.000000 9.553486 1.810986 -10.614165 1.815405 -0.370157 29.160497 -7.835312 -19.013929 8.558782 0.000000 0.000000 0.000000 -3.003345 -0.532095 18.686272 7.256742 -4.805965 8.141791 1.902685 1.924125 -3.056468 -6.800610 5.134295 0.962536 0.000000 0.000000 0.000000 -32.078683 1.618885 -6.569167 -20.272096 12.683788 -3.399583 -88.449053 -55.466388 56.628609 0.000000 0.000000 0.000000 24.761987 3.428593 0.790433 36.351148 -9.073701 -5.702883 101.439868 68.990844 84.298210 0.000000 0.000000 0.000000 
-0.205427 0.925128 0.142963 -3.189840 3.131911 -3.833530 4.709498 -0.827641 -14.485232 -6.771256 1.099380 96.358105 6.863093 15.880235 16.180901 0.000000 0.000000 0.000000 9.587053 0.022780 -0.787612 -1.272175 0.765005 13.832733 -5.683765 -14.368307 0.312591 0.000000 0.000000 0.000000 -5.419763 -0.041240 21.414534 4.808203 -2.992752 6.476309 4.580104 8.687579 -3.377049 -7.550454 5.683386 -2.941454 0.000000 0.000000 0.000000 -31.000044 4.353072 -9.678252 -16.952406 18.405636 -3.182108 -87.641747 -49.945694 49.825397 0.000000 0.000000 0.000000 21.062401 4.368273 2.538970 38.021579 0.952903 -3.406149 125.441974 72.799905 117.511702 0.000000 0.000000 0.000000 
-0.202843 0.958614 0.142223 -1.068688 -0.516019 -3.178495 1.963219 -1.875344 -25.057669 -7.709978 4.572564 79.135307 8.772137 18.790467 20.500477 0.000000 0.000000 0.000000 5.145375 -1.727034 11.268131 -0.263079 -0.127412 -3.721119 -1.460183 -7.896326 12.220489 0.000000 0.000000 0.000000 -7.369083 0.505764 20.831344 2.954054 -1.647896 3.521510 3.109730 14.395788 -1.002113 -1.476127 0.777222 1.813124 0.000000 0.000000 0.000000 -29.366701 6.117701 -11.817719 -14.524098 20.809232 -2.773395 -90.007486 -48.228736 49.070923 0.000000 0.000000 0.000000 17.727166 4.481500 3.619555 41.466304 4.864993 -2.808226 140.051071 69.750245 136.739730 0.000000 0.000000 0.000000 
-0.200026 0.994221 0.145577 -0.297385 -2.756847 -1.342307 -0.441504 -2.566534 -28.610426 -8.096360 4.061007 53.271474 8.976555 19.094736 32.950129 0.000000 0.000000 0.000000 1.978898 -1.736427 15.140819 0.788859 -0.164408 -2.595176 -0.295590 -8.522477 20.960197 0.000000 0.000000 0.000000 -8.078691 0.710893 18.901298 -1.670602 0.826518 5.469098 3.920219 16.120460 -6.109721 -1.398855 -1.327799 10.878314 0.000000 0.000000 0.000000 -30.722839 6.255061 -12.580404 -10.178091 23.874102 -1.755826 -93.039818 -49.075502 53.361145 0.000000 0.000000 0.000000 17.964931 4.595694 3.684714 42.269469 3.149239 -2.977619 144.487983 65.667926 139.579705 0.000000 0.000000 0.000000 
-0.197962 1.003272 0.152277 -1.168072 -3.590258 -0.430486 -0.819557 -2.202417 -24.007795 -6.127291 1.975830 34.611856 5.439142 15.615150 38.477718 0.000000 0.000000 0.000000 -0.113436 -1.326958 14.561550 2.483630 0.300064 20.275376 -5.950005 -16.485078 14.449756 0.000000 0.000000 0.000000 -7.455859 0.586388 17.382275 -3.170455 1.772096 9.317607 1.403209 17.339041 -11.548915 -0.052883 -3.682709 13.730850 0.000000 0.000000 0.000000 -28.252228 5.953222 -12.099735 -14.023889 24.368760 -2.727069 -97.936012 -53.364280 61.597497 0.000000 0.000000 0.000000 19.910060 1.744906 2.412437 38.677051 -0.270051 -3.507254 134.968244 61.124575 121.740809 0.000000 0.000000 0.000000 
-0.195688 0.974262 0.160477 -0.228553 -1.862163 -2.400734 -4.612249 -2.018175 -15.609815 -3.672147 0.553082 27.802203 5.433590 15.824986 38.780069 0.000000 0.000000 0.000000 -3.215648 -0.769199 12.364802 5.486719 -0.412485 62.319604 -10.036398 -23.107399 15.093430 0.000000 0.000000 0.000000 -7.547861 0.482222 16.624993 -4.447069 2.649203 14.080228 0.828952 13.556428 -13.615660 1.269230 -4.663298 14.514507 0.000000 0.000000 0.000000 -33.148717 3.668869 -11.634241 -12.702506 18.402946 -1.810277 -102.786389 -63.068292 78.463165 0.000000 0.000000 0.000000 19.329683 1.785185 1.536761 36.314153 -6.016108 -4.421084 121.043892 58.343322 97.772824 0.000000 0.000000 0.000000 
-0.195426 0.933895 0.162219 -0.366790 1.150223 -4.663848 -7.759962 -1.166961 -7.400056 0.420648 -1.062570 23.598184 10.991468 21.473038 34.722232 0.000000 0.000000 0.000000 -4.652089 -0.199379 4.085415 5.471086 -2.744307 97.324872 -6.512486 -17.445953 17.213389 0.000000 0.000000 0.000000 -6.832272 0.307678 20.628879 -4.774613 2.679089 15.276361 1.219219 6.480065 -14.749345 0.957275 -2.537687 10.213932 0.000000 0.000000 0.000000 -37.198602 0.068973 -7.882363 -12.585452 8.488299 -1.235235 -110.015438 -70.205613 94.914377 0.000000 0.000000 0.000000 21.958373 1.216936 -0.502977 30.656538 -12.815100 -4.767495 103.859199 53.336562 69.019318 0.000000 0.000000 0.000000 
-0.199366 0.924626 0.157680 -1.252898 6.008824 -5.510443 -7.071439 0.535318 3.413028 2.841044 -0.702748 6.211530 9.893383 20.618208 19.351641 0.000000 0.000000 0.000000 -4.639676 0.594123 -10.936841 5.722500 -9.147501 108.507727 -6.411567 -17.608617 16.970618 0.000000 0.000000 0.000000 -5.524779 -0.198253 23.939632 -0.897200 -0.037515 10.288245 -1.192320 -1.154752 -8.902930 1.107699 -1.782497 8.257091 0.000000 0.000000 0.000000 -35.263516 -4.411856 -1.964055 -14.547121 -4.362784 -0.798467 -130.890526 -78.651341 126.254758 0.000000 0.000000 0.000000 21.923589 -0.151931 -2.377098 25.086252 -20.119901 -5.121413 92.172906 48.384108 51.456091 0.000000 0.000000 0.000000 
-0.205182 0.953457 0.155762 -3.507429 9.015676 -4.715890 -2.105801 1.319826 15.107508 1.109303 0.294644 -11.611881 -0.808573 5.245872 14.172191 0.000000 0.000000 0.000000 -2.967634 1.285751 -23.139751 8.300728 -13.659495 94.633457 -9.097541 -21.761261 16.695246 0.000000 0.000000 0.000000 -3.521715 -0.775410 23.947378 2.198542 -1.524414 4.935549 -1.209944 -8.970171 -2.993974 -2.342883 1.824637 5.679092 0.000000 0.000000 0.000000 -32.254577 -5.624789 2.167817 -16.630460 -12.621876 -0.773041 -169.253416 -78.137770 172.679724 0.000000 0.000000 0.000000 16.426697 0.553264 -2.487631 23.038892 -24.279017 -5.433037 88.805326 44.459831 42.744050 0.000000 0.000000 0.000000 
-0.209454 0.988496 0.159264 -6.000796 9.598373 -1.364266 1.968092 0.795910 20.425656 0.995699 0.350248 -15.217625 -3.491768 1.900816 15.913219 0.000000 0.000000 0.000000 1.518067 2.642303 -30.250155 12.668352 -11.016161 61.234669 -14.446225 -27.528363 27.083556 0.000000 0.000000 0.000000 -1.318133 -0.880906 18.726056 5.600834 -3.579334 6.087905 -0.015390 -12.314158 -4.373021 -5.755600 5.228604 9.039092 0.000000 0.000000 0.000000 -30.014876 -6.378226 4.022128 -19.701209 -13.488854 -0.936800 -159.882146 -73.427724 161.002052 0.000000 0.000000 0.000000 9.347272 -1.795954 -2.610441 20.893912 -26.232902 -5.175507 91.024299 39.983669 38.098543 0.000000 0.000000 0.000000 
-0.211316 1.006911 0.167365 -5.708003 8.221107 1.471254 2.309449 0.903655 23.622753 1.420848 0.040768 -3.969092 -1.366038 0.098152 5.100710 0.000000 0.000000 0.000000 5.005487 3.431576 -28.317250 9.417887 -3.901485 33.274442 -8.694165 -20.006365 15.920012 0.000000 0.000000 0.000000 -1.023632 -0.627632 14.745526 6.811903 -4.602194 8.616506 0.702241 -13.547641 -7.488911 -8.129154 7.916136 11.748009 0.000000 0.000000 0.000000 -26.178978 -3.261968 2.413626 -22.637721 -9.271646 -1.541244 -142.693120 -67.426683 135.753932 0.000000 0.000000 0.000000 6.829067 -3.177344 -2.739344 20.761504 -26.684830 -5.209457 90.328781 37.785896 34.503214 0.000000 0.000000 0.000000 
-0.212193 0.999226 0.178074 -4.537251 8.120554 1.815526 3.386163 0.649700 22.912870 -0.562366 -1.277623 25.224586 3.263980 2.886132 -7.930953 0.000000 0.000000 0.000000 7.192811 3.231318 -22.704811 5.282785 -1.314679 21.128267 -4.462717 -11.295977 0.058997 0.000000 0.000000 0.000000 -1.651695 -0.447742 13.108796 9.498018 -6.173876 8.465989 -1.955221 -11.485339 -7.169147 -8.155845 7.634691 12.722367 0.000000 0.000000 0.000000 -27.377981 -0.609577 -0.326456 -24.243151 -2.524552 -2.396915 -124.669279 -58.022221 100.819525 0.000000 0.000000 0.000000 8.816761 -2.668249 -2.800482 23.922358 -26.341069 -5.991108 87.933650 41.472377 38.061372 0.000000 0.000000 0.000000 
-0.215302 0.965463 0.184547 -3.762367 6.769727 0.926822 6.093867 0.114503 16.131469 -5.399885 -0.959946 58.044104 4.782056 9.941703 0.811079 0.000000 0.000000 0.000000 8.862180 2.969816 -18.616538 3.794648 -0.858776 24.534763 -3.784467 -8.389972 -6.187467 0.000000 0.000000 0.000000 -3.120691 -0.240329 12.719982 7.970523 -5.484173 10.123041 1.408328 -7.086369 -7.656001 -5.421827 4.600696 11.736912 0.000000 0.000000 0.000000 -28.750293 1.609652 -2.815064 -25.483693 5.632744 -3.652769 -106.881550 -52.609979 72.550472 0.000000 0.000000 0.000000 11.539934 -1.014483 -2.380762 30.226125 -21.620980 -6.742345 88.922026 49.202966 47.534431 0.000000 0.000000 0.000000 
-0.220984 0.933709 0.179339 -3.831184 2.759549 -0.997144 8.757364 -0.120980 4.239258 -8.979098 3.873304 83.668155 6.071586 14.646795 14.687094 0.000000 0.000000 0.000000 11.352856 2.322560 -12.762822 1.164066 0.381993 24.941473 -4.508867 -10.842964 -2.698529 0.000000 0.000000 0.000000 -3.421692 -0.298068 18.634285 5.948823 -3.645290 6.912647 2.180276 -0.071255 -5.904884 -5.594555 4.177250 0.534433 0.000000 0.000000 0.000000 -29.630075 3.270505 -5.792804 -25.043703 11.340523 -4.253690 -87.735807 -47.720866 48.660356 0.000000 0.000000 0.000000 18.786918 3.237950 -0.274244 33.468228 -7.673556 -4.340143 86.604302 60.558568 59.447837 0.000000 0.000000 0.000000 
-0.225726 0.931186 0.169835 -2.888209 -0.640831 -1.575264 9.706017 -0.150802 -13.787657 -10.104192 8.978316 93.774341 8.044990 17.408197 11.779199 0.000000 0.000000 0.000000 11.852024 0.276771 -2.510597 -1.859741 0.647414 7.876813 -13.502982 -27.113776 25.736525 0.000000 0.000000 0.000000 -4.745099 0.034031 20.805556 3.136563 -1.895968 6.233583 2.684821 8.508984 -5.708503 -4.022803 2.884029 -0.307163 0.000000 0.000000 0.000000 -29.386132 4.222232 -8.786312 -21.900829 18.075703 -4.287405 -79.862479 -41.825829 36.370689 0.000000 0.000000 0.000000 19.911734 5.409276 2.708628 34.735340 3.406752 -2.256279 107.533384 66.482870 89.514306 0.000000 0.000000 0.000000 
-0.228471 0.954186 0.165988 -0.227697 -2.632967 -0.461597 8.035973 -0.446617 -28.592607 -12.298028 11.718975 84.167338 10.199375 20.647858 16.897525 0.000000 0.000000 0.000000 7.766693 -1.761761 9.526309 -1.652154 -0.351198 -10.035773 -44.210781 -37.076493 80.062492 0.000000 0.000000 0.000000 -7.380871 0.649166 20.163964 -0.578182 0.241384 3.682913 4.002052 15.459944 -4.751425 -0.886640 0.544186 -0.446674 0.000000 0.000000 0.000000 -25.136451 4.546486 -9.459130 -17.636710 22.861420 -3.785515 -81.160593 -37.302395 31.967879 0.000000 0.000000 0.000000 16.474912 6.134380 4.298157 38.998589 10.306072 -0.770226 126.591461 69.619576 118.987607 0.000000 0.000000 0.000000 
-0.230381 0.984100 0.169433 0.563841 -4.653974 1.282027 4.979616 -1.139526 -33.280387 -10.695598 7.184094 58.884354 10.855730 21.101342 23.990190 0.000000 0.000000 0.000000 3.485916 -2.382425 19.186784 0.336270 -0.526532 -16.925733 -43.640831 -33.372212 88.758721 0.000000 0.000000 0.000000 -8.717082 0.908654 17.488612 -3.832424 1.998643 4.658756 3.890793 20.854737 -6.662334 2.648590 -3.012331 2.661418 0.000000 0.000000 0.000000 -20.092117 5.254275 -9.108383 -17.549301 26.696563 -4.347844 -83.909595 -35.721952 30.740445 0.000000 0.000000 0.000000 15.051082 5.367303 4.607823 39.424138 11.540768 -0.359305 139.576572 67.186745 136.730896 0.000000 0.000000 0.000000 
-0.232675 1.003854 0.178194 0.570652 -3.947287 2.157075 0.805128 -2.331622 -31.474818 -6.569281 2.278340 35.525066 7.369902 17.026686 30.524222 0.000000 0.000000 0.000000 0.823142 -2.434082 25.318007 -0.112707 -0.258973 -7.045429 -28.435577 -30.876119 73.258012 0.000000 0.000000 0.000000 -8.562103 0.747731 14.797154 -7.971667 4.445957 7.926057 5.646729 21.258036 -11.455809 2.693806 -4.062152 5.801740 0.000000 0.000000 0.000000 -21.307089 6.502375 -10.122535 -13.570689 27.051694 -3.106629 -87.572879 -36.919502 34.918446 0.000000 0.000000 0.000000 14.525712 6.784404 5.134542 39.512498 8.173459 -0.893782 141.691295 65.904956 137.850174 0.000000 0.000000 0.000000 
-0.234446 0.998804 0.189754 -0.295269 -1.896875 2.374213 -0.681281 -2.416078 -25.839457 -4.790215 0.925046 25.772396 4.866167 14.969185 35.322063 0.000000 0.000000 0.000000 -0.325259 -2.615321 28.340726 -1.166708 1.104146 18.003885 -8.997281 -21.067147 36.053611 0.000000 0.000000 0.000000 -7.437600 0.451680 12.335003 -6.149932 3.680628 14.626750 -0.304915 21.178916 -18.207848 4.016735 -5.683295 6.435148 0.000000 0.000000 0.000000 -19.917381 6.646792 -10.117038 -16.445143 24.960460 -3.643862 -91.827888 -41.270680 41.289519 0.000000 0.000000 0.000000 17.247674 4.938434 5.044342 38.620817 3.721318 -2.125440 124.390639 63.498575 112.600260 0.000000 0.000000 0.000000 
-0.234050 0.963431 0.198527 -0.371528 1.093748 0.349697 -4.554826 -2.436713 -18.653107 -1.381633 -0.589852 27.469583 7.631123 18.282985 37.359403 0.000000 0.000000 0.000000 -1.648614 -2.288006 25.360262 1.428326 1.163072 53.115029 -5.662810 -15.930105 16.448493 0.000000 0.000000 0.000000 -7.574718 0.398972 13.838940 -3.728403 1.889891 16.576773 -1.392172 18.312082 -18.736911 5.042894 -5.042079 2.408962 0.000000 0.000000 0.000000 -26.295262 3.063816 -10.786691 -17.714915 19.432398 -2.880529 -99.307138 -47.513462 55.091966 0.000000 0.000000 0.000000 19.896633 2.174058 3.329125 35.507733 -3.843315 -3.891297 107.335567 58.450799 84.668135 0.000000 0.000000 0.000000 
-0.234445 0.926020 0.197030 -0.004412 3.730527 -2.354692 -7.549488 -1.831035 -11.804161 1.765228 -1.963496 27.264347 14.055543 24.474063 38.426745 0.000000 0.000000 0.000000 -4.381374 -0.884355 13.163276 2.526876 -0.878636 86.924111 -3.046978 -10.894212 12.488016 0.000000 0.000000 0.000000 -6.799702 0.238902 20.558044 -3.212314 1.422087 11.643292 0.312691 9.927624 -14.257174 3.533185 -2.510585 -1.772941 0.000000 0.000000 0.000000 -34.753769 0.398029 -9.365597 -17.699176 8.237649 -1.668729 -102.054194 -53.207757 66.060372 0.000000 0.000000 0.000000 22.230555 0.525371 0.447704 32.038084 -11.914849 -5.154506 90.534738 51.974268 57.168952 0.000000 0.000000 0.000000 
-0.238116 0.921892 0.189557 -0.899017 7.162301 -3.511848 -6.593238 -0.033437 -0.715021 3.742412 -1.113903 9.396299 13.923564 25.405004 23.452389 0.000000 0.000000 0.000000 -3.806379 0.510146 -7.983834 2.787150 -5.336445 105.654255 -3.073327 -11.731722 14.701978 0.000000 0.000000 0.000000 -4.720362 -0.377478 23.438497 1.235753 -1.331257 9.423534 -2.366049 1.604956 -11.086273 3.883758 -2.609165 -1.979454 0.000000 0.000000 0.000000 -34.509395 -4.304779 -3.709769 -21.112006 -2.072720 -1.013108 -108.981871 -62.337789 83.556024 0.000000 0.000000 0.000000 23.165027 0.222579 -1.276530 27.015848 -20.825137 -5.769452 83.996131 46.072469 44.028826 0.000000 0.000000 0.000000 
-0.242372 0.951576 0.185494 -2.689377 9.844468 -3.197573 -2.572650 1.128366 11.840745 2.543292 0.195441 -8.903608 1.022584 7.954816 13.725011 0.000000 0.000000 0.000000 -1.367171 1.632590 -24.305205 4.240871 -9.362612 97.997183 -6.842131 -18.064207 13.885373 0.000000 0.000000 0.000000 -2.252296 -1.120141 24.788626 3.460718 -2.286833 5.400973 0.207409 -8.119325 -7.849216 -0.888707 0.832842 -1.750772 0.000000 0.000000 0.000000 -34.185947 -4.982357 1.177862 -23.029814 -9.414271 -1.017841 -126.401770 -66.711237 110.660261 0.000000 0.000000 0.000000 15.655815 -0.758975 -2.972848 25.304142 -27.468549 -6.495015 86.489426 39.079760 35.911256 0.000000 0.000000 0.000000 
-0.244322 0.987515 0.187539 -5.144884 10.011849 -0.110359 1.200125 0.789388 15.611185 2.607079 0.184581 -8.674885 -2.068012 3.089867 13.335334 0.000000 0.000000 0.000000 2.173490 2.908720 -32.597125 7.751612 -8.302925 67.792656 -12.203501 -25.940315 16.759155 0.000000 0.000000 0.000000 0.660441 -1.228639 18.757464 6.907531 -4.451563 6.868516 0.717055 -13.456543 -8.905754 -4.500433 3.780577 3.261539 0.000000 0.000000 0.000000 -33.061989 -3.999112 2.903290 -25.408975 -8.934276 -1.709229 -127.740628 -65.027430 112.716389 0.000000 0.000000 0.000000 8.053153 -1.805214 -2.490725 24.029472 -29.857236 -6.730187 89.064708 35.916122 32.177591 0.000000 0.000000 0.000000 
-0.245280 1.002768 0.193340 -4.663487 7.165486 1.975820 1.643068 0.858500 15.856864 1.650138 -0.852924 11.452522 1.702409 1.284574 -4.247610 0.000000 0.000000 0.000000 5.024781 3.573299 -28.940646 5.283684 -1.914764 33.872151 -8.947976 -20.538100 15.172363 0.000000 0.000000 0.000000 -0.216592 -0.749771 15.265415 8.677874 -6.362037 12.490761 1.619359 -12.220524 -14.723925 -6.607797 5.735870 7.286562 0.000000 0.000000 0.000000 -30.389217 -1.307987 0.746796 -26.856596 -1.163766 -2.753136 -121.403100 -60.125589 99.720479 0.000000 0.000000 0.000000 6.462822 -2.094521 -2.265230 25.638011 -32.476649 -7.678848 92.319162 38.727709 37.193075 0.000000 0.000000 0.000000 
-0.246719 0.984934 0.200058 -3.461313 5.372655 0.995257 2.433246 0.599536 11.416532 -4.305619 -1.148012 54.501176 6.329977 6.433848 -19.767201 0.000000 0.000000 0.000000 8.726097 3.106786 -19.383479 0.124874 0.402747 15.384814 -6.170138 -16.020263 17.804609 0.000000 0.000000 0.000000 -2.167136 -0.384071 14.119488 10.397586 -7.347503 12.471908 -2.131994 -7.635766 -11.485470 -7.395159 5.901730 7.657994 0.000000 0.000000 0.000000 -28.825149 1.288872 -2.838870 -27.109248 5.427350 -3.605378 -103.050551 -54.245299 70.540594 0.000000 0.000000 0.000000 13.569424 -0.019612 -2.401929 30.911737 -28.951347 -8.393418 91.751435 49.431000 50.258458 0.000000 0.000000 0.000000 
-0.249150 0.946802 0.200012 -2.748237 1.169290 0.014620 5.284083 -0.082285 -0.022450 -7.551102 3.954146 91.196673 4.332850 9.121200 0.149969 0.000000 0.000000 0.000000 11.790038 1.720818 -9.699777 -1.588537 1.013768 16.238637 -5.859878 -15.482902 8.437774 0.000000 0.000000 0.000000 -4.323076 -0.039050 14.219506 6.412931 -4.715921 14.550231 2.574164 0.690511 -11.367053 -5.533447 3.891372 3.150984 0.000000 0.000000 0.000000 -29.941842 2.803579 -5.699444 -23.246420 14.660357 -4.181275 -76.894183 -47.468367 40.935134 0.000000 0.000000 0.000000 17.251824 1.604658 -1.217106 34.795089 -16.096687 -6.297304 98.995303 61.219293 71.275453 0.000000 0.000000 0.000000 
-0.249658 0.929573 0.193985 -1.472099 -4.687267 -0.197574 6.806024 -0.405577 -15.631918 -6.911683 10.355236 105.270814 4.344962 12.268787 14.261343 0.000000 0.000000 0.000000 11.264596 -0.552984 1.360156 -6.092349 2.427655 17.034598 -3.108023 -8.765665 2.909113 0.000000 0.000000 0.000000 -5.397152 0.261193 16.274022 1.242333 -0.818549 14.054419 4.077661 9.086304 -11.455071 -6.194396 4.095595 0.280873 0.000000 0.000000 0.000000 -27.432393 4.416238 -8.009256 -17.843340 23.852157 -3.890785 -70.840814 -38.472900 29.225899 0.000000 0.000000 0.000000 20.400547 5.474344 2.104576 37.369482 0.292043 -2.617675 117.871258 71.762671 105.709352 0.000000 0.000000 0.000000 
-0.247272 0.950685 0.194402 0.214152 -6.642703 0.107433 5.905850 -0.612963 -31.748317 -8.673482 12.982287 97.101825 7.712356 17.084434 12.303661 0.000000 0.000000 0.000000 5.802786 -2.149694 14.537458 -7.363794 1.992425 10.883353 1.616018 -4.796095 16.782444 0.000000 0.000000 0.000000 -7.412213 0.626773 15.537708 -0.668980 0.481766 10.763483 3.387344 17.885847 -9.521579 -1.492699 -0.006161 3.704344 0.000000 0.000000 0.000000 -22.736004 7.200052 -10.172583 -9.368705 30.086307 -2.039111 -76.958218 -30.122892 24.334158 0.000000 0.000000 0.000000 18.144127 6.473172 4.770140 38.812690 10.038285 -0.569064 148.017163 71.138304 147.979346 0.000000 0.000000 0.000000 
-0.244432 0.983338 0.201777 1.466245 -6.033832 1.340537 2.434904 -1.857734 -37.360073 -10.161645 8.779826 68.529289 8.829631 18.649468 22.046177 0.000000 0.000000 0.000000 -0.035547 -1.926217 24.271069 -5.055214 1.307955 8.828402 5.999690 -2.451659 29.200600 0.000000 0.000000 0.000000 -7.481802 0.533320 12.614512 -5.040600 3.069137 10.603107 4.655730 22.740388 -12.844105 1.582377 -4.245824 8.970506 0.000000 0.000000 0.000000 -18.745691 7.129111 -9.513923 -0.535642 31.867331 0.527894 -84.191634 -23.717844 21.477953 0.000000 0.000000 0.000000 15.951053 6.234417 5.279023 41.666147 12.189724 0.414515 160.088960 69.112602 166.837377 0.000000 0.000000 0.000000 
-0.242256 1.005992 0.212195 1.217338 -4.354604 4.119854 -0.257260 -2.693769 -33.255582 -6.656351 2.486345 37.150707 6.263567 15.708948 29.618920 0.000000 0.000000 0.000000 -1.560903 -1.914252 27.704565 -4.517385 1.930825 16.629475 4.070893 -5.097020 30.737788 0.000000 0.000000 0.000000 -6.667618 0.334277 8.233056 -4.863050 2.949436 12.671891 0.076737 24.542478 -16.614815 5.141570 -8.431087 10.675013 0.000000 0.000000 0.000000 -11.028146 9.590378 -7.494727 -3.641237 34.539724 -1.128095 -90.781776 -23.230560 21.561000 0.000000 0.000000 0.000000 18.968360 3.720381 5.194923 39.558160 10.536198 -0.402409 149.174814 66.924701 151.381075 0.000000 0.000000 0.000000 
-0.237946 0.993071 0.224758 0.329657 -1.588673 4.201210 -1.606643 -2.708941 -26.701736 -5.109990 1.005933 25.623916 3.488712 13.049553 30.742987 0.000000 0.000000 0.000000 -1.578072 -2.393521 29.603743 -1.436306 2.418306 36.938724 -3.403233 -14.313605 31.754675 0.000000 0.000000 0.000000 -6.336710 0.216267 4.703823 -3.790299 2.191652 17.305737 -1.993154 23.668174 -20.652108 6.572365 -10.163436 11.432558 0.000000 0.000000 0.000000 -14.157368 8.665324 -8.667984 -5.909356 36.688486 -1.898042 -97.522622 -29.768635 32.811761 0.000000 0.000000 0.000000 19.956262 4.343960 5.883577 39.221179 4.839913 -1.946043 135.364755 64.845107 129.445696 0.000000 0.000000 0.000000 
-0.231644 0.945704 0.233556 -0.084239 1.099920 2.457493 -6.052458 -3.091521 -21.640771 -1.709547 -0.535222 29.737155 6.614584 16.976789 31.492127 0.000000 0.000000 0.000000 -2.620664 -2.044933 25.426079 1.611242 1.372051 66.964181 -4.175919 -14.592625 26.285745 0.000000 0.000000 0.000000 -5.821962 0.149344 6.028841 -1.923577 0.584417 19.785778 -3.918440 19.927876 -22.396075 6.212554 -7.819156 7.064695 0.000000 0.000000 0.000000 -21.398388 9.657904 -12.141131 -13.198402 30.770113 -3.401365 -102.166862 -37.372757 45.375062 0.000000 0.000000 0.000000 21.339466 -0.240387 2.573123 40.655823 -0.332356 -3.251343 109.962321 59.243314 89.688000 0.000000 0.000000 0.000000 
-0.227563 0.897934 0.229590 0.523439 4.163915 -1.646111 -9.840818 -2.502692 -14.185230 1.022505 -2.070082 31.662911 13.038321 24.233233 26.137839 0.000000 0.000000 0.000000 -5.235896 -0.997588 16.162885 2.288371 -0.944632 94.381892 -2.599965 -11.715917 20.517357 0.000000 0.000000 0.000000 -5.872138 0.094476 13.883789 0.115326 -1.080397 17.425444 -5.361243 13.194911 -20.793479 8.122350 -7.528125 3.631664 0.000000 0.000000 0.000000 -32.077581 3.813658 -12.681193 -17.638188 20.995621 -2.890289 -101.807252 -50.539732 62.269697 0.000000 0.000000 0.000000 26.776563 -1.159134 0.933220 35.511528 -8.078272 -4.874339 91.205314 57.134479 64.631045 0.000000 0.000000 0.000000 
-0.229897 0.890894 0.219879 0.366549 7.173843 -3.889342 -10.861191 -0.510752 -3.121215 4.742804 -2.005880 16.226644 12.934908 24.746530 5.496822 0.000000 0.000000 0.000000 -5.532944 0.032108 -0.975816 0.873503 -1.945898 108.848359 -1.977801 -8.624366 10.087866 0.000000 0.000000 0.000000 -3.410425 -0.432017 18.905523 0.341618 -0.906555 10.469696 -4.649556 1.190426 -11.760886 7.291546 -5.686913 1.327810 0.000000 0.000000 0.000000 -37.393019 -1.376742 -6.323915 -20.484563 4.290041 -1.835268 -106.059619 -68.319163 87.646265 0.000000 0.000000 0.000000 27.981280 -1.085711 -2.417805 30.200119 -15.543838 -5.471800 80.585250 52.863273 48.049037 0.000000 0.000000 0.000000 
-0.236468 0.924811 0.214781 -1.578222 9.323135 -4.658009 -6.089208 1.384214 10.520199 3.041911 -0.131559 -2.690240 3.084949 6.823541 1.425125 0.000000 0.000000 0.000000 -2.459520 1.196569 -18.882168 1.615860 -5.511184 103.383630 -3.816813 -11.985739 9.141564 0.000000 0.000000 0.000000 -1.569835 -0.889553 20.170899 1.466607 -1.223371 5.847001 -3.418134 -6.643132 -7.091854 5.907753 -4.991704 4.261723 0.000000 0.000000 0.000000 -32.668182 -6.657871 1.281444 -25.816204 -6.465615 -1.319503 -131.661752 -76.793061 125.717635 0.000000 0.000000 0.000000 23.699644 -4.417067 -5.821404 23.370587 -21.686449 -4.916514 84.044208 46.481942 42.706740 0.000000 0.000000 0.000000 
-0.243226 0.974078 0.215490 -3.914849 10.401541 -3.536672 -0.325920 1.196197 19.623356 1.087348 0.260594 -10.656165 -3.239284 0.653676 12.044144 0.000000 0.000000 0.000000 2.027916 2.607738 -28.589099 3.057575 -6.134728 80.683571 -6.602910 -17.440219 19.085198 0.000000 0.000000 0.000000 -0.391371 -0.990444 18.122906 3.981726 -2.733526 6.257177 -1.048191 -13.411571 -7.581524 1.079946 -0.750507 6.241947 0.000000 0.000000 0.000000 -29.345603 -5.085302 3.054231 -26.848399 -10.873125 -1.228853 -159.836689 -72.525436 160.995150 0.000000 0.000000 0.000000 15.856908 -4.052335 -5.355704 19.720321 -24.999111 -4.420637 92.287273 41.476937 40.841535 0.000000 0.000000 0.000000 
-0.247385 1.013336 0.218318 -5.127529 9.270456 -0.674585 2.372737 0.754450 21.095600 0.597285 -0.052265 -0.111053 -3.204278 -0.618175 9.756638 0.000000 0.000000 0.000000 5.294662 3.555207 -29.432144 4.027260 -2.771419 47.699270 -6.946326 -17.235451 25.786620 0.000000 0.000000 0.000000 0.062017 -0.689833 13.240405 6.126349 -4.497453 9.903065 0.714986 -14.221862 -10.676866 -2.840664 2.925428 10.255501 0.000000 0.000000 0.000000 -27.511212 -5.394214 3.818664 -27.493768 -9.084446 -1.580700 -150.894368 -67.205531 147.032010 0.000000 0.000000 0.000000 8.166707 -5.493532 -4.014985 20.863909 -27.499712 -5.289264 95.678747 39.481665 39.666434 0.000000 0.000000 0.000000 
-0.248013 1.021521 0.221933 -4.374670 7.393002 0.838173 2.463165 0.859046 20.290036 -1.703869 -0.867813 25.069646 0.214088 1.945891 2.979272 0.000000 0.000000 0.000000 6.942264 3.508671 -24.833055 3.446114 -0.804388 25.336517 -3.606467 -12.323789 24.944100 0.000000 0.000000 0.000000 -0.492739 -0.463893 10.932982 7.712998 -5.769462 12.271063 -0.200446 -12.637076 -13.221386 -3.511910 3.617303 14.222421 0.000000 0.000000 0.000000 -26.840911 -2.370661 1.263420 -26.504810 -2.732951 -2.384254 -131.079380 -63.326755 115.783075 0.000000 0.000000 0.000000 8.218444 -7.227401 -4.592383 19.457854 -29.161053 -5.031706 100.416497 41.512458 46.339343 0.000000 0.000000 0.000000 
-0.248996 0.995742 0.226148 -3.283267 8.686613 -0.674419 3.485858 0.492614 16.436755 -4.583601 -2.271363 58.116529 0.723534 6.431431 12.694821 0.000000 0.000000 0.000000 8.214752 2.816311 -18.308401 3.038482 -0.722054 23.163933 -4.216705 -12.873068 24.190701 0.000000 0.000000 0.000000 -1.066998 -0.483399 12.340421 9.247183 -6.593328 10.751473 -2.263920 -10.769083 -10.288063 -3.369058 2.927566 11.997575 0.000000 0.000000 0.000000 -28.211339 -0.276703 -1.077210 -25.147372 3.492430 -3.218551 -113.052385 -60.592912 89.206796 0.000000 0.000000 0.000000 12.492301 -4.110557 -4.209887 24.478099 -29.125852 -6.496119 103.301823 51.696722 62.246904 0.000000 0.000000 0.000000 
-0.252596 0.947331 0.223321 -3.508252 6.409676 -2.681790 5.420263 0.159795 9.360900 -8.013513 0.123777 85.961052 3.250107 11.317552 19.763664 0.000000 0.000000 0.000000 11.165976 2.736401 -15.035662 1.349814 -0.092842 31.112031 -5.361630 -14.632735 17.304431 0.000000 0.000000 0.000000 -2.353296 -0.398520 14.089296 6.463999 -4.866929 11.826025 1.952849 -3.693403 -9.128486 -1.938903 1.214619 6.452327 0.000000 0.000000 0.000000 -29.613565 0.871127 -3.575588 -24.550809 10.221981 -3.974131 -90.002794 -57.875928 61.567897 0.000000 0.000000 0.000000 15.961144 -2.293881 -3.339475 30.852763 -19.596315 -6.348800 108.253179 60.207806 78.755662 0.000000 0.000000 0.000000 
-0.255533 0.915245 0.211119 -3.316309 2.459524 -4.030311 7.021017 -0.168420 -3.144708 -9.179980 5.911503 104.985115 5.264451 12.440848 8.174768 0.000000 0.000000 0.000000 13.002392 1.641101 -8.463123 -1.818981 1.494705 26.844761 -5.042040 -12.905333 1.613286 0.000000 0.000000 0.000000 -3.075045 -0.405040 20.026922 6.601631 -4.374271 9.431450 0.063284 4.872224 -8.966578 -2.286396 1.510247 -0.050052 0.000000 0.000000 0.000000 -28.024489 2.889055 -7.198015 -21.495458 16.419058 -3.914022 -74.996159 -49.073760 40.112111 0.000000 0.000000 0.000000 21.502850 2.538245 0.446335 32.434982 -4.383519 -3.578782 117.675174 69.248561 102.804187 0.000000 0.000000 0.000000 
-0.255102 0.927761 0.202580 -1.634787 1.230979 -3.085846 6.340102 -0.885685 -21.398941 -10.462886 9.411413 103.771951 8.108921 17.085812 5.337298 0.000000 0.000000 0.000000 11.528043 -0.758762 2.780390 -4.506027 1.194860 8.952861 -3.187935 -8.241095 0.527494 0.000000 0.000000 0.000000 -4.881391 -0.027246 20.947647 2.986671 -1.803143 5.087426 1.990554 13.052277 -6.274313 0.314784 -0.977948 2.618317 0.000000 0.000000 0.000000 -25.554244 2.190955 -8.254442 -14.989039 21.068430 -2.872100 -76.646267 -41.225328 33.496442 0.000000 0.000000 0.000000 19.489110 2.529022 2.349854 34.592158 3.436050 -2.538223 139.137102 68.058378 132.695432 0.000000 0.000000 0.000000 
-0.252683 0.965720 0.202687 0.731652 0.628584 -0.954129 3.068052 -2.209599 -31.986505 -11.993645 9.037833 83.620161 8.315535 17.937663 14.281237 0.000000 0.000000 0.000000 7.311129 -2.694361 15.154927 -5.249457 0.084868 -5.591840 1.100301 -4.506751 16.976042 0.000000 0.000000 0.000000 -6.466955 0.313914 18.450073 -0.335909 0.076199 3.211243 1.861914 18.588100 -6.480439 4.587359 -5.915041 6.826215 0.000000 0.000000 0.000000 -19.835853 3.598614 -8.308837 -10.271070 22.033587 -1.895671 -82.543870 -34.871780 29.796848 0.000000 0.000000 0.000000 17.364794 1.176463 2.603893 38.653557 8.011584 -1.569141 144.047898 66.430034 142.216069 0.000000 0.000000 0.000000 
-0.250703 1.006830 0.208748 0.783139 -0.485474 0.522822 -0.825572 -3.002157 -30.374980 -6.992018 2.512446 50.687321 6.898645 16.392704 21.591391 0.000000 0.000000 0.000000 4.304282 -3.092726 21.544937 -4.053802 0.130611 -3.951560 2.842396 -6.184991 31.166564 0.000000 0.000000 0.000000 -6.386812 0.302559 14.748058 -1.293795 0.582334 3.218043 0.846614 22.368811 -6.285104 8.544502 -10.477652 8.464010 0.000000 0.000000 0.000000 -14.454433 4.582905 -7.247651 -11.221397 25.641672 -2.678938 -86.508424 -33.214039 28.521661 0.000000 0.000000 0.000000 16.344359 0.980593 3.131870 39.435548 7.379442 -1.846803 140.939090 63.499359 137.917460 0.000000 0.000000 0.000000 
-0.250745 1.024910 0.217135 0.297750 1.207419 1.545123 -3.287773 -3.050985 -24.937177 -1.592363 -0.432305 24.524923 2.446569 11.726688 26.836590 0.000000 0.000000 0.000000 2.895696 -3.149976 23.273132 -2.386401 1.044030 13.190349 1.065624 -9.044290 35.294743 0.000000 0.000000 0.000000 -6.287783 0.233415 11.838781 -5.133178 2.591073 7.272611 4.580081 20.239969 -11.260117 5.412632 -9.327341 13.699583 0.000000 0.000000 0.000000 -15.094447 4.561418 -7.021555 -9.217053 29.057545 -2.268052 -90.887328 -34.660472 33.980320 0.000000 0.000000 0.000000 15.856899 2.626401 3.241935 39.517009 3.319006 -2.442943 133.873333 60.888260 122.728626 0.000000 0.000000 0.000000 
-0.251511 1.010621 0.225209 -1.390033 1.748531 0.835733 -2.456495 -2.229855 -19.498793 -1.487106 -0.323124 18.390198 2.603429 12.782619 31.801970 0.000000 0.000000 0.000000 3.253794 -3.422807 24.209994 -0.185817 1.425366 37.974202 -3.143210 -13.482748 29.973308 0.000000 0.000000 0.000000 -5.755201 0.136991 10.157412 -2.787799 1.195566 14.461460 -1.265338 20.600509 -17.378570 5.402077 -10.470964 15.393724 0.000000 0.000000 0.000000 -13.896350 4.837349 -6.947450 -12.724085 28.301898 -3.317369 -93.513264 -41.853235 42.687477 0.000000 0.000000 0.000000 18.828014 1.226189 3.241365 38.368928 0.592831 -3.076997 121.114201 58.939624 103.498478 0.000000 0.000000 0.000000 
-0.249554 0.965096 0.230535 -1.073026 2.371872 -1.276488 -4.049069 -1.971854 -15.510291 -1.488196 -0.600540 25.204580 6.876778 17.637582 35.284209 0.000000 0.000000 0.000000 -0.450632 -2.221936 21.125671 3.231057 -0.536471 66.463975 -4.812066 -14.598313 17.028271 0.000000 0.000000 0.000000 -8.182014 0.367758 12.452609 0.046612 -0.703426 15.118871 -2.786490 18.906545 -16.937628 6.043656 -9.715924 12.587262 0.000000 0.000000 0.000000 -21.277456 2.612235 -8.962308 -13.730492 21.196129 -2.425269 -95.600070 -50.368251 54.745850 0.000000 0.000000 0.000000 21.383023 0.390501 2.835917 36.468233 -5.106174 -4.534532 104.416577 57.062461 80.307792 0.000000 0.000000 0.000000 
-0.247023 0.917990 0.226211 -0.189623 6.467739 -4.125920 -7.021341 -1.559517 -10.303410 0.633136 -1.855058 27.711182 12.688259 23.792143 31.771679 0.000000 0.000000 0.000000 -4.040811 -0.908813 11.593206 2.868159 -3.722143 93.189371 -1.628469 -7.464347 9.171021 0.000000 0.000000 0.000000 -7.736275 0.243494 20.296400 0.679627 -1.189369 11.925598 -2.870949 10.036487 -14.864319 5.026986 -6.605484 9.320418 0.000000 0.000000 0.000000 -30.005939 -0.777861 -8.151313 -14.996408 6.930588 -1.164211 -92.660938 -61.242637 65.810192 0.000000 0.000000 0.000000 24.811983 -0.230922 0.598358 35.228090 -10.658649 -5.572537 81.707835 53.066735 51.477489 0.000000 0.000000 0.000000 
-0.247863 0.906792 0.218101 -1.120017 9.001068 -5.744312 -6.265893 -0.048035 -0.670644 2.323631 -1.202492 13.410452 13.415812 25.129923 13.659285 0.000000 0.000000 0.000000 -5.339348 0.255998 -6.191475 3.077953 -7.569929 104.536029 -0.872098 -6.551492 10.197679 0.000000 0.000000 0.000000 -5.352235 -0.415096 24.361263 3.081040 -2.525626 9.262601 -4.780131 1.128211 -12.029797 4.407063 -5.574333 10.774342 0.000000 0.000000 0.000000 -29.948664 -7.209494 -1.655492 -20.120787 -3.563202 -0.621582 -92.610119 -75.232982 80.293957 0.000000 0.000000 0.000000 25.965641 -1.495441 -2.331862 30.864288 -16.692718 -5.894185 68.144872 45.434236 33.382801 0.000000 0.000000 0.000000 
-0.251258 0.933896 0.216313 -3.216477 9.257333 -5.093114 -2.951310 1.099743 11.019774 2.573893 -0.007720 -4.395298 3.420052 9.226316 6.226938 0.000000 0.000000 0.000000 -3.190406 1.148933 -21.076074 5.775278 -10.570513 94.497312 -3.390279 -11.949693 13.555604 0.000000 0.000000 0.000000 -2.412096 -1.106869 25.399346 3.441239 -1.904354 2.116934 -3.095187 -8.187579 -4.339385 1.452405 -1.822303 9.822614 0.000000 0.000000 0.000000 -28.791695 -7.554039 2.736547 -23.427437 -13.736895 -0.351554 -154.066953 -79.599066 154.579252 0.000000 0.000000 0.000000 21.771733 -0.460714 -3.617959 28.580699 -21.604307 -6.381902 68.653522 41.176777 28.342688 0.000000 0.000000 0.000000 
-0.254973 0.973949 0.220613 -6.141148 7.816241 -2.210601 1.289847 0.989805 18.688331 2.677279 0.321471 -11.963374 -1.333548 4.086315 13.666330 0.000000 0.000000 0.000000 1.756977 2.816454 -29.682058 9.628811 -9.186587 68.687121 -7.584099 -18.834222 23.635207 0.000000 0.000000 0.000000 -0.305042 -1.100944 20.167444 5.883146 -3.656840 5.796762 -1.489718 -11.413662 -8.819638 -2.059793 2.032884 17.713071 0.000000 0.000000 0.000000 -25.279773 -7.855037 4.235455 -30.006780 -14.391179 -0.228692 -154.302354 -73.685984 154.200185 0.000000 0.000000 0.000000 15.055556 -2.659779 -4.368315 27.586776 -25.580216 -6.719380 69.485724 36.362881 23.813128 0.000000 0.000000 0.000000 
-0.256748 1.003653 0.226813 -6.053808 6.982338 0.387054 2.672676 0.838917 20.635523 1.533393 -0.151835 0.016342 -1.859744 0.423150 7.620542 0.000000 0.000000 0.000000 4.401868 3.433209 -28.738232 9.697535 -4.720767 40.910156 -7.338837 -18.081498 32.491501 0.000000 0.000000 0.000000 0.009043 -0.813744 15.711611 7.832225 -6.039658 13.550456 0.066027 -11.482473 -17.291993 -5.132780 5.440439 20.561360 0.000000 0.000000 0.000000 -22.276686 -6.447202 3.220587 -33.957493 -9.722300 -0.691741 -143.427997 -67.559758 136.113363 0.000000 0.000000 0.000000 9.223235 -3.977588 -3.665576 29.420331 -29.911344 -8.125195 72.513016 36.063259 24.394552 0.000000 0.000000 0.000000 
-0.257254 0.999611 0.232473 -5.052140 7.277887 0.864141 3.563008 0.608026 19.340723 -1.818997 -1.105290 29.406796 2.137937 1.813392 -5.223211 0.000000 0.000000 0.000000 6.286348 3.193883 -23.293637 6.648840 -2.054011 26.628335 -6.827860 -17.305340 36.969850 0.000000 0.000000 0.000000 0.299220 -0.790046 14.738751 11.267254 -7.939597 11.791322 -4.375675 -9.496710 -15.985659 -6.127466 5.579744 23.318819 0.000000 0.000000 0.000000 -25.433525 -4.779371 1.017301 -34.519633 -3.496046 -2.011616 -127.404624 -61.825160 106.969211 0.000000 0.000000 0.000000 12.221192 -3.310736 -3.738156 31.349887 -31.568993 -8.979452 73.766103 41.897113 30.998123 0.000000 0.000000 0.000000 
-0.258574 0.958830 0.233551 -4.204708 4.562989 -0.247237 4.986225 0.412852 15.097767 -5.304538 -0.486532 62.316260 2.994778 4.766437 -3.874905 0.000000 0.000000 0.000000 8.014708 3.049134 -19.410990 5.422491 -1.461760 30.121888 -8.828097 -20.030807 38.197415 0.000000 0.000000 0.000000 0.158991 -0.638643 13.268427 7.727838 -6.249558 16.445615 -1.798036 -5.757470 -15.843022 -3.628631 2.511701 19.745198 0.000000 0.000000 0.000000 -27.091495 -1.741307 -1.490550 -33.578766 2.402231 -3.332140 -104.324917 -61.409201 79.081070 0.000000 0.000000 0.000000 16.740276 -1.149361 -3.402056 33.616762 -25.900492 -8.166787 71.788048 52.232313 38.973631 0.000000 0.000000 0.000000 
-0.261557 0.911655 0.222963 -3.907804 0.807088 -1.907338 5.749443 0.191325 6.598813 -7.046012 3.222957 87.007701 5.205862 11.619066 3.738750 0.000000 0.000000 0.000000 10.298701 2.812409 -15.668525 3.032788 -0.035566 33.602068 -13.735808 -26.051141 35.637220 0.000000 0.000000 0.000000 0.876141 -0.880845 17.148394 4.612954 -3.916232 18.359613 -1.227014 0.864524 -15.571247 -2.921195 1.391974 8.269694 0.000000 0.000000 0.000000 -28.082611 -1.391578 -3.541732 -29.413028 9.911289 -4.127567 -81.073105 -58.083562 53.061014 0.000000 0.000000 0.000000 23.323515 3.186012 -0.664668 35.190643 -8.967903 -4.324734 61.329624 65.577914 43.734777 0.000000 0.000000 0.000000 
-0.262867 0.904399 0.209188 -3.255008 -1.942658 -2.427283 6.690031 -0.299202 -8.825186 -9.431487 9.399721 95.035571 8.145051 17.114700 4.486115 0.000000 0.000000 0.000000 11.370463 1.222248 -7.115949 -0.574158 1.041368 19.535289 -13.441527 -28.396085 16.124189 0.000000 0.000000 0.000000 -0.531084 -0.696882 20.515764 3.028148 -2.227844 13.944269 -0.655734 8.518433 -13.428285 -3.952503 1.548923 8.272059 0.000000 0.000000 0.000000 -29.431136 -0.247974 -6.635758 -21.106408 18.632349 -3.846715 -75.315358 -49.660721 40.664804 0.000000 0.000000 0.000000 21.693365 4.622332 2.219066 33.964780 1.724288 -2.190330 88.282387 74.441339 78.177201 0.000000 0.000000 0.000000 
-0.262568 0.934350 0.203420 -0.695703 -3.024981 -0.169742 5.786688 -0.856087 -23.914038 -10.973312 10.773465 85.198246 8.236319 17.791732 13.570867 0.000000 0.000000 0.000000 7.072017 -0.970170 4.944224 -0.519551 -0.026967 -1.777998 -2.569184 -8.707574 6.539127 0.000000 0.000000 0.000000 -2.375505 -0.260693 18.071409 -0.351055 0.070928 11.681658 -0.484751 14.284841 -13.249806 -0.688952 -1.989472 9.966486 0.000000 0.000000 0.000000 -25.036959 2.492958 -8.508798 -13.688942 21.563052 -2.459230 -80.429407 -40.583133 35.358219 0.000000 0.000000 0.000000 17.423382 4.433470 3.211575 36.462576 6.407978 -1.303004 123.953133 76.626765 121.571910 0.000000 0.000000 0.000000 
-0.262053 0.974051 0.203680 0.684266 -4.660534 2.101695 3.322145 -1.546297 -30.890626 -10.134240 6.972387 59.898272 7.729627 17.306790 23.570282 0.000000 0.000000 0.000000 2.742967 -1.674239 13.865341 0.793151 -0.355197 -9.770884 2.843845 -0.979034 13.645389 0.000000 0.000000 0.000000 -4.070545 0.081069 14.801653 -1.954682 1.171338 12.118796 -3.135682 21.062681 -15.770026 4.582201 -8.813123 13.582889 0.000000 0.000000 0.000000 -18.031618 3.775225 -8.174706 -11.527833 24.500353 -2.371826 -86.904361 -36.202930 33.101229 0.000000 0.000000 0.000000 15.936796 2.239166 3.305553 35.281986 6.822953 -1.370913 133.276048 73.711860 134.096667 0.000000 0.000000 0.000000 
-0.262594 0.996804 0.207242 0.876734 -3.012733 4.226514 -0.699119 -2.814544 -31.462263 -5.747166 1.722184 34.724993 5.893983 15.410143 28.964679 0.000000 0.000000 0.000000 0.870798 -1.700274 16.521839 0.332269 0.046909 2.084464 1.542458 0.898558 5.002058 0.000000 0.000000 0.000000 -4.266124 0.093453 12.554238 -3.729118 2.100514 11.468565 -1.147835 21.264278 -17.555687 4.370413 -10.789405 18.835340 0.000000 0.000000 0.000000 -17.597342 5.087463 -8.487666 -6.050596 27.866374 -1.158452 -95.026245 -33.110539 35.616493 0.000000 0.000000 0.000000 14.277471 3.013198 3.461444 34.968051 3.710087 -1.942207 131.124004 68.903382 127.486675 0.000000 0.000000 0.000000 
-0.264082 0.985084 0.211887 0.045743 -0.554651 4.211422 -1.561461 -2.758730 -26.648357 -3.812245 0.446430 21.543814 2.019855 11.443223 29.981388 0.000000 0.000000 0.000000 1.020222 -2.012076 18.104691 -0.753190 1.662744 31.367022 -2.931175 -1.998193 -11.768831 0.000000 0.000000 0.000000 -3.589900 -0.011298 9.894190 -2.497972 1.211022 18.683159 -6.349328 21.127425 -24.920255 5.291111 -13.327435 20.671452 0.000000 0.000000 0.000000 -14.114206 5.254347 -7.413047 -9.367768 27.494293 -2.269504 -98.155307 -35.977108 39.579014 0.000000 0.000000 0.000000 14.937326 2.763032 3.834988 33.214778 -0.508857 -2.579975 113.682936 64.651647 101.932063 0.000000 0.000000 0.000000 
-0.263692 0.940737 0.215382 -0.070833 -0.602009 2.233489 -3.354738 -2.721924 -22.987318 -2.573628 0.036898 25.131354 3.266780 12.711336 28.944498 0.000000 0.000000 0.000000 -1.972188 -1.338785 16.982168 1.681112 1.971904 64.699818 -3.951246 -8.702683 -4.048452 0.000000 0.000000 0.000000 -4.437601 0.053009 10.880875 -1.531768 0.567443 18.592228 -7.380051 20.997224 -24.352691 8.917571 -14.193645 15.157463 0.000000 0.000000 0.000000 -16.887462 4.444612 -8.450946 -11.898883 23.070843 -2.345388 -98.491395 -41.981964 46.543188 0.000000 0.000000 0.000000 17.054688 2.053392 3.886476 31.964525 -6.470531 -3.910315 97.629103 60.400603 78.686413 0.000000 0.000000 0.000000 
-0.264702 0.897172 0.212731 0.212717 1.179503 -0.627843 -5.810751 -3.030208 -21.181329 -0.773581 -1.018093 32.676134 7.459929 17.607675 26.654977 0.000000 0.000000 0.000000 -5.131654 -0.437111 9.315393 3.607452 -0.297441 90.945242 -3.935887 -11.787770 8.456107 0.000000 0.000000 0.000000 -3.537175 -0.153773 15.613804 0.029596 -0.701690 18.062376 -9.167400 14.814468 -23.588110 9.196162 -11.128882 9.930467 0.000000 0.000000 0.000000 -24.982100 2.738052 -10.192764 -13.978764 14.659808 -1.612149 -94.321861 -48.943507 53.014770 0.000000 0.000000 0.000000 21.296551 -0.748106 1.603682 31.372773 -8.151783 -4.182369 76.131955 54.064233 50.469476 0.000000 0.000000 0.000000 
-0.272930 0.890239 0.208222 -0.205930 1.586462 -2.921570 -6.351361 -1.606969 -11.088955 2.180121 -1.401869 19.630735 9.628197 19.772776 8.309810 0.000000 0.000000 0.000000 -6.177367 0.272924 -4.228426 4.909433 -2.563154 101.328979 -3.146168 -9.918970 7.120531 0.000000 0.000000 0.000000 -1.798000 -0.517684 18.727134 0.894217 -1.144248 14.438527 -8.537498 7.350519 -18.467423 8.095729 -9.736250 11.710066 0.000000 0.000000 0.000000 -27.970607 -1.352012 -6.930672 -19.374181 5.501154 -1.308481 -87.379954 -60.445908 59.394228 0.000000 0.000000 0.000000 24.731113 -1.930730 -1.064371 28.936260 -14.035159 -4.850394 64.885286 46.275980 33.544649 0.000000 0.000000 0.000000 
-0.287979 0.921604 0.207510 -1.699072 2.248622 -2.858986 -4.188184 0.372197 2.673703 3.920883 -0.425238 0.058856 2.899148 6.610305 1.560946 0.000000 0.000000 0.000000 -4.765916 1.006341 -17.045449 8.051295 -6.973054 91.814802 -5.523409 -15.073669 9.588591 0.000000 0.000000 0.000000 -0.069515 -0.782625 17.721541 2.348430 -1.685883 8.061260 -6.542044 -0.747330 -9.994557 6.621788 -7.494518 12.389372 0.000000 0.000000 0.000000 -27.968503 -1.641920 -3.412313 -24.149963 -4.507254 -1.031735 -91.992954 -70.472572 75.251325 0.000000 0.000000 0.000000 25.144331 -3.379047 -4.339186 25.130736 -18.539278 -4.829843 60.367183 38.807267 23.954951 0.000000 0.000000 0.000000 
-0.305439 0.965913 0.208913 -4.618257 -0.221919 -0.908974 -0.052759 1.155894 12.681839 4.091699 0.171275 -8.919594 -0.178868 3.762613 10.210620 0.000000 0.000000 0.000000 0.069828 2.697232 -26.283477 11.097646 -6.443780 71.329291 -8.141530 -19.995749 17.748116 0.000000 0.000000 0.000000 2.474855 -0.867094 13.313858 3.945655 -2.706743 10.910760 -3.890125 -6.082907 -12.311031 3.555021 -3.837544 14.968725 0.000000 0.000000 0.000000 -24.638641 -0.810682 -1.341491 -31.048594 -8.961725 -0.797980 -112.391437 -70.950926 99.061780 0.000000 0.000000 0.000000 16.223798 -5.976421 -5.739926 26.910721 -22.856991 -5.771814 63.029638 33.566730 19.898167 0.000000 0.000000 0.000000 
-0.320401 1.001656 0.210268 -5.915048 -2.980792 1.743435 1.397340 1.335261 15.789031 3.074424 -0.331291 -0.281274 0.155369 3.203476 7.638612 0.000000 0.000000 0.000000 3.491566 3.844463 -28.071026 8.887972 -2.203028 44.886874 -6.231990 -17.569260 21.855526 0.000000 0.000000 0.000000 4.570264 -0.793611 9.031279 3.167769 -2.174785 14.145475 0.064834 -10.927168 -14.813033 0.588705 0.357484 17.498636 0.000000 0.000000 0.000000 -20.442554 -1.152814 0.934016 -35.456497 -8.128286 -1.468990 -130.663495 -71.541943 124.817613 0.000000 0.000000 0.000000 12.427421 -7.984814 -6.524690 24.546086 -25.044963 -5.624075 66.357842 31.434588 17.929626 0.000000 0.000000 0.000000 
-0.331442 1.013354 0.210615 -6.762500 -5.975155 2.037766 3.739193 1.228148 17.029730 -2.583342 0.411289 21.195308 2.851252 6.116816 -0.188830 0.000000 0.000000 0.000000 6.588958 4.199543 -25.325431 3.535872 0.223162 22.499739 -2.201897 -12.458149 22.997784 0.000000 0.000000 0.000000 4.028306 -0.699384 8.570634 6.091382 -3.588805 11.750168 -0.181068 -12.597642 -12.368168 -1.688469 3.154561 18.286405 0.000000 0.000000 0.000000 -21.423121 -0.874782 1.593486 -35.343274 -7.060545 -2.132331 -133.877518 -68.601375 127.612549 0.000000 0.000000 0.000000 10.336195 -6.019258 -5.293817 23.749035 -29.752507 -6.585192 69.470460 35.321285 21.611253 0.000000 0.000000 0.000000 
-0.340222 0.995397 0.211367 -5.713020 -8.879361 1.451107 2.265603 1.363185 14.845695 -2.942466 2.242445 46.980895 2.552482 6.591998 3.948456 0.000000 0.000000 0.000000 5.681146 3.368925 -21.315112 5.144079 -0.257609 15.362625 -0.320740 -10.205751 22.688849 0.000000 0.000000 0.000000 3.029145 -0.619961 9.130381 6.489030 -3.675041 12.894355 -0.436338 -11.631802 -12.059650 -0.525991 1.634979 13.138230 0.000000 0.000000 0.000000 -20.799466 1.133374 0.381256 -37.007524 -6.860837 -2.210162 -127.257952 -67.583307 118.453120 0.000000 0.000000 0.000000 14.780664 -7.316385 -7.493216 18.479301 -29.682567 -4.724669 74.882804 37.729137 26.321869 0.000000 0.000000 0.000000 
-0.348006 0.946909 0.210529 -3.844104 -14.960008 -0.501282 2.206837 0.974660 9.563383 -2.502776 7.626773 69.609471 -1.726921 -1.110105 5.706478 0.000000 0.000000 0.000000 6.931841 2.754808 -16.648112 2.331818 1.113409 21.575573 -2.656797 -11.655606 11.341546 0.000000 0.000000 0.000000 4.623111 -0.684791 9.032566 0.386285 0.894206 16.924176 2.218854 -10.384374 -13.834562 -1.672057 2.600471 10.085920 0.000000 0.000000 0.000000 -23.452028 -0.063491 1.545816 -36.163268 -2.126068 -3.500025 -119.962882 -70.806150 112.390769 0.000000 0.000000 0.000000 17.365240 -4.634828 -7.630552 25.259607 -29.726792 -6.635962 71.720388 45.125763 30.242262 0.000000 0.000000 0.000000 
