HIERARCHY
ROOT Hips
{
  OFFSET 0.000000 0.000000 0.000000
  CHANNELS 6 Xposition Yposition Zposition Xrotation Yrotation Zrotation
  JOINT Spine
  {
    OFFSET 0.000000 10.000000 0.000000
    CHANNELS 3 Xrotation Yrotation Zrotation
    JOINT Chest
    {
      OFFSET 0.000000 15.000000 0.000000
      CHANNELS 3 Xrotation Yrotation Zrotation
      JOINT Neck
      {
        OFFSET 0.000000 15.000000 0.000000
        CHANNELS 3 Xrotation Yrotation Zrotation
        JOINT Head
        {
          OFFSET 0.000000 10.000000 0.000000
          CHANNELS 3 Xrotation Yrotation Zrotation
          End Site
          {
            OFFSET 0.0 5.0 2.0
          }
        }
      }
      JOINT LeftShoulder
      {
        OFFSET 20.000000 5.000000 0.000000
        CHANNELS 3 Xrotation Yrotation Zrotation
        JOINT LeftArm
        {
          OFFSET 15.000000 0.000000 0.000000
          CHANNELS 3 Xrotation Yrotation Zrotation
          JOINT LeftForeArm
          {
            OFFSET 25.000000 0.000000 0.000000
            CHANNELS 3 Xrotation Yrotation Zrotation
            JOINT LeftHand
            {
              OFFSET 20.000000 0.000000 0.000000
              CHANNELS 3 Xrotation Yrotation Zrotation
              End Site
              {
                OFFSET -3.0 0.0 2.0
              }
            }
          }
        }
      }
      JOINT RightShoulder
      {
        OFFSET -20.000000 5.000000 0.000000
        CHANNELS 3 Xrotation Yrotation Zrotation
        JOINT RightArm
        {
          OFFSET -15.000000 0.000000 0.000000
          CHANNELS 3 Xrotation Yrotation Zrotation
          JOINT RightForeArm
          {
            OFFSET -25.000000 0.000000 0.000000
            CHANNELS 3 Xrotation Yrotation Zrotation
            JOINT RightHand
            {
              OFFSET -20.000000 0.000000 0.000000
              CHANNELS 3 Xrotation Yrotation Zrotation
              End Site
              {
                OFFSET 3.0 0.0 2.0
              }
            }
          }
        }
      }
    }
  }
  JOINT LeftUpLeg
  {
    OFFSET 10.000000 -10.000000 0.000000
    CHANNELS 3 Xrotation Yrotation Zrotation
    JOINT LeftLeg
    {
      OFFSET 0.000000 -45.000000 0.000000
      CHANNELS 3 Xrotation Yrotation Zrotation
      JOINT LeftFoot
      {
        OFFSET 0.000000 -45.000000 0.000000
        CHANNELS 3 Xrotation Yrotation Zrotation
        JOINT LeftToeBase
        {
          OFFSET 0.000000 0.000000 10.000000
          CHANNELS 3 Xrotation Yrotation Zrotation
          End Site
          {
            OFFSET 0.0 -1.0 3.0
          }
        }
      }
    }
  }
  JOINT RightUpLeg
  {
    OFFSET -10.000000 -10.000000 0.000000
    CHANNELS 3 Xrotation Yrotation Zrotation
    JOINT RightLeg
    {
      OFFSET 0.000000 -45.000000 0.000000
      CHANNELS 3 Xrotation Yrotation Zrotation
      JOINT RightFoot
      {
        OFFSET 0.000000 -45.000000 0.000000
        CHANNELS 3 Xrotation Yrotation Zrotation
        JOINT RightToeBase
        {
          OFFSET 0.000000 0.000000 10.000000
          CHANNELS 3 Xrotation Yrotation Zrotation
          End Site
          {
            OFFSET 0.0 -1.0 3.0
          }
        }
      }
    }
  }
}
MOTION
Frames: 161
Frame Time: 0.033333
-5.121676 0.474817 -9.392478 -83.778598 -17.711956 -19.710456 -89.362875 5.346879 5.432164 -89.362875 5.346879 5.432164 -70.522161 19.782374 27.715922 64.199991 -10.990541 17.470605 -55.731080 47.590601 -100.365172 20.593817 7.172813 145.078795 -2.290247 -1.497371 114.193569 -2.290247 -1.497371 114.193569 -15.074472 -21.139796 70.720846 31.179717 -56.730402 -54.649845 35.287778 -27.526741 -104.806018 35.287778 -27.526741 -104.806018 9.416535 2.426164 -28.827909 -2.867932 -0.201570 -8.062153 38.168430 -80.367333 -32.458605 -23.679677 -77.123881 18.922676 -11.698760 1.047566 10.203929 -19.650505 2.620882 15.047434 84.022671 -73.595162 -68.737478 4.609893 -82.247042 -3.982386
-6.371819 0.478473 -11.886524 -83.964364 -17.470399 -19.383481 -89.096071 6.567473 6.699600 -89.096071 6.567473 6.699600 -69.938705 20.123375 28.495503 65.036787 -10.523286 16.496831 -56.522861 44.126889 -106.187172 -5.691484 -3.969194 143.319066 -7.947890 -5.810429 112.252423 -7.947890 -5.810429 112.252423 -14.731559 -21.249175 69.107252 31.142280 -56.540991 -54.771975 34.899717 -26.811305 -105.718775 34.899717 -26.811305 -105.718775 9.237289 2.372607 -28.747349 -3.616838 -0.231698 -7.670381 43.355147 -81.421376 -38.211900 -41.613776 -77.940171 36.245938 -11.649563 1.035680 10.134421 -19.979323 2.687051 15.162311 82.453144 -73.649605 -67.234393 3.592555 -81.885861 -3.051593
-6.894578 0.482052 -13.828539 -84.352163 -16.926204 -18.669494 -88.685809 8.067976 8.290283 -88.685809 8.067976 8.290283 -68.969775 20.672690 29.799832 66.248003 -9.732446 14.969868 -57.440777 40.286102 -112.677751 -31.605951 -15.220107 141.178885 -13.395495 -9.997826 110.184323 -13.395495 -9.997826 110.184323 -14.104303 -21.126969 66.953410 30.845727 -56.269487 -54.559963 34.595661 -26.069182 -106.829633 34.595661 -26.069182 -106.829633 8.890472 2.280350 -28.721052 -4.888986 -0.274967 -7.057777 52.170619 -82.517455 -47.355119 -63.930354 -79.200311 58.187423 -11.669296 1.021234 9.981445 -20.370907 2.763165 15.283001 84.256886 -73.389690 -68.591938 3.661442 -81.265534 -3.042348
-6.848980 0.486301 -16.285974 -84.937793 -16.087253 -17.577676 -88.120984 9.950374 10.307193 -88.120984 9.950374 10.307193 -67.680099 21.399017 31.541840 67.959172 -8.638752 12.895037 -58.136317 35.339281 -120.618695 -60.890606 -28.485344 138.259106 -19.534369 -14.851300 107.413420 -19.534369 -14.851300 107.413420 -13.232668 -20.868015 64.185917 30.296526 -55.929978 -54.010144 34.406193 -25.275651 -108.232550 34.406193 -25.275651 -108.232550 8.388407 2.155000 -28.790928 -6.486108 -0.307822 -5.995100 66.142033 -83.709975 -61.466008 -93.454717 -80.881810 87.494288 -11.754617 1.005407 9.759236 -20.830972 2.859876 15.461924 88.379789 -72.646755 -71.622723 5.096550 -80.335861 -4.156078
-5.550534 0.488502 -17.469542 -85.526281 -15.218469 -16.460144 -87.680527 11.141380 11.615400 -87.680527 11.141380 11.615400 -66.608795 22.031514 33.043724 69.501690 -7.801370 11.283152 -57.981317 31.430602 -126.306985 -75.378279 -36.071362 135.740554 -21.999241 -17.123931 105.061275 -21.999241 -17.123931 105.061275 -12.298752 -20.283199 61.968764 29.283704 -55.459032 -52.825706 34.267862 -24.782057 -109.074679 34.267862 -24.782057 -109.074679 7.937317 2.061992 -29.110572 -7.768287 -0.298520 -4.672328 80.413310 -84.205011 -75.212364 -116.698615 -82.530806 111.174771 -11.869747 0.988340 9.494935 -20.950116 2.910030 15.647891 92.659081 -71.303151 -74.330578 9.318350 -79.501010 -7.672968
-4.321683 0.489432 -18.979697 -86.040494 -14.429541 -15.459534 -87.407733 11.809455 12.361071 -87.407733 11.809455 12.361071 -65.850560 22.531306 34.210982 70.741815 -7.455388 10.505894 -55.239897 28.371242 -128.394747 -82.523683 -40.505326 134.486034 -23.837630 -18.494178 104.581175 -23.837630 -18.494178 104.581175 -11.369089 -19.253557 60.803762 27.322312 -54.575282 -50.292171 34.342482 -24.787245 -109.169525 34.342482 -24.787245 -109.169525 7.597869 2.016900 -29.709784 -8.405664 -0.229729 -3.068633 88.474970 -84.042038 -82.554165 -130.928458 -83.790420 126.062791 -11.919272 0.961530 9.186354 -20.577022 2.890709 15.839779 91.096286 -69.821265 -71.487413 13.756399 -78.985333 -11.362974
-3.733586 0.490369 -21.935376 -86.269882 -14.064718 -15.002859 -87.203389 12.295667 12.907051 -87.203389 12.295667 12.907051 -65.463468 22.829782 34.882048 71.773635 -7.429947 10.249471 -51.203315 27.002390 -126.609124 -83.879089 -40.634397 135.307677 -23.969534 -18.150393 105.882859 -23.969534 -18.150393 105.882859 -10.793604 -18.242525 61.011854 24.909800 -53.888398 -46.701842 34.598315 -25.353740 -108.338820 34.598315 -25.353740 -108.338820 7.593880 2.087975 -30.646952 -7.995355 -0.110998 -1.279287 87.522386 -83.410918 -80.992783 -132.098866 -84.423503 127.825177 -11.773998 0.921639 8.912262 -19.707859 2.831266 16.229228 83.519317 -68.373674 -63.129867 17.122845 -78.833687 -14.111831
-3.629675 0.491601 -25.419930 -86.249868 -14.096039 -15.042231 -87.084723 12.529983 13.181521 -87.084723 12.529983 13.181521 -65.311152 22.919792 35.110510 72.809288 -7.573007 10.262881 -47.285340 25.875689 -124.389262 -86.495362 -40.742990 136.988665 -24.625735 -18.162200 107.388985 -24.625735 -18.162200 107.388985 -10.537665 -17.471270 61.989936 22.427584 -53.350882 -42.860179 34.610595 -25.882514 -107.195350 34.610595 -25.882514 -107.195350 7.898807 2.269046 -31.879837 -7.128605 0.018074 0.712619 86.274144 -82.767786 -79.119152 -132.692072 -85.174069 129.049699 -11.588111 0.876939 8.617320 -18.774883 2.812771 16.952714 77.070891 -66.767075 -55.735591 21.458590 -78.546236 -17.594300
-3.005680 0.493399 -28.873187 -86.143077 -14.278066 -15.264763 -86.934438 12.825884 13.528390 -86.934438 12.825884 13.528390 -65.139626 22.878684 35.155701 73.910685 -7.596299 10.102483 -44.450931 26.044704 -120.875944 -88.676789 -39.191827 139.981411 -25.214592 -17.922655 109.517584 -25.214592 -17.922655 109.517584 -10.659967 -17.157393 63.411552 20.621145 -53.460302 -39.673472 34.579215 -26.362386 -106.096491 34.579215 -26.362386 -106.096491 8.289926 2.475740 -33.082543 -6.329684 0.126202 2.734417 85.461841 -82.081411 -77.620788 -135.806955 -85.866718 132.852804 -11.352760 0.832297 8.353227 -17.833583 2.855815 18.149311 72.801752 -64.752900 -50.155969 27.237480 -78.113062 -22.210088
-1.587917 0.496052 -32.516485 -85.951075 -14.599601 -15.660158 -86.771215 13.150364 13.907801 -86.771215 13.150364 13.907801 -64.972071 22.723601 35.029013 74.994391 -7.434535 9.692793 -43.034183 27.024444 -117.363156 -90.206008 -36.850937 143.278611 -25.623031 -17.612680 111.471767 -25.623031 -17.612680 111.471767 -11.206925 -17.484448 64.945803 20.009726 -54.266912 -37.992501 34.695687 -26.820509 -105.292515 34.695687 -26.820509 -105.292515 8.716514 2.677224 -34.023719 -5.642934 0.212896 4.591209 87.673061 -81.392306 -79.119269 -143.145968 -86.156409 140.872877 -10.996598 0.784390 8.124025 -16.986857 2.974881 19.869474 72.018247 -61.790640 -47.115549 35.597520 -77.095803 -28.617294
-0.144803 0.500354 -36.676532 -85.501630 -15.278304 -16.526223 -86.673738 13.342469 14.132932 -86.673738 13.342469 14.132932 -64.887779 22.435805 34.653427 75.764149 -7.311784 9.394787 -43.626997 28.701450 -114.846620 -90.650817 -34.141443 146.131199 -25.112526 -16.797933 112.929122 -25.112526 -16.797933 112.929122 -11.913440 -18.302943 65.814528 20.918407 -55.431174 -38.674032 34.437227 -26.728661 -105.061171 34.437227 -26.728661 -105.061171 9.342549 2.923606 -34.646646 -4.744623 0.241382 6.081618 92.445611 -80.709716 -83.188721 -153.176226 -85.962410 151.482818 -10.539735 0.723200 7.794344 -16.310573 3.160469 21.926856 71.646620 -58.216192 -43.871382 45.368982 -75.444168 -35.670231
1.363223 0.504693 -40.136739 -84.848591 -16.180316 -17.717702 -86.450704 13.715577 14.592069 -86.450704 13.715577 14.592069 -64.315730 22.250165 34.745703 76.331788 -7.037065 8.951021 -48.762624 33.056691 -113.856828 -83.230568 -29.198199 150.055517 -22.280133 -14.568710 114.891866 -22.280133 -14.568710 114.891866 -9.987787 -15.060026 65.013797 18.831500 -48.502791 -39.728399 32.224648 -25.214523 -104.206139 32.224648 -25.214523 -104.206139 10.054756 3.163710 -34.837334 -3.450733 0.201422 6.979948 91.938820 -79.110083 -81.452787 -136.900972 -84.849729 136.331158 -10.149877 0.655454 7.336011 -15.683641 3.342535 24.031960 72.585354 -55.116727 -41.957069 53.343449 -73.385147 -40.904124
3.920143 0.508406 -42.129342 -83.657957 -17.626069 -19.741768 -86.235508 14.078069 15.037058 -86.235508 14.078069 15.037058 -63.974059 22.039591 34.653134 76.282088 -7.165855 9.137988 -59.516797 40.173178 -115.101117 -51.389550 -19.746283 155.292880 -13.294066 -8.994281 117.924738 -13.294066 -8.994281 117.924738 -7.289890 -11.136673 61.851698 15.868030 -40.396223 -40.016133 33.983498 -26.573556 -104.029544 33.983498 -26.573556 -104.029544 11.066113 3.438517 -34.505329 -1.647549 0.116925 6.835782 86.112845 -76.957725 -74.226215 -99.670911 -83.006282 100.350203 -9.950230 0.619583 7.088482 -15.695108 3.686346 26.188120 75.509558 -52.810104 -42.095255 56.165443 -70.597556 -41.533923
8.454537 0.509949 -40.670292 -81.327925 -19.813494 -23.260464 -86.372441 13.671722 14.600855 -86.372441 13.671722 14.600855 -64.210454 21.484109 33.711028 75.566113 -8.124895 10.576400 -76.635746 50.028314 -119.416311 -38.604915 -7.359574 114.580530 4.818809 -0.583316 124.106309 4.818809 -0.583316 124.106309 -5.257308 -9.227530 57.044420 13.604921 -34.993807 -39.771231 39.184427 -29.948174 -105.071307 39.184427 -29.948174 -105.071307 12.652252 3.802303 -33.613916 0.889086 0.024495 5.597416 73.721524 -73.906762 -60.711950 -51.288195 -79.584935 52.970819 -10.491068 0.701783 7.448858 -16.838573 4.252412 27.913148 79.500219 -51.211353 -43.523366 54.460030 -67.611636 -38.432395
15.491684 0.508199 -36.458559 -76.790471 -22.649334 -29.240336 -86.875245 12.506898 13.283795 -86.875245 12.506898 13.283795 -65.215628 20.447656 31.627567 74.432448 -9.680706 12.887061 -99.996589 59.413983 -128.936065 -19.974888 3.179677 86.153457 25.033456 7.137674 133.345524 25.033456 7.137674 133.345524 -4.094811 -9.225963 50.092006 11.533346 -31.407720 -37.905002 44.332049 -33.628413 -105.805099 44.332049 -33.628413 -105.805099 14.621171 4.032616 -31.334347 3.772933 -0.000292 3.346105 59.698351 -69.574886 -45.373835 -10.135558 -74.439014 13.013083 -11.994999 0.940292 8.473628 -19.074603 4.987365 28.912907 83.209509 -49.496584 -44.511671 51.366391 -64.700851 -34.185975
20.960662 0.513947 -30.952527 -73.409864 -24.701824 -33.645998 -87.783939 9.844734 10.362875 -87.783939 9.844734 10.362875 -66.533040 18.764929 28.421937 72.935910 -11.616401 15.834417 -98.300064 67.695478 -114.152651 2.671200 10.227572 73.692569 42.989288 11.941887 144.187779 42.989288 11.941887 144.187779 -4.458359 -12.484252 43.207639 10.427265 -32.240888 -34.449391 49.198785 -37.245038 -106.478089 49.198785 -37.245038 -106.478089 15.322114 3.831786 -28.040411 4.692759 0.019276 1.316800 47.053208 -62.016565 -30.877011 13.520875 -64.851990 -8.981979 -12.294713 1.057656 9.177621 -19.680432 4.716419 24.281161 77.029291 -45.144107 -39.425027 43.987900 -59.146864 -27.556592
25.388575 0.526176 -24.269373 -71.414448 -25.954804 -36.264355 -88.609801 5.174387 5.375802 -88.609801 5.174387 5.375802 -68.102284 15.321159 22.640240 69.207679 -14.162957 21.176108 -74.447641 70.830098 -80.599796 24.330420 11.127281 89.756179 48.874638 11.922110 153.708793 48.874638 11.922110 153.708793 -5.942743 -17.545650 37.249702 10.221600 -35.004636 -30.041522 51.522248 -40.525090 -104.842672 51.522248 -40.525090 -104.842672 14.748584 3.280358 -24.217096 3.809115 0.056655 0.225891 42.436658 -53.095568 -23.024268 13.998033 -53.462283 -6.716530 -11.001487 0.983555 8.954514 -18.253791 3.620702 15.828685 64.895902 -38.946707 -30.213206 36.874998 -52.404400 -21.089740
29.049798 0.534442 -14.392612 -68.850989 -26.722486 -39.182863 -87.407885 -2.014927 -2.808279 -87.407885 -2.014927 -2.808279 -70.234502 10.502685 15.405723 61.488009 -16.033893 29.534244 -38.372200 71.777087 -37.449733 43.425939 11.292902 120.564780 44.921326 9.607997 157.655402 44.921326 9.607997 157.655402 -5.588206 -18.295756 32.874766 7.719597 -30.723610 -25.424719 48.177650 -40.968564 -99.910003 49.022603 -40.968564 -101.158527 13.256026 2.485955 -20.041109 1.512811 0.061143 -0.005858 41.249317 -45.207655 -18.037095 16.770364 -43.331450 -6.219871 -7.812954 0.814514 -1.466098 -17.628234 2.577358 8.869500 54.180562 -31.966359 -20.386894 34.520564 -45.288665 -16.626434
34.578476 0.525297 -0.994233 -64.409314 -27.207671 -43.837936 -83.446746 -10.471458 -13.573964 -83.446746 -10.471458 -13.573964 -73.237741 4.495565 6.995927 50.830314 -17.193492 40.290186 -8.037514 70.611432 -4.609174 72.372530 13.860422 160.290495 33.014228 6.836721 153.743352 33.014228 6.836721 153.743352 -4.306601 -15.797284 29.019298 4.945293 -24.680319 -21.256458 44.991477 -42.110039 -93.985299 47.117048 -42.110039 -97.134283 11.817159 1.718560 -16.123703 -1.077161 0.045508 0.248935 43.763178 -40.389184 -16.948342 20.426451 -36.871145 -6.790624 -4.075806 0.489880 -19.864764 -20.970614 2.972983 7.151942 48.673901 -23.685275 -12.007278 36.155476 -37.194467 -13.017688
44.221162 0.495140 19.253428 -56.842168 -27.343369 -51.470606 -79.105485 -18.298416 -23.772946 -79.105485 -18.298416 -23.772946 -76.851756 -0.305169 0.349951 42.015067 -18.225641 49.170326 6.296300 68.697106 7.774162 67.379495 18.537143 150.027858 23.443047 6.020778 145.650006 23.443047 6.020778 145.650006 -3.250177 -12.568761 26.399576 3.815634 -21.418863 -18.950207 44.277867 -43.499428 -90.800885 47.173145 -43.499428 -95.093069 11.352031 1.246285 -12.922384 -2.694200 0.013900 0.724240 45.100261 -38.418658 -16.609741 21.185748 -33.057838 -6.482068 -1.606081 -0.225655 -43.200252 -28.796126 4.636823 10.110727 46.204965 -16.630736 -6.741255 37.305703 -30.378506 -10.323688
57.332597 0.447864 41.527858 -47.017532 -27.633532 -61.432915 -75.440146 -23.436631 -30.830387 -75.440146 -23.436631 -30.830387 -80.143665 -2.633733 -2.972897 38.317316 -19.477191 54.065131 -4.175247 65.505063 -7.225526 57.188275 22.336371 138.839215 15.355029 5.567020 136.064810 15.355029 5.567020 136.064810 -1.713669 -7.150625 22.965433 2.824483 -17.607966 -18.058968 43.880695 -43.537343 -90.258752 46.718669 -43.537343 -94.469032 12.117879 1.067872 -10.312333 -2.705168 0.023567 1.062459 45.200224 -37.089554 -16.137186 20.797960 -30.143673 -5.894336 -1.157283 -0.715360 -64.437557 -38.987347 7.268337 16.822851 50.038125 -11.094408 -5.183894 41.202715 -25.821504 -10.004765
66.152082 0.401584 61.695315 -38.545554 -26.776938 -69.517525 -72.490031 -26.022289 -35.244297 -72.490031 -26.022289 -35.244297 -82.870047 -2.735875 -3.114430 38.304831 -20.434846 55.893580 -12.308671 62.076646 -21.588878 52.902300 24.688365 131.430599 12.148370 5.453244 129.268533 12.148370 5.453244 129.268533 -0.624249 -2.540457 19.794641 2.692410 -16.698921 -18.211655 50.604514 -47.081857 -93.952852 52.608845 -47.081857 -96.928551 12.702341 0.932862 -8.418691 -3.399938 0.038458 1.351738 44.014067 -28.443663 -11.840803 19.669010 -19.347962 -3.412236 -2.242817 -2.282441 -80.563777 -49.257293 5.797587 14.908766 39.307135 -13.110006 -1.059978 31.219965 -24.678695 -6.005690
71.463941 0.360861 76.871182 -33.241810 -25.113754 -74.058504 -70.146840 -26.864690 -37.963523 -70.146840 -26.864690 -37.963523 -84.707255 -2.524017 -2.734807 39.562876 -22.044173 57.915102 -15.980697 55.435324 -31.172171 61.619547 26.787915 133.452898 15.180852 6.802153 128.397142 15.180852 6.802153 128.397142 -0.044924 0.414154 16.690052 2.658665 -16.832180 -17.844541 62.641606 -54.301378 -99.151815 63.317232 -54.301378 -100.158323 12.740660 0.814487 -7.261199 -3.983015 0.050900 1.596464 43.283424 -10.304124 -3.714385 19.077006 0.007974 0.319787 -3.161446 -3.329079 -90.048104 -55.558030 0.377306 4.223291 16.672710 -20.253344 4.848598 10.854044 -25.920452 -0.087815
74.691806 0.321022 93.236985 -29.381865 -23.469668 -77.136677 -64.608879 -27.469435 -43.769991 -64.608879 -27.469435 -43.769991 -86.549723 -3.924064 -3.968707 35.693534 -21.391573 63.816062 -15.271838 45.016467 -37.189463 87.059273 28.866167 144.240411 22.835375 9.392570 131.438479 22.835375 9.392570 131.438479 0.323829 3.325134 14.175043 2.343249 -16.448130 -15.991779 75.127106 -62.050009 -103.838388 75.127106 -62.050009 -103.838388 11.946278 0.654225 -6.061465 -4.760152 0.036291 1.095597 45.044746 12.649122 7.182357 19.125745 23.366861 4.733623 -1.968860 -1.895976 -98.264056 -61.895081 -5.848131 -6.938698 -4.735203 -26.844803 8.112858 -7.470702 -26.699058 3.733596
77.886678 0.293401 114.948729 -11.781709 -18.775552 -68.815231 -40.913756 -27.774542 -38.967831 -40.913756 -27.774542 -38.967831 -72.353620 -6.515738 -1.071164 26.442696 -17.352152 58.693456 4.755632 33.229002 -11.688104 105.058607 25.831853 113.133650 23.154380 9.362082 136.285245 23.154380 9.362082 136.285245 0.049534 3.856476 18.462329 2.076161 -15.822344 -14.779161 76.436544 -65.721053 -99.529656 84.447509 -65.721053 -109.119902 9.729884 0.462686 -3.685247 -5.573964 0.053448 0.973257 48.038951 35.875697 18.384182 5.049639 46.157586 -3.756495 -0.070407 0.137256 -91.660551 -62.167526 -9.861703 -15.661377 -9.060565 -16.247614 15.019352 -12.992700 -11.679673 8.428431
79.345195 0.291754 147.436436 15.923713 -10.882295 -53.925133 -8.062567 -20.028118 -34.448097 -8.062567 -20.028118 -34.448097 -57.419771 -8.188606 0.659364 17.336922 -11.659254 48.460669 6.974812 23.172441 -9.954184 81.001466 15.262716 91.824587 11.532528 7.013144 144.565941 11.532528 7.013144 144.565941 0.406282 5.500720 24.647305 1.177143 -10.930150 -14.657735 72.195545 -65.217179 -94.511858 85.942415 -65.217179 -110.968787 7.125329 0.208005 0.631223 -5.657793 0.038431 -0.004693 50.503400 53.210851 27.338827 -9.424472 62.069029 -12.263273 5.612857 6.235680 -84.082731 -53.229697 -10.038306 -29.630543 -14.231353 -4.282132 18.236240 -21.122499 4.153682 9.519979
77.999002 0.313621 176.016005 42.047089 0.541928 -41.756769 13.411831 -13.818877 -33.860698 13.411831 -13.818877 -33.860698 -47.896624 -9.229904 0.842245 10.810637 -6.550639 41.112764 2.469043 20.610666 -16.398383 42.064630 4.373637 75.492838 -2.387325 3.248174 146.918912 -2.387325 3.248174 146.918912 1.653362 8.812151 31.667387 0.324951 -4.934021 -14.379984 64.062298 -62.338186 -88.824386 80.869639 -62.338186 -108.900589 6.549356 -0.273733 5.722213 -6.617493 -0.105981 -1.539404 53.498455 60.866828 33.165135 -16.251045 68.553301 -16.196309 13.842730 15.468905 -78.186451 -36.915334 -6.983047 -45.331329 -14.294492 6.589123 18.225404 -25.467256 17.283423 7.316119
71.570417 0.362217 188.101018 57.928505 12.366307 -38.436691 18.448355 -10.011221 -42.326090 18.448355 -10.011221 -42.326090 -51.217325 -9.720469 -1.827217 6.219297 -2.902684 44.167916 -7.076830 16.605745 -38.916319 -19.215485 -12.978957 82.249030 -14.676583 -0.799004 143.410892 -14.676583 -0.799004 143.410892 3.886614 15.370919 35.450337 -0.369984 1.971077 -13.325766 27.540468 -60.898485 -50.528999 41.886824 -60.898485 -67.627169 8.153562 -0.818046 10.048231 -8.734193 -0.366688 -3.826865 52.904777 60.068940 32.780138 -12.620266 67.716399 -12.858842 20.952290 24.073278 -79.777410 -20.510374 -4.501588 -63.998719 -23.070476 3.786978 16.407622 -36.282495 17.646419 5.025323
62.694522 0.415095 175.852970 59.210573 21.506108 -45.667322 6.536324 -11.219323 -55.949062 6.536324 -11.219323 -55.949062 -63.843074 -9.793703 -5.742697 3.668423 -1.084831 56.421043 -11.523828 10.026460 -61.964468 -66.727418 -28.814799 102.651942 -17.191357 -3.052248 134.973396 -17.191357 -3.052248 134.973396 6.065792 21.592726 35.645683 -0.643997 6.928469 -10.898947 16.889413 -61.749341 -35.111274 25.618092 -61.749341 -45.469226 11.595703 -1.290469 12.265137 -10.880503 -0.651325 -5.988553 49.191253 56.565788 28.968543 -2.319278 64.648624 -4.494064 25.295706 29.856445 -88.687330 -7.536139 -3.841807 -80.668374 -37.498142 -8.132788 14.838325 -50.448619 8.895538 4.131660
56.176666 0.434707 144.768054 44.647125 24.556581 -62.182154 -15.703993 -15.781318 -73.952863 -15.703993 -15.781318 -73.952863 -83.047130 -10.596628 -11.651941 2.262725 -0.899380 76.392534 -13.883541 1.348133 -86.160112 -99.037828 -25.007828 97.278341 -3.733599 1.521635 125.566913 -3.733599 1.521635 125.566913 7.962238 27.120015 32.535223 -0.676439 8.475992 -6.978918 25.508759 -64.201709 -39.460324 26.108244 -64.201709 -40.101566 15.376346 -1.523356 11.697402 -12.363670 -0.864821 -7.707907 45.180759 51.699305 24.024620 13.304543 60.768955 7.956922 26.758073 32.629402 -102.092486 -4.493934 -4.172561 -87.369071 -49.682308 -23.193158 10.727703 -60.456057 -6.073786 3.296267
53.168340 0.417548 103.452779 32.622268 24.108558 -74.099242 -29.819175 -23.448120 -76.668625 -29.819175 -23.448120 -76.668625 -87.931913 -10.909497 -11.372499 2.570575 -2.250630 84.912322 0.327570 -1.887015 -75.110467 -75.346189 -8.507042 67.248270 12.548162 7.998274 117.056456 12.548162 7.998274 117.056456 7.611736 25.429856 33.686167 -0.221086 4.185271 -3.518423 50.689687 -64.653141 -63.802738 51.039036 -64.653141 -64.176421 17.705043 -1.500207 9.741210 -13.153121 -0.906435 -7.800849 41.422776 48.604323 20.057993 15.223769 58.793174 8.841700 28.088410 31.788804 -99.348814 -5.936218 -4.877644 -81.036171 -38.269947 -26.837522 8.950936 -49.317727 -12.728935 4.301032
53.055359 0.380167 75.144264 26.219303 21.258682 -79.097365 -33.961991 -24.904580 -73.197280 -33.961991 -24.904580 -73.197280 -87.690274 -10.054957 -10.457513 6.573181 -5.754277 85.134666 -2.272574 1.462222 -76.490272 -30.238167 14.336690 62.449893 23.690769 15.284727 115.629209 23.690769 15.284727 115.629209 6.283983 20.380518 35.647801 -0.622234 -3.021315 -0.249149 84.739840 -62.630517 -101.067283 84.739840 -62.630517 -101.067283 18.042505 -1.251077 7.941666 -12.409919 -0.837768 -7.657794 38.474920 47.132827 17.352095 13.554734 57.044048 7.395062 30.576986 31.078156 -94.043671 -10.149396 -6.159537 -71.064881 -21.054400 -32.365032 3.852389 -34.844126 -24.336940 3.903651
52.319181 0.314275 54.468633 21.591191 18.803641 -82.460910 -41.661567 -27.059117 -66.498164 -41.661567 -27.059117 -66.498164 -85.655175 -8.900070 -9.523265 12.755926 -10.579328 82.305429 -11.615544 13.871274 -77.185360 47.336762 39.901315 84.738498 31.943363 20.914971 114.363969 31.943363 20.914971 114.363969 4.319852 12.984119 39.384540 -2.597671 -14.948630 6.095071 126.645538 -59.956259 -146.454925 126.645538 -59.956259 -146.454925 18.092478 -1.056842 6.619559 -12.009418 -0.822413 -7.787067 40.064050 46.751510 17.893578 15.211052 55.997274 8.080026 33.859878 30.626834 -86.572307 -13.897647 -6.866189 -58.447411 -0.214059 -35.431924 -2.156665 -16.518435 -33.126320 1.785633
50.080113 0.247892 38.573471 17.663151 15.968337 -84.644083 -50.413226 -28.551130 -58.436946 -50.413226 -28.551130 -58.436946 -83.307921 -7.105096 -7.806029 19.520734 -15.306540 77.908289 -18.195226 23.326674 -75.367567 110.969941 52.984712 121.812412 35.778543 23.539480 114.141863 35.778543 23.539480 114.141863 2.590003 7.084579 43.649110 -4.087277 -30.346565 10.472828 127.793968 -55.977735 -149.555174 127.793968 -55.977735 -149.555174 17.643830 -0.840783 5.343810 -11.999414 -0.869161 -8.222581 40.878408 46.072377 18.005747 17.196244 54.647598 8.914085 35.192905 28.851811 -79.046921 -16.351910 -6.804797 -45.918300 17.353460 -36.621672 -6.754894 -0.550971 -39.605382 -0.497420
46.544180 0.191218 26.473184 13.898086 12.762914 -86.197741 -58.234666 -28.971158 -50.807959 -58.234666 -28.971158 -50.807959 -80.745222 -5.042853 -5.733207 23.894987 -17.641256 73.382267 -20.167448 27.161087 -72.357423 150.224499 50.027255 166.090026 32.214318 21.205374 114.169839 32.214318 21.205374 114.169839 0.978208 2.609901 47.931600 -2.899485 -46.270127 9.568560 129.273057 -50.776378 -154.385887 129.273057 -50.776378 -154.385887 17.029382 -0.626651 4.098825 -12.151251 -0.940312 -8.790011 40.748713 45.515646 17.726887 18.627378 53.430230 9.427736 34.610876 25.674420 -71.533888 -15.954622 -5.561938 -35.850939 27.558082 -35.574870 -8.945029 9.626268 -42.011191 -2.642082
43.380499 0.141679 16.116947 7.379919 6.868174 -87.343717 -64.359362 -28.365872 -44.421285 -64.359362 -28.365872 -44.421285 -77.904213 -3.223577 -3.843108 26.402572 -18.203375 68.983466 -18.483248 26.312411 -69.504819 147.405744 48.463622 165.195464 31.602002 20.175475 115.670183 31.602002 20.175475 115.670183 0.065516 0.469370 52.650507 -4.094787 -59.614977 9.633777 125.836507 -46.278986 -155.779495 125.836507 -46.278986 -155.779495 16.407984 -0.328265 2.168552 -12.215489 -0.964876 -8.985803 40.622121 43.113592 16.739381 19.950030 51.022460 9.633982 30.540319 20.530166 -65.666395 -13.914720 -4.103176 -28.876327 31.225400 -33.538828 -9.677110 16.560513 -43.591633 -7.032125
40.109159 0.110784 4.232710 -4.544127 -2.333150 -84.794408 -69.309268 -27.312275 -39.007047 -69.309268 -27.312275 -39.007047 -75.726163 -1.707323 -2.135636 27.706250 -17.912697 65.214153 -17.332588 25.420697 -68.080245 149.115391 47.349602 166.208859 32.675884 19.791999 118.118441 32.675884 19.791999 118.118441 -1.955011 -3.170535 56.861758 1.129022 -68.057075 0.262081 112.821033 -42.484761 -150.768492 112.821033 -42.484761 -150.768492 15.560056 0.052528 -0.777339 -12.314501 -0.923241 -8.568523 40.898968 36.887924 14.170299 21.194782 45.873549 9.018123 28.147034 16.189600 -57.706600 -11.417197 -2.276721 -22.742808 35.174690 -32.682712 -10.987943 25.598604 -45.944186 -13.124849
38.961587 0.112433 -1.409133 -21.911868 -12.288091 -75.977008 -72.959682 -25.738522 -34.631876 -72.959682 -25.738522 -34.631876 -74.065893 -0.873555 -1.121617 29.292068 -17.520513 61.380572 -16.491189 24.487882 -67.420928 153.872909 45.486514 169.020836 34.010433 19.180833 122.002759 34.010433 19.180833 122.002759 -5.387453 -8.646403 60.203757 11.536858 -71.655301 -15.880990 95.665357 -39.197194 -142.847584 95.665357 -39.197194 -142.847584 13.918126 0.413433 -4.333672 -12.768722 -0.850687 -7.702585 42.146802 28.356262 10.765101 22.533143 38.991811 7.794623 25.693649 12.791683 -51.100177 -13.099403 -1.702228 -16.973401 40.045941 -34.757759 -13.311927 33.647181 -51.911405 -18.453162
38.844755 0.131023 -4.658215 -41.044095 -20.319691 -62.701999 -76.520182 -23.521584 -29.976524 -76.520182 -23.521584 -29.976524 -72.950365 -0.028087 -0.007994 32.195286 -17.414534 56.715261 -15.660656 23.762413 -66.217771 156.399854 41.958287 171.388650 34.060913 17.810546 126.200491 34.060913 17.810546 126.200491 -9.372534 -14.877500 62.557950 24.220695 -70.774373 -33.886308 81.279603 -37.147154 -135.333613 81.279603 -37.147154 -135.333613 11.733158 0.659825 -7.652949 -13.717111 -0.823140 -6.939897 45.263285 17.918567 6.882246 25.571759 30.626001 6.667987 23.168081 10.113366 -45.775387 -16.727750 -1.098828 -10.555309 46.158971 -35.478332 -15.585914 42.260778 -54.433887 -23.152957
42.084178 0.155718 -1.931012 -58.334356 -25.332851 -48.930689 -79.372915 -21.626022 -26.182034 -79.372915 -21.626022 -26.182034 -72.425785 0.908640 1.246236 35.674650 -17.715909 52.342865 -14.748034 23.191795 -64.370849 155.003747 37.475576 172.210669 33.577459 16.155774 130.264984 33.577459 16.155774 130.264984 -12.164381 -19.153132 63.963636 35.681728 -67.913990 -51.273893 70.206728 -36.036048 -129.036692 70.206728 -36.036048 -129.036692 9.555725 0.807732 -10.458628 -14.333517 -0.816867 -6.530056 48.771626 9.585731 3.955505 28.831788 24.064538 6.002226 19.722219 7.709882 -41.319219 -23.835588 -0.095499 -4.058512 55.413475 -31.874780 -16.076977 52.362629 -50.670015 -25.297913
49.778936 0.181812 6.949165 -69.952885 -26.070400 -37.798855 -81.136580 -20.282988 -23.737328 -81.136580 -20.282988 -23.737328 -72.209816 1.739484 2.392012 38.543608 -18.014154 49.134814 -14.414539 23.715914 -62.189635 150.865592 32.701640 171.796762 32.865268 14.427346 133.741777 32.865268 14.427346 133.741777 -13.195254 -20.768944 64.358708 44.983270 -65.117906 -66.004260 63.361740 -35.544276 -125.081085 63.361740 -35.544276 -125.081085 7.946544 0.845849 -12.352520 -14.370131 -0.841657 -6.709966 50.981286 4.393113 1.992502 30.796475 20.086029 5.511754 16.046939 5.642312 -36.047672 -31.701679 1.886142 3.385602 64.408141 -22.403084 -11.853836 62.340313 -39.753018 -21.862502
59.161892 0.201494 16.852107 -74.638248 -25.078218 -32.662631 -81.896461 -19.704734 -22.688099 -81.896461 -19.704734 -22.688099 -71.898461 2.284469 3.153868 40.406943 -18.470524 47.733377 -15.433684 25.795688 -61.165178 149.441569 29.938676 171.660142 33.570690 13.897736 135.822535 33.570690 13.897736 135.822535 -12.103357 -19.112371 64.235611 44.587107 -63.427812 -67.121607 63.699779 -36.020004 -124.758657 63.699779 -36.020004 -124.758657 7.475891 0.893932 -13.557129 -13.262289 -0.863254 -7.666263 49.977802 2.197926 1.022925 29.644417 18.608964 4.953292 11.283484 3.579389 -29.780468 -38.539396 4.732748 11.115649 73.018763 -8.824278 -4.234147 74.850534 -25.602961 -16.097066
68.347505 0.215746 27.541201 -74.476311 -25.061651 -32.810561 -82.180304 -19.443295 -22.266948 -82.180304 -19.443295 -22.266948 -71.253377 2.714614 3.798957 41.287244 -18.783891 47.425289 -17.732701 28.664095 -62.292916 150.866737 29.528819 172.190550 35.406683 14.667490 135.993192 35.406683 14.667490 135.993192 -10.858415 -17.136915 64.360325 44.633895 -63.040737 -67.529847 64.609560 -36.654427 -124.712765 64.609560 -36.654427 -124.712765 8.244263 1.082631 -14.693102 -10.875302 -0.801919 -9.228597 47.368966 -0.175397 -0.001395 26.961870 17.029671 4.148523 5.986109 1.806045 -21.719834 -43.133762 7.371744 17.601629 80.328555 0.965346 1.478945 83.439371 -16.377638 -12.205854
74.219309 0.225455 33.276679 -70.883773 -26.083859 -36.857152 -82.533906 -19.059017 -21.699930 -82.533906 -19.059017 -21.699930 -70.435844 2.874967 4.087811 42.416248 -19.286531 47.342443 -20.525505 31.038425 -65.643775 147.418981 27.952827 172.218258 35.284464 14.956099 134.959727 35.284464 14.956099 134.959727 -10.718312 -16.558601 65.347466 46.724214 -63.906120 -69.218912 64.454479 -36.609235 -124.647654 64.454479 -36.609235 -124.647654 10.228125 1.453460 -15.791168 -7.563081 -0.624400 -10.880206 44.312153 -2.431899 -0.875028 24.308318 15.010616 3.305666 0.197931 0.724125 -12.647501 -45.234898 9.032677 21.511949 84.722583 5.004836 3.558098 85.967852 -12.870628 -10.722279
75.713744 0.233378 32.968695 -65.620078 -27.583025 -42.789491 -83.550688 -17.870468 -20.007950 -83.550688 -17.870468 -20.007950 -69.662002 3.099635 4.464980 44.453557 -19.827893 46.400635 -23.139008 32.154200 -70.546437 131.802486 23.878871 170.730494 32.011513 14.054155 133.151333 32.011513 14.054155 133.151333 -11.796491 -17.601678 67.011206 50.183076 -65.346957 -72.033423 62.659693 -35.677460 -124.305322 62.659693 -35.677460 -124.305322 12.835165 1.936270 -16.747089 -4.355389 -0.403130 -12.138496 42.821191 -6.942475 -2.757753 23.588821 10.107048 1.993244 -5.625083 0.528549 -3.858328 -44.475204 9.407353 22.700669 86.367197 1.688509 0.564200 83.468679 -16.594791 -13.523375
74.395662 0.238128 31.164164 -60.637702 -29.048697 -48.427773 -84.689332 -16.264304 -17.897685 -84.689332 -16.264304 -17.897685 -69.121991 3.546280 5.162038 46.778805 -20.177364 44.862153 -25.064351 31.842506 -75.915473 102.572616 17.672500 168.320275 27.809600 12.611165 131.772690 27.809600 12.611165 131.772690 -13.184574 -19.007837 68.905775 51.178959 -66.109588 -72.438116 58.917849 -34.270625 -122.647016 58.917849 -34.270625 -122.647016 15.613265 2.520024 -17.898593 -1.297447 -0.150042 -12.366660 42.116626 -13.948846 -5.505336 23.325435 1.644211 0.259998 -11.327851 0.791415 2.958284 -43.322878 8.778978 21.802263 87.902846 -5.954974 -6.255230 78.281397 -24.355407 -18.921402
70.419679 0.246217 25.809745 -57.921618 -29.727794 -51.436535 -85.963388 -14.229865 -15.341495 -85.963388 -14.229865 -15.341495 -68.823958 4.379542 6.398463 49.194254 -20.243954 42.719335 -26.732732 31.286951 -80.501116 68.881643 11.078274 165.855550 23.098809 10.550750 131.652674 23.098809 10.550750 131.652674 -14.584054 -20.571075 70.298104 48.464067 -66.016162 -68.909810 54.923620 -33.115589 -120.217164 54.923620 -33.115589 -120.217164 17.835570 3.095197 -19.311676 1.294623 0.098674 -11.670699 40.830246 -23.081279 -8.360054 22.026924 -9.837042 -1.309660 -15.313088 1.280787 8.052895 -41.106530 8.065603 21.328268 89.052811 -12.983397 -12.725114 74.087158 -31.763308 -24.015453
61.606576 0.259824 13.554651 -57.576728 -29.877552 -51.844365 -87.111037 -12.019855 -12.720553 -87.111037 -12.019855 -12.720553 -68.934181 5.417185 7.884118 51.307807 -20.139509 40.685270 -29.113000 31.636517 -84.654914 39.310976 5.739319 164.114077 18.913524 8.456423 132.196941 18.913524 8.456423 132.196941 -15.293390 -21.498367 70.529153 41.897092 -65.526744 -60.745922 52.208251 -33.169132 -117.220323 52.208251 -33.169132 -117.220323 19.430967 3.670835 -21.028032 3.519899 0.287635 -10.442445 37.311993 -33.633964 -10.895345 17.435863 -23.477033 -2.232015 -17.447437 1.680321 10.732174 -38.530393 7.727441 21.978204 88.948537 -17.979242 -17.751935 71.762022 -37.183736 -27.200848
46.445290 0.280394 -4.577071 -60.032996 -29.520819 -49.237648 -87.998956 -7.847342 -8.199117 -87.998956 -7.847342 -8.199117 -68.643836 7.163716 10.522072 55.030968 -18.827681 36.145421 -33.173380 33.841648 -88.282555 22.291484 3.451932 163.101329 15.070210 6.738667 131.451115 15.070210 6.738667 131.451115 -15.383948 -21.474045 71.039609 33.947637 -64.320278 -51.034996 49.447772 -33.441057 -113.618941 49.447772 -33.441057 -113.618941 19.908437 4.119078 -23.101171 5.127942 0.387386 -9.151747 34.551510 -45.280043 -14.458330 11.824572 -38.470374 -2.741127 -18.117315 1.861987 11.670780 -35.349522 7.230597 22.420907 88.992546 -23.659885 -23.275460 68.992838 -43.097839 -30.218407
27.021939 0.304991 -26.411544 -63.484832 -28.758564 -45.458558 -88.442265 -2.377530 -2.443505 -88.442265 -2.377530 -2.443505 -67.880864 9.475694 14.177972 60.070826 -16.450809 29.593595 -37.681497 37.019897 -90.769828 14.115430 2.074588 163.469214 11.592310 5.262266 130.090086 11.592310 5.262266 130.090086 -14.888396 -20.447247 72.151010 26.225097 -63.090814 -41.061075 47.489543 -34.188037 -109.947004 47.489543 -34.188037 -109.947004 19.564074 4.365525 -25.045714 5.885328 0.406140 -7.685255 33.041321 -55.511076 -18.112134 7.086356 -51.725037 -2.867501 -17.678023 1.802081 11.562229 -31.576974 6.355755 21.859173 87.820345 -31.308320 -29.849010 64.003973 -50.275561 -32.200309
9.061264 0.329596 -45.743457 -67.577002 -27.598023 -40.859223 -88.519096 2.982219 3.087828 -88.519096 2.982219 3.087828 -66.871678 12.008333 18.295495 65.137286 -13.975883 23.065154 -41.548466 40.178536 -92.050526 9.419490 1.410239 163.739323 8.282378 3.953186 127.953133 8.282378 3.953186 127.953133 -14.285057 -19.031568 73.938322 20.778895 -62.058570 -33.483288 45.859042 -34.648399 -107.047237 45.859042 -34.648399 -107.047237 18.481497 4.403687 -26.804192 5.100436 0.320582 -5.769541 37.670240 -63.543873 -25.089504 6.824383 -62.522901 -4.535285 -16.563189 1.659951 11.423468 -26.753996 5.108643 20.255813 83.762984 -39.665662 -35.020926 58.515739 -58.156160 -33.914247
-3.180732 0.350400 -57.481763 -71.654923 -26.279305 -36.196471 -88.462656 7.172049 7.392435 -88.462656 7.172049 7.392435 -65.559615 14.472995 22.463430 69.223827 -11.891752 17.781586 -43.269517 42.154206 -91.664521 0.878198 0.145036 163.684821 6.316431 3.192485 125.791101 6.316431 3.192485 125.791101 -13.939410 -17.840922 76.020347 16.518967 -61.309374 -27.315982 44.121675 -34.954771 -104.217306 44.121675 -34.954771 -104.217306 17.049890 4.289667 -28.215332 2.667676 0.185722 -3.479170 50.927782 -68.847326 -38.076373 10.988477 -70.449310 -8.633492 -14.750909 1.461978 11.386308 -21.823259 3.698161 17.809920 77.758205 -47.686389 -38.547013 54.588437 -66.348834 -37.143840
-9.382084 0.363944 -63.269078 -74.796644 -25.047680 -32.496933 -88.440123 9.260334 9.519462 -88.440123 9.260334 9.519462 -64.673121 16.391062 25.661954 71.503191 -10.996113 15.248657 -43.048316 42.590656 -90.624067 -10.598783 -1.884047 163.083924 2.792400 1.328807 123.773876 2.792400 1.328807 123.773876 -14.181809 -17.455607 77.974388 13.849859 -60.992890 -23.296936 42.556675 -35.109729 -101.812115 42.556675 -35.109729 -101.812115 15.667651 4.078966 -29.062347 -0.228695 0.095653 -1.029203 68.955998 -71.633157 -54.756942 16.299236 -75.406431 -13.247334 -12.527827 1.250981 11.460661 -17.507328 2.542897 15.734690 72.002416 -53.433889 -39.857388 54.406945 -72.964852 -41.985306
-11.430839 0.371084 -66.109264 -76.287956 -24.255070 -30.636345 -88.441901 9.259120 9.517443 -88.441901 9.259120 9.517443 -64.497389 17.474428 27.384679 71.904278 -11.113750 15.299782 -42.200422 41.264054 -91.383343 -33.701787 -8.550395 161.130660 -3.490895 -2.369513 121.752998 -3.490895 -2.369513 121.752998 -14.819115 -17.910464 78.993876 12.960606 -61.303181 -21.698992 41.536671 -35.043585 -100.404882 41.536671 -35.043585 -100.404882 14.842302 3.893196 -29.247400 -2.572097 0.088418 1.288294 80.947477 -72.928197 -65.912332 18.714421 -77.985154 -15.479569 -10.391433 1.049680 11.454993 -15.128547 1.974191 14.603260 67.943235 -56.942203 -40.125262 56.714761 -77.628735 -47.209952
-13.686494 0.377169 -70.538267 -77.049977 -23.799308 -29.657893 -88.223343 9.735986 10.063030 -88.223343 9.735986 10.063030 -64.327863 18.246551 28.667891 72.442316 -10.683929 14.604365 -42.480161 39.509520 -94.479030 -61.438983 -18.096968 159.007105 -11.461513 -7.152640 119.514016 -11.461513 -7.152640 119.514016 -15.424061 -18.413174 79.723874 13.116115 -61.541922 -21.851363 40.034321 -34.488186 -99.079231 40.034321 -34.488186 -99.079231 14.233092 3.699003 -28.951197 -4.010811 0.127833 3.245724 84.692695 -74.172428 -69.817537 16.852499 -79.652673 -14.070688 -9.556172 0.950302 11.255005 -14.349506 1.775829 14.056105 64.414545 -57.993837 -38.504009 58.562569 -79.922961 -50.320745
-16.991844 0.384385 -76.536464 -77.666954 -23.365090 -28.827070 -87.643442 11.029993 11.537858 -87.643442 11.029993 11.537858 -63.927506 18.878210 29.869304 73.333192 -9.379064 12.650346 -44.629188 38.245144 -99.364530 -88.780310 -28.201532 157.164582 -20.031040 -12.568262 117.560569 -20.031040 -12.568262 117.560569 -15.764609 -18.705412 80.093348 13.557885 -61.539453 -22.585984 38.487285 -34.005166 -97.517070 38.487285 -34.005166 -97.517070 13.465387 3.398667 -28.118741 -4.488937 0.172504 4.476154 86.217006 -75.314043 -72.611181 10.558316 -80.087445 -8.836575 -9.626372 0.942098 11.096040 -14.692403 1.803543 13.935893 61.878975 -58.682743 -37.260769 60.293106 -81.227324 -52.941790
-19.480390 0.392338 -81.767535 -78.887320 -22.288803 -27.040854 -86.771295 12.794598 13.599318 -86.771295 12.794598 13.599318 -63.479118 19.364546 30.874040 74.117966 -7.972975 10.611942 -47.039249 37.039978 -104.618464 -108.060427 -35.781325 155.796428 -25.735092 -16.331944 116.110373 -25.735092 -16.331944 116.110373 -15.871111 -18.816641 80.143836 14.061859 -61.282199 -23.535912 37.397035 -33.577136 -96.536271 37.397035 -33.577136 -96.536271 12.255829 2.990960 -27.142413 -4.609413 0.206837 5.159906 89.648768 -77.134825 -78.096554 0.964712 -80.492935 -0.717971 -10.246254 1.038674 11.448876 -14.973717 1.864758 14.124682 59.494227 -59.418698 -36.146716 62.029210 -82.255003 -55.420912
-20.798335 0.400063 -84.097063 -80.674823 -20.548317 -24.310688 -85.822389 14.617514 15.759689 -85.822389 14.617514 15.759689 -62.968317 19.738531 31.731060 74.747610 -6.675560 8.750132 -48.637627 35.988165 -108.545258 -115.922003 -39.601639 154.636024 -27.326126 -17.572067 115.214553 -27.326126 -17.572067 115.214553 -15.904851 -18.889828 80.042781 14.441511 -60.903859 -24.331696 36.818953 -33.350018 -96.014038 36.818953 -33.350018 -96.014038 10.673180 2.510511 -26.141986 -5.321820 0.215486 4.897575 98.607433 -79.377407 -89.199339 -10.947472 -80.896414 9.531343 -11.084175 1.183725 12.073578 -15.322332 1.940235 14.341743 58.358767 -60.218775 -35.925262 62.208162 -82.771360 -56.046279
-21.358175 0.405565 -83.916624 -82.889260 -18.183740 -20.773838 -85.108062 15.860776 17.273753 -85.108062 15.860776 17.273753 -62.840785 19.942134 32.110905 74.946206 -6.015596 7.842366 -48.955666 34.699989 -111.112405 -111.241322 -39.275198 152.422024 -25.913698 -16.943385 114.100521 -25.913698 -16.943385 114.100521 -16.045369 -19.159589 79.743878 14.629378 -60.483756 -24.837488 37.011861 -33.577772 -95.927602 37.011861 -33.577772 -95.927602 8.870840 2.019222 -25.347869 -6.569744 0.205649 4.054953 109.892048 -81.631596 -102.359936 -22.972643 -81.278775 19.996378 -11.925984 1.325416 12.619650 -15.597914 2.011906 14.605905 58.256316 -61.451536 -36.695305 56.021592 -82.929373 -50.473004
-21.467823 0.409709 -81.754183 -84.870895 -15.869384 -17.461349 -84.902819 16.188131 17.683115 -84.902819 16.188131 17.683115 -63.143497 19.982872 31.993864 74.838722 -5.995287 7.832418 -49.140931 34.067821 -112.397204 -103.296873 -37.608101 149.794523 -23.200346 -15.380270 113.199714 -23.200346 -15.380270 113.199714 -16.242388 -19.612618 79.117036 14.903812 -60.035704 -25.524769 37.499033 -33.811928 -96.309926 37.499033 -33.811928 -96.309926 7.296604 1.617548 -24.807214 -7.908296 0.163468 2.770176 118.201020 -83.472462 -112.308918 -32.553528 -81.337947 28.280619 -12.403696 1.410510 12.929590 -16.048673 2.097742 14.805108 59.074077 -63.162542 -38.423494 44.013297 -83.031378 -39.449815
-20.975696 0.413337 -77.850960 -86.076188 -14.290668 -15.320957 -85.138872 15.813561 17.213756 -85.138872 15.813561 17.213756 -63.826380 19.944857 31.546923 74.384093 -6.364841 8.399718 -49.429769 34.303923 -112.399383 -83.978400 -31.408435 147.675319 -17.155391 -11.502139 113.118106 -17.155391 -11.502139 113.118106 -16.306603 -20.078006 77.992108 15.643896 -59.637371 -26.975002 38.007435 -33.914816 -96.958116 38.007435 -33.914816 -96.958116 6.300249 1.368596 -24.449949 -8.789804 0.080063 1.151109 120.905271 -84.312961 -115.990761 -36.651695 -80.992417 31.679727 -12.666384 1.463876 13.144996 -16.555249 2.154940 14.742702 59.068920 -64.895440 -39.607832 28.732959 -83.561683 -25.690132
-20.057550 0.416367 -73.241168 -86.464574 -13.693877 -14.564566 -85.765362 14.794990 15.947468 -85.765362 14.794990 15.947468 -64.883786 19.797683 30.741219 73.598619 -7.147966 9.590388 -50.203352 35.788721 -110.970188 -58.234540 -22.093090 146.513854 -10.932145 -7.428570 113.447606 -10.932145 -7.428570 113.447606 -16.234184 -20.374211 76.878853 16.633522 -59.192075 -28.874639 38.203174 -33.892739 -97.314605 38.203174 -33.892739 -97.314605 5.946031 1.280161 -24.277138 -8.832170 -0.037716 -0.678035 125.913755 -84.156554 -121.201857 -35.685398 -80.288251 30.513170 -12.733556 1.491955 13.328396 -17.057956 2.191960 14.544092 58.674968 -66.435900 -40.402081 16.931381 -84.157836 -15.234791
-18.349772 0.419489 -68.794422 -86.448110 -13.738081 -14.612300 -86.525385 13.455407 14.323220 -86.525385 13.455407 14.323220 -66.333366 19.648713 29.726110 72.625458 -8.142980 11.119265 -49.803796 37.422419 -107.757066 -31.109273 -11.757657 147.063568 -4.931234 -3.429552 114.269688 -4.931234 -3.429552 114.269688 -16.023820 -20.360290 76.174029 17.709329 -58.778033 -30.919499 38.154773 -33.788230 -97.422032 38.154773 -33.788230 -97.422032 5.922730 1.265351 -24.108613 -8.271119 -0.155459 -2.449015 133.058529 -83.560394 -128.314197 -33.039704 -79.317456 27.704682 -12.536429 1.504377 13.653052 -17.475165 2.223587 14.399002 58.310703 -67.316807 -40.758708 11.303469 -84.494970 -10.270912
-17.103997 0.421939 -65.236821 -86.212066 -14.153635 -15.115274 -87.225497 12.124610 12.744739 -87.225497 12.124610 12.744739 -67.853060 19.712927 28.983639 71.834620 -8.963123 12.382011 -47.759577 38.664919 -102.949768 -14.187457 -4.475302 149.682153 -1.314286 -0.873160 116.047332 -1.314286 -0.873160 116.047332 -15.785656 -20.062853 76.183987 18.357867 -58.598839 -32.123833 37.862204 -33.645841 -97.201105 37.862204 -33.645841 -97.201105 6.058985 1.279797 -23.844128 -7.473167 -0.251761 -4.092154 124.104838 -83.078248 -119.579544 -31.897292 -78.237402 26.160030 -11.943659 1.465299 13.953878 -17.644581 2.211241 14.175273 56.888760 -67.911933 -40.075649 4.192189 -84.902919 -3.587294
-17.556089 0.422410 -63.546137 -85.967775 -14.576375 -15.629714 -87.783837 10.901375 11.345164 -87.783837 10.901375 11.345164 -69.001874 20.052580 28.843162 71.335912 -9.539837 13.270086 -43.674295 38.935756 -96.552432 -11.124970 -1.668181 153.962924 -0.419174 -0.119958 119.205994 -0.419174 -0.119958 119.205994 -15.860035 -19.618243 77.726840 17.370907 -58.628364 -30.424998 37.312107 -34.128327 -95.449477 37.943281 -34.128327 -96.495009 6.184322 1.288563 -23.524133 -6.381183 -0.290144 -5.542840 99.728014 -82.265997 -95.593196 -31.300227 -76.901732 25.121567 -11.136476 1.373876 13.992752 -17.450535 2.123984 13.747235 53.652134 -68.498162 -37.998071 -12.806787 -85.600860 12.711498
-19.224450 0.421874 -63.171251 -85.785634 -14.878192 -16.002122 -88.204849 9.873034 10.195715 -88.204849 9.873034 10.195715 -69.388152 20.626154 29.452865 71.264291 -9.641923 13.425427 -39.108334 39.163566 -89.292644 -10.174426 -1.668082 159.324796 -1.131743 -0.567361 123.282987 -1.131743 -0.567361 123.282987 -16.287869 -19.217513 80.373861 15.275333 -58.803311 -26.771611 36.449979 -34.998818 -92.504226 38.342772 -34.998818 -95.626702 6.264045 1.290209 -23.257669 -5.263673 -0.285415 -6.624686 67.513854 -81.161580 -63.837258 -30.531101 -75.374195 23.952792 -10.209944 1.230281 13.622819 -16.845466 1.970084 13.186556 48.284900 -69.075977 -34.321968 -40.427960 -86.182018 39.244371
-21.427622 0.420618 -63.258065 -85.587102 -15.192466 -16.396008 -88.541445 8.930729 9.167278 -88.541445 8.930729 9.167278 -69.234074 21.093453 30.196686 71.159618 -9.526375 13.289866 -35.399321 39.988129 -82.184496 -5.959236 -1.024351 164.512340 -0.855108 -0.463845 127.920181 -0.855108 -0.463845 127.920181 -16.969790 -19.000862 83.326814 13.115735 -59.235821 -22.881858 35.516726 -35.870996 -89.413017 38.948196 -35.870996 -95.089353 6.381617 1.306467 -23.115412 -4.268860 -0.261973 -7.350294 39.613579 -79.658964 -35.883833 -27.584850 -74.009583 21.123858 -8.919415 1.032890 13.005995 -15.705116 1.747397 12.518526 42.224116 -69.193780 -29.905300 -73.761413 -86.424935 71.527277
-23.048269 0.418837 -62.847611 -85.329206 -15.577605 -16.889021 -88.824963 7.996160 8.169771 -88.824963 7.996160 8.169771 -68.860168 21.200089 30.544896 70.795880 -9.415027 13.224919 -33.360475 41.299827 -76.930528 1.343540 -0.090633 167.945176 0.635265 0.226051 131.322800 0.635265 0.226051 131.322800 -17.839020 -19.073740 85.999034 11.808944 -59.875478 -20.351188 34.918797 -36.561471 -87.201231 39.304672 -36.561471 -94.468938 6.580633 1.349428 -23.145541 -3.654300 -0.237992 -7.595455 24.372515 -78.005145 -19.847024 -22.621220 -73.090614 16.945950 -7.556529 0.828602 12.295713 -14.558704 1.528054 11.833774 37.614798 -69.019461 -26.422162 -104.238912 -86.392887 101.329772
-23.262351 0.417267 -61.324322 -84.972726 -16.095589 -17.559083 -89.117493 6.891519 7.006878 -89.117493 6.891519 7.006878 -68.688385 20.879809 30.188092 69.991547 -9.501325 13.553241 -32.713119 42.524519 -74.083399 13.609109 1.452733 169.459702 2.781434 1.226973 132.799253 2.781434 1.226973 132.799253 -18.726709 -19.429265 87.813723 11.962817 -60.622637 -20.256541 34.773024 -36.772689 -86.577919 38.943189 -36.772689 -93.500767 6.875015 1.418153 -23.272581 -3.520227 -0.225973 -7.416954 28.067804 -76.540020 -22.205207 -16.982204 -72.621145 12.536881 -6.086296 0.634659 11.732912 -13.697550 1.364052 11.272579 35.193488 -68.423271 -24.368811 -125.515484 -85.931100 122.455690
-22.074942 0.416149 -58.163413 -84.561996 -16.668988 -18.312682 -89.390519 5.489707 5.561139 -89.390519 5.489707 5.561139 -69.004468 20.220822 29.109109 68.622886 -9.997367 14.689416 -33.355405 43.432534 -73.898489 26.342291 3.137474 168.477808 4.345020 1.958572 131.760972 4.345020 1.958572 131.760972 -19.410964 -20.012474 88.210063 13.793643 -61.598427 -22.825157 35.105099 -36.272884 -88.002528 37.934053 -36.272884 -92.709614 7.211024 1.497690 -23.424746 -3.846126 -0.230075 -6.911410 33.768027 -75.459129 -26.330399 -11.480843 -72.569686 8.466868 -4.653605 0.470833 11.524079 -13.299222 1.249004 10.681017 34.240949 -68.031570 -23.496438 -137.610931 -85.495872 134.591004
-20.593038 0.415386 -54.620064 -84.115912 -17.264361 -19.109902 -89.649068 3.818547 3.853696 -89.649068 3.818547 3.853696 -69.718389 19.459979 27.689874 66.875461 -10.865149 16.511606 -34.119644 43.336703 -75.374352 24.919935 3.144701 166.388273 3.610011 1.599615 129.567945 3.610011 1.599615 129.567945 -20.081911 -20.741164 88.127955 15.953230 -62.671261 -25.783952 35.539161 -35.538341 -90.014509 36.902817 -35.538341 -92.295483 7.547964 1.573883 -23.519354 -4.130788 -0.222730 -6.241626 38.631197 -74.505281 -29.801478 -6.482137 -72.517555 4.783333 -3.356438 0.338304 11.622995 -13.293396 1.174873 10.083076 34.128069 -67.878666 -23.349566 -142.550893 -85.208285 139.586540
-18.884779 0.414970 -51.013173 -83.648004 -17.851170 -19.917287 -89.827629 1.972721 1.986280 -89.827629 1.972721 1.986280 -70.635665 18.769808 26.290461 65.055241 -11.836512 18.584385 -35.569812 42.702899 -78.708120 21.741315 2.697814 162.632037 1.691458 0.620574 126.177919 1.691458 0.620574 126.177919 -20.724941 -21.537009 87.773799 18.087898 -63.604625 -28.695511 35.905869 -34.803646 -91.926603 36.266201 -34.803646 -92.528026 7.850341 1.634353 -23.490928 -4.369192 -0.208331 -5.514975 41.322588 -73.837483 -31.628391 -3.296039 -72.353213 2.418657 -2.586850 0.266298 11.885368 -13.624059 1.133213 9.484196 33.902637 -68.134900 -23.295356 -142.239456 -84.924945 139.047483
-17.520171 0.414682 -48.212623 -83.197022 -18.389632 -20.674994 -89.925320 0.333870 0.336833 -89.925320 0.333870 0.336833 -71.499668 18.264718 25.192770 63.553136 -12.645562 20.347021 -37.793908 41.899722 -83.428571 11.511876 1.149191 157.894312 -1.258305 -0.939508 122.251494 -1.258305 -0.939508 122.251494 -21.279860 -22.266850 87.355011 19.860751 -64.129822 -31.192160 36.041075 -34.157611 -93.283679 36.041075 -34.157611 -93.283679 8.069649 1.663754 -23.273150 -4.592843 -0.190939 -4.808359 42.646576 -73.649589 -32.588591 -2.003803 -72.380062 1.466053 -2.104006 0.224282 12.201780 -13.835164 1.091101 8.988295 33.256704 -68.464486 -22.972504 -139.448927 -84.615132 135.835356
-16.224450 0.414536 -46.036763 -83.202919 -18.341647 -20.633970 -89.960551 -0.853201 -0.854160 -89.960551 -0.853201 -0.854160 -72.190792 17.929126 24.424607 62.501319 -13.248981 21.681928 -41.418132 41.176520 -89.951721 0.146920 -0.398189 152.652227 -3.838220 -2.451988 117.825412 -3.838220 -2.451988 117.825412 -21.319180 -22.748029 86.154590 21.693352 -64.033916 -34.094871 36.376513 -33.455185 -95.105108 36.376513 -33.455185 -95.105108 7.960747 1.620925 -22.974354 -5.297478 -0.184254 -4.133298 45.154779 -73.997493 -34.875255 -1.489869 -72.995948 1.094046 -2.155538 0.238152 12.555068 -14.329056 1.079567 8.588006 32.582002 -69.027555 -22.718377 -134.275568 -84.364440 130.098678
-14.780377 0.414573 -44.315307 -83.936584 -17.188557 -19.180711 -89.951700 -0.929676 -0.930451 -89.951700 -0.929676 -0.930451 -72.493129 17.955915 24.327279 62.553519 -13.296261 21.750743 -45.859790 40.438866 -97.347855 -3.558967 -0.649184 147.619694 -5.069523 -3.339449 113.685193 -5.069523 -3.339449 113.685193 -20.524950 -22.747752 83.722434 23.490179 -62.910370 -37.673012 36.467049 -32.155677 -97.742788 36.467049 -32.155677 -97.742788 7.287833 1.458797 -22.496088 -6.345732 -0.191890 -3.609290 48.876085 -74.745175 -38.449989 -1.459616 -74.112138 1.101392 -2.988146 0.349206 12.975738 -15.311695 1.104654 8.261606 31.061375 -70.047214 -21.996924 -126.338001 -83.798802 121.218130
-13.191332 0.414993 -42.479297 -85.202254 -15.200757 -16.671456 -89.947059 -0.408020 -0.408214 -89.947059 -0.408020 -0.408214 -72.499138 18.123381 24.549273 63.134533 -13.205396 21.385192 -50.045370 39.895036 -103.871214 1.369965 0.810128 142.929364 -5.044250 -3.531506 110.039948 -5.044250 -3.531506 110.039948 -19.031619 -22.332833 80.238728 25.506662 -61.195965 -42.092963 36.733206 -30.705703 -100.955351 36.733206 -30.705703 -100.955351 6.227244 1.222150 -21.970264 -7.651068 -0.206411 -3.215320 52.975761 -75.634962 -42.452468 -1.732803 -75.363494 1.346510 -4.498033 0.552177 13.530433 -16.684624 1.139888 7.844201 29.296267 -71.486655 -21.241263 -117.050891 -83.067019 110.826630
-11.451730 0.415970 -40.337957 -86.646693 -12.794542 -13.689202 -89.954965 0.219897 0.220365 -89.954965 0.219897 0.220365 -72.385215 18.343088 24.893115 63.891971 -13.045064 20.824730 -53.215710 39.286379 -108.867514 5.297644 2.213527 138.843121 -4.827274 -3.539987 107.323105 -4.827274 -3.539987 107.323105 -17.365381 -21.799268 76.460503 27.641744 -59.078572 -47.145950 37.191813 -29.469097 -104.053425 37.191813 -29.469097 -104.053425 5.014475 0.961425 -21.456561 -8.958440 -0.216576 -2.844385 56.644745 -76.435727 -46.068285 -1.838215 -76.460756 1.453019 -6.328934 0.806949 14.161168 -18.080828 1.171884 7.420604 28.015737 -72.842179 -20.814277 -108.288464 -82.480642 101.153063
-9.825545 0.417804 -38.922108 -87.811321 -10.686077 -11.140506 -89.914852 1.132323 1.137310 -89.914852 1.132323 1.137310 -72.013050 18.536669 25.321258 64.803412 -12.551562 19.718661 -55.423078 38.768721 -112.327630 7.032925 2.881595 135.786920 -4.861851 -3.670747 105.834094 -4.861851 -3.670747 105.834094 -15.906845 -21.294164 73.085071 29.550152 -57.145833 -51.800532 37.414676 -28.451104 -106.381851 37.414676 -28.451104 -106.381851 4.000208 0.748407 -21.030930 -9.972946 -0.211166 -2.459322 58.827115 -76.937387 -48.264230 -1.821939 -77.100209 1.452713 -8.219652 1.082997 14.786360 -19.224412 1.219294 7.205188 27.908785 -73.644300 -21.057503 -101.749273 -82.286797 94.176584
-9.207840 0.420382 -39.584079 -88.412213 -9.303946 -9.572716 -89.729842 2.597880 2.629121 -89.729842 2.597880 2.629121 -71.226509 18.782130 26.029800 66.025112 -11.474046 17.695743 -56.998505 38.516125 -114.428446 5.422264 2.268925 133.544944 -5.188617 -3.969723 105.195855 -5.188617 -3.969723 105.195855 -14.856366 -20.829626 70.607302 30.821721 -55.761226 -55.078085 36.990478 -27.627038 -107.389176 36.990478 -27.627038 -107.389176 3.371627 0.616207 -20.679352 -10.722615 -0.189764 -2.074138 67.095208 -77.191810 -56.483461 -1.771640 -77.350550 1.416570 -9.681163 1.315367 15.355262 -19.740874 1.282664 7.359456 28.870949 -73.500656 -21.735282 -99.336727 -82.535499 91.898321
-9.204444 0.423362 -42.523956 -88.699917 -8.445026 -8.644463 -89.328972 4.653427 4.755761 -89.328972 4.653427 4.755761 -70.071940 19.061739 26.987897 67.343961 -9.901015 15.020681 -58.717378 38.572711 -116.162719 2.979501 1.284545 132.358885 -5.596371 -4.300813 104.928270 -5.596371 -4.300813 104.928270 -13.955345 -20.292669 68.582424 31.600836 -55.083587 -56.984672 36.199986 -26.777535 -107.922878 36.199986 -26.777535 -107.922878 3.008892 0.542806 -20.389205 -11.518864 -0.157678 -1.609162 80.249806 -77.358958 -69.384762 -1.016743 -77.636599 0.810453 -10.439600 1.461322 15.849391 -19.744628 1.384680 7.953794 30.386622 -72.440644 -22.472748 -101.826303 -83.076732 94.981310
-9.471418 0.426234 -46.459061 -88.886696 -7.862998 -8.019278 -88.775799 7.245838 7.457423 -88.775799 7.245838 7.457423 -68.732036 19.474198 28.228245 68.899405 -8.075197 11.928666 -60.833929 38.945114 -117.838549 2.615104 1.142757 131.958175 -5.242926 -4.037587 104.851108 -5.242926 -4.037587 104.851108 -12.984358 -19.608460 66.557733 31.966802 -54.811425 -57.835027 35.142280 -25.654379 -108.605106 35.142280 -25.654379 -108.605106 2.735883 0.483240 -19.966483 -12.088528 -0.123844 -1.199753 95.225228 -77.358151 -83.836161 0.823727 -78.010570 -0.686445 -10.878850 1.550203 16.160520 -19.572493 1.520926 8.822932 31.760695 -71.314461 -23.057740 -104.444453 -83.694402 98.265956
-9.252603 0.429550 -49.838300 -88.867387 -7.901275 -8.063412 -88.326151 9.354402 9.656058 -88.326151 9.354402 9.656058 -67.600683 19.730231 29.140674 70.088115 -6.653366 9.523642 -63.005208 39.679760 -119.012989 4.183880 1.812570 132.216110 -4.301226 -3.310163 105.017184 -4.301226 -3.310163 105.017184 -12.096560 -18.945190 64.723521 32.388194 -55.050764 -58.245177 34.648105 -24.825911 -109.573437 34.648105 -24.825911 -109.573437 2.687774 0.463213 -19.534318 -11.845126 -0.082999 -0.767791 99.329987 -76.881986 -87.468539 3.018638 -77.851817 -2.431632 -10.889049 1.570302 16.369251 -19.321533 1.672088 9.823901 33.414746 -70.408247 -23.903980 -104.936165 -84.456641 99.534784
-8.361288 0.433188 -51.537071 -88.653012 -8.520303 -8.735522 -88.169067 9.957455 10.290210 -88.169067 9.957455 10.290210 -67.219022 19.568412 29.097169 70.359292 -6.272010 8.902826 -64.946701 40.621407 -119.639648 6.955273 3.033482 132.371509 -2.965065 -2.287489 104.862399 -2.965065 -2.287489 104.862399 -11.564023 -18.606845 63.410357 33.089997 -55.460309 -58.912625 34.910611 -24.524523 -110.661663 34.910611 -24.524523 -110.661663 2.870329 0.487228 -19.257072 -10.782010 -0.040390 -0.295147 92.340001 -75.955075 -80.096699 5.325247 -77.152751 -4.223406 -10.533770 1.531622 16.507784 -19.011879 1.808181 10.784870 35.279428 -69.870248 -25.044249 -103.007014 -85.298956 98.425581
-6.994100 0.437160 -52.396758 -88.175184 -9.794149 -10.138244 -88.315292 9.539230 9.835470 -88.315292 9.539230 9.835470 -67.420706 19.083093 28.296263 70.075667 -6.631434 9.464872 -66.568486 41.631703 -119.851662 9.350433 4.091864 132.706372 -2.012661 -1.552604 104.669168 -2.012661 -1.552604 104.669168 -11.303636 -18.446842 62.718232 33.817054 -55.879463 -59.613621 35.571400 -24.534012 -111.715723 35.571400 -24.534012 -111.715723 3.360714 0.576964 -19.346431 -9.126352 0.010193 0.359150 75.892266 -74.908307 -63.462332 7.242927 -76.309657 -5.686806 -10.022500 1.465667 16.614386 -18.609761 1.938731 11.832518 37.705751 -69.710432 -26.764492 -95.038432 -86.076708 91.241173
-5.842918 0.441919 -53.384343 -87.118802 -11.944963 -12.659260 -88.617734 8.660987 8.882689 -88.617734 8.660987 8.882689 -67.850952 18.512763 27.254444 69.819583 -7.310452 10.469717 -67.328319 42.448629 -119.502923 10.524952 4.597047 132.873720 -1.529476 -1.187895 104.351706 -1.529476 -1.187895 104.351706 -11.314368 -18.527995 62.539050 34.365510 -56.245830 -60.094899 36.204931 -24.627136 -112.530086 36.204931 -24.627136 -112.530086 4.381223 0.792867 -20.023192 -7.177582 0.054373 1.306351 62.793172 -74.006099 -50.236731 8.147488 -75.639332 -6.343678 -9.297064 1.367853 16.723215 -18.246945 2.095237 13.039710 40.344514 -69.761992 -28.746009 -81.826290 -86.553605 78.638486
-5.030170 0.447531 -54.870043 -85.693915 -14.415553 -15.686461 -88.896497 7.821218 7.976031 -88.896497 7.821218 7.976031 -68.260280 18.039902 26.367435 69.807116 -8.036119 11.492980 -67.214968 43.045241 -118.609609 11.223969 4.867896 133.109808 -1.405927 -1.093495 104.464672 -1.405927 -1.093495 104.464672 -11.510875 -18.725028 62.859907 34.301764 -56.371487 -59.871116 36.499177 -24.725277 -112.776018 36.499177 -24.725277 -112.776018 5.773115 1.123262 -21.270668 -5.464520 0.095976 2.615641 56.393035 -73.473325 -43.628569 8.969407 -75.580180 -6.984576 -8.448384 1.249929 16.797502 -18.029254 2.281872 14.325613 43.612674 -69.969953 -31.332018 -63.965237 -86.494604 61.286251
-5.043730 0.453348 -56.822791 -84.168800 -16.762389 -18.673831 -89.044895 7.310317 7.433865 -89.044895 7.310317 7.433865 -68.427030 17.834746 25.989674 70.110386 -8.641280 12.282391 -66.333683 43.386749 -117.313437 12.905310 5.532990 133.546198 -1.004374 -0.782972 104.994065 -1.004374 -0.782972 104.994065 -11.850535 -19.025706 63.511199 33.562174 -56.280961 -58.813699 36.483049 -24.880687 -112.404241 36.483049 -24.880687 -112.404241 7.345542 1.541523 -22.946018 -4.387003 0.134785 4.092679 58.428569 -73.179840 -45.106588 10.738962 -76.162070 -8.465903 -7.644149 1.128030 16.742722 -18.081830 2.479729 15.469876 47.309967 -70.322011 -34.373206 -44.506178 -85.947526 42.296159
-6.803059 0.458767 -59.660446 -82.684994 -18.774677 -21.364533 -89.160723 6.843185 6.945661 -89.160723 6.843185 6.945661 -68.621641 17.749010 25.778059 70.447919 -9.538462 13.468681 -64.885398 43.548557 -115.669941 12.305602 5.242990 134.903853 -0.782365 -0.581360 106.744961 -0.782365 -0.581360 106.744961 -12.299118 -19.454389 64.255195 32.376661 -56.856287 -56.454188 37.696011 -25.795485 -112.248805 37.696011 -25.795485 -112.248805 8.955059 2.014261 -24.792372 -3.517664 0.150338 5.143304 60.840582 -73.047824 -47.018416 12.510692 -76.902177 -9.983033 -7.176950 1.040664 16.479377 -18.719831 2.712243 16.305355 57.754516 -70.808978 -43.682896 -25.776545 -84.718052 24.236369
-10.591792 0.462548 -63.358080 -80.978924 -20.539299 -24.051542 -89.299325 6.214185 6.293888 -89.299325 6.214185 6.293888 -69.015381 17.641204 25.449309 70.483522 -10.998052 15.534863 -63.004847 43.632635 -113.645168 8.455792 3.772961 137.731078 -0.637866 -0.425383 110.463474 -0.637866 -0.425383 110.463474 -12.878698 -20.057031 65.055351 30.460851 -57.938038 -52.499194 39.537969 -27.242684 -111.979073 39.537969 -27.242684 -111.979073 10.599224 2.511098 -26.318317 -2.101303 0.119693 5.364675 61.326119 -72.993335 -47.387646 12.813753 -77.370831 -10.294882 -7.842351 1.077906 15.890390 -19.994105 2.998969 16.846099 69.929534 -71.213798 -54.487420 -11.524813 -82.647724 10.885449
-14.730321 0.466436 -67.914341 -77.985542 -22.444629 -27.990016 -89.307572 6.096723 6.178222 -89.307572 6.096723 6.178222 -69.346404 17.528470 25.139746 70.569009 -12.676019 17.850509 -61.842977 44.090531 -111.838199 1.461268 1.292697 141.949000 -1.169739 -0.663442 115.341437 -1.169739 -0.663442 115.341437 -13.295367 -20.575370 65.396255 28.292246 -59.120775 -48.046180 42.027962 -28.882607 -112.251324 42.027962 -28.882607 -112.251324 12.394581 2.941102 -26.700420 -0.120854 0.049094 4.889161 59.083306 -72.879881 -45.511772 11.283762 -77.309311 -9.094964 -10.053543 1.279024 15.014973 -21.903192 3.498111 17.717441 82.672969 -70.133251 -64.392284 4.413427 -79.983275 -2.844825
-16.796446 0.471239 -72.203975 -72.636668 -24.850226 -34.488694 -89.231423 6.357149 6.454354 -89.231423 6.357149 6.454354 -69.664270 17.170496 24.494400 70.313230 -14.505701 20.521724 -61.342650 44.534223 -110.736909 -6.772776 -1.242431 147.236236 -2.163040 -1.072170 121.680588 -2.163040 -1.072170 121.680588 -13.585841 -21.029042 65.385659 26.649179 -60.171357 -44.529977 44.434160 -30.381207 -112.710410 44.434160 -30.381207 -112.710410 14.161927 3.130975 -25.236330 2.206196 -0.019676 3.656379 53.090792 -72.447920 -40.463449 6.851511 -76.097948 -5.624524 -13.164273 1.577529 14.078285 -24.093021 4.235515 19.297681 89.242116 -67.179061 -67.180326 21.712672 -77.120618 -16.639870
-15.833917 0.476623 -75.745772 -65.471216 -27.191599 -42.748090 -89.195900 6.454372 6.559646 -89.195900 6.454372 6.559646 -70.239662 16.197627 22.920713 69.061193 -16.473236 23.944306 -61.304359 43.915057 -111.576964 -18.725860 -3.913183 152.712101 -2.942273 -1.383417 127.733797 -2.942273 -1.383417 127.733797 -13.736242 -21.716819 64.322879 25.526395 -60.359028 -42.543382 45.877372 -31.509361 -112.609646 45.877372 -31.509361 -112.609646 15.516681 3.020386 -22.220416 4.004983 -0.062345 2.292637 46.315144 -71.521541 -34.543864 2.270567 -73.988537 -2.008199 -16.126732 1.864471 13.303702 -26.046785 5.082706 21.423155 89.384676 -62.582606 -62.918544 40.747572 -74.290006 -31.177468
-12.192586 0.481366 -78.595918 -57.801052 -28.786415 -51.147553 -89.204471 6.432483 6.535625 -89.204471 6.432483 6.535625 -70.856948 14.924593 20.942161 67.926040 -17.887018 26.514748 -63.139381 42.711971 -114.964595 -32.741342 -6.056567 157.353809 -3.067610 -1.330206 133.525570 -3.067610 -1.330206 133.525570 -13.876671 -22.809433 62.404529 24.637845 -59.751202 -41.607731 46.753580 -32.592913 -111.870354 46.753580 -32.592913 -111.870354 16.473162 2.724795 -18.751534 5.013528 -0.067036 1.421714 41.892034 -69.252540 -29.729232 1.340870 -70.916182 -0.892905 -18.557565 2.044635 12.556561 -27.540842 5.965572 23.814620 82.294730 -56.205857 -51.134888 59.424272 -70.978813 -44.187204
-7.099780 0.483261 -80.354087 -51.021747 -29.333796 -58.173041 -89.301444 6.059126 6.143910 -89.301444 6.059126 6.143910 -71.754657 13.504469 18.680718 67.686527 -18.328304 27.290543 -66.728172 41.471462 -119.933288 -45.519936 -7.935928 160.324956 -0.339629 -0.416834 138.409678 -0.339629 -0.416834 138.409678 -14.403313 -24.735635 60.183041 23.535872 -60.363323 -39.573942 49.185913 -34.237959 -112.060939 49.185913 -34.237959 -112.060939 17.041694 2.383611 -15.800916 4.920950 -0.057869 1.259400 42.561770 -65.779380 -28.035691 6.389549 -67.504446 -3.742691 -19.502394 1.895492 10.982452 -28.843214 6.915268 26.287873 77.087014 -48.547257 -40.543940 74.141740 -66.359202 -52.282069
-1.296351 0.483625 -79.275025 -46.191649 -29.064137 -62.889804 -89.524345 4.937847 4.986482 -89.524345 4.937847 4.986482 -72.875069 11.941991 16.181550 68.160499 -17.983070 26.554092 -71.701127 42.234739 -123.645494 -46.982022 -7.977137 161.764565 6.303133 1.659537 143.101005 6.303133 1.659537 143.101005 -14.626463 -26.394427 57.509717 20.446247 -59.712212 -34.556061 50.801174 -36.446521 -110.384608 50.801174 -36.446521 -110.384608 17.387490 2.148675 -14.014838 3.499974 -0.032267 1.593813 46.214019 -61.324037 -28.021678 14.277468 -63.027967 -8.040915 -17.138538 1.443472 5.724534 -31.431968 8.691652 29.384026 74.272024 -35.422571 -26.857078 80.317877 -54.468532 -47.604216
7.304122 0.478982 -69.946135 -43.503720 -28.682335 -65.417826 -89.621106 2.872552 2.891134 -89.621106 2.872552 2.891134 -73.789176 10.473780 13.962308 68.508721 -17.360964 25.496298 -76.155516 45.197852 -124.199288 -29.997577 -4.756808 161.589724 15.531752 4.524573 145.758352 15.531752 4.524573 145.758352 -13.369517 -25.351610 54.000174 15.576705 -54.916195 -27.258213 49.889757 -38.486590 -105.541051 51.284968 -38.486590 -107.662502 17.184386 1.973992 -12.916165 1.604287 -0.002023 2.805584 49.871604 -56.967903 -28.162269 21.431761 -58.567451 -11.776479 -15.476611 0.619597 -0.730721 -37.346835 10.348727 30.083319 71.788586 -22.666755 -15.996820 77.258881 -40.733392 -36.492079
18.135269 0.467413 -54.098237 -42.469563 -28.503659 -66.377187 -89.466964 -0.183789 -0.216105 -89.466964 -0.183789 -0.216105 -74.581040 8.583608 11.328383 66.942030 -16.975822 25.815333 -78.625222 49.666512 -121.128870 0.284851 1.001361 160.374546 22.368093 6.739374 146.830450 22.368093 6.739374 146.830450 -10.670746 -21.309477 49.819949 10.257959 -46.734289 -19.524996 46.504659 -40.318180 -97.774226 51.309860 -40.318180 -104.897902 16.391048 1.761805 -11.979138 -0.822395 0.062743 3.893705 51.570779 -53.995098 -27.687119 24.586195 -54.804946 -12.978326 -13.298928 -0.391146 -9.485534 -44.357451 11.829811 29.375930 71.642335 -10.937493 -6.721965 71.282133 -27.380846 -23.295171
29.767915 0.450568 -33.397058 -40.928699 -27.980566 -67.683615 -88.300395 -5.316995 -5.794570 -88.300395 -5.316995 -5.794570 -75.550112 5.728697 7.499260 60.978929 -17.439681 30.692343 -77.136002 53.580554 -115.118268 32.557924 8.137221 157.914868 26.217426 8.436457 144.676496 26.217426 8.436457 144.676496 -6.917049 -14.644362 45.015641 5.581320 -37.009525 -12.838340 40.886421 -41.347865 -88.120048 51.052186 -41.347865 -103.112670 14.988092 1.434391 -10.588886 -2.746019 0.128045 5.051535 51.775953 -51.444840 -26.374848 24.287253 -51.399399 -11.967460 -14.834879 -1.650037 -15.756037 -51.620331 11.278887 24.629923 71.090390 -8.442873 -4.749004 62.353375 -21.579836 -13.972690
38.760158 0.432979 -16.981585 -36.840504 -26.013732 -70.786006 -85.825783 -11.386997 -12.931635 -85.825783 -11.386997 -12.931635 -76.902051 2.382059 3.189811 52.830663 -18.365437 38.290856 -71.017424 56.275641 -105.510552 54.360491 14.501366 154.215268 24.755990 8.696700 140.866844 24.755990 8.696700 140.866844 -3.269114 -7.616659 39.972107 2.386684 -28.612949 -7.989687 37.733789 -42.762153 -81.731686 50.612417 -42.762153 -100.660805 13.529576 1.077634 -8.741632 -4.730348 0.215496 5.682192 51.568845 -48.554728 -24.545465 22.682828 -47.165461 -10.011841 -14.291365 -1.604142 -27.350183 -55.384377 10.728437 21.470423 69.245186 -7.579014 -4.480127 56.088947 -19.092920 -9.500623
44.253340 0.411590 -7.108987 -29.386842 -21.826013 -75.899187 -81.699715 -17.486406 -21.163185 -81.699715 -17.486406 -21.163185 -78.478038 -1.155256 -1.198951 44.154469 -18.905153 46.786912 -61.861478 56.049725 -95.534694 62.419306 19.185793 148.960041 20.630210 8.126470 136.030673 20.630210 8.126470 136.030673 -0.872556 -2.081095 36.103280 1.141001 -24.754793 -5.067374 41.274175 -45.888374 -82.067099 53.483197 -45.888374 -99.975567 12.461414 0.731234 -6.479756 -6.719794 0.286954 5.729470 52.795946 -42.596480 -21.796251 23.032421 -39.029432 -8.137792 -11.388304 0.071469 -41.211205 -56.861800 10.304838 19.683985 64.185835 -7.435844 -5.567017 51.700805 -19.336144 -9.495722
47.023711 0.392043 -3.271525 -19.737140 -15.747105 -81.810525 -76.276882 -22.505236 -29.516127 -76.276882 -22.505236 -29.516127 -80.096389 -4.085778 -4.728305 37.759529 -19.277496 54.033807 -50.903174 53.440275 -84.859596 63.017206 21.918094 144.769868 15.972764 6.925248 132.704090 15.972764 6.925248 132.704090 0.467555 1.999663 33.110747 0.721964 -23.008663 -3.494110 49.345604 -50.484053 -86.875738 57.398520 -50.484053 -98.640477 11.823026 0.458824 -4.201483 -9.629936 0.359306 5.042891 54.817901 -31.502601 -16.474868 24.955114 -24.422169 -4.994134 -3.344566 3.168392 -58.063629 -57.057729 11.125326 21.018502 59.725561 -0.967257 -2.188211 49.992699 -14.869442 -7.282292
48.114801 0.367378 -1.401720 -9.934064 -8.678728 -86.651875 -69.513587 -26.300819 -38.296929 -69.513587 -26.300819 -38.296929 -81.411441 -6.357731 -7.328671 32.845336 -19.551232 61.316593 -40.673099 49.627703 -75.740525 64.786146 24.650699 141.811045 13.072915 5.947929 131.038556 13.072915 5.947929 131.038556 1.492550 5.830876 30.721403 0.507219 -20.607502 -2.821520 60.075544 -55.842918 -93.720719 63.417835 -55.842918 -98.620002 11.216175 0.212721 -2.029591 -12.506050 0.320513 3.677614 57.540500 -14.205216 -6.848351 27.688737 -3.290025 0.440199 5.050169 7.678983 -72.103280 -60.045948 11.137884 20.033082 46.972627 4.155342 0.732349 41.075560 -11.143734 -4.338219
45.062887 0.345545 -7.278415 -2.133806 -1.955975 -88.838617 -62.412178 -28.261908 -46.306826 -62.412178 -28.261908 -46.306826 -82.279617 -8.197160 -9.356782 29.234187 -19.378517 67.576513 -31.635712 43.564244 -69.627489 65.407898 26.928656 139.011205 12.633085 6.037909 130.248998 12.633085 6.037909 130.248998 1.902000 7.654955 28.591561 0.309919 -18.704914 -2.035060 75.176251 -62.121008 -103.198759 75.281263 -62.121008 -103.339973 11.145524 0.036442 -0.394831 -14.421057 0.133843 1.076385 60.491884 4.719242 4.266958 30.718892 18.755032 6.801359 15.515039 14.161946 -82.709594 -57.285107 6.807732 5.203762 24.256950 6.246094 4.818690 20.429897 -6.976339 -1.246551
38.016855 0.338879 -16.523470 3.169455 3.099805 -89.269492 -55.375221 -29.197577 -53.760915 -55.375221 -29.197577 -53.760915 -83.416765 -9.735159 -10.886355 25.969812 -19.187774 73.503037 -21.217786 29.946179 -65.849645 68.654759 17.287628 104.036568 5.665978 4.697166 133.941576 5.665978 4.697166 133.941576 2.018668 8.509607 26.531089 0.050570 -16.696080 -0.264516 92.077893 -66.902639 -114.185097 92.077893 -66.902639 -114.185097 11.982195 -0.095984 0.763055 -14.537990 -0.261119 -2.424680 61.853766 21.658344 13.998044 32.843092 36.940240 12.091060 19.015468 18.772807 -88.649741 -51.796127 -1.855033 -19.739817 -4.846794 -1.842779 6.851764 -9.335792 -8.156030 1.457110
27.861014 0.354863 -29.423185 7.192925 6.976401 -88.786153 -49.150210 -29.183214 -59.980749 -49.150210 -29.183214 -59.980749 -85.196505 -10.602173 -11.522062 23.745156 -18.916539 77.428337 -8.646593 10.829794 -61.638657 69.903721 -0.676620 46.908285 -13.247356 3.794054 95.777382 -13.247356 3.794054 95.777382 1.764373 8.013147 24.230504 -0.211478 -15.348046 1.649652 108.794684 -69.324269 -126.494714 108.794684 -69.324269 -126.494714 13.524412 -0.250226 1.849428 -13.962926 -0.717737 -6.386615 60.211697 32.885050 19.562779 31.877145 47.469000 14.489616 20.434880 22.477567 -96.833012 -40.138922 -9.762212 -46.766898 -33.182692 -12.271043 9.956941 -39.626030 -10.234165 4.548291
18.633813 0.373659 -38.376588 10.506494 10.050594 -87.910360 -45.259748 -28.933476 -63.765976 -45.259748 -28.933476 -63.765976 -86.702719 -10.638967 -11.298922 23.283636 -19.068982 78.594473 3.301786 -9.535036 -58.296473 67.425061 -21.513941 -20.662760 -46.621322 4.242239 26.645587 -46.621322 4.242239 26.645587 1.271048 6.388712 21.867696 -0.260843 -15.232918 2.261677 121.307343 -70.507313 -136.194941 121.307343 -70.507313 -136.194941 15.646362 -0.443647 2.972411 -13.443289 -1.163472 -10.070259 56.555013 38.947578 21.436047 28.953040 51.976885 14.385744 20.881152 25.716480 -104.389684 -27.425361 -13.950280 -68.670603 -53.732070 -20.756088 12.986011 -62.235054 -11.561799 7.097220
14.117268 0.387561 -35.945588 13.833070 12.886544 -86.533211 -44.173059 -28.795717 -64.794989 -44.173059 -28.795717 -64.794989 -87.624866 -9.712636 -10.125649 25.247877 -20.087658 77.066473 13.289074 -27.314255 -54.580841 63.849364 -39.360747 -74.914505 -67.495534 4.568626 -56.648722 -67.495534 4.568626 -56.648722 0.851711 4.758673 19.426335 -0.085377 -15.445581 1.143566 124.837343 -70.190914 -139.465621 124.837343 -70.190914 -139.465621 17.519068 -0.681572 4.245877 -13.209025 -1.480556 -12.631143 52.115971 41.805839 21.065468 25.485915 52.884952 12.851466 20.381591 27.718860 -109.560147 -16.811786 -14.082030 -81.626352 -61.088005 -25.660210 15.311582 -71.295219 -11.898109 8.560655
14.059081 0.384568 -25.430451 17.343304 15.666047 -84.786780 -44.639000 -28.899526 -64.373084 -44.639000 -28.899526 -64.373084 -87.910771 -8.676230 -8.960277 26.669113 -20.843225 75.975114 19.098546 -38.029572 -52.142547 61.522450 -49.182201 -104.852914 -73.301654 4.757726 -125.970898 -73.301654 4.757726 -125.970898 0.661012 4.006203 17.345606 0.258757 -15.513450 -1.347218 119.865947 -68.549803 -136.783466 119.865947 -68.549803 -136.783466 18.641755 -0.925792 5.551075 -13.407617 -1.677078 -14.187928 49.355773 43.859585 20.929409 22.995391 53.625043 11.736313 20.205445 29.169797 -111.762495 -12.687298 -10.785840 -83.144001 -59.056944 -26.911690 15.488009 -69.532691 -12.361658 8.662431
15.461672 0.373538 -15.127953 21.409819 18.653861 -82.526217 -45.506488 -29.090945 -63.586848 -45.506488 -29.090945 -63.586848 -87.509426 -7.953187 -8.284884 26.509942 -20.638282 75.764272 20.540684 -40.045038 -52.943874 57.533445 -46.181455 -104.580545 -48.893333 4.284201 -166.961010 -48.893333 4.284201 -166.961010 0.324108 2.178676 16.259600 0.727799 -17.647053 -4.227703 112.625817 -68.105418 -131.327811 112.625817 -68.105418 -131.327811 18.869883 -1.133326 6.817894 -13.434672 -1.797530 -15.182023 48.713292 45.349745 21.435331 22.549465 54.610594 11.775104 22.489570 31.278370 -109.529277 -9.032216 -8.342238 -85.581453 -54.643270 -26.616322 14.003101 -65.291934 -11.480975 7.467479
16.365521 0.366739 -8.045421 25.633503 21.270011 -79.728860 -45.987222 -29.228990 -63.165554 -45.987222 -29.228990 -63.165554 -87.358070 -7.631634 -7.987825 26.298926 -20.440624 75.690744 20.875879 -38.642408 -55.998295 54.358486 -42.318728 -106.615355 -8.830421 0.855351 -165.119213 -8.830421 0.855351 -165.119213 0.067284 0.609433 16.217327 1.136494 -19.827728 -6.097460 106.566741 -68.108974 -126.459302 106.566741 -68.108974 -126.459302 18.348809 -1.257944 7.845367 -13.444154 -1.921508 -16.203590 50.092892 45.501525 22.172761 24.725100 55.339254 13.149373 24.082767 31.775532 -106.423394 -7.417008 -6.947152 -85.875213 -48.471964 -27.276955 12.450601 -58.988958 -11.819061 6.678811
16.180314 0.373049 -3.999540 29.519478 23.467756 -76.983904 -46.027958 -29.223366 -63.122311 -46.027958 -29.223366 -63.122311 -87.498065 -7.801118 -8.149765 24.597032 -19.134753 75.696583 20.150085 -34.872974 -60.137158 51.080755 -38.060560 -109.180385 2.570437 -0.044004 -165.850344 2.570437 -0.044004 -165.850344 -0.094990 -0.484273 16.908470 1.416514 -21.293844 -7.212710 104.443573 -67.379889 -125.287670 104.443573 -67.379889 -125.287670 17.373987 -1.301713 8.566008 -13.237065 -1.995108 -17.063254 51.635569 45.225034 22.795003 27.346725 55.830188 14.755788 25.942210 31.922317 -102.706875 -5.885017 -5.446024 -84.891948 -42.481231 -28.952719 11.412289 -53.043997 -13.530967 6.723432
15.377295 0.378780 -2.238553 32.158345 24.843875 -75.027967 -47.530947 -29.310876 -61.655401 -47.530947 -29.310876 -61.655401 -87.186116 -7.961205 -8.367794 23.311511 -17.824480 74.599155 17.926116 -28.885868 -63.817508 48.640437 -34.558149 -111.405861 -17.977489 2.110838 -168.820537 -17.977489 2.110838 -168.820537 0.088496 0.477990 17.917497 1.353728 -18.921206 -8.112323 107.442626 -65.386865 -128.980586 107.442626 -65.386865 -128.980586 16.383092 -1.274652 8.865511 -13.047427 -2.037702 -17.670787 52.690588 45.334903 23.380272 29.507523 56.597080 16.199129 27.825547 32.165034 -98.958467 -4.596427 -4.098328 -83.133668 -39.930246 -30.701879 11.442256 -50.964080 -15.598093 7.592669
14.952850 0.372273 0.601924 31.920298 24.645047 -75.150064 -50.887543 -29.485957 -58.371403 -50.887543 -29.485957 -58.371403 -86.373948 -8.098826 -8.637114 22.587749 -16.757599 72.837007 11.201729 -17.318581 -65.817176 33.447868 -23.823397 -113.651547 -25.058984 9.241411 -129.281297 -25.058984 9.241411 -129.281297 0.221802 1.264049 19.486743 1.483027 -16.941570 -9.654235 109.117476 -63.648243 -131.520640 109.117476 -63.648243 -131.520640 15.713929 -1.175825 8.507485 -12.864828 -2.025482 -17.815248 52.731230 46.100513 23.805485 30.446596 57.502505 16.988863 28.374577 31.245033 -95.862103 -4.140426 -3.388290 -79.157505 -33.945685 -32.785051 10.323415 -45.587296 -19.080971 7.857521
17.541344 0.343374 7.826070 27.050343 21.242732 -77.909541 -55.286560 -29.591179 -54.016184 -55.286560 -29.591179 -54.016184 -84.461182 -8.216869 -9.057596 21.909343 -15.677364 70.840028 2.741071 -4.328696 -66.364327 6.544064 -7.143022 -116.352803 -16.550485 17.774174 -57.918660 -16.550485 17.774174 -57.918660 0.527113 2.861128 21.853691 1.761263 -15.148827 -11.838819 107.448505 -61.278240 -132.108388 107.448505 -61.278240 -132.108388 15.358178 -0.960677 7.088642 -12.612572 -1.915641 -17.185485 51.511964 46.020380 23.181442 29.320774 57.450673 16.357200 25.868688 27.882035 -94.675843 -12.739753 -5.416018 -69.338656 -36.326624 -30.508189 9.065785 -45.278009 -18.856259 7.006736
19.926827 0.288042 12.766795 18.072304 14.566380 -82.184473 -60.715871 -29.089935 -48.367889 -60.715871 -29.089935 -48.367889 -81.688056 -7.653311 -8.776828 22.198824 -15.024346 68.266311 -6.404237 9.546119 -66.273435 -28.177846 13.250792 -120.860294 14.795099 25.007941 30.143663 14.795099 25.007941 30.143663 0.634516 3.176984 25.329352 2.382573 -16.227384 -14.552485 100.686703 -59.498111 -128.285306 100.686703 -59.498111 -128.285306 15.065990 -0.644473 4.745785 -12.687096 -1.772667 -15.902818 48.751705 45.090055 21.420035 26.622645 56.122663 14.509628 21.919171 22.788011 -91.650586 -20.305020 -6.948706 -55.502957 -31.218884 -24.817382 6.217214 -39.259083 -14.246621 4.690053
21.194492 0.219117 15.394277 6.590582 5.268091 -85.422589 -65.800778 -28.076931 -42.841568 -65.800778 -28.076931 -42.841568 -78.452559 -6.294838 -7.538550 24.880041 -15.719175 64.749383 -14.080597 21.674607 -65.469555 -63.191473 32.562297 -127.212775 64.523596 29.684610 104.045355 64.523596 29.684610 104.045355 0.713601 3.036032 29.444214 3.127015 -19.001488 -17.110105 91.524347 -58.204365 -122.281652 91.524347 -58.204365 -122.281652 14.499267 -0.270973 1.872194 -13.141543 -1.648340 -14.351000 46.120188 42.668822 19.064774 23.996465 53.362660 12.381028 17.678342 16.996281 -85.938153 -25.239865 -7.625682 -41.504485 -21.345680 -19.424853 2.767550 -30.162012 -10.056022 2.162991
20.688019 0.155775 16.570384 -6.804432 -5.467490 -85.196212 -70.172696 -26.740803 -37.880481 -70.172696 -26.740803 -37.880481 -75.366195 -4.423344 -5.518489 28.140989 -16.654375 61.257233 -18.658107 29.682794 -63.910428 -90.061436 46.104603 -133.687745 91.972861 33.823628 147.530418 91.972861 33.823628 147.530418 0.834836 2.577126 33.622724 3.873193 -22.499706 -19.299810 83.145811 -56.676813 -117.376058 83.145811 -56.676813 -117.376058 13.599880 0.094901 -1.179885 -14.031674 -1.544046 -12.675497 44.304198 37.635059 15.984573 22.149955 48.525441 10.253410 15.511896 12.697759 -77.403454 -24.793232 -6.675266 -30.409523 -6.496308 -19.343380 -1.108180 -18.755965 -12.987867 0.280586
21.575761 0.112637 22.455917 -20.455049 -15.340570 -80.353688 -73.362953 -25.647013 -34.205615 -73.362953 -25.647013 -34.205615 -72.735960 -2.123360 -2.712331 31.855345 -17.491145 57.168610 -19.804844 33.301740 -61.059995 -98.438911 49.746406 -136.332135 98.559481 35.314750 149.549575 98.559481 35.314750 149.549575 1.284635 3.701700 37.149837 4.316660 -23.275387 -20.651070 80.074264 -53.997368 -117.513560 80.074264 -53.997368 -117.513560 12.449756 0.391971 -3.962983 -15.779452 -1.564974 -11.420200 45.209882 28.157948 11.332500 21.684285 41.119672 8.174004 14.022391 9.731792 -69.198620 -26.641738 -4.725618 -21.535600 7.072328 -20.883331 -3.099024 -10.578426 -18.793590 -0.184772
20.349757 0.093278 24.800784 -34.250318 -22.551180 -71.302308 -75.998905 -24.312220 -30.935343 -75.998905 -24.312220 -30.935343 -70.958170 0.207465 0.436130 33.759910 -17.700337 54.564702 -20.579989 36.287917 -58.249811 -111.734508 50.615222 -142.479677 96.136713 34.756378 148.402535 96.136713 34.756378 148.402535 1.653508 4.265497 41.237580 5.188136 -25.333223 -22.433549 78.586078 -51.395501 -119.117538 78.586078 -51.395501 -119.117538 11.265351 0.592954 -6.392645 -18.284509 -1.648578 -10.414074 48.968461 13.331206 4.201221 24.197851 28.382316 5.269878 13.669341 8.205780 -61.026748 -25.764610 -1.819798 -14.946514 29.369270 -26.305318 -7.909955 12.514003 -30.363436 -7.845997
19.630000 0.095938 25.601639 -46.794253 -27.058641 -61.305656 -77.948044 -22.770684 -28.196304 -77.948044 -22.770684 -28.196304 -69.638618 1.980369 2.934745 34.066113 -17.244797 52.849094 -20.144392 37.122979 -55.832272 -123.116240 51.114771 -147.932799 89.255284 32.247588 146.961827 89.255284 32.247588 146.961827 2.176984 5.067471 45.818870 6.547612 -29.143796 -24.267434 75.000753 -48.125983 -119.493801 75.000753 -48.125983 -119.493801 10.269945 0.740206 -8.503654 -21.312512 -1.740726 -9.454110 55.402436 -2.030829 -3.367982 29.456959 14.884104 2.380181 12.584963 6.713769 -55.239106 -31.454143 -0.677443 -6.972393 43.485664 -27.984716 -11.859027 33.941429 -37.867743 -16.999491
15.383017 0.110275 15.354743 -56.286206 -28.931188 -52.737004 -80.534043 -20.414746 -24.346333 -80.534043 -20.414746 -24.346333 -68.865469 3.219972 4.731791 34.618843 -16.820294 51.058880 -18.903662 36.207633 -53.866271 -130.273023 50.119048 -152.635541 80.512620 28.623461 145.768649 80.512620 28.623461 145.768649 2.427313 5.136439 50.688578 8.423226 -34.115937 -26.364808 68.132868 -44.355315 -117.326779 68.132868 -44.355315 -117.326779 9.688600 0.864033 -10.267171 -24.065156 -1.824636 -8.676445 61.284864 -14.451442 -9.848149 35.562009 2.991300 -0.235335 11.325474 5.338541 -49.410771 -34.873285 0.717051 0.967913 58.413352 -25.687807 -14.616666 57.115228 -38.589343 -25.459162
8.006177 0.135942 -5.155592 -62.092323 -29.080922 -46.998015 -82.771015 -18.296579 -20.964136 -82.771015 -18.296579 -20.964136 -68.561738 3.660091 5.373116 35.507579 -16.556984 49.264062 -17.904012 35.380859 -52.395031 -100.231948 46.567686 -113.131192 67.423475 24.103237 143.310332 67.423475 24.103237 143.310332 1.856518 3.670729 54.545352 11.260689 -39.343613 -29.959431 59.667598 -40.765642 -113.364892 59.667598 -40.765642 -113.364892 9.591149 0.991735 -11.743193 -25.299252 -1.873666 -8.418802 64.344723 -20.651933 -13.192336 39.878801 -3.727175 -1.711851 10.445774 4.089265 -42.063154 -36.191102 2.106408 6.770155 69.507304 -19.780655 -14.048141 74.098984 -33.371690 -28.368380
1.715609 0.170786 -26.898236 -65.399538 -28.715503 -43.536077 -84.265556 -16.924879 -18.734128 -84.265556 -16.924879 -18.734128 -68.693570 3.488862 5.109994 37.210751 -16.624575 47.314661 -16.900372 33.985390 -51.785123 -45.990178 41.254033 -42.497965 52.271633 19.262521 139.740648 52.271633 19.262521 139.740648 0.723899 1.297420 56.388839 14.045477 -42.615164 -34.540175 53.307838 -38.527989 -109.811464 53.307838 -38.527989 -109.811464 9.809315 1.136268 -13.084346 -24.541773 -1.858120 -8.666953 63.183941 -23.779357 -14.576772 40.241164 -8.239671 -2.752464 8.749006 2.960847 -33.354773 -34.490835 3.745402 11.604030 75.152412 -13.962491 -10.662949 82.709371 -28.364705 -25.765113
1.903479 0.208369 -37.143404 -66.907527 -28.324130 -41.861460 -84.584843 -16.566519 -18.214973 -84.584843 -16.566519 -18.214973 -69.347530 3.477155 5.007121 40.507465 -16.839872 44.035236 -17.614602 34.214928 -53.300392 23.947073 36.072971 46.279021 41.541696 15.825169 136.236862 41.541696 15.825169 136.236862 -0.681362 -1.410665 56.165128 16.119311 -43.497335 -38.971277 49.725779 -37.738398 -107.149914 49.725779 -37.738398 -107.149914 10.078997 1.247960 -14.028308 -22.910741 -1.879110 -9.431914 60.382266 -27.863058 -16.080960 36.513782 -13.008186 -3.545678 5.574655 1.765188 -24.573795 -36.222980 5.698535 17.120494 75.944116 -6.208946 -4.787764 82.685033 -21.466789 -18.741685
6.025391 0.239311 -37.383440 -68.224492 -27.954943 -40.386467 -84.853617 -16.141043 -17.680896 -84.853617 -16.141043 -17.680896 -70.212678 3.927144 5.534626 44.119745 -16.761268 40.412124 -19.078840 34.370692 -56.888482 80.969683 32.601772 118.348735 29.824344 13.036845 130.772191 29.824344 13.036845 130.772191 -2.271927 -4.414381 55.355456 17.841514 -44.023317 -42.388346 49.504234 -37.792375 -106.801727 49.504234 -37.792375 -106.801727 10.114605 1.300498 -14.600639 -21.070994 -1.918758 -10.402979 57.062977 -35.343084 -19.455369 31.254495 -21.440784 -5.222214 1.397121 0.831452 -14.930385 -38.245749 7.328040 21.031016 78.979270 -2.291514 -2.170580 85.406814 -18.330980 -16.966760
8.504020 0.260549 -37.881618 -70.204861 -27.120623 -38.027631 -85.653239 -14.251379 -15.530273 -85.653239 -14.251379 -15.530273 -70.975737 4.855266 6.757618 47.727067 -16.345122 36.567089 -22.346738 34.839708 -63.659836 111.121505 29.077776 160.815050 22.680518 11.528782 127.051505 22.680518 11.528782 127.051505 -4.123156 -7.848635 54.927111 19.593792 -45.785352 -44.339440 48.983015 -37.372339 -106.826200 48.983015 -37.372339 -106.826200 9.884818 1.331597 -15.331486 -19.763307 -1.865839 -10.667120 55.242376 -43.578586 -23.661937 26.618986 -31.163829 -6.967501 -3.089327 0.426845 -5.508948 -39.654630 8.403705 23.284003 82.889917 -2.216875 -2.711763 86.883859 -18.587405 -17.676399
6.517297 0.272278 -43.847930 -72.529365 -25.974089 -35.173226 -87.100780 -10.352911 -11.159792 -87.100780 -10.352911 -11.159792 -71.243455 6.273572 8.751171 51.935546 -15.709538 32.110789 -26.890400 35.548830 -71.923227 108.860335 25.794438 163.165183 22.772702 11.551375 127.516944 22.772702 11.551375 127.516944 -5.990761 -11.294057 55.172064 21.626714 -48.678460 -45.461392 47.731410 -36.016878 -107.469885 47.731410 -36.016878 -107.469885 9.832348 1.469214 -16.853381 -19.211841 -1.656744 -9.692373 56.063827 -51.469810 -29.111882 24.251675 -41.598488 -9.322770 -6.605786 0.419293 2.739272 -40.247993 8.975313 24.520083 87.481350 -5.949862 -6.641362 87.115760 -22.172770 -20.970763
-2.342282 0.287141 -60.520733 -75.308729 -24.441412 -31.669616 -88.575961 -5.930712 -6.281671 -88.575961 -5.930712 -6.281671 -71.114172 7.664062 10.742572 55.390410 -15.183226 28.710965 -31.593524 36.927200 -79.332991 105.305422 20.684426 166.182576 21.275113 10.398691 129.639116 21.275113 10.398691 129.639116 -8.051055 -14.929868 56.073448 24.619854 -52.073565 -47.803235 45.437169 -33.557584 -108.634056 45.437169 -33.557584 -108.634056 10.340834 1.940854 -20.327309 -18.029091 -1.222883 -7.116059 59.040100 -57.130511 -34.777503 24.512777 -50.984911 -12.289548 -7.680497 0.711474 9.736681 -39.391594 8.926011 25.047444 89.056580 -11.909304 -11.811227 84.898748 -28.329328 -25.431250
-14.441466 0.317156 -81.790271 -77.933365 -22.898489 -28.305048 -89.525491 -2.620155 -2.716528 -89.525491 -2.620155 -2.716528 -70.716240 8.736563 12.309522 57.967358 -14.949551 26.713793 -34.355499 38.148321 -82.950607 100.328778 15.595467 168.333905 19.008395 8.598643 133.041095 19.008395 8.598643 133.041095 -9.824097 -17.880052 57.107073 27.805765 -54.813389 -50.855048 44.121635 -31.335733 -110.726642 44.121635 -31.335733 -110.726642 11.485915 2.768375 -25.479591 -15.656916 -0.671562 -3.627778 61.733137 -61.985255 -39.973927 23.633154 -59.841374 -13.907303 -7.014969 0.836988 15.017452 -35.822996 8.676677 27.275470 86.888174 -19.031628 -17.226033 82.104417 -36.930601 -32.143808
-28.857389 0.361987 -104.414404 -79.745390 -21.751988 -25.934970 -89.931299 -1.148125 -1.151699 -89.931299 -1.148125 -1.151699 -70.579822 9.536240 13.441720 59.793008 -15.120256 25.999891 -35.192009 39.074938 -83.403987 95.751666 11.939057 169.071309 16.784232 6.903853 135.695065 16.784232 6.903853 135.695065 -10.997388 -19.297842 58.958454 27.948454 -56.733711 -49.664935 44.426303 -30.510492 -112.524482 44.426303 -30.510492 -112.524482 13.013282 3.815419 -31.161961 -12.511268 -0.187734 -0.339139 61.900405 -66.465418 -43.021134 19.864079 -67.455322 -13.104262 -5.087944 0.722165 17.531724 -29.803780 8.153163 31.068279 80.579480 -26.272471 -21.398316 81.051376 -46.747142 -40.772680
-43.485537 0.411815 -124.171782 -80.278957 -21.325804 -25.185080 -89.937231 -1.378027 -1.380668 -89.937231 -1.378027 -1.380668 -70.804589 9.923900 13.928347 61.154318 -15.535354 25.985125 -34.153561 39.488350 -80.980186 95.580836 12.137726 168.914955 17.235915 6.819099 137.076528 17.235915 6.819099 137.076528 -11.971718 -19.874112 61.580473 26.763215 -59.663029 -45.584301 45.862871 -31.110728 -113.347457 45.862871 -31.110728 -113.347457 14.558727 4.855281 -35.980768 -8.898572 0.058207 1.612741 59.387118 -69.485481 -43.095969 13.710256 -71.849414 -9.674245 -2.792540 0.457916 18.010595 -24.067261 7.322667 34.423490 78.487344 -33.435743 -27.625512 80.108008 -55.335021 -47.954268
-57.223231 0.458913 -141.312656 -80.304462 -21.313316 -25.154325 -89.904467 -2.148721 -2.153125 -89.904467 -2.148721 -2.153125 -71.528875 9.747498 13.524848 61.507996 -16.355279 27.176630 -35.377631 40.652306 -80.945844 74.093953 9.709954 166.817247 13.984210 5.585274 138.027465 13.984210 5.585274 138.027465 -14.025101 -22.460071 63.504503 32.977516 -63.894489 -48.763670 49.318042 -31.244521 -116.826485 49.318042 -31.244521 -116.826485 15.672539 5.579172 -38.815701 -5.150882 0.111409 2.383361 54.025162 -70.621879 -39.782365 6.054155 -72.834909 -4.538888 -1.535367 0.247872 16.739265 -20.175675 6.636526 36.669582 80.256177 -38.895012 -34.031736 77.629023 -60.649883 -50.796685
-66.401116 0.488820 -152.412988 -78.713051 -22.313547 -27.231810 -89.893639 -2.384603 -2.389555 -89.893639 -2.384603 -2.389555 -72.276665 9.779754 13.387050 61.963553 -17.026295 28.030456 -40.475045 44.444724 -83.139148 57.910621 7.061815 166.029810 13.181837 4.740915 140.714928 13.181837 4.740915 140.714928 -13.710952 -21.623784 62.022280 34.187496 -59.162758 -45.847116 52.460444 -34.199461 -115.952728 52.460444 -34.199461 -115.952728 17.069807 6.093388 -39.182387 -1.418230 -0.007814 2.911804 49.662815 -69.720997 -35.870209 2.313234 -71.749963 -1.694830 -1.896756 0.208155 14.611149 -19.159632 6.538105 37.592515 83.903837 -40.310958 -37.372812 73.209980 -60.276108 -47.506959
-68.125176 0.498539 -154.675344 -75.261296 -24.080273 -31.520522 -89.909603 -2.030566 -2.034848 -89.909603 -2.030566 -2.034848 -72.955723 9.986380 13.496051 62.156862 -17.809282 29.180238 -52.594234 52.427326 -88.710043 53.256952 5.256259 166.662203 21.055960 4.894128 145.991140 21.055960 4.894128 145.991140 -11.468345 -18.257251 57.519122 30.792269 -48.373169 -37.472039 58.951136 -40.932799 -113.948851 58.951136 -40.932799 -113.948851 19.000603 6.442368 -37.659037 1.526164 -0.112500 3.485068 49.220701 -65.413057 -32.620761 6.658436 -67.890109 -3.643874 -3.757332 0.345661 12.519405 -21.516956 7.093390 36.704107 86.049534 -37.291551 -35.816781 68.118867 -55.001188 -39.710199
-59.634131 0.493979 -144.206552 -68.407258 -26.095209 -39.317010 -89.876495 -2.068651 -2.077560 -89.876495 -2.068651 -2.077560 -73.122603 10.252225 13.806894 61.970441 -18.460593 30.341325 -40.919182 62.595382 -65.967909 36.432345 6.014156 123.133749 6.838124 6.106369 107.274639 6.838124 6.106369 107.274639 -7.056484 -11.250681 51.589079 22.079495 -34.073001 -23.401383 60.185333 -49.514032 -103.503983 69.091110 -49.514032 -113.133901 21.514920 6.451073 -33.926977 3.749033 -0.154666 3.540247 51.374422 -56.695651 -28.814953 15.650723 -58.735633 -6.737538 -6.843815 0.559872 10.739278 -26.131551 7.900565 34.138647 87.687587 -28.907814 -28.217561 67.087557 -44.464408 -29.901530
-51.369117 0.491273 -131.010720 -59.689707 -27.753264 -48.805216 -89.561120 -3.406952 -3.476668 -89.561120 -3.406952 -3.476668 -73.911222 9.919417 13.248799 59.793703 -18.424513 31.621597 -17.545224 71.304284 -29.156688 44.720580 9.226813 93.640972 3.633305 7.776509 81.546347 3.633305 7.776509 81.546347 -2.987199 -5.026579 46.586385 10.187320 -22.390324 -5.717724 57.589877 -57.078144 -89.719474 79.221351 -57.078144 -113.579729 23.008453 5.837944 -28.374542 4.587668 -0.124518 2.452517 52.734274 -45.439774 -23.572091 24.819013 -45.616778 -8.737669 -8.611641 0.606329 7.457261 -27.483267 7.257098 27.018122 80.649411 -19.816616 -17.502534 65.720424 -32.798457 -21.221292
-43.956467 0.493098 -115.977705 -52.286328 -28.812042 -56.688845 -88.524124 -6.538005 -6.914560 -88.524124 -6.538005 -6.914560 -75.207555 8.014393 10.703039 55.055666 -17.479514 33.171311 9.481013 73.797654 9.690741 64.273766 13.219950 80.517247 -0.473072 8.458916 70.489329 -0.473072 8.458916 70.489329 -0.153398 -0.507826 43.337788 -1.702402 -15.858417 11.137197 50.586934 -60.720273 -75.861041 83.117626 -60.720273 -112.491066 22.325604 4.688841 -22.295211 3.092725 -0.068124 0.832195 55.134168 -34.039293 -18.419564 33.130633 -31.021194 -8.615864 -7.411360 0.700773 0.067172 -30.333534 7.290898 21.875495 71.760710 -8.052087 -7.111380 67.135815 -19.500999 -12.455781
-39.476367 0.499783 -99.105062 -47.902640 -29.118933 -61.203021 -85.792568 -11.696432 -13.291775 -85.792568 -11.696432 -13.291775 -77.178017 4.434491 5.971030 46.751483 -15.847480 36.613588 24.767540 71.200741 30.563618 78.594610 15.266438 95.078414 0.468627 6.847594 86.561648 0.468627 6.847594 86.561648 -0.378903 -1.133314 41.161722 -2.010185 -16.896483 13.490416 44.456933 -58.419359 -71.068188 81.374291 -58.419359 -113.612298 19.669929 3.240982 -16.899421 0.131226 -0.002359 -0.750186 57.392123 -26.776796 -15.081831 37.363997 -20.573235 -6.947751 -3.597303 0.920437 -11.514336 -37.503640 7.012780 16.722325 52.195026 -2.134281 -0.578961 54.714251 -13.309774 -4.626375
-34.164784 0.500164 -75.872821 -49.853386 -21.807430 -49.731889 -81.170491 -17.663048 -21.791489 -81.170491 -17.663048 -21.791489 -78.789006 0.137328 0.412846 38.050201 -14.028212 40.738648 24.864376 66.199711 30.126767 89.064213 16.411207 123.969729 3.019876 4.608209 114.925273 3.019876 4.608209 114.925273 -0.665741 -2.113335 38.128341 -1.994390 -15.845496 14.314391 39.675465 -54.470749 -70.368710 72.845109 -54.470749 -109.631290 12.650236 1.395806 -15.338247 -12.608761 -1.338093 -2.809048 50.575046 -24.403231 -11.739086 33.242624 -16.503875 -4.621253 1.225070 1.056325 -19.251919 -38.497174 6.150254 12.340786 32.435336 -0.022944 2.818315 36.463518 -10.853388 1.070497
-30.886179 0.486171 -57.155201 -53.880248 -8.690226 -23.990780 -75.086573 -22.881067 -30.883037 -75.086573 -22.881067 -30.883037 -79.263652 -4.068945 -5.003143 29.952934 -12.448614 46.229984 4.500017 62.038153 5.772488 106.948195 19.945883 164.011882 20.835636 4.120881 155.008449 20.835636 4.120881 155.008449 -0.975450 -3.008978 34.411124 -1.753928 -14.210286 13.929569 42.470458 -52.579816 -76.319246 64.589236 -52.579816 -103.680754 4.781164 0.070856 -14.644677 -23.106736 -2.506830 -5.223956 43.540296 -21.263708 -8.927852 27.844207 -12.581501 -3.000111 5.240856 1.892218 -32.450322 -41.938357 2.904912 5.422561 4.906502 -7.467010 6.732551 9.363156 -14.991529 4.832167
-28.043542 0.463821 -48.368862 -49.794033 3.303718 -11.663222 -68.040280 -26.677311 -39.909659 -68.040280 -26.677311 -39.909659 -78.311288 -7.584242 -9.438489 23.375910 -11.108164 52.454413 -4.861410 56.623631 -10.501834 100.743473 26.014289 159.311661 19.202728 5.868452 148.993113 19.202728 5.868452 148.993113 -0.572276 -1.959221 31.314343 -1.483264 -12.986828 12.866000 45.068931 -53.063332 -79.364003 62.120382 -53.063332 -100.635997 -0.294619 -0.649653 -12.991822 -28.965044 -3.269789 -8.157876 38.941487 -12.155744 -3.394127 23.098097 -1.909308 0.203854 8.947587 5.447501 -47.842362 -41.609375 -2.763057 -9.992163 -18.928418 -15.770592 11.284437 -18.049373 -17.854599 7.385961
-31.865809 0.441590 -50.022481 -37.585069 10.418540 -17.477382 -59.534508 -28.430196 -49.267184 -59.534508 -28.430196 -49.267184 -77.589841 -10.317793 -12.875139 17.615948 -9.518041 59.433779 -6.260181 42.513317 -20.095542 94.718078 18.857936 129.773413 17.563301 4.944045 143.298784 17.563301 4.944045 143.298784 -0.333530 -1.180146 28.938623 -1.262339 -12.506315 11.497470 47.686547 -55.433029 -80.130079 64.036525 -55.433029 -99.869921 -0.993874 -0.796764 -9.438157 -26.799648 -3.124704 -10.733312 39.448648 2.674534 4.778712 20.920623 15.187974 4.924210 11.198047 9.452637 -66.220996 -36.760074 -10.708270 -33.489409 -42.201927 -25.510163 15.248205 -45.816705 -19.793009 8.822146
-38.050731 0.421227 -62.476619 -22.001025 10.352797 -39.811138 -50.936710 -28.430235 -57.866724 -50.936710 -28.430235 -57.866724 -78.058630 -12.931365 -15.829982 15.065024 -9.415604 65.719852 -3.843831 22.986806 -29.944961 78.692173 7.494959 77.562352 -2.858066 6.587243 100.085884 -2.858066 6.587243 100.085884 -0.326213 -1.309318 27.397673 -1.109673 -12.646710 10.088827 54.584393 -58.588940 -84.354254 69.310488 -58.588940 -101.673454 1.877659 -0.594112 -5.078812 -20.547249 -2.288192 -11.055682 45.525850 21.057544 14.305790 22.162308 35.498207 10.042425 14.172795 14.982516 -84.497132 -29.023362 -15.076822 -55.431061 -54.574356 -29.967979 19.064822 -60.366232 -18.222201 10.954164
-43.935482 0.410077 -73.768358 -6.833731 4.316466 -70.453367 -42.783739 -27.474428 -65.597306 -42.783739 -27.474428 -65.597306 -79.909780 -14.993753 -17.729789 13.029575 -9.420061 71.974290 1.937952 1.193182 -39.691474 61.881431 -10.505618 12.963965 -29.038360 7.012706 28.419046 -29.038360 7.012706 28.419046 -0.188961 -0.804681 26.086654 -0.727226 -9.150533 9.290984 62.692197 -60.368464 -91.328236 74.619427 -60.368464 -105.117115 7.847312 -0.057719 -0.787414 -10.776294 -0.863814 -8.934565 55.132901 36.426732 20.630825 25.191760 51.401155 12.527670 17.837867 21.498658 -99.948555 -25.503085 -15.927081 -71.956867 -63.758911 -34.731581 21.922906 -72.418771 -19.998911 14.306869
-45.987580 0.406870 -80.738250 1.429125 1.414075 -89.822187 -36.751540 -26.371506 -71.144481 -36.751540 -26.371506 -71.144481 -82.818943 -15.975962 -18.074382 12.638889 -10.124657 77.314260 8.419050 -16.193380 -49.446186 45.567671 -28.893944 -46.279990 -60.275770 6.848354 -58.266703 -60.275770 6.848354 -58.266703 -0.004322 0.359102 24.600902 -0.182616 -2.784308 9.076840 75.846428 -61.573280 -103.353886 83.287937 -61.573280 -111.871423 11.419543 -0.039758 0.334327 -10.226998 -0.556395 -6.124227 56.217242 44.532206 24.731997 23.472638 58.385696 13.177883 21.084828 26.545863 -103.495372 -16.334196 -13.678689 -80.558249 -60.555749 -36.004815 21.275266 -73.948498 -20.553958 15.444054
-45.702238 0.400471 -83.714568 4.555299 4.341447 -89.083615 -34.232730 -25.814555 -73.420317 -34.232730 -25.814555 -73.420317 -85.789322 -15.569730 -16.859784 13.027520 -11.180613 81.590879 14.710226 -25.668635 -58.046442 38.941009 -40.575443 -87.441996 -79.091894 5.853390 -131.153296 -79.091894 5.853390 -131.153296 0.362974 2.332122 23.113090 0.308127 3.406747 9.002384 94.039248 -62.511806 -119.300441 96.578238 -62.511806 -122.166048 12.932554 -0.130957 1.079809 -10.083896 -0.363921 -4.085348 53.703875 46.942109 24.877872 20.503690 59.514001 11.869361 23.348368 30.019158 -104.982022 -12.743502 -10.854123 -81.490757 -56.575412 -38.230789 21.143929 -70.418487 -21.710404 15.597413
-45.624004 0.394452 -88.205689 9.968901 9.009160 -87.141377 -35.537384 -26.223497 -72.296018 -35.537384 -26.223497 -72.296018 -88.151471 -13.564758 -14.154776 14.437721 -12.808935 83.735749 19.168471 -28.217852 -66.986049 49.178603 -42.152064 -98.418677 -50.442214 4.614543 -174.417435 -50.442214 4.614543 -174.417435 0.776115 4.356421 22.366483 0.604724 7.357793 8.393448 114.877022 -63.840293 -135.767541 114.877022 -63.840293 -135.767541 13.596024 -0.291555 2.379798 -10.052412 -0.335092 -3.777235 49.911403 45.765523 22.480595 18.028677 57.878071 10.110320 26.657661 33.457022 -103.863709 -10.565120 -9.122190 -81.577389 -52.261452 -39.480293 20.125125 -66.316497 -22.724327 15.257109
-44.545419 0.380541 -82.150019 17.095819 14.765629 -84.069586 -38.449952 -27.140857 -69.789678 -38.449952 -27.140857 -69.789678 -89.627863 -10.485750 -10.656080 16.071362 -14.286582 83.887478 22.244310 -29.772115 -73.124604 60.287705 -46.482790 -106.643004 -9.254452 0.107789 -130.885034 -9.254452 0.107789 -130.885034 1.103983 5.734049 22.338613 0.581078 7.651030 7.604275 88.195860 -66.301430 -102.668865 88.195860 -66.301430 -102.668865 13.853714 -0.497415 4.064620 -10.095959 -0.457348 -5.116788 46.813956 43.570496 19.785317 16.951825 55.981299 9.078201 28.423933 34.529727 -101.941855 -10.495940 -8.836879 -80.039795 -47.972183 -39.851234 18.396853 -61.948525 -23.513024 14.324320
-42.280348 0.355047 -69.612516 23.217085 19.412220 -80.935404 -42.833484 -28.283794 -65.908893 -42.833484 -28.283794 -65.908893 -90.361983 -7.082205 -7.066449 20.877509 -17.274736 80.657603 22.916898 -27.555902 -79.818766 66.589030 -44.112805 -116.105127 26.755814 -0.034438 -52.430221 26.755814 -0.034438 -52.430221 1.205762 5.785155 23.637760 0.273762 3.440017 6.117298 71.430774 -70.021340 -79.527273 71.430774 -70.021340 -79.527273 13.912033 -0.673932 5.508081 -10.228625 -0.609682 -6.747976 45.641007 41.883224 18.358766 18.210054 54.647202 9.472959 29.554091 34.550426 -99.626363 -10.270595 -8.313325 -77.756650 -43.545912 -40.652660 16.743546 -57.302490 -25.944512 14.137297
-37.954551 0.331673 -48.494583 26.488968 21.874658 -79.201910 -46.460556 -29.110390 -62.639326 -46.460556 -29.110390 -62.639326 -90.504749 -4.517614 -4.474018 25.254559 -19.441005 76.087698 19.498642 -21.771058 -86.139942 59.574910 -35.368312 -124.543291 59.389898 4.423434 41.159787 59.389898 4.423434 41.159787 1.267377 5.400489 26.017368 0.052036 -2.411787 4.362453 58.710259 -72.565367 -64.536669 58.710259 -72.565367 -64.536669 13.903264 -0.764281 6.262827 -10.632251 -0.766267 -8.175624 45.572231 41.276855 17.982119 20.341323 53.909645 10.404197 30.305529 33.783409 -96.398316 -10.463033 -7.924864 -74.311101 -35.543265 -42.837168 14.218509 -49.195555 -30.733973 13.893476
-34.015564 0.311710 -31.041349 26.741359 22.115903 -79.103212 -50.096021 -29.547292 -59.188249 -50.096021 -29.547292 -59.188249 -90.443411 -2.728888 -2.702985 29.127986 -20.598631 70.722014 15.325495 -16.104870 -91.055253 55.629560 -29.656806 -130.703791 75.508960 10.927208 117.573733 75.508960 10.927208 117.573733 1.534965 5.825019 28.994458 -0.031537 -7.747053 2.788702 69.416317 -74.237195 -75.691808 69.416317 -74.237195 -75.691808 13.489424 -0.734704 6.158226 -11.087725 -0.906550 -9.268896 45.940864 41.174798 18.095251 22.775497 53.411978 11.537955 28.962546 30.367466 -91.858895 -10.800527 -7.403446 -68.904743 -24.513096 -44.762816 10.144739 -38.611202 -35.733384 12.248143
-29.604912 0.287715 -19.800828 23.783481 20.132329 -80.937247 -55.105060 -29.240349 -54.043822 -55.105060 -29.240349 -54.043822 -90.246509 -1.242867 -1.227038 33.978234 -21.233087 64.376265 10.547153 -10.046370 -96.340968 44.141136 -21.114224 -135.693181 85.100581 19.057078 163.375423 85.100581 19.057078 163.375423 1.855838 6.324563 32.346276 -0.027969 -13.099576 1.180256 91.123625 -73.244380 -101.152546 91.123625 -73.244380 -101.152546 12.901941 -0.610256 5.288306 -11.480507 -1.042274 -10.298842 45.864021 40.982613 17.980898 24.468288 52.620683 12.217284 26.488538 25.551999 -86.038812 -12.329302 -6.793876 -59.885752 -9.307987 -42.770093 4.497282 -23.522523 -37.150085 8.055736
-28.252583 0.254108 -19.521526 18.969666 16.620541 -83.593088 -62.016441 -27.858633 -46.502129 -62.016441 -27.858633 -46.502129 -89.239926 0.793650 0.926638 39.173569 -21.156249 56.963808 3.055993 -2.555644 -99.466478 16.466691 -8.162921 -138.592725 101.312023 26.966631 156.822446 101.312023 26.966631 156.822446 1.819067 5.752755 35.607839 0.217825 -18.162640 -0.669029 124.941815 -70.811148 -139.680097 124.941815 -70.811148 -139.680097 12.340951 -0.447282 4.046012 -11.857277 -1.231635 -11.780984 44.862130 38.041123 16.319090 25.572406 49.773096 12.002645 24.075625 20.596771 -78.804929 -13.799386 -5.916775 -48.566332 6.120870 -39.757161 -1.002062 -8.126857 -38.157266 3.238290
-30.667078 0.214131 -31.187962 11.804164 10.578554 -85.935026 -68.656986 -26.163362 -39.098174 -68.656986 -26.163362 -39.098174 -87.511137 2.911252 3.240170 42.547561 -20.602869 51.261979 -6.269695 6.403461 -99.315950 -28.534941 8.550628 -144.994224 100.515920 31.587582 146.170255 100.515920 31.587582 146.170255 1.547980 4.550946 38.574788 0.556702 -22.291327 -2.267996 115.032894 -68.485979 -133.314725 115.032894 -68.485979 -133.314725 11.951780 -0.254741 2.414112 -12.367686 -1.436601 -13.154531 43.681728 33.929267 14.051978 26.027927 46.087005 11.153233 24.272310 17.377468 -70.902804 -14.259154 -4.757746 -37.551705 19.147655 -36.112308 -5.462611 5.357645 -38.024165 -1.440370
-36.163086 0.172848 -49.608279 3.062277 2.741645 -87.034076 -74.084145 -24.812606 -33.065905 -74.084145 -24.812606 -33.065905 -85.008778 4.472626 4.983549 43.905573 -20.093875 47.961213 -15.145020 16.028698 -94.725440 -79.381766 26.290872 -154.676548 82.218151 32.609513 133.110910 82.218151 32.609513 133.110910 0.936573 2.724052 41.392351 0.856440 -26.283836 -3.312634 109.865840 -67.165861 -130.048795 109.865840 -67.165861 -130.048795 11.791967 -0.056274 0.581007 -12.927305 -1.603179 -14.042082 43.637523 28.209251 11.463771 27.064787 41.424892 10.270940 27.094724 16.416306 -63.484123 -13.580697 -3.593707 -29.540265 26.661334 -34.119089 -8.076570 13.734678 -38.966009 -4.854714
-40.917224 0.147105 -66.916442 -7.750674 -6.589094 -86.095633 -76.345275 -24.128428 -30.507148 -76.345275 -24.128428 -30.507148 -82.138263 4.787659 5.448224 42.271445 -19.379242 48.066257 -22.903358 25.293434 -87.715318 -90.672301 43.694863 -119.116791 62.068191 31.015335 122.392790 62.068191 31.015335 122.392790 0.143862 0.591958 44.260977 1.158202 -31.295341 -4.062179 101.375314 -64.847971 -125.033758 101.375314 -64.847971 -125.033758 11.900527 0.164016 -1.573860 -13.611305 -1.699157 -14.173590 44.744100 22.910249 9.470608 28.499582 37.203896 9.698037 32.115570 16.920198 -56.465793 -13.310113 -2.924627 -24.693198 31.969006 -31.431857 -9.164850 20.902353 -37.615540 -7.077552
-44.327798 0.142490 -80.724272 -19.516449 -15.277998 -81.340656 -76.458768 -24.127830 -30.400926 -76.458768 -24.127830 -30.400926 -79.362159 4.000975 4.726454 38.722281 -18.474566 50.027776 -25.380272 29.781042 -80.373826 -46.710984 50.441457 -47.537605 41.370515 26.820618 116.411207 41.370515 26.820618 116.411207 -0.413454 -0.846386 47.190627 2.344915 -35.688381 -6.859846 91.769112 -60.923647 -120.720295 91.769112 -60.923647 -120.720295 11.738672 0.387842 -3.853152 -14.373817 -1.731682 -13.731039 46.591401 18.160792 7.777277 30.012836 33.534703 9.194074 36.156150 16.780736 -49.476320 -13.149378 -2.358879 -21.150486 36.121367 -30.552438 -9.977423 26.594162 -37.853363 -9.000543
-42.862999 0.158348 -85.682629 -33.356751 -22.158118 -72.174596 -76.644317 -23.995303 -30.149573 -76.644317 -23.995303 -30.149573 -77.095102 3.177585 3.960895 37.040519 -18.174615 51.087855 -22.469192 28.670124 -75.399197 36.115626 48.068347 43.771508 35.799422 21.465042 119.918361 35.799422 21.465042 119.918361 -0.621400 -1.294796 49.964905 4.321543 -38.084201 -11.939186 79.270718 -54.438477 -116.329718 79.270718 -54.438477 -116.329718 11.193570 0.604122 -6.417875 -15.139747 -1.673541 -12.649692 48.447806 15.265134 6.796777 31.090310 31.222071 8.839125 38.281900 15.774219 -43.295100 -14.511193 -1.932726 -16.251803 41.423878 -27.457333 -10.312855 33.755944 -35.750860 -11.002947
-38.568391 0.186622 -83.104337 -47.255941 -25.770809 -60.257713 -77.961422 -23.001508 -28.333183 -77.961422 -23.001508 -28.333183 -75.000810 3.046384 3.995865 37.433368 -17.755545 49.617028 -19.813643 26.617316 -72.709257 112.491181 45.045019 123.970992 33.960573 18.836388 123.502633 33.960573 18.836388 123.502633 -0.982772 -1.981349 52.353161 7.409078 -41.395430 -18.687206 68.812177 -48.363438 -113.414526 68.812177 -48.363438 -113.414526 10.383415 0.779925 -8.995785 -15.698811 -1.547259 -11.299132 50.021672 11.642496 5.363194 32.148617 28.084776 8.201614 37.669598 13.822434 -38.850271 -16.193607 -1.373406 -10.302351 47.458973 -24.150521 -10.542238 41.630021 -33.990678 -13.195412
-34.701430 0.210554 -79.065792 -57.582164 -27.414004 -50.773082 -79.237586 -22.042390 -26.575469 -79.237586 -22.042390 -26.575469 -73.701533 3.318416 4.447413 38.244565 -17.400123 47.775571 -18.035802 24.550489 -72.141465 159.197525 41.569064 171.748903 32.161763 16.841583 125.592102 32.161763 16.841583 125.592102 -1.135047 -2.181340 53.808353 9.928279 -43.378082 -24.073702 62.016675 -44.477986 -111.521579 62.016675 -44.477986 -111.521579 9.687322 0.895743 -10.908923 -16.125804 -1.445222 -10.242430 50.945577 9.280827 4.377418 32.786928 25.899737 7.714571 37.039645 12.502684 -36.034945 -17.151004 -0.868351 -5.887418 51.765537 -21.514474 -10.511551 47.338180 -32.393993 -14.658241
-32.189312 0.229481 -75.916541 -65.321271 -27.600139 -43.124167 -80.347293 -21.174224 -25.025807 -80.347293 -21.174224 -25.025807 -72.834751 3.535954 4.809000 39.158236 -17.162149 46.107281 -17.151980 23.586429 -71.669985 161.958786 39.843121 173.327371 32.338698 16.529752 126.762886 32.338698 16.529752 126.762886 -1.414392 -2.662318 54.782918 12.082589 -45.331342 -28.110582 60.886096 -43.191067 -111.992009 60.886096 -43.191067 -111.992009 9.041296 0.966547 -12.366129 -16.443542 -1.342377 -9.258270 51.630825 7.106642 3.437262 33.285165 23.771326 7.202021 36.096481 11.683868 -34.863427 -17.374465 -0.365010 -2.576053 54.774331 -20.952159 -10.808763 51.077167 -33.103515 -15.996417
