HIERARCHY
ROOT Hips
{
  OFFSET 46.82207107543945 -59.04210805892944 0.0010819640010595322
  CHANNELS 6 Xposition Yposition Zposition Xrotation Yrotation Zrotation
  JOINT Spine
  {
    OFFSET -1.2058248122533115 5.467524131139122 -8.225524720425408
    CHANNELS 3 Xrotation Yrotation Zrotation
    JOINT Spine1
    {
      OFFSET -0.8038832081688838 3.6450160874260717 -5.48368314695027
      CHANNELS 3 Xrotation Yrotation Zrotation
      JOINT Spine2
      {
        OFFSET -0.8038832081688767 3.645016087426086 -5.483683146950273
        CHANNELS 3 Xrotation Yrotation Zrotation
        JOINT Neck
        {
          OFFSET -1.2058248122533115 5.467524131139115 -8.225524720425405
          CHANNELS 3 Xrotation Yrotation Zrotation
          JOINT Head
          {
            OFFSET -0.9295318689611278 1.984565373924049 -4.50340492081725
            CHANNELS 3 Xrotation Yrotation Zrotation
            End Site
            {
              OFFSET 0 0 0
            }
          }
        }
        JOINT LeftShoulder
        {
          OFFSET 0.46457813845740503 4.005969895256889 -7.544616806424326
          CHANNELS 3 Xrotation Yrotation Zrotation
          JOINT LeftArm
          {
            OFFSET 2.5369226932525635 0.7219076156616211 -4.121867318948109
            CHANNELS 3 Xrotation Yrotation Zrotation
            JOINT LeftForeArm
            {
              OFFSET 4.607576131820679 -11.81911826133728 -0.8936822414398193
              CHANNELS 3 Xrotation Yrotation Zrotation
              JOINT LeftHand
              {
                OFFSET 0.6915509700775146 -11.635690927505493 -4.888880252838135
                CHANNELS 3 Xrotation Yrotation Zrotation
                End Site
                {
                  OFFSET 0 0 0
                }
              }
            }
          }
        }
        JOINT RightShoulder
        {
          OFFSET -2.0723445547951584 3.2840622795952683 -3.422749487476217
          CHANNELS 3 Xrotation Yrotation Zrotation
          JOINT RightArm
          {
            OFFSET -2.5369226932525635 -0.7219076156616211 4.121867318948112
            CHANNELS 3 Xrotation Yrotation Zrotation
            JOINT RightForeArm
            {
              OFFSET -2.9952138662338257 -6.997698545455933 9.291533380746841
              CHANNELS 3 Xrotation Yrotation Zrotation
              JOINT RightHand
              {
                OFFSET -4.614326357841492 -4.685533046722412 1.068349927663803
                CHANNELS 3 Xrotation Yrotation Zrotation
                End Site
                {
                  OFFSET 0 0 0
                }
              }
            }
          }
        }
      }
    }
  }
  JOINT LeftUpLeg
  {
    OFFSET 2.1851807832717896 0.3100275993347168 -0.8264350239187479
    CHANNELS 3 Xrotation Yrotation Zrotation
    JOINT LeftLeg
    {
      OFFSET 2.1056383848190308 -16.273707151412964 -0.5426528863608837
      CHANNELS 3 Xrotation Yrotation Zrotation
      JOINT LeftFoot
      {
        OFFSET -2.0275503396987915 -12.393641471862793 22.925514355301857
        CHANNELS 3 Xrotation Yrotation Zrotation
        JOINT LeftToeBase
        {
          OFFSET 0.8445554971694946 -4.20859694480896 -5.926468819379805
          CHANNELS 3 Xrotation Yrotation Zrotation
          End Site
          {
            OFFSET 0 0 0
          }
        }
      }
    }
  }
  JOINT RightUpLeg
  {
    OFFSET -2.1851807832717896 -0.3100275993347168 0.8264350239187479
    CHANNELS 3 Xrotation Yrotation Zrotation
    JOINT RightLeg
    {
      OFFSET -0.9887039661407471 -14.45702314376831 -31.3066978007555
      CHANNELS 3 Xrotation Yrotation Zrotation
      JOINT RightFoot
      {
        OFFSET -1.1222213506698608 -19.014567136764526 6.933662295341492
        CHANNELS 3 Xrotation Yrotation Zrotation
        JOINT RightToeBase
        {
          OFFSET 0.23304462432861328 -4.958255290985107 -8.707971572875977
          CHANNELS 3 Xrotation Yrotation Zrotation
          End Site
          {
            OFFSET 0 0 0
          }
        }
      }
    }
  }
}
MOTION
Frames: 450
Frame Time: 0.03333333333333333
46.82207107543945 -59.04210805892944 0.0010819640010595322 -0.0 -171.66010080159606 -7.7369042051270345 -53.82979999404575 -17.557516292045854 21.40234752559297 -53.82979999404575 -17.557516292045854 21.40234752559297 -53.82979999404575 -17.557516292045854 21.40234752559297 -54.51739616752593 -41.076585841063626 46.94808267148932 17.15122210847878 -173.36883787911435 -33.136835732059865 49.331528682049296 -131.60865479006898 -32.52210144083211 3.7541619802265194 1.465783908494692 -158.65408658127936 22.711939670701934 1.425446362667232 -176.31241199679997 36.71126398454819 -175.86226560031403 38.85616515487393 49.331528682049274 -131.60865479006895 -32.52210144083214 -45.3292293267456 25.656568568763664 -145.96391312226362 -6.560540733309155 6.5031781319556154 -135.06556734896847 19.77661607637906 -154.44705528202962 -35.665262591496564 1.8784003290450408 0.24313214689711668 7.376468265496617 -59.942911659208235 16.421756869076845 -18.804705429769655 19.640554486160234 162.58114271376164 8.442577723879406e-16 19.640554486160205 162.5811427137617 0.0 64.87529337001342 -8.385434404160112 9.247285078901976 -19.966119781755168 1.2286106065805458 3.5938940986569743 18.96833960497503 178.68068801700718 -0.0 18.968339604975064 178.68068801700718 -0.0
46.86883091926575 -58.3530455827713 -0.0010893680155277252 -0.0 -170.8888938041383 -3.6326810537400513 -50.613591878647284 -14.902683971348264 19.00028113825481 -50.613591878647284 -14.902683971348264 19.00028113825481 -50.613591878647284 -14.902683971348264 19.00028113825481 -56.17642420719028 -43.02693507385037 48.329735537926574 17.96041109040779 -173.68268116869464 -38.16652323733538 43.3057550636015 -125.86895956034576 -34.46449210542186 -3.8426398244647677 -1.5909166577324048 -157.48923780396518 27.74867742024799 1.0999115741725183 -177.63866457317346 34.02685294762117 -173.10440769909079 56.97485823875365 43.30575506360148 -125.86895956034573 -34.46449210542187 -42.278236750469766 26.969484467757624 -142.8961042056458 9.172649250365232 -9.852151500247013 -132.54891910125187 16.401342813427277 -157.44737913252632 -39.958300355467976 23.973652542882107 3.317684067418817 8.119613119765914 -60.43056089938403 17.583044225574184 -20.019012287682663 27.056803559458714 161.24007958918062 0.0 27.05680355945875 161.2400795891806 8.92856455846445e-16 61.20445241427308 -7.293625826447291 8.30928878174308 -16.961076541088733 0.977883704462103 3.3486160598400603 16.358261598666644 179.74392106336876 -0.0 16.358261598666644 179.74392106336873 -1.2948192345745143e-17
46.922892332077026 -57.24935531616211 -0.005918554961681366 -0.0 -169.41491213416677 -4.454347544701205 -45.610195584993356 -11.980768265005093 16.539238911014653 -45.610195584993356 -11.980768265005093 16.539238911014653 -45.610195584993356 -11.980768265005093 16.539238911014653 -54.7113125866701 -37.27943212631994 43.002316913865094 17.99454709417879 -173.870669859058 -35.6788787971513 41.087889426678814 -131.43741931697818 -27.16044273514842 -0.8867333526351837 -0.3951134690961183 -155.98186320945706 38.54701631450621 -1.2469556257771002 177.999466536067 28.353074262163197 -168.41970494672034 64.76020447357818 41.08788942667881 -131.43741931697815 -27.160442735148436 -6.934176053279331 4.49647706951601 -146.92078503074586 29.856340746995347 -53.99038391169026 -109.89114594203878 9.666405109863588 -162.47596130076457 -38.783155394109734 12.885267550629212 1.7461282470495405 7.784362537342355 -65.34019106709998 38.446919748971624 -41.14031320738217 38.466142011058565 156.8312321526945 2.031068097326308e-15 38.4661420110586 156.8312321526945 2.031068097326309e-15 55.17475048517197 -6.765618040204262 8.223319077852342 -9.052368033859123 0.31628963164142176 2.009462915980784 9.84730487455709 -172.03619263986826 -0.0 9.847304874557134 -172.03619263986826 -0.0
46.84622585773468 -56.45231306552887 -0.007196981459856033 -0.0 -166.94039404882227 -5.73729752881961 -38.84428159095211 -9.104132414688072 14.332182088405379 -38.84428159095211 -9.104132414688072 14.332182088405379 -38.84428159095211 -9.104132414688072 14.332182088405379 -53.83934188617873 -30.40774239933894 36.013592404798715 15.549156745194193 -174.01479981906886 -27.77862928919953 37.182299313581396 -137.6742108211547 -18.710120962798623 4.558375517404525 2.3699201668195577 -152.4917337940814 48.44572178254228 -10.314453507749185 166.33116826178508 23.935466960064083 -164.2739305651492 73.23327601621908 37.182299313581396 -137.6742108211547 -18.710120962798623 8.287161973279925 -6.955375385374778 -139.75574206705136 28.515624147633925 -59.8991612571461 -105.46929464354261 10.956471407721471 -162.57554128083333 -40.3642529916586 15.15521951647071 2.253115574514228 8.558485223668718 -64.59432518841955 46.36783007641627 -49.26622787207784 37.67681387256226 157.388496621397 0.0 37.67681387256223 157.388496621397 0.0 50.20510060310188 -6.1013421372589836 7.920250817146427 -15.562523270882709 -0.026899796285107663 -0.10026387220994862 8.475863267285419 -168.24023981953886 2.0097975996780036e-16 8.475863267285444 -168.24023981953889 -2.0097975996780036e-16
46.83964401483536 -56.388407945632935 -0.007907906547188759 -0.0 -161.93684829944408 -5.265570831828079 -29.642569134410653 -6.329753676041269 12.641172796479868 -29.642569134410653 -6.329753676041269 12.641172796479868 -29.642569134410653 -6.329753676041269 12.641172796479868 -50.04448355881999 -20.707674109558244 26.25025724367097 13.833691361048187 -173.66377138302775 -26.314546282698952 29.46934360132609 -136.671422920651 -13.071570432765213 24.513182258378077 16.515634361548923 -144.44848595396195 61.51457811090387 -32.521111084058326 144.04259533637372 12.054006859217367 -164.07158740075366 74.42922999028589 29.46934360132609 -136.671422920651 -13.071570432765213 9.247433148492757 -9.954470291131168 -132.4778332465864 22.722205620732407 -60.2513027239398 -102.44873649994237 10.055384968956643 -162.77950474606826 -43.6530404946746 15.020101052171697 2.33501164673771 8.941680679032773 -64.15794023856479 42.45845779030735 -45.47348292658687 34.182040813281574 157.50498367195974 0.0 34.182040813281574 157.50498367195968 1.922350472514905e-15 45.69965257269194 -6.050757472952509 8.424780609656908 -25.10369608005767 -1.3368556625422534 -3.1484443978266228 15.91544105452123 -164.6865356427896 -0.0 15.915441054521212 -164.6865356427896 -0.0
46.83760106563568 -56.512945890426636 -0.008361786603927612 -0.0 -166.20372166823404 -6.2440875615827105 -36.85268720308527 -8.314490406370828 13.694307507443158 -36.85268720308527 -8.314490406370828 13.694307507443158 -36.85268720308527 -8.314490406370828 13.694307507443158 -56.7638009338978 -23.41109242219616 27.36816146016132 12.204381745991443 -177.39298457661542 -31.69047510243283 33.71724982290789 -131.7801493803495 -20.827662305334698 35.52149981363044 30.210243470911838 -134.9386851363922 28.481881261957003 -78.22342431523688 95.67781012395831 15.289755822268592 -166.8450694843888 52.23096919414912 33.71724982290789 -131.7801493803495 -20.827662305334698 -12.640204814960859 17.052281294411905 -125.50501587941613 16.829651685518307 -56.938563616575074 -100.67293905477663 8.288499243934645 -161.06903939195058 -40.4093551499596 9.570415450148129 1.410013091897445 8.421333115068322 -63.149773538879515 26.03257627027639 -28.698849551195348 20.602566434001098 155.61012971137865 0.0 20.602566434001098 155.61012971137868 -8.494673985622521e-16 35.45656748050519 -4.383707022492442 7.528157473259746 -34.98385349477597 -4.237086803962813 -7.362812698675226 19.59648125767371 -159.67218895656057 -0.0 19.59648125767371 -159.67218895656057 8.440263186411856e-16
46.85957580804825 -56.6377729177475 -0.010753702372312546 -0.0 -163.64872668595535 -4.600402813618849 -32.61756092583565 -7.226982441362032 13.23825470345059 -32.61756092583565 -7.226982441362032 13.23825470345059 -32.61756092583565 -7.226982441362032 13.23825470345059 -50.52397476891354 -16.51749882682572 21.01582693824921 6.860205703650906 -179.17379869003673 -33.054690279081385 30.80990202027721 -132.30545765377866 -17.325166403251256 36.703870154355585 43.45778541290967 -122.24178833129055 18.121259577078668 -80.84421314719724 92.86980337527879 14.386220122441372 -167.498558439274 28.306120035213286 30.809902020277207 -132.30545765377863 -17.325166403251266 -1.8714568490033268 2.8079419041051823 -123.65706371264253 12.967310930154408 -61.58733741935305 -96.92150145892266 6.009485558566178 -162.23893768152897 -41.709677321093416 7.654768014310203 0.9109554887066175 6.807175401139488 -55.383874323247476 10.594537293160617 -12.804670929979176 11.941855758483472 159.03831366960452 -8.127276510156933e-16 11.941855758483502 159.03831366960455 0.0 23.13122272788133 -2.7426337285864593 6.952594240635574 -43.884408529392005 -8.980136674822049 -12.8421682649412 18.929395492685405 -156.01135758027104 -0.0 18.929395492685384 -156.01135758027107 8.405990672529577e-16
46.8588188290596 -57.77042806148529 -0.008430611342191696 -0.0 -157.4620750161751 -8.275049618434123 -24.252722554758602 -5.035134374100186 12.10624370980175 -24.252722554758602 -5.035134374100186 12.10624370980175 -24.252722554758602 -5.035134374100186 12.10624370980175 -47.23204179637638 -15.572262168389651 20.787797591552394 2.339046554841058 179.34865063627225 -28.83656370379002 25.191708302640873 -135.2063783246217 -9.881027542104757 30.37133847847648 42.90407117747909 -118.54686650735613 -35.103866437957365 -73.1328275496032 80.10951066571266 -8.175886797864672 -161.95320987865102 37.372567469328416 25.191708302640865 -135.20637832462168 -9.881027542104768 -3.3504257044004637 5.527490853780056 -121.1283110225962 6.925160015421471 -60.059201816761174 -93.97262509808665 6.486153729069293 -157.83917238586622 -46.46941169371041 -11.882051478683252 -0.8870314081895367 4.300369077156102 -62.46600732972255 2.3652971486397605 -2.6670060251131176 18.63605897167676 162.4462827150846 0.0 18.63605897167673 162.4462827150846 8.391367180900733e-16 17.660136094287815 -2.1233358062729453 6.967810101968614 -49.20262139894391 -14.110271904672633 -18.368958205784676 18.14295607715216 -154.77435933007825 -0.0 18.142956077152128 -154.77435933007825 -0.0
46.83388024568558 -58.446311950683594 -0.00958312302827835 -0.0 -135.92408033710439 -5.745057598264302 -11.00172275952156 -2.1790994434273627 11.27618305283308 -11.00172275952156 -2.1790994434273627 11.27618305283308 -11.00172275952156 -2.1790994434273627 11.27618305283308 -43.52893136537868 -14.008595185456144 19.912790784964365 1.6176008965454929 -178.41336712474566 -19.604779460366927 15.682880188156194 -132.86706445400114 -0.8270780559341491 10.924513017166438 23.64468761107185 -113.40601848744716 75.81692080261122 -70.13527062113778 109.30462511886498 -5.272186784374637 -168.22318262826445 45.55043461405266 15.682880188156194 -132.86706445400114 -0.8270780559341491 1.7311348838208656 -3.3265210004878454 -117.46270732234096 5.8211530785816015 -59.18644597859484 -93.46178178489728 7.8440907992716875 -154.63016378916993 -48.42682110208653 4.7021743150307795 0.06170671711258531 0.7526952131898461 -70.85211656370295 -21.404668293226212 22.535838864545855 45.71549030740132 169.5906520490829 0.0 45.7154903074013 169.59065204908296 -1.1388053300798831e-15 19.969853700333314 -2.679739963017061 7.803494352101566 -45.81422839550496 -13.462598294243424 -18.46087274597738 18.449961010364188 -152.79375937886581 8.382229883041189e-16 18.449961010364213 -152.7937593788658 -8.382229883041189e-16
46.83486670255661 -58.522072434425354 -0.00794045627117157 -0.0 -134.801615213897 -5.269237015119386 -11.065952562499943 -2.3023601208293862 11.83068757383174 -11.065952562499943 -2.3023601208293862 11.83068757383174 -11.065952562499943 -2.3023601208293862 11.83068757383174 -48.37176711982433 -14.679950916490261 19.31437493924764 1.4571816974673037 -177.29204289033675 -10.06922759634637 16.10490967781517 -130.63819353163282 -1.1568004615437737 -20.500381525133935 -61.25203429038141 -100.87502328373795 -44.806833074758046 -70.07349917837453 -104.33101567235877 66.57100692190309 169.06014059546706 63.04440428171681 16.104909677815172 -130.6381935316328 -1.1568004615437795 -11.671083968193319 23.05965327153803 -115.41690099721748 2.7999478018687483 -33.05427483421095 -94.29284982394432 16.38684020138609 -136.53398049023707 -41.369531248419705 17.80681641645382 -0.8112384793846827 -2.651049432798291 -66.99152180036613 -57.86969680893641 59.96891247355816 61.67405308537792 172.5511782790841 0.0 61.67405308537795 172.5511782790841 0.0 24.57514701218759 -3.9067108374479758 9.325065100693907 -40.09166020970916 -11.800491249899423 -17.9732438141138 18.469401071180123 -148.48359939069513 -1.6766358623802431e-15 18.46940107118009 -148.48359939069513 -0.0
46.85594290494919 -58.473384380340576 -0.01233275979757309 -0.0 -139.76320727534545 -5.59249260520775 -13.297024003525019 -2.8307671503219094 12.133075491402982 -13.297024003525019 -2.8307671503219094 12.133075491402982 -13.297024003525019 -2.8307671503219094 12.133075491402982 -44.6294023447615 -12.34424241562113 17.30254122051916 0.061400887459784906 -177.51412380894158 -12.51550550524439 17.51824071078208 -127.11165686921741 -3.865485209447824 8.065042196964342 14.02016719359727 -119.32982997815523 18.608536823737825 16.67809737413474 -136.80549523823072 15.950660757374425 3.8632174620558026 121.01735256796111 17.518240710782084 -127.11165686921741 -3.8654852094478267 -5.5537653251457275 8.322334947316785 -123.48844761153929 6.626120934964005 -54.850855876947904 -94.64481712412204 10.043036551798183 -156.92354120683487 -42.408268845125015 20.783036942620146 -1.3261798568692216 -3.7328827899446977 -64.26150072833326 -59.75252557177916 62.28843158835282 62.80756336398401 172.61454698574323 0.0 62.80756336398396 172.6145469857431 0.0 24.501776661706586 -4.4613185400886355 10.65464103895739 -33.78925873903996 -9.60225310201648 -16.919766201752903 18.995867221446655 -147.622649577263 -0.0 18.995867221446716 -147.622649577263 -0.0
46.88439518213272 -57.925811409950256 -0.01037605106830597 -0.0 -164.04904913082493 -6.7979733952140515 -34.56191380410901 -8.218138972157076 14.283243215406445 -34.56191380410901 -8.218138972157076 14.283243215406445 -34.56191380410901 -8.218138972157076 14.283243215406445 -46.18523068083596 -13.728509168085916 18.704201296398356 0.963214066146102 -178.30126513694358 -14.387342966190673 32.02804177967571 -129.9915792922011 -19.722221367616946 4.406563804633338 5.972482664722298 -126.29401809912817 39.49789357399224 30.470210806414556 -137.23123287201614 39.91078065161029 173.43543100423165 14.376794879946104 32.02804177967571 -129.99157929220107 -19.722221367616953 -21.530565445144415 33.04276933698517 -119.43187148659962 6.795007583425458 -35.34286388274292 -99.47203623380058 16.416036721819815 -156.18297443217082 -43.88568805896606 15.126973194035845 -0.803046225565197 -3.0745360068687315 -65.54600816289877 -50.41538963987398 53.03309176839279 64.09831784262309 174.01290071809314 0.0 64.09831784262306 174.01290071809305 9.101274518959054e-16 29.250054986648294 -6.461500429766833 13.049830481889662 -34.35452229771769 -11.380594928958665 -19.630676565234214 19.525113579256143 -149.93643686730425 -0.0 19.525113579256196 -149.93643686730422 -1.6873057067253666e-15
46.8566358089447 -57.213932275772095 -0.01027379184961319 -0.0 -168.59949120640434 -7.902358061804608 -42.623677232032335 -10.387033435674459 15.145986198308881 -42.623677232032335 -10.387033435674459 15.145986198308881 -42.623677232032335 -10.387033435674459 15.145986198308881 -44.40277226171018 -13.975194952096878 19.579430592223925 2.263520685874874 -179.08237838147292 -14.418037103816948 39.859160620381914 -135.9949599595538 -22.29096873517156 -1.8357018850327256 -1.5054482477775526 -140.63375137054953 35.200313505310206 17.664514820114608 -151.0810930603425 32.28427113942972 171.7102803967481 38.707628096743484 39.859160620381914 -135.9949599595538 -22.290968735171575 -7.045360079567992 6.97212403281009 -135.08522784008122 30.004416977647583 -47.47405503579888 -114.63824983603736 17.11890857380812 -166.24699992505316 -53.22342887809924 23.629547529949956 -1.0667823231712557 -2.6598845579593986 -55.94528630336805 -18.66322568792334 22.179853966928835 41.091921411672054 178.4301733198763 1.3188022667900758e-16 41.09192141167201 178.43017331987625 0.0 32.393133057127585 -9.553310767289394 17.440215082707663 -31.2272614964704 -12.047567505728594 -22.37556480109392 20.993986829464355 -149.91422199477418 -0.0 20.9939868294643 -149.91422199477418 -0.0
46.81927561759949 -56.95139467716217 -0.009767524898052216 -0.0 -170.6189351829217 -8.36013922159161 -45.26429149375705 -10.146673242287779 14.140762502663623 -45.26429149375705 -10.146673242287779 14.140762502663623 -45.26429149375705 -10.146673242287779 14.140762502663623 -45.76346938405625 -13.604839930904756 18.66444274923322 3.2607942087173307 -178.19245290485577 -16.17729758067312 42.6087113829753 -139.81872019564813 -21.97748611786383 -7.149160420559854 -3.763666110122159 -152.14006782402106 34.41153453779505 14.038844645377573 -156.13257352896804 30.234736111880057 173.73998986150852 60.35014776292939 42.608711382975294 -139.81872019564813 -21.97748611786385 7.535123643120187 -4.109839118947819 -151.27991393790387 39.05006352065117 -51.8531773935836 -116.32686705659845 22.409077097989726 -168.91381691618386 -67.29039838372803 52.270328511441065 -2.33316873442511 -2.9490170030996 -42.260558381978676 -6.7867352878598 10.0353218664327 22.17170422313679 -178.96409321466803 5.366425946516404e-17 22.171704223136835 -178.964093214668 0.0 41.195423756011536 -16.040758095507485 23.582999445406198 -34.07919252632589 -15.355511374114663 -26.108560011423645 14.968233436136629 -151.6519967462729 -0.0 14.968233436136648 -151.6519967462729 -8.230659778953406e-16
46.5951606631279 -57.04012215137482 -0.013072043657302856 -0.0 -172.7757552210782 -9.423048088853557 -47.9811324681942 -9.298508522313927 12.428468242281497 -47.9811324681942 -9.298508522313927 12.428468242281497 -47.9811324681942 -9.298508522313927 12.428468242281497 -45.56886298007035 -12.07204010308281 16.672987580711577 5.476433446525542 -179.769146943175 -21.83808242697781 46.976049073084475 -150.52433888613888 -16.652404546005936 -33.71917366842119 -13.960470704963923 -155.87619055287922 -6.990830299771461 -2.08398762675608 -163.35460718317412 40.834225534229624 174.34338862153908 70.87113430961077 46.976049073084475 -150.52433888613888 -16.652404546005936 -2.68602909246455 1.0051115075597672 -159.4753416350318 38.953563912288566 -32.55440055784086 -134.56068910548439 28.09363730234312 -166.86660754557704 -73.88288214449935 60.72285806271703 -2.4453976820906216 -2.8029702546146207 -36.259429321412284 -4.1518118383953855 6.997126754977169 17.483802759129773 -176.64731074928855 0.0 17.483802759129816 -176.6473107492886 0.0 44.13570841402749 -18.573744907615783 25.759532841718695 -39.515439291474316 -21.293917624553977 -31.48983760855642 11.498811554410908 -149.05573198851852 8.114249097545279e-16 11.49881155441086 -149.05573198851852 -0.0
46.426619589328766 -58.53427052497864 -0.014152750372886658 -0.0 -173.6347330563405 -8.98966015569364 -46.960171721977765 -7.525591023704503 10.245625968356407 -46.960171721977765 -7.525591023704503 10.245625968356407 -46.960171721977765 -7.525591023704503 10.245625968356407 -48.734333703994054 -8.606291210603391 11.384394202762047 5.233908275208799 -179.55944581860217 -15.539461256954032 44.00063430269471 -144.72968991390988 -20.98462590541909 -22.34008579909952 -5.570959196136081 -165.6077506206875 22.751460641035766 6.492819882611276 -163.6018376460303 56.551145571240816 172.9300233946389 69.56405391962734 44.00063430269471 -144.72968991390988 -20.98462590541909 -3.532106267021858 0.8752228740236492 -166.07344223103772 41.67484843747203 -31.527202275440054 -137.30467139067295 29.12173509635266 -171.8936620692268 -76.9631134302345 67.83835515505838 -2.3310272643583496 -2.5167426081396362 -22.32383684517049 -1.7645136741010528 4.636720826710941 11.767990532882067 -174.116674859066 2.030525308814145e-16 11.767990532882042 -174.11667485906602 2.030525308814145e-16 51.11697033486187 -25.38193946743994 31.362100372408126 -42.32959204564391 -23.433415416315054 -32.76741335817879 10.515611115896375 -150.559586415989 -0.0 10.515611115896379 -150.559586415989 1.6174419249399294e-15
46.109096705913544 -60.78798174858093 -0.013707391917705536 -0.0 -175.75803213057887 -7.5298181654221965 -47.448143315467156 -5.103460586897611 6.9124309207779495 -47.448143315467156 -5.103460586897611 6.9124309207779495 -47.448143315467156 -5.103460586897611 6.9124309207779495 -44.82177159148656 -6.596587378937985 9.316714996154996 5.8400195286848176 -179.40678472837877 -14.754872114332152 43.45444752692858 -144.8750082283647 -22.359801708327705 -11.774926700436344 -1.9627424936676041 -170.4670897325498 32.89668954636528 4.991538865140094 -170.86450043379062 33.20865329184163 -178.01316543061702 75.68043594492256 43.454447526928575 -144.87500822836466 -22.359801708327723 -0.6948817652527359 0.1353315725668901 -168.97904129242843 44.48115807996205 -19.22899240725212 -153.53532309902639 34.24458899019616 -173.78580135171114 -77.1013229901362 70.3567053567307 0.1019469459351332 0.10824647605722172 -27.45745307387638 -1.3800917895599825 2.990967598322984 12.70710891560865 -174.85016748926517 0.0 12.70710891560867 -174.85016748926515 0.0 51.3200780703889 -22.075808373914743 27.452959826682953 -44.89460245462521 -27.594284744524753 -36.52057059351811 11.762593577079258 -149.2783761037235 -0.0 11.76259357707921 -149.2783761037235 -0.0
45.74230760335922 -62.91557550430298 -0.011078640818595886 -0.0 -178.19623861421 -7.17793049513568 -53.31109557507923 -3.263184876046255 4.066921966742863 -53.31109557507923 -3.263184876046255 4.066921966742863 -53.31109557507923 -3.263184876046255 4.066921966742863 -46.04699716477476 -4.8223259583426366 6.683894770557724 5.998643071505832 -179.93706246200793 -3.0899318927358705 48.79733087725208 -146.15728880122492 -25.213557279735294 -5.493231252086101 -0.6612341199865129 -173.1254580650936 33.4080068315925 0.9919146029921709 -178.1988891970242 34.79426610764177 -177.50252626036084 77.48746929871355 48.79733087725208 -146.15728880122498 -25.213557279735255 4.115778166210083 -0.5754775496224527 -172.0333497599315 43.60623888809196 -7.7324409373256895 -168.86253093848399 32.591279489852816 -178.7958093390304 -71.88794229598061 73.30519676481214 1.789363589643138 1.8680523833109839 -18.444946983970357 -0.655729511278187 2.0717010199917145 13.563255435305392 -176.3350426977982 -1.0224374829074627e-16 13.56325543530537 -176.3350426977982 0.0 51.875407149609345 -21.710134588669952 26.84510254553684 -52.00747434397483 -40.20553078953201 -47.00361138781719 11.56825418777274 -151.66174932266722 -8.116256190473682e-16 11.568254187772736 -151.66174932266722 -0.0
45.6816166639328 -64.49581682682037 -0.009676255285739899 -0.0 -179.42219462884836 -8.263241256699432 -51.60511516131617 -0.9204564916983357 1.174364345384787 -51.60511516131617 -0.9204564916983357 1.174364345384787 -51.60511516131617 -0.9204564916983357 1.174364345384787 -44.32867860257459 -3.3810215473708873 4.832640285813856 5.659066375289739 179.29873530943857 -5.291639310095975 46.030480255757844 -144.62668694853582 -26.570884594808714 -5.860254536327503 -0.48260315089460964 -175.28391413792764 31.17511851716347 -1.3293174639700076 177.4332997336952 37.32463920741941 -176.38475104285308 80.81965621050496 46.03048025575785 -144.62668694853585 -26.5708845948087 -2.2078354463163206 0.1779801423378082 -175.39003334697315 39.108224025178544 -3.403636663588259 -174.61371172238123 32.98014168039974 178.8936650075209 -77.78140883295814 73.92638740505478 -9.496915443827346 -9.875821877518487 -25.851068749547487 -0.7465464333610743 1.7117187829388238 18.2866596032644 -175.70962796560448 -2.0935752403474456e-16 18.28665960326447 -175.70962796560448 -4.187150480694892e-16 51.32831869343459 -18.20456045753198 22.84232562630585 -53.55219255194497 -41.732979703519355 -47.95613332916257 11.944816740345987 -153.19565764681533 -0.0 11.944816740345962 -153.1956576468153 -0.0
45.51739990711212 -65.96071422100067 -0.008453335613012314 -0.0 179.08217731498394 -6.299695852284019 -54.45552409252334 1.800274552954321 -2.2121799331459657 -54.45552409252334 1.800274552954321 -2.2121799331459657 -54.45552409252334 1.800274552954321 -2.2121799331459657 -40.78381141533238 -1.2791979201897332 1.957898603933521 4.847319232175574 178.63248296941913 -3.8231961668558005 53.98269966598019 -169.92370960266038 -8.930219218628157 -3.8914517804387527 -0.11557437712290862 -178.2975309040554 30.187102630472065 -1.6829003483254645 176.65595125657887 40.076646689923116 -172.79670473023785 91.84921064142482 53.982699665980206 -169.92370960266047 -8.930219218628103 -1.5450144120393454 0.05444435394453589 -177.98155927953925 28.760621023950726 -0.10840746112841848 -179.77469241803243 32.605174710662084 177.08306196050114 -59.217651614397546 75.08807660524238 -28.127064916973502 -28.950816481869346 -31.647627330101045 -1.7357813031622633 3.305520226412897 21.98194320601358 -175.69208103019085 2.1436888556415518e-16 21.98194320601354 -175.69208103019088 2.1436888556415508e-16 43.29642520635737 -11.246277662251652 16.16989911680148 -53.08150669981269 -71.55729694972747 -75.0712306236013 18.12750914656808 -156.1843886788854 -0.0 18.127509146568112 -156.18438867888534 8.366653339398845e-16
45.52967995405197 -65.22814929485321 -0.008509960025548935 -0.0 178.5961152078778 -2.483850874148353 -66.23346654542053 7.344364708474228 -8.016437087562737 -66.23346654542053 7.344364708474228 -8.016437087562737 -66.23346654542053 7.344364708474228 -8.016437087562737 -36.28350368982239 0.6647253192605704 -1.123168642607435 6.297287428750957 178.8694128406996 4.2527794047114975 65.20351809264443 -161.80777594441784 -17.910040043401366 -8.648553677755785 0.07580148772470137 179.49592357716713 25.566736030358374 -0.625813568940326 178.5501394471172 34.921990871982025 -177.5012864008311 79.4509553061956 65.20351809264443 -161.80777594441784 -17.910040043401366 4.955342161112034 -0.05316136255373754 -179.38458218038775 25.773932745649343 1.3844479299877461 176.81870762232535 30.09008725344059 170.2224756212405 -59.533782778587 72.05300634116323 -30.931578270013002 -32.206228193530976 -43.35293010051786 -3.986092514769777 5.7960138850274285 23.072179228731823 -176.67769720657216 0.0 23.072179228731887 -176.67769720657216 -2.1606749755780865e-16 15.23929671442944 -2.915658498030401 10.966128372084748 -47.09816705816571 -77.51723967442157 -80.78882630509115 25.868598620082544 -151.09720350845944 -0.0 25.868598620082523 -151.09720350845942 -0.0
45.38518935441971 -65.98698794841766 -0.010529346764087677 -0.0 177.50139671071415 -2.0318360189519815 -64.69610732372067 11.601016190224248 -12.793556507031242 -64.69610732372067 11.601016190224248 -12.793556507031242 -64.69610732372067 11.601016190224248 -12.793556507031242 -36.42969191241811 2.0585546707473013 -3.4638041934140507 6.838020948591165 178.63210453281187 0.17276019877283008 58.78658970047305 -141.67590159757688 -36.45763711337188 -2.6353547986434243 0.0768503992283499 178.32906358444737 27.08126344755983 0.3853415148685868 -179.15361646675308 38.49933987597101 -176.7105754235823 82.16985042265746 58.78658970047305 -141.67590159757688 -36.45763711337188 8.955729256867144 0.08388087536145983 179.46118209642955 29.242786882318004 1.5581997104349798 176.81281531231807 34.62558619367383 172.44974462258133 -54.53186880637644 72.01820945148988 -35.249797154872766 -36.61300454036092 -42.67762124258387 -5.067960827675408 7.453501022404859 24.36834396993668 -172.57659476860263 4.364520817692465e-16 24.36834396993671 -172.57659476860266 -4.364520817692467e-16 11.602330323458068 -1.8988824036049552 9.360914672392685 -17.903660604590865 -83.16953662853533 -87.8911450865922 28.695903743417997 -150.90408013239244 -0.0 28.695903743418008 -150.90408013239244 1.8129419786656626e-15
45.35643458366394 -65.47114253044128 -0.006291177123785019 -0.0 176.6981972751787 -1.8040804796930452 -64.19381127197992 15.040750878254224 -16.61922600187165 -64.19381127197992 15.040750878254224 -16.61922600187165 -64.19381127197992 15.040750878254224 -16.61922600187165 -36.99967440217072 2.762301521830116 -4.583741136975116 6.788210658246697 178.17666029600878 2.6932175817914406 61.815332913190794 -152.2333731548828 -27.970550448016198 -8.23061534450733 0.36492178374773937 177.4525575838432 26.643445494597252 3.792819474478039 -171.5906670178292 35.20387441922033 -178.4309020481782 86.58744045188097 61.815332913190794 -152.2333731548828 -27.970550448016198 18.242415555980013 0.2438270807195904 179.22113780306393 32.07801926994123 0.6104907926068281 178.85056977852165 39.04549695772118 173.68341902062073 -70.54439646245987 70.40845812588307 -35.0822811803132 -36.704885809494726 -40.54919173830245 -5.499054166039656 8.423620962278617 26.06332247410361 -173.76255096570875 0.0 26.06332247410356 -173.76255096570873 -4.425752476150748e-16 9.11811888421791 -1.4281360373414491 8.940596964103268 -18.756499869758912 -83.42696423847906 -87.87811029010477 33.23722140946423 -149.80195193937413 -0.0 33.237221409464276 -149.8019519393741 -0.0
45.17089128494263 -65.2335524559021 -0.006890343502163887 -0.0 175.44120728493135 0.4655325780307194 -61.961928114634965 17.615015118434535 -19.784990255790287 -61.961928114634965 17.615015118434535 -19.784990255790287 -61.961928114634965 17.615015118434535 -19.784990255790287 -32.36518646878597 2.274067562602379 -4.242564048665533 6.54473458920139 179.0280561901318 2.6568666890079595 61.58813458246495 -160.29423925259385 -21.627196390434122 -7.679203763239785 0.15321914489806268 178.85352773682214 21.115001127584854 5.756053420336814 -164.36749798596156 37.10047252201284 170.5778658795903 84.35476996413826 61.58813458246495 -160.29423925259385 -21.627196390434122 16.98728954272586 -0.14635484179667774 -179.49907018167667 33.40695767171731 -0.7290846103095351 -178.6759574077603 34.967014386405886 172.1390383681414 -52.00212703670187 68.84444594619916 -30.597810901312197 -32.37801977622094 -37.5306949670932 -5.500939246325577 8.983479598217487 26.38781261027983 -173.87818392527117 -4.438117113432885e-16 26.387812610279795 -173.87818392527117 0.0 12.852690848999648 -1.9751054953317628 8.812431397947426 -25.7564211464642 -82.01604757402984 -86.51228672116788 37.27752258620627 -151.40935063820908 -0.0 37.27752258620626 -151.40935063820905 1.9985610821863517e-15
44.788774847984314 -64.86974656581879 -0.009048404172062874 -0.0 174.20851939775505 -3.2739854900878465 -60.74680469596953 21.150609547511085 -23.9141670165263 -60.74680469596953 21.150609547511085 -23.9141670165263 -60.74680469596953 21.150609547511085 -23.9141670165263 -31.326881507824947 2.6441451557357443 -5.075969377976433 5.797711007421872 179.03657665007267 3.75343916085478 63.14338058210275 -176.20752726224376 -8.566465664539795 -15.893737172069669 -0.4652548692280251 -178.3015451732245 28.92478798780798 12.355211827465086 -155.63473869713795 20.512394163176882 167.75197394658886 69.1748590369888 63.14338058210275 -176.20752726224376 -8.566465664539795 18.30541963790468 -1.0952043663517181 -176.5168739479867 31.699676234869997 -1.430605879300899 -177.27893902973156 31.275882935963512 172.7196181742165 -41.793128364474896 69.39368781456827 -24.0575494025897 -25.49869108774373 -36.715480342925254 -5.726153904814071 9.521432617352046 25.410542629226377 -171.20345812531247 0.0 25.410542629226413 -171.20345812531244 4.4015116452541556e-16 6.268578470864155 -0.9106783556347496 8.282886048163984 -35.98057253588319 -80.38874093813608 -84.31840860191595 33.80432538926074 -152.92379061212236 1.913823635766161e-15 33.80432538926076 -152.92379061212242 -0.0
44.25209164619446 -63.822296261787415 -0.009296461939811707 -0.0 173.15656457900116 4.330734291836294 -59.69673097937856 23.965213654419557 -27.241517703765638 -59.69673097937856 23.965213654419557 -27.241517703765638 -59.69673097937856 23.965213654419557 -27.241517703765638 -37.85238767583761 5.275384899610308 -8.557201143088019 6.071954615378846 179.0404704738319 14.360852103846918 62.13143123641769 -168.51858468209315 -16.319387479378268 -18.628806661822857 -1.5962634907130209 -175.01419523257732 31.620975142124994 22.330872005580737 -141.9231796881481 17.389770778898992 165.5988584789671 61.88643286542036 62.13143123641769 -168.51858468209315 -16.319387479378268 16.92290493474504 -1.6154235061286704 -174.4661322993207 33.6668684680842 -1.6054389606705028 -177.10570085247073 32.348274888954236 175.90701563444014 -27.48750270984176 67.68974621691075 -9.556296205040791 -10.313553706858285 -34.5553386641685 -4.818884283055604 8.454085741440993 23.650340289104335 -169.51809826822623 8.680452456414135e-16 23.650340289104317 -169.51809826822625 0.0 -7.189258801048349 0.8375791655260348 6.663026776897176 -41.03057673018384 -79.58146266017532 -83.11753263995287 33.25163394925827 -151.70701447535674 1.9016302785418076e-15 33.25163394925832 -151.7070144753567 1.9016302785418092e-15
44.00750398635864 -61.4838570356369 -0.008835550397634506 -0.0 172.66993175578202 10.231966284781443 -59.42310686705933 25.909507173156793 -29.43333408668902 -59.42310686705933 25.909507173156793 -29.43333408668902 -59.42310686705933 25.909507173156793 -29.43333408668902 -41.00644415485788 6.874885529768153 -10.412132785066916 6.5530405038443895 178.393759790653 15.530250076749399 62.77441025694023 -171.17637826256262 -14.443232480622866 -5.11579208162315 -0.6724323415987593 -172.50164309524067 39.59421752074799 35.803984529845714 -131.4629399382701 12.058456275003467 165.5945346700561 65.70936246763596 62.77441025694023 -171.17637826256262 -14.443232480622866 13.713489020950936 -1.7537438640572764 -172.64075189268834 31.664937179631355 -1.7231588964665507 -176.72008298497937 29.547255538158478 175.11141058181994 -34.17593745968767 60.257079478160854 -2.762646848039456 -3.181015050753364 -29.124425194113595 -3.5508850214625185 7.2658757596417995 24.477254461174756 -170.52146039081242 0.0 24.47725446117479 -170.52146039081242 0.0 -15.618059861814759 1.744391296769192 6.453912231597405 -61.39363367274731 -56.07518219242333 -59.43829872720681 27.9843903245113 -154.26716441475855 -0.0 27.984390324511345 -154.26716441475855 -0.0
43.638743460178375 -59.166982769966125 -0.009443331509828568 -0.0 172.19716070242936 7.693471305381337 -59.308552002607534 28.610414161218255 -32.38699846479371 -59.308552002607534 28.610414161218255 -32.38699846479371 -59.308552002607534 28.610414161218255 -32.38699846479371 -41.44332527365702 6.968125464596688 -10.462158553091218 7.809824844703712 177.55231299733074 17.425599434746662 64.4308506264808 168.90241358000057 2.9726862898113717 3.851795222967514 0.6197323546018894 -170.85264012420285 40.60810320517058 46.023832258956396 -122.12989124780438 17.765794393043354 167.28549375423088 67.1800808385869 64.4308506264808 168.90241358000057 2.9726862898113717 11.622473644217795 -1.8534706637093488 -170.8746443071539 28.36725222457324 -1.5199965431908038 -176.80339473664623 35.03661738594842 176.25371602327152 -44.93614575472808 43.32569718729164 0.8240522405463081 1.200895954666541 -27.057216659591752 -2.707725070885468 5.935722190097877 23.0261972779175 -179.71787613560568 0.0 23.026197277917543 -179.71787613560568 -1.349960809987725e-17 27.383391582735218 -2.4901087897369583 5.401311498793768 -48.979298531241554 -14.144936111329926 -18.470874126691694 19.70794951392272 -163.62737157787495 -0.0 19.707949513922745 -163.62737157787495 -8.44612914593844e-16
43.70068311691284 -57.53871500492096 -0.009513972327113152 -0.0 172.31882712295524 7.259650349636052 -59.53108730769411 28.63929137395636 -32.35858477805423 -59.53108730769411 28.63929137395636 -32.35858477805423 -59.53108730769411 28.63929137395636 -32.35858477805423 -47.084352942091066 7.952935000369058 -10.799902104587213 9.172607261223577 177.14875298121777 12.414761202102312 63.96206222453031 158.30641749735398 12.638320256900574 -2.0338745824553457 -0.29096875482779927 -171.85667797822552 35.992731848218654 45.338100313939066 -120.1474817817051 13.82856709688337 165.95462309229836 66.81858875471133 63.96206222453031 158.30641749735398 12.638320256900574 5.793868639209143 -1.007578231621794 -170.11718305356118 27.185927984403936 -3.2652711422363283 -172.8821977405884 32.86117921164125 171.89115526191244 -47.28484584049748 25.707539082245916 1.8078825081813759 4.161811948632235 -23.375383515806018 -1.3555789816338217 3.413271728488477 15.086420565255224 174.28447546104056 0.0 15.086420565255265 174.28447546104053 0.0 36.65261256994404 -3.060613491466144 5.118208119483904 -42.50933068828416 -6.437162716395047 -9.479350935089277 15.984614858247467 -166.73032122717123 4.1355932707891495e-16 15.984614858247514 -166.73032122717123 -0.0
43.81122142076492 -56.54129087924957 -0.011673197150230408 -0.0 172.31128931087267 0.3788541147009092 -58.907561190909995 26.359035818023735 -30.055574794901325 -58.907561190909995 26.359035818023735 -30.055574794901325 -58.907561190909995 26.359035818023735 -30.055574794901325 -50.920531852636834 10.178581029943373 -13.022834694348921 10.143902349883966 178.36955618704522 13.30516294829912 61.71550120977295 150.5293329929321 19.386738888389317 -16.43271801519292 -2.2130965065113952 -172.22106682255216 29.315771564032993 43.42066026011128 -117.35647680293445 14.548435571144754 164.72775588912504 68.46881148263893 61.71550120977295 150.5293329929321 19.386738888389317 5.350228672122028 -1.05656338233799 -168.81188657414788 25.561419775528957 -3.8360137116827375 -171.16694732304597 33.406653084258096 173.38589771676408 -45.032996093418355 36.69772034599077 4.156540923657593 6.933649548312095 -22.29473286408749 -0.8200130451724752 2.16062916944082 14.862572766492297 176.74744389949404 1.0283272183313306e-16 14.86257276649232 176.74744389949404 -1.0283272183313306e-16 30.5280326561939 -1.5329725343238478 3.0158329495603753 -38.62836618470424 -2.373283792296395 -3.7983178387953793 14.463018726078202 -168.89435332528174 -0.0 14.463018726078184 -168.89435332528177 -0.0
43.9272940158844 -56.3059002161026 -0.011632777750492096 -0.0 172.1935785591166 0.7901335203414193 -57.80328409252127 23.6901747908877 -27.406622181931155 -57.80328409252127 23.6901747908877 -27.406622181931155 -57.80328409252127 23.6901747908877 -27.406622181931155 -53.722741531292975 11.167179876873968 -13.759605038992893 12.031528610315807 178.86462877112442 19.00041428888224 59.4004732602992 147.4026984681141 21.680509882896573 -23.58434705863953 -2.7101418751114954 -173.25262558077387 29.171247305635127 41.97546355536908 -118.44896249082105 14.939954110407761 164.6501461524813 66.95667830730548 59.40047326029917 147.402698468114 21.68050988289664 4.138382434244026 -0.9965178081773652 -166.44833449157173 26.705729256200478 -3.706778596502956 -171.79685581427177 35.70269885621485 175.39780998803207 -41.13762065915176 33.40879538638986 4.698339646378737 8.489489481553662 -24.445286126528977 -0.3789015965036822 0.9155456915043738 14.510906444352017 171.44518385857916 4.106697146180476e-16 14.510906444351972 171.44518385857916 0.0 24.187469172677826 -0.47755257706893467 1.1654145476358346 -38.11431762537547 0.22944010013048172 0.37172071524347006 15.599911766497256 -172.5867901766228 -0.0 15.599911766497252 -172.58679017662277 -4.1277472562501793e-16
43.99352669715881 -56.064775586128235 -0.009493716061115265 -0.0 172.1102280330162 1.365586880867616 -56.655297825257726 21.293283142192955 -25.011556346008156 -56.655297825257726 21.293283142192955 -25.011556346008156 -56.655297825257726 21.293283142192955 -25.011556346008156 -56.97637940733173 12.429641237649705 -14.728414616435352 11.030167207603697 178.77039669632947 18.395097968417694 55.44259689216086 138.62955361385139 28.577216809282902 -32.735238879249216 -1.5140702480270405 -177.20167049603728 27.40046547556693 25.311293758727615 -134.21829431736379 17.006199418866668 171.26378300120868 64.32300371826888 55.442596892160836 138.62955361385136 28.577216809282945 5.094417183147394 -1.3070389261819848 -165.58981050734778 27.520968728538268 -3.5281665417766104 -172.39971441678125 36.8454160518785 175.40259371497496 -40.80936319241801 33.051003362559186 5.482501515892189 9.981115166724633 -29.992224334626364 0.2643208031689393 -0.5287546421089865 12.256199874893086 169.2986914953268 0.0 12.256199874893088 169.29869149532684 0.0 34.381251853494376 0.5311178388532891 -0.9404784623641429 -36.98052649132772 2.688711102625782 4.463916425569111 15.32595913600104 -177.10793059607366 -1.0305728094990187e-16 15.32595913600104 -177.10793059607363 -1.0305728094990187e-16
44.017231464385986 -56.14954233169556 -0.007257051765918732 -0.0 172.65560480990453 2.2005720833538502 -58.11395276594206 22.347761075187623 -25.83460590619947 -58.11395276594206 22.347761075187623 -25.83460590619947 -58.11395276594206 22.347761075187623 -25.83460590619947 -57.76491400731111 11.795262376771849 -13.867682781952242 11.88913335695787 178.16554424824145 17.914625775927455 56.693779319542195 137.993730344257 30.022620690908457 -15.470910419957832 0.6279786334054214 177.64703721832464 38.800268540778625 22.261505085161804 -146.84453139915735 16.297830381793332 166.2652336324648 68.28167683606074 56.693779319542195 137.993730344257 30.022620690908457 1.2244436163585914 -0.2891615995456069 -166.7115291245497 30.62962259169412 -3.63838642676592 -172.8858881661571 32.291228249003986 176.8385968525961 -46.149700327773346 32.70715371591693 6.003168592759711 11.013041657158562 -35.615961547933225 1.2660279207214888 -2.1733112961050427 13.64794359792367 167.16775658620082 -4.0912132601975895e-16 13.647943597923708 167.16775658620082 0.0 44.05798719984976 2.9140467025583683 -4.1866948029712905 -35.27282472746019 4.462003775987141 7.695849551693883 16.00273976384457 177.1644701304904 -0.0 16.002739763844534 177.16447013049043 -0.0
44.3265825510025 -56.92453682422638 -0.006045028567314148 -0.0 173.78470618601213 2.5438215649295666 -59.55353578132563 20.545513469791423 -23.49649496680951 -59.55353578132563 20.545513469791423 -23.49649496680951 -59.55353578132563 20.545513469791423 -23.49649496680951 -57.58568024476521 8.040785335203859 -9.499813978954213 11.200863100408473 -179.68367360317245 14.1529361527524 59.5737364694078 147.11579767082733 23.41726054767183 -20.60285231612689 1.1256303166378858 176.80407809037587 31.446032047103703 3.7794833970089026 -172.78326216346198 44.31510365005325 177.3673303258647 88.58010801958001 59.57373646940777 147.11579767082725 23.417260547671884 1.266192477522592 -0.2700622263947752 -167.9589332882486 32.93063785815993 -3.004302565468842 -174.48557829009826 29.730559516185856 179.1126430013341 -42.43223615454338 36.47921090747704 9.257851543644685 15.331889119091775 -47.00904575784331 8.593855598521504 -11.673538175448263 16.47637138665022 163.9394729659157 -8.291877906744009e-16 16.476371386650204 163.9394729659157 0.0 47.64246578551276 5.536208537500983 -7.4726861887589315 -42.69247704827403 7.765961007913036 11.372085630262017 15.74332325410418 173.46762663822233 -0.0 15.743323254104139 173.46762663822233 -0.0
44.4331556558609 -58.131128549575806 -0.004750490188598633 -0.0 174.03584395211902 11.755925097221095 -58.26806614445705 17.18908415290161 -19.98689275081525 -58.26806614445705 17.18908415290161 -19.98689275081525 -58.26806614445705 17.18908415290161 -19.98689275081525 -61.24862081907592 0.8119443741594313 -0.9261023825513033 13.749344707405198 -179.32160344824126 13.803625023158013 53.32943454331491 133.82037774216994 34.14447387422972 -28.46110368330815 2.232240813242833 175.32398713448464 23.44159440809277 -0.7197926891601889 178.19113626021192 35.61168566511055 -179.52224757993227 88.20171013035863 53.32943454331491 133.82037774216994 34.14447387422972 1.7215455418470376 -0.3243941025777979 -169.32709234962442 31.11994223201583 -2.009058666084611 -176.11709952883174 33.74073620300076 -178.88547965684916 -44.562984667936874 30.347808488904366 7.089725909444384 13.829269104113939 -42.316301229510515 9.424354890761656 -13.850256351593828 13.619566342605763 159.7310676338786 0.0 13.61956634260574 159.7310676338786 0.0 52.13963769583529 11.20162454827836 -14.081149136583457 -37.867506322782795 9.497197956823157 15.244873692763017 18.20267010390706 170.55977842659817 -4.185127621641426e-16 18.202670103907074 170.5597784265982 -0.0
44.53967958688736 -59.383827447891235 -0.005396828055381775 -0.0 174.64459293594234 13.1938205634414 -61.23701016484802 20.05629032792398 -22.610166428649148 -61.23701016484802 20.05629032792398 -22.610166428649148 -61.23701016484802 20.05629032792398 -22.610166428649148 -57.124138917680945 -5.012656348899643 5.962184113669308 11.862740147065022 -178.53094967935323 2.9944198310845245 58.468925819722514 138.55494390220647 31.853235418300052 -28.39495486566996 3.139184032121758 173.4212410812149 26.986992567837525 -2.8932165312471563 173.64506593359567 35.925612054615044 -176.94177091386692 87.1127341322165 58.4689258197225 138.55494390220642 31.8532354183001 2.30512481962368 -0.38290148281268405 -170.5661440599219 27.67506159726686 -1.9108480970630874 -175.89137263039817 31.207012521107195 -177.93294603259102 -52.30906292881068 46.15867104825537 11.179918463708441 15.32412833530701 -19.136945467115382 4.453189508318885 -13.363651826192362 0.3235926282198522 157.42677491354883 0.0 0.323592628219852 157.42677491354883 0.0 52.05617272724504 15.814513709313703 -19.75667656184557 -23.695869330617896 6.238684857671133 15.217139330778712 8.206444719399366 172.03691307969888 2.00841245488642e-16 8.20644471939939 172.03691307969888 -2.00841245488642e-16
44.54432874917984 -62.52225041389465 -0.003929995000362396 -0.0 174.405718681791 13.12928322715647 -58.97416905114116 16.965070638242036 -19.595452038800495 -58.97416905114116 16.965070638242036 -19.595452038800495 -58.97416905114116 16.965070638242036 -19.595452038800495 -49.082625905354675 -6.1490612971444625 8.11409702075144 12.452879490876633 -176.746399611756 2.1202429755244543 58.91715371622645 151.53814391484048 19.859500083406676 -16.525384231696624 2.3737641092960073 171.70820613817693 28.32489232259429 -4.8525687090938385 169.855496627818 34.00573057529476 -172.81430662087098 83.22382305923436 58.917153716226466 151.53814391484053 19.859500083406637 14.210304893279387 -2.350616591022492 -170.506930212976 25.430427038404563 -2.5412028477035586 -174.09923958390146 33.442388613314876 -177.28646072371447 -54.47551476486097 53.88576010294566 19.6652286822138 23.86325672684942 -38.03614119637871 11.580887282259276 -18.396172409646372 4.155098488426327 157.56747346042974 -1.993085368825309e-16 4.155098488426371 157.56747346042977 1.993085368825309e-16 56.44288022983901 28.27791013164225 -32.843672367942524 -42.13715861353758 16.662599679980243 24.042440026913273 7.23401255214776 166.21770508689193 -0.0 7.234012552147784 166.2177050868919 -0.0
44.55237686634064 -63.754767179489136 -0.003794953227043152 -0.0 174.29745848806724 11.957552870670208 -58.149368679827994 16.098058907648422 -18.765540109628795 -58.149368679827994 16.098058907648422 -18.765540109628795 -58.149368679827994 16.098058907648422 -18.765540109628795 -50.86902071528487 -6.741826698846647 8.66488915997984 9.89867989372799 -175.7188425367275 2.9007009570421176 58.775308201811164 156.38301435723784 15.45298580655649 -10.96214881486345 1.6463016274549291 171.40523514518202 33.12860046671595 -7.070591722384629 167.21305307201087 32.274987756482965 -172.0984492334382 79.9107222380476 58.775308201811164 156.38301435723784 15.45298580655649 10.558464012512582 -1.7900080395163256 -170.3212277836937 27.02625850439919 -5.409643807852302 -168.227936143037 34.3251940502422 -172.90591284150636 -56.97850486039851 54.41079926618082 23.208289748200663 27.800803780679825 -46.79183266863063 17.00310543154572 -22.759957447880694 6.572647075895038 155.00280487265584 0.0 6.572647075894992 155.00280487265584 4.0019963800633776e-16 56.65123913370791 30.74636838586188 -35.45494931022015 -45.439811736556315 14.687492286851144 20.19700802875028 5.293159611271084 168.3288756324816 -0.0 5.2931596112711325 168.3288756324816 -1.9963597147877073e-16
44.549278914928436 -63.23798894882202 -0.004149973392486572 -0.0 174.92457622325318 7.228509971716357 -61.38335250220458 18.99593119324455 -21.412725682061357 -61.38335250220458 18.99593119324455 -21.412725682061357 -61.38335250220458 18.99593119324455 -21.412725682061357 -57.661407011061414 -7.0215388999159085 8.29391366967089 10.558983230248694 -177.0994023630383 8.294305500933614 55.72593173703026 131.89228853973816 37.648675923604316 -12.545472600556208 1.7577862408012686 171.95828245378004 35.084989663175826 -6.548171246075529 168.70644182481107 31.191383891120278 -170.82978103745148 80.88862504666041 55.72593173703027 131.89228853973816 37.648675923604316 12.335054142419228 -2.8591024232613145 -166.84165062563477 27.002333010262163 -8.483036009514155 -161.81458813613202 35.56565737367726 -176.23899651201253 -53.1244054040109 46.649923088554736 17.959973042600964 24.025588113208297 -49.22759902773261 19.606619583057125 -25.190786672753035 8.037937934672772 154.49645372266104 -4.015139287428034e-16 8.037937934672769 154.49645372266104 0.0 54.74986053178047 28.489452041286192 -33.60695676797447 -43.82576326370436 14.391708497545956 20.332785257083682 14.406366569423787 169.93028625023638 -0.0 14.406366569423763 169.9302862502364 -4.1047655651028445e-16
44.60315853357315 -62.922024726867676 -0.0033697113394737244 -0.0 175.16525229055506 2.95853567495939 -62.11825588798112 19.259153957670353 -21.56795779657369 -62.11825588798112 19.259153957670353 -21.56795779657369 -62.11825588798112 19.259153957670353 -21.56795779657369 -61.410647893846296 -6.97778457849697 7.935108572697964 12.447308450323622 -177.28348657315803 18.352231976373325 58.2359165616265 136.42991675111395 34.29470260201466 0.4536460934461213 -0.057874172351604726 172.7296517522871 47.45064434434911 -7.073045991820395 170.4396075181002 31.716234424026208 -174.80323510002134 74.6659224423877 58.23591656162653 136.42991675111398 34.29470260201463 11.158614860721528 -3.146957192266794 -164.14031704738275 30.51553704129469 -12.67071670225817 -156.1180006909332 31.365071243761676 -179.57861234251735 -46.133326638598064 28.47735794839848 9.008710009597587 18.392017566132026 -53.840876333929025 23.348548178961284 -28.13154071654381 13.62315887596556 151.2212769693324 0.0 13.623158875965578 151.2212769693324 0.0 54.44409768428199 25.49334715479932 -30.37520722851942 -35.00158617996392 9.719210260402644 16.62576563107247 16.119395448294743 169.37590990081216 -4.138393359346216e-16 16.119395448294743 169.37590990081216 4.138393359346216e-16
44.49703097343445 -62.36174404621124 -0.005187466740608215 -0.0 175.31425439122106 2.2052618817277527 -63.291493696479804 20.9790291203912 -23.231056146196305 -63.291493696479804 20.9790291203912 -23.231056146196305 -63.291493696479804 20.9790291203912 -23.231056146196305 -64.52155077158417 -4.494569851894005 4.9764552486756815 12.821457733739447 -177.58898786060058 19.042815314109397 56.193642531386544 127.94430768269905 42.07164936657433 -20.296086001145742 2.3272356537255963 173.31755946576 40.52762721871078 -4.150736598801977 173.6276371489742 29.28834249700198 -176.30118370022146 81.66351581153654 56.193642531386544 127.94430768269905 42.07164936657433 0.12188325922008897 -0.048216289881707924 -158.41652481554536 31.97716050212775 -23.70111105866205 -140.3432146920501 32.44128274443867 -178.686263804315 -34.8320865083385 21.837902558578396 6.575423395341368 17.21709459168014 -57.16680050501853 25.934142889914934 -30.06084582480151 18.578293067536823 149.54411226148932 -1.6777038611350075e-15 18.578293067536826 149.54411226148932 0.0 52.16189522834457 21.93579092465144 -27.01882596283424 -37.272609375795874 9.328592327096903 15.176091668933136 18.109669697747325 170.42081534108135 -4.182900498201735e-16 18.10966969774729 170.42081534108138 4.182900498201734e-16
44.330041110515594 -61.83190643787384 -0.005286373198032379 -0.0 174.7500948223444 -6.36604161789845 -61.25896010405115 19.586927366568116 -22.088474282699355 -61.25896010405115 19.586927366568116 -22.088474282699355 -61.25896010405115 19.586927366568116 -22.088474282699355 -67.61262113698838 -0.8943466926950344 0.9672349094139513 12.97776256309198 -178.22201431517365 19.817320478241903 57.01694423672361 134.82405408603128 35.06962684250476 -48.68108677828484 6.491341913555982 171.38527251356894 1.8861634685188748 -0.16753256614192086 174.92327546726702 32.81562743638867 -177.12367639156196 84.1685976113997 57.01694423672361 134.82405408603128 35.06962684250476 -19.324102315554942 12.467375038063675 -146.25126657345427 21.877809496780944 -19.585134232276623 -136.3241027827502 31.224472876677098 -174.0378631381743 -53.96898334013733 24.690418740392822 7.110300606732641 16.626810727011062 -57.54012464719499 25.38973907955093 -29.357559483201435 19.80536046237376 153.1602449662898 0.0 19.805360462373738 153.16024496628984 0.0 46.381712021369566 18.320660433669964 -24.5782406023718 -49.45810336315368 11.746907919069713 15.303538031454652 26.92209011034371 174.374254434992 -0.0 26.922090110343696 174.37425443499203 -0.0
44.30790692567825 -61.09897494316101 -0.0037031248211860657 -0.0 175.20566291220325 -7.88851378989877 -61.29060071964756 17.52957152254101 -19.805934791951643 -61.29060071964756 17.52957152254101 -19.805934791951643 -61.29060071964756 17.52957152254101 -19.805934791951643 -65.26876061429878 -2.2024387843013846 2.4245917994447144 13.43710327433842 -178.14604785872547 9.470709211744726 60.815425394171974 150.31509569431935 22.052042648556192 -52.54712590595296 5.781898421741801 172.73109699900402 -16.175345952560072 -0.3899547997212191 -178.6004514381432 32.316071988708785 178.809083618 86.93711483969878 60.81542539417199 150.31509569431938 22.052042648556153 -27.669643253119496 26.886652411014126 -132.48524949165642 20.86993004908115 -21.24752882328092 -132.4961112771644 27.68648353831216 -174.66829627422274 -52.38223019086156 18.387126502005373 4.648983916486594 14.455957263021325 -60.98334874652582 29.23908767316206 -32.62437106035749 25.877145089071192 150.08634756566457 0.0 25.877145089071185 150.08634756566454 -1.7675012541278198e-15 44.07591134066514 16.74698477082415 -23.39242145092151 -46.56216294922501 7.7925993077275555 10.673288790266692 33.48053171361653 175.97820934684245 4.766599391268179e-16 33.48053171361652 175.97820934684242 -0.0
44.32387799024582 -60.949158668518066 -0.0019272789359092712 -0.0 175.97131633726977 -4.530559400223045 -60.44363493438781 13.224745623420056 -15.118074522343436 -60.44363493438781 13.224745623420056 -15.118074522343436 -60.44363493438781 13.224745623420056 -15.118074522343436 -59.2302087374083 -10.49122809618761 12.162322477472465 10.19008521530018 179.32947422688375 -9.221438874711154 58.535448416093715 148.21868105581396 24.171295342283614 -46.828343450988186 0.841621121626504 178.84607215454932 17.2624740385539 2.2011227225130066 -172.61999099898384 28.503639059879337 173.1380915788608 80.78444257549218 58.535448416093715 148.21868105581396 24.171295342283614 -15.715489239204217 19.33221498871622 -127.67046773867287 30.54618635901007 -50.431994807378175 -112.78089057443364 21.003505605665808 -172.30450312642824 -51.773874412809526 9.149575539314842 1.8994296858216422 11.780676850488039 -65.06661927504229 30.085618573269155 -32.5740974807505 32.548739704577315 150.77404170079396 3.773195043843448e-15 32.548739704577244 150.77404170079396 0.0 49.499847131476784 20.140277668870407 -25.748159789271668 -29.836414049161434 3.3317182274459918 6.673790781372192 28.2852007026534 171.74388211645157 -4.514756242994118e-16 28.285200702653388 171.7438821164516 -0.0
44.41445171833038 -61.21062934398651 0.0005168840289115906 -0.0 177.61644379645037 1.2472598304781664 -57.954769140905924 6.161432290598599 -7.258091500650084 -57.954769140905924 6.161432290598599 -7.258091500650084 -57.954769140905924 6.161432290598599 -7.258091500650084 -57.79660696364448 -15.78426676119319 18.472787869861655 6.434394053322663 179.89172396763752 -23.822428688760624 58.213082048871044 174.91007501682057 2.3009233091123784 -29.69623756275382 -2.719184660546105 -174.52376322211865 47.23048209465599 13.499061861593466 -161.8912956964006 25.01628645906391 174.39982355246246 77.19945469898212 58.213082048871044 174.91007501682057 2.3009233091123784 -22.890417411927366 29.77864793217812 -124.20657155610307 11.456059872719228 -65.92602203826797 -95.07098264522001 17.98424776537255 -172.0184910913512 -55.20863572671472 6.939424525623939 1.1846550288660171 9.712417732200363 -68.31371851911389 44.113663617928104 -46.2161581517233 37.36698505531258 152.83626220068496 2.0009416624753014e-15 37.366985055312554 152.83626220068496 -2.0009416624753006e-15 52.18354476707154 18.253340748736804 -22.66047343680589 -29.032016138308865 1.240663266897376 2.5552006784773815 22.632861606405417 174.64817378710006 4.3074083539344124e-16 22.632861606405406 174.64817378710006 -0.0
44.72697377204895 -61.88238263130188 0.0008963979780673981 -0.0 179.80671803512456 7.363365406452223 -55.416393174879914 0.4066638748641937 -0.49394050794888106 -55.416393174879914 0.4066638748641937 -0.49394050794888106 -55.416393174879914 0.4066638748641937 -0.49394050794888106 -54.87458857449027 -23.016704150044283 27.447611136712787 6.517281161664577 -179.16223418905074 -31.196057748755884 55.25284123605833 -173.84197419257578 -5.225655573192372 -25.36981530778403 -5.6913752592185585 -166.90562386101132 40.313834616436566 10.059340251195083 -164.66679870530626 26.14257811847145 173.20388724287406 73.30791353375723 55.25284123605833 -173.84197419257578 -5.225655573192372 1.3537233423509867 -1.1248048683077774 -140.27066571037292 -22.383254459449127 -66.2426053239091 -80.48483343342595 8.0388671085997 -175.09624625536028 -44.42280640671841 1.6790775920120289 0.20238605496431053 6.8739397989261475 -68.77205135656281 58.928789472821165 -60.67844672852749 46.73007598607475 158.6503472978611 0.0 46.73007598607471 158.65034729786115 0.0 56.480041203923896 18.20156237097907 -21.524559790182224 -31.505144909917902 1.0199266952811414 1.9511837484810768 21.883562857321984 174.4617234818484 -0.0 21.88356285732198 174.4617234818484 -4.2844144654171317e-16
44.98782902956009 -62.73480951786041 -0.000760052353143692 -0.0 -178.61943922281858 9.850652784777644 -57.01197279166466 -3.288960131336279 3.919291350456095 -57.01197279166466 -3.288960131336279 3.919291350456095 -57.01197279166466 -3.288960131336279 3.919291350456095 -48.40392803410838 -25.96122983717847 33.06676629851969 7.117996054171779 -176.78488874704254 -32.37332112254591 56.48585303321822 169.04677216470319 10.331673117336686 -1.2587586847548353 -0.4358443838367838 -160.89985456059253 44.10653076276583 10.064886938950812 -165.69318971967397 30.190588071920452 176.34933426712436 66.23050406218272 56.48585303321822 169.04677216470319 10.331673117336686 48.1322202333333 -46.21742991147972 -125.51523750215432 -49.404851524543176 -75.88178888741793 -79.18750612873403 -2.2033258675603604 -175.29802374174696 -16.71993082962236 -3.588122379468974 -0.30761855387541814 4.9033617431078556 -58.727912123213876 75.887653723334 -77.87244108928176 48.521775157945235 162.0396991246352 0.0 48.52177515794523 162.0396991246352 0.0 62.62254258402651 21.559541937460722 -23.98653430232578 -33.569710197377965 1.3250302286979159 2.3953189033405966 21.62178447440667 173.8261371014021 -0.0 21.621784474406677 173.8261371014021 4.276610857685899e-16
45.34616619348526 -63.5415256023407 -0.003855489194393158 -0.0 -176.47014169477706 6.811935445324531 -51.06413187409424 -5.4800790122562235 7.031214973784173 -51.06413187409424 -5.4800790122562235 7.031214973784173 -51.06413187409424 -5.4800790122562235 7.031214973784173 -43.40161857908048 -25.4849536183472 34.74940405229528 9.088530441531864 -175.6751587356508 -37.691835701215304 51.13393199923202 -168.4119754727221 -6.290508883906571 0.18066103397977634 0.08541553958163385 -154.6954210256963 32.74852155767133 6.895709368096322 -167.39797792903045 29.71107374265612 -178.65244646042777 68.553729300437 51.13393199923202 -168.4119754727221 -6.290508883906571 54.30354101062056 -48.46907643698426 -125.72687897428806 -59.81662719617472 -55.42644518192752 -59.21625174900746 -3.8118304460008714 -176.1901767128377 -28.004749231043792 6.893487339590338 0.47690410733967 3.9671463047304756 -35.523637982378666 81.3896600591282 -84.97200028360797 55.316280949328515 165.11878530204993 1.3973190807867842e-15 55.31628094932856 165.11878530204993 -1.397319080786786e-15 62.817380593643186 19.053994271851852 -21.219392349582336 -31.332169036398756 1.3848789885168984 2.661837187037262 22.17524733412315 173.29162813844766 4.2932489569732237e-16 22.175247334123096 173.2916281384477 -0.0
45.630885660648346 -63.99275362491608 0.00026212073862552643 -0.0 -174.29927088040054 2.8523113914471865 -46.67145993049278 -6.559781889922639 8.983011317065733 -46.67145993049278 -6.559781889922639 8.983011317065733 -46.67145993049278 -6.559781889922639 8.983011317065733 -46.7127668144036 -30.45198568040946 38.926444449109944 9.675275603143952 -175.03074840101138 -42.68403283601297 44.008221062850524 -147.22371015797412 -19.552677231289024 -1.8130190270483268 -1.0329631792342082 -150.32099402843318 28.728524035512347 7.0027667263827125 -165.6647643146347 44.06453799060145 -176.79215396577067 62.29320220310607 44.008221062850524 -147.22371015797412 -19.552677231289024 -28.67317933851592 12.91746236807173 -154.45212073576997 -26.588499582634494 -13.06726823501331 -27.41028350668338 -7.399593667482973 -171.45074701598716 -21.293502001038952 16.869672467722243 0.9788886172406739 3.3696396207040546 -21.777971780322453 82.9016759462286 -87.35476891287952 56.82180558917994 167.17431922658935 0.0 56.821805589179945 167.17431922658938 0.0 64.68872229417941 16.533818947224354 -18.179183013458072 -30.37646838040181 1.0635840501383114 2.10257434116294 19.0038264964368 172.74416203702071 -4.2048722151764735e-16 19.003826496436822 172.74416203702071 -0.0
45.826826989650726 -64.32142555713654 -0.004204083234071732 -0.0 -170.79141466231002 3.1429627900242454 -37.326510928890244 -5.520989042298279 9.05726814388839 -37.326510928890244 -5.520989042298279 9.05726814388839 -37.326510928890244 -5.520989042298279 9.05726814388839 -40.73127546515567 -26.250767240768376 37.08161913060998 7.9448480205070595 -175.26395837440472 -41.702478524614975 38.10777293420757 -164.93234258973337 -3.6237006592876773 -9.851966795060084 -6.167386415999477 -147.72586427686028 28.855845575695614 8.675730739278576 -162.45439262450728 40.88811386868134 177.7704010449215 52.68080379758643 38.10777293420757 -164.93234258973337 -3.6237006592876773 42.364589871700275 -13.508694599827233 -160.37785271001525 -62.23219214733903 -61.51968066618828 -64.3572702895799 -10.739851562864724 -174.50814823999195 -63.93426252607967 18.64157310118063 0.9019336020637352 2.81961063837688 -10.969972090877057 83.72208941572417 -88.80071932141593 57.11376907372397 169.0779163744628 0.0 57.11376907372395 169.07791637446275 0.0 67.68701098106449 16.384737465774418 -17.631509304583773 -31.1421670082686 0.9259905341683339 1.7900916688252697 19.98022500983727 172.4497760878846 -0.0 19.98022500983725 172.44977608788457 -0.0
45.96753865480423 -64.39774632453918 -0.006805919110774994 -0.0 -158.86482142665523 0.3186031280620431 -19.242833811823587 -2.754324765163851 8.30504936818182 -19.242833811823587 -2.754324765163851 8.30504936818182 -19.242833811823587 -2.754324765163851 8.30504936818182 -41.07927502219057 -25.03688768295522 35.406555895681436 6.8193104232225545 -175.5934910596599 -39.827909251005494 20.880347991586206 -161.18685417767605 0.8280089869349382 -9.214075341766126 -6.332361911271767 -145.2763349131254 29.073079947326455 10.185323372316972 -159.70882434921631 42.40643914329815 175.25712217588094 44.40906867194071 20.880347991586206 -161.18685417767605 0.8280089869349382 35.671056703648134 -9.683800419134405 -163.68889107206272 -28.714931892146506 -80.66953567767375 -85.4864666686886 -17.419312547863665 -171.96168118256153 -73.3381835249485 18.019173522819816 1.1117346762634028 3.5896945816558623 -8.88288592949517 83.33192634126421 -88.96578593001428 46.689015899918175 170.4696903576119 0.0 46.6890158999182 170.4696903576119 1.1591654763639536e-15 68.62462316295033 15.337192798112595 -16.411104962476475 -30.300112002450987 0.7402708112885534 1.4670113407384462 24.301548577423226 171.64960043517746 4.3622202961099005e-16 24.301548577423198 171.64960043517746 -0.0
46.02721482515335 -64.20070230960846 -0.0070433830842375755 -0.0 -162.5260104829878 -0.8168993620949567 -23.983432284304882 -3.6529341518357965 8.926189344679946 -23.983432284304882 -3.6529341518357965 8.926189344679946 -23.983432284304882 -3.6529341518357965 8.926189344679946 -43.71684891877903 -24.87722589177572 33.86028340982159 3.5405719613781677 -176.37165274373854 -38.364377950722364 25.484954875513807 -164.51338583556964 0.8553956380414515 -5.87765328341696 -4.382063982068644 -143.19192528003586 34.13540774002468 13.729294627087983 -156.47250768543174 37.49384604246408 174.5053790786507 40.217125726215784 25.484954875513807 -164.51338583556964 0.8553956380414515 30.238761985231317 -7.193235830309004 -165.9307482613007 39.27478446269139 -77.17466965750171 -98.2008619187853 12.081618959527118 -173.55200186348995 -71.96710741927991 16.460352066146324 1.3938826293941855 4.908194722355166 -17.556624518261735 82.06396726684555 -87.5921013064062 46.31120441651875 167.7383718736207 1.1511386304671307e-15 46.311204416518734 167.73837187362074 1.1511386304671305e-15 70.61703346243351 16.000362620338354 -16.908301044844066 -27.106137259777366 0.5988965024512312 1.3142238020433112 23.388196107274517 172.57756073790276 -0.0 23.388196107274478 172.57756073790276 -0.0
45.984409749507904 -64.15665745735168 -0.008072634227573872 -0.0 -167.92849703619402 0.8139914082464235 -30.954884318484925 -4.502118440092759 8.703299593784772 -30.954884318484925 -4.502118440092759 8.703299593784772 -30.954884318484925 -4.502118440092759 8.703299593784772 -43.9613882530602 -22.56467242947392 30.90500436564399 2.072671221213107 -176.51950022851497 -38.051860909593266 31.83890459729026 -175.0456112028699 3.768497729912794 -5.682532753423158 -4.426554120782612 -141.9813415715225 36.38039942736014 16.752235782268432 -153.0931229631991 33.952774392550005 172.80914631632788 36.93187154131201 31.83890459729026 -175.0456112028699 3.768497729912794 19.960110064020153 -4.41382140680567 -167.25873960225462 60.653135840487614 -37.22378929787249 -138.9264797704763 26.55413207715009 -175.42308133179483 -66.13845091431067 16.140236794910447 1.735203615213538 6.219346241979139 -26.37431833343447 79.92347543260767 -85.48630066971094 45.8441810228714 166.48468763940443 -1.1414368053956593e-15 45.844181022871474 166.48468763940446 1.1414368053956607e-15 70.33751984374696 16.790493315891126 -17.76650361626688 -26.724057377735146 0.4939521938234742 1.0983109665574775 20.940167100210115 173.26127631342118 4.256839946254693e-16 20.940167100210076 173.26127631342118 -0.0
45.94655483961105 -64.2803430557251 -0.0008559785783290863 -0.0 -168.67323842807642 2.2909420719985363 -30.639157657308235 -4.099137387467545 8.004629913776277 -30.639157657308235 -4.099137387467545 8.004629913776277 -30.639157657308235 -4.099137387467545 8.004629913776277 -43.40991756363223 -19.516846786015325 27.283689776704502 0.8139181804432201 -177.61138947728946 -39.67767855553468 30.195104337443833 172.59180305506118 9.680338021980138 -2.592103907409475 -2.144591137547953 -140.3744135465268 41.337946055258826 23.611627094606238 -146.5026454706694 34.837784649190155 170.16757889643029 42.13099881646557 30.195104337443833 172.59180305506118 9.680338021980138 7.144944421087519 -1.2945185417217409 -169.70276205163614 52.325773194358035 -15.744114526230815 -160.39496800416018 28.372260163953623 -175.78960144704598 -64.08519872817584 16.70072592888747 2.11481926690088 7.32236971729573 -34.7483382218816 77.36071094589447 -82.71626212178845 43.22053216238797 157.11254734403914 -2.1822787950156453e-15 43.220532162387954 157.11254734403917 0.0 70.34927663909396 17.074366934273883 -18.06348683872022 -24.010793342847823 0.32863660918027765 0.8075974419875297 21.970024032390285 173.33888966796906 -4.2870178109532214e-16 21.970024032390317 173.33888966796906 -0.0
45.92805951833725 -64.25350308418274 -0.007771607488393784 -0.0 -170.5376092624225 3.0301824517919465 -34.14871031613443 -4.4695705221370945 7.927496727823757 -34.14871031613443 -4.4695705221370945 7.927496727823757 -34.14871031613443 -4.4695705221370945 7.927496727823757 -43.93465708723657 -17.896087457839847 24.957526190704034 1.2216091059331908 -177.21184707390586 -41.2460615982618 30.764151112161162 157.86904855614827 17.463484244744958 -1.8272809704104527 -1.5819114587584129 -139.10463340253938 43.592113279721865 34.895326111692306 -134.67083202342738 30.08110250373969 171.15892800010283 42.852119074511165 30.764151112161162 157.86904855614827 17.463484244744958 9.915333016459144 -1.5989713315084564 -170.79175602670972 44.82364935746896 -10.026757686330631 -165.91964164926662 29.868356181008345 -174.1517834712097 -63.717310357256686 19.534183081078766 2.777713948512125 8.256217323995546 -39.82379389272119 76.40447527845775 -81.19581018601195 46.51548029868296 153.9069294542449 2.3109170127376304e-15 46.51548029868302 153.9069294542449 0.0 70.39099881912696 16.89380953083009 -17.86948051112048 -20.623328621319686 0.18242861803679544 0.5179230116967852 23.435414917001815 173.3894945649483 4.3331383992223767e-16 23.435414917001783 173.3894945649483 -0.0
45.91405391693115 -64.18220102787018 -0.010228995233774185 -0.0 -172.52874894902553 3.2342481783582486 -38.48936438496077 -4.826547720602586 7.726337720975081 -38.48936438496077 -4.826547720602586 7.726337720975081 -38.48936438496077 -4.826547720602586 7.726337720975081 -38.17497463759664 -12.8526300515769 20.261778220615547 1.0880599602456273 -178.99345935088434 -37.10841014882788 30.86810057507547 144.7352719137355 25.362738313659076 -2.33197493795901 -1.9448762859719553 -140.15315108414467 41.498883363328545 49.96185147458937 -119.10662025963576 26.979081434296162 168.41662466467236 41.88319972399865 30.86810057507547 144.7352719137355 25.362738313659076 5.809172701321115 -0.7184448372520801 -172.93745141341984 41.37673755361351 -9.868210058228293 -165.2558716984171 31.743135983970024 -172.76113473209963 -66.80161397609295 18.74865167404012 2.742638902203057 8.477078985424818 -42.97063108430542 75.25242724054108 -79.82790814044186 46.5306107274461 156.00585435293186 -4.623121395180752e-15 46.530610727446096 156.00585435293183 -2.311560697590376e-15 69.82716774198985 16.842185623220754 -17.87476590675752 -20.287885832818343 0.14966333785393976 0.43162598337452707 24.43381277421579 173.77272908249185 -0.0 24.433812774215806 173.77272908249182 -4.366783767914735e-16
45.90173810720444 -64.15610909461975 -0.009741727262735367 -0.0 -174.01596433545626 2.601603568311676 -37.899111634984564 -3.674240422183975 5.967981249437604 -37.899111634984564 -3.674240422183975 5.967981249437604 -37.899111634984564 -3.674240422183975 5.967981249437604 -37.73428499909478 -11.496979002204341 18.384148049097355 0.8978034219785355 -179.58565690894181 -32.160530851024504 30.097936583160305 143.21015030925952 24.88898044541208 10.018816024219667 8.339042625812757 -139.8840978315673 36.57735333329582 64.69848086038749 -105.73271493840338 19.751983447693547 167.38646427387297 35.48973752411541 30.097936583160305 143.21015030925952 24.88898044541208 7.464294387841282 -1.0014569602302925 -172.33629603867547 42.45187230298374 -11.91528836800136 -162.63952460380233 35.01559262997228 -171.45998304303598 -67.83447442850965 16.597090551843166 2.427577823502435 8.442200502054732 -45.930024140039066 73.86221589336925 -78.25577657602963 45.910698611686364 157.30499977550807 0.0 45.91069861168641 157.304999775508 0.0 70.04428349549272 16.249218268614158 -17.22744260021505 -19.979146038623036 0.04282014383915416 0.12532287981839285 24.23426472981816 175.083768998888 -4.3599113895350615e-16 24.234264729818157 175.083768998888 -0.0
45.87742239236832 -63.94994556903839 -0.010020565241575241 -0.0 -174.79227936041357 5.609678479433949 -35.551926324683826 -2.6825009672025604 4.606962841938374 -35.551926324683826 -2.6825009672025604 4.606962841938374 -35.551926324683826 -2.6825009672025604 4.606962841938374 -39.188602592196446 -10.069214152408193 15.696699810198322 0.9144315862438996 -179.45436030511976 -34.07824910038693 26.62170024750837 139.21282142102868 24.88828739920146 17.722634557687183 15.37098360830569 -137.9159483646524 26.434647749903718 71.91322301264013 -98.27241056901224 9.573315868019407 168.01171743228056 34.899741080149354 26.62170024750837 139.21282142102868 24.88828739920146 10.101798719475052 -1.6289542707970743 -170.7904316882233 42.69062334410172 -14.071245195000248 -159.71228125322324 29.960937283790624 -171.40623822995852 -73.09081473704362 17.219963201548882 2.499609719069566 8.388370901986297 -48.40997464206163 72.7774209024159 -76.94709547226404 45.57494318085916 157.07857333254694 2.2719035437733204e-15 45.57494318085911 157.0785733325469 0.0 70.03669332229973 14.789688234128558 -15.689924779014717 -20.203561742494333 -0.18156111047184156 -0.5257077908359596 24.6645103604752 175.36985630203296 2.1874111157908985e-16 24.664510360475226 175.36985630203299 -0.0
45.85125893354416 -63.50026726722717 -0.010487157851457596 -0.0 -175.8981277668831 9.202505791358805 -34.16467935977245 -1.8985863657902564 3.3781518768509478 -34.16467935977245 -1.8985863657902564 3.3781518768509478 -34.16467935977245 -1.8985863657902564 3.3781518768509478 -37.62756182730162 -7.753158068058649 12.571519103376119 1.8922716941217925 -179.45244125567163 -29.45383676202525 29.50860626531791 150.13262244609075 18.358300175191197 29.20646994377586 27.509685827378576 -133.136292842483 14.260909284384825 78.5968729786713 -92.84436811908188 -1.7136556450441267 169.06657310669505 25.492308151802884 29.50860626531791 150.13262244609075 18.358300175191197 10.893940408554657 -1.8742713957254713 -170.1766381878439 43.484023141923295 -18.183847172647717 -154.4837839729219 25.292211024003567 -169.43144333905255 -70.46127431406698 17.475095965051207 2.499847639218294 8.272072530208959 -53.13532539543792 68.10156787615324 -72.172495096383 41.58056059882418 155.5833493139595 0.0 41.58056059882414 155.58334931395953 0.0 68.61624057790154 11.060430413685381 -11.855751705274704 -28.930670296073107 -0.6581527106875613 -1.360323918631698 27.330945063247846 176.2499694297951 -0.0 27.330945063247793 176.24996942979507 -0.0
45.76244503259659 -62.660861015319824 -0.008360296487808228 -0.0 -177.53457289594473 8.201628012558627 -34.651052974268346 -1.1798798128540855 2.0745316296002776 -34.651052974268346 -1.1798798128540855 2.0745316296002776 -34.651052974268346 -1.1798798128540855 2.0745316296002776 -41.847828409147375 -8.419100447295714 12.508447841251481 1.6757319283210035 -179.43141791151763 -24.161592757420994 32.79352479323103 160.94645814097728 12.054682855118745 29.64314177142579 28.185803686302886 -132.70600410121187 -2.654133823764711 81.48140987833538 -89.6026051436163 -16.26571537539285 177.8367360571701 29.47035170589347 32.79352479323103 160.94645814097728 12.054682855118745 6.785834224016893 -1.2098666883964058 -169.866132011481 42.05173090166749 -16.551796380280525 -156.07269136135332 26.728504815533675 -168.00963799680457 -56.59100997038056 9.377201168471085 1.2849679299177195 7.8385129081909035 -58.146075463692696 58.198234342335375 -62.22492792530879 40.268110318830225 154.26646917916753 0.0 40.26811031883023 154.26646917916756 -2.084165876260432e-15 65.21077805421842 6.385759765449396 -7.027700960285496 -24.520674980130885 -1.053035831421335 -2.535932328719776 24.67880932584046 176.94502761086426 -0.0 24.67880932584051 176.94502761086426 -0.0
45.56629955768585 -61.7203027009964 -0.006680190563201904 -0.0 -179.48770627783614 5.837352027182054 -40.009729529310995 -0.36098833131555463 0.5614739820420206 -40.009729529310995 -0.36098833131555463 0.5614739820420206 -40.009729529310995 -0.36098833131555463 0.5614739820420206 -46.35958499139068 -8.57365257214894 11.768113493867094 1.8323081934560155 -178.78229603128233 -19.220979202971172 39.21343420792412 166.9188015113107 8.69162575858994 31.540247924892853 28.974024269092688 -133.3712357977078 -53.342004952490846 77.54759987414664 -79.9544183935873 -17.813416821412222 -173.50150691206065 19.928887164019656 39.21343420792412 166.91880151131073 8.691625758589925 -1.5547956188644516 0.27778558438677275 -169.86890806204767 47.321633251896664 -30.123683770616058 -141.71779421719435 20.193393472850328 -169.4525400627899 -64.81759333158145 2.1378705246932266 0.28782089911935554 7.669432770603456 -60.60818633964309 49.580215391826385 -53.423118514690564 29.21591961500983 158.63083111147307 0.0 29.21591961500983 158.63083111147307 0.0 64.90030550183877 3.901222923849652 -4.3065665877379375 -15.400544167958397 -1.030922584958136 -3.876486410261944 21.744274758160177 177.21980645208427 -2.140123813142811e-16 21.744274758160202 177.2198064520843 -0.0
45.35196125507355 -60.87183356285095 -0.004365481436252594 -0.0 179.55174473618425 4.063575198792806 -44.0420309862584 0.41929926389660255 -0.6031354715079362 -44.0420309862584 0.41929926389660255 -0.6031354715079362 -44.0420309862584 0.41929926389660255 -0.6031354715079362 -45.82230901775478 -7.353323327217248 10.200587929701822 0.6407813738263433 -178.48016040142406 -11.7158558153084 43.875374650283355 173.31509934458694 4.331452103851215 32.02938717202177 28.532939636036787 -134.28808152557366 -79.11978741065917 17.33351764664816 -17.631314486730115 -18.14251409728726 -168.884238501749 11.749328463484344 43.875374650283355 173.31509934458694 4.331452103851215 -0.7123129314457161 0.12833250479292121 -169.78670068036257 45.61294496026015 -36.73290617150569 -133.7592869380137 16.9419755827782 -169.26714258434566 -67.69592283002775 -7.443450721168766 -0.9814349921645127 7.532899664857773 -61.90445165398992 40.56478404159364 -44.13890171627271 24.42933491532075 158.49736395161 1.7466514931444513e-15 24.429334915320723 158.49736395161003 0.0 62.977160830358486 -0.328678464986383 0.3689583795459243 -12.422666791242603 -1.243206835838839 -5.760505138781468 21.268406766052532 179.37186716354725 2.666414117944538e-17 21.268406766052568 179.37186716354728 -0.0
45.19433379173279 -59.92702841758728 -0.001637497916817665 -0.0 179.07257866489812 3.6347076926089423 -45.51794501591443 0.9620982160547806 -1.348355367033688 -45.51794501591443 0.9620982160547806 -1.348355367033688 -45.51794501591443 0.9620982160547806 -1.348355367033688 -50.74462257736554 -8.661210194897965 11.129250413720733 0.18742621586484529 -178.71828770071636 -10.02066527993527 44.79081965977435 -167.93678282213511 -9.23156835695017 33.86286987324572 25.09957095035948 -139.94737365599897 -76.15595218670454 -15.990128562168149 16.44303517399387 -20.60623198414826 -168.88401531863 19.126434371469127 44.79081965977435 -167.93678282213511 -9.23156835695017 -23.158684280435125 4.710983438316691 -168.16542765256517 26.279582774133644 -18.755598275285113 -142.51402032854904 17.307993518705814 -165.1758431131924 -58.12598003572962 -9.9069969017416 -1.2750802682221827 7.371410426821051 -62.670342430222895 34.20298851020532 -37.4186360910285 23.989525950354484 157.51818703429075 0.0 23.98952595035454 157.51818703429075 0.0 58.847316950663 -3.9899586780978695 4.659552458757009 -16.664581106555474 -1.9433466167587798 -6.747938419912055 15.85493808629768 -171.82380109835125 4.1329243623375446e-16 15.85493808629768 -171.82380109835128 4.1329243623375446e-16
45.070143043994904 -59.39461290836334 7.941853255033493e-05 -0.0 178.74265282305316 3.250986770002423 -43.878012459263644 1.1636201754064188 -1.6785526086364726 -43.878012459263644 1.1636201754064188 -1.6785526086364726 -43.878012459263644 1.1636201754064188 -1.6785526086364726 -51.695152291117324 -9.465032242670512 11.994205853407454 0.4298665764598506 -178.56624686236705 -13.351961057852487 41.31754414315238 -157.2324657313707 -16.3990346267964 37.26838662527279 24.28816079019517 -143.3057200402787 -72.21768409326108 -27.524654903779787 28.690131186112637 -22.054391494841465 -170.1100564284336 34.78046335172164 41.31754414315238 -157.2324657313707 -16.3990346267964 -36.9733332763315 8.751548890406735 -165.64308442836182 5.151990393663446 -3.4117305803188387 -146.42005086315504 20.079061708018084 -161.67483253496547 -52.1107377849836 -5.052288264819181 -0.6546089356470938 7.3922921040596545 -62.43809456946056 32.84212539748436 -36.05955130808114 23.81606807511055 157.9671996545905 0.0 23.816068075110582 157.9671996545905 0.0 55.88229423388854 -5.693714235249167 6.867061919152019 -24.66048409628545 -3.530671624479786 -8.411726616565568 14.12901427745497 -163.1803722582622 -0.0 14.129014277454989 -163.1803722582622 -8.199431598837107e-16
45.01706063747406 -59.317195415496826 -0.00048445072025060654 -0.0 178.12952151670737 2.967339388896564 -37.04820077048041 1.067137836293235 -1.7708630514180745 -37.04820077048041 1.067137836293235 -1.7708630514180745 -37.04820077048041 1.067137836293235 -1.7708630514180745 -51.46587038029747 -9.105241265194593 11.578746936633367 0.5973515024724134 -178.31807924811952 -13.337789412848528 29.254859403059612 -139.69175325232442 -23.883343053788835 33.96040335345923 19.41047101283172 -147.75747189573028 -65.69809889890763 -35.23633790495235 37.77747857357726 -27.643855951523758 -167.90029656730903 57.22019048266321 29.254859403059605 -139.6917532523244 -23.883343053788852 -28.397272305357014 6.929310106753842 -165.66516719015314 24.666889310726763 -20.15273111792403 -138.67304086244357 16.52963560538728 -163.1391544967798 -56.89397247921317 -3.570466723463414 -0.4497761431144306 7.184548479756667 -62.77611875727963 31.378786700941355 -34.44511198030868 20.77069062357197 158.58352868621031 -8.504091349770595e-16 20.770690623572033 158.5835286862103 0.0 57.72552451583426 -9.42091036122801 11.102834654587497 -35.39353537207398 -6.518900542070218 -11.160702287950231 17.786692652054906 -161.62960108590866 -0.0 17.78669265205492 -161.62960108590866 -0.0
44.98039036989212 -59.693750739097595 0.00038244761526584625 -0.0 177.0053164924007 3.687797970703506 -24.625009482945867 0.6301622108672845 -1.5120593642222644 -24.625009482945867 0.6301622108672845 -1.5120593642222644 -24.625009482945867 0.6301622108672845 -1.5120593642222644 -48.96082478414569 -8.34848466060616 11.009888794812118 -0.25292494674730615 -178.73392274694032 -10.93641838584419 18.62812507577197 -140.2120043925561 -16.46825997933442 39.054125069557905 18.31370916101898 -152.28588925888909 -64.97206939662493 -33.04941338844956 35.680576085186125 -73.37451278165656 -110.40032256261934 20.316388780672533 18.628125075771962 -140.21200439255608 -16.468259979334423 -27.66371272659112 6.818105260019026 -165.55877660438702 23.0407759578589 -22.217204362532193 -133.77833239244865 9.449734990605219 -158.31186075108508 -49.35617662399033 -3.7792238964826694 -0.4271223204553259 6.452880282277165 -65.59766366839396 29.891361393117652 -32.2606607197602 20.63848199337156 157.23296987211475 8.496677875728093e-16 20.638481993371496 157.23296987211472 0.0 57.52815311049768 -11.714658128722611 13.808661275453627 -46.38887253159139 -11.690516973504625 -15.949014845589122 23.590074067952326 -159.60846942249378 -8.676460529388473e-16 23.5900740679523 -159.60846942249376 -8.676460529388473e-16
44.972020387649536 -59.953054785728455 -1.0710209608078003e-05 -0.0 175.7110171850675 3.7847465667456497 -15.758539145697185 0.34233791153534326 -1.2603353262168302 -15.758539145697185 0.34233791153534326 -1.2603353262168302 -15.758539145697185 0.34233791153534326 -1.2603353262168302 -44.99687308180177 -7.449056741312586 10.476552238640735 0.9722773678907929 -178.59613248593524 -13.504346352987417 10.91172067029859 -137.20552801261007 -11.507529926041151 37.41736327889942 14.80783406437501 -156.48743335378808 -58.53395536343767 -26.010687473358093 29.773418451759877 -43.59586368635512 -161.19285001427016 71.01669125029495 10.911720670298587 -137.20552801261007 -11.507529926041153 -0.6375135092615669 0.16066045189391714 -165.85504520773358 23.294058208065366 -59.06700442198957 -103.33209379815257 -3.3261553658444205 -157.07061795707736 -32.67247749842481 -9.850019113942512 -0.946935794845298 5.51875369866462 -69.02233350328335 24.290428914125417 -25.7969320029442 22.108383336920145 159.65872736156507 -1.7164842981560994e-15 22.108383336920184 159.65872736156504 0.0 52.57440216456139 -10.18878900872473 12.752069026707833 -50.15764730164789 -15.39990036091465 -19.734928009517468 20.946807812674688 -160.3218212943967 -0.0 20.946807812674656 -160.32182129439667 -8.514057564408174e-16
44.93195712566376 -60.44389307498932 -0.0005374196916818619 -0.0 178.3386133883279 2.1820231762133098 -13.574342612193384 0.09688898021051302 -0.4128017583135604 -13.574342612193384 0.09688898021051302 -0.4128017583135604 -13.574342612193384 0.09688898021051302 -0.4128017583135604 -47.765661133894284 -5.2380291616148735 7.05842562668839 0.5708097226473704 -178.73416575534966 -5.682545312548456 10.230037266834291 -139.99985282890657 -8.979778545077968 36.60088456679682 15.667344460330911 -154.8075153635694 -54.77986731688177 -23.24318048845467 27.732352897794932 -43.702681838434444 -159.1157244940159 71.41164452188664 10.23003726683429 -139.99985282890657 -8.979778545077972 -40.80445377875478 16.561849833614293 -155.53047542335776 -2.480244502522041 34.34012498519794 -93.62446231324401 -15.152619727061483 -137.74029745864962 -14.977485464995413 -16.792611075869498 -1.0455266863742705 3.6144864612327816 -71.61051174105089 7.697758529903293 -8.106638414622392 29.085237199268473 160.75053522476992 0.0 29.085237199268537 160.75053522476986 0.0 29.242349959640656 -4.130350142014484 8.408865659572806 -47.1017439109285 -14.83802320529212 -19.881821573319062 18.270949126569633 -155.72219277565742 -0.0 18.270949126569633 -155.72219277565748 8.373542532670444e-16
44.87184137105942 -60.90233325958252 0.0006899237632751465 -0.0 -179.52012155545526 3.3604879031075496 -14.261304692951823 -0.03100404067138912 0.1258562343722537 -14.261304692951823 -0.03100404067138912 0.1258562343722537 -14.261304692951823 -0.03100404067138912 0.1258562343722537 -44.70055962893133 -6.127946257584093 8.678265790557973 -0.9896746092085403 -179.14949157092693 -4.8405063617443895 8.710641468277148 -126.58719858005183 -11.33663583788682 39.432413514250236 24.27217708919932 -144.62741501637805 -54.47413073653212 -28.201256355381503 33.37969061882305 -41.51240001644854 -153.52641975833734 37.62864297001797 8.710641468277146 -126.58719858005183 -11.33663583788682 -43.45598523272778 28.508175141368095 -141.70251342882173 5.6310317576215025 28.640231952644324 -79.81445166230327 -17.258160313453324 -140.35094332907556 -29.09894920664801 -18.055630506335877 -0.6586108335458735 2.1240805423194096 -71.7156266268865 -11.286503493550995 11.870033575275235 41.97509108871713 171.60375916429166 0.0 41.97509108871715 171.60375916429166 0.0 37.54814771352018 -5.918118065906881 9.65323644202664 -47.47702043976624 -15.578920547417257 -20.721561119110508 16.980647686491213 -149.2694859460767 -0.0 16.980647686491185 -149.2694859460767 -8.313841481710046e-16
44.8985829949379 -61.25762164592743 -0.002948194742202759 -0.0 -175.79567692359683 3.636127061563826 -11.41753224645401 -0.1718221201159688 0.867911927935716 -11.41753224645401 -0.1718221201159688 0.867911927935716 -11.41753224645401 -0.1718221201159688 0.867911927935716 -39.50887569485765 -7.799833964306343 12.150879423904247 -3.247710728611734 -178.26306137226817 -0.9902842784194842 6.291473320585248 -118.7743806028875 -9.58597900476481 38.086892661393584 43.390953734482025 -123.12497431012443 -52.771538354819434 -38.673905126985815 45.14978860896099 -24.93332903020389 -157.078594108108 22.75185756370536 6.291473320585246 -118.7743806028875 -9.58597900476481 -16.321701328586617 15.58109503119811 -135.223178149706 -17.468133807559163 -46.100293092754775 -73.88799254008327 -18.69986906674951 -155.91321464157426 -32.644226449798325 7.857501551466068 0.1868113258407658 1.3662266081322383 -74.55212666537804 -34.10440744439491 35.08972000371073 84.04034712486781 -178.36137374400113 0.0 84.04034712486781 -178.36137374400155 0.0 47.85646214745593 -10.467609416966747 13.99171203427638 -44.15531768918529 -15.956338437670126 -22.315629217628025 15.018316309514384 -151.19543026865233 -0.0 15.018316309514422 -151.19543026865236 -0.0
45.01482993364334 -61.284005641937256 -0.008387677371501923 -0.0 -164.2991188040309 2.9236583737558814 -7.2815774493414995 -0.2633035335479301 2.076521314938121 -7.2815774493414995 -0.2633035335479301 2.076521314938121 -7.2815774493414995 -0.2633035335479301 2.076521314938121 -34.45360568978426 -8.20758307367177 14.30307237216771 -3.9547444044878834 -177.04382512312492 -0.3953653592738245 4.991023656073995 -115.37883108164752 -5.699298832655206 28.391081906575995 53.83363214237981 -109.16620698307996 -39.53238778296345 -71.90821433126088 78.25309517147733 -22.63728519122988 -159.3690119396247 1.0648196243128516 4.9910236560739945 -115.37883108164752 -5.699298832655206 11.200751156011618 -23.691813158760507 -113.87798285634544 -25.31983454964879 -68.25721992289003 -80.3207237989565 -1.4468497775864209 -169.73473126052582 -33.731875122504675 12.832453046790356 0.16357370610233446 0.7364455383658294 -72.80726987935768 -59.51578321156723 60.64792047714713 70.7767508132945 -173.59657634230305 0.0 70.77675081329446 -173.59657634230305 0.0 50.49132123335626 -14.817304523683932 18.925346385644993 -42.60693964262768 -16.975138547574115 -24.271506547952626 13.609878767196337 -151.18472017189004 -0.0 13.609878767196282 -151.18472017189004 -0.0
45.21350562572479 -61.28031313419342 -0.007221288979053497 -0.0 -150.2965792818535 2.422789379956333 -6.643255513798594 -0.44537271278666096 3.8441048168701473 -6.643255513798594 -0.44537271278666096 3.8441048168701473 -6.643255513798594 -0.44537271278666096 3.8441048168701473 -41.33824070267282 -10.3054747778449 15.391670052079872 -3.8090158113130186 -175.2531653278519 -1.5030443438060117 6.337708611468858 -115.84637293240095 -4.330555923829145 -1.9524401234155828 -4.179416149580792 -114.99667856071845 17.013199500817105 8.023842473567827 -154.2761259741566 44.06930498855612 172.2515110257033 51.404240967323204 6.337708611468858 -115.84637293240095 -4.330555923829145 -14.04133852744469 53.29039999547985 -100.25435937302312 4.494737888015558 13.785872682915926 -72.28675684370218 3.337223973918497 -158.58734214624334 -22.000580330391262 16.625766494191613 -0.014874681131317019 -0.0519876746401351 -65.49831759101663 -74.180951548091 75.54303433966092 78.10985114895374 -164.89219238799842 1.929611554704241e-15 78.10985114895381 -164.89219238799853 -1.9296115547042536e-15 48.00919327890673 -16.124214709531042 21.25389002923822 -34.268101984873525 -13.195919556096035 -22.607889549485236 11.251391850230753 -145.9431528810235 -0.0 11.251391850230718 -145.9431528810235 -0.0
45.454955101013184 -61.08755171298981 -0.01047533005475998 -0.0 -153.860544614951 1.3172060550134175 -10.024090528162255 -0.8853769709073516 5.073655678274341 -10.024090528162255 -0.8853769709073516 5.073655678274341 -10.024090528162255 -0.8853769709073516 5.073655678274341 -37.949877712142744 -9.855089533887474 15.774190384487937 -2.4702527647070216 -176.6348610346206 -4.484894755198055 9.33056368390192 -119.75780405246117 -6.264941409553457 14.959016181115185 22.069167546410572 -122.48390408545126 44.00097187334088 28.45823840835631 -142.03708966268968 34.45240828872954 173.27756193687665 21.780639548600927 9.33056368390192 -119.75780405246117 -6.264941409553457 15.282161434585698 -39.447822513079686 -107.7619875102831 -7.64428090431158 -78.79152112757528 -88.49005559963902 3.303282603343313 -173.50835425897628 -27.55189079845124 8.933951115205955 -0.09510938010635303 -0.6124174355911169 -69.8213548411376 -61.809806760320264 63.29405162186973 67.83635811917405 -175.22879597940454 0.0 67.83635811917401 -175.22879597940462 -5.269264170999259e-16 49.051849697523615 -20.427765747118762 26.248424998283443 -28.602883401817547 -10.370375850475103 -20.91967821582327 9.087546551833665 -147.127818628016 -8.052459894570862e-16 9.087546551833636 -147.12781862801603 8.052459894570862e-16
45.751143991947174 -60.32741069793701 -0.010790303349494934 -0.0 -165.59900529644167 0.8095027733988176 -21.535194751948104 -2.3176326116663692 6.291856909940526 -21.535194751948104 -2.3176326116663692 6.291856909940526 -21.535194751948104 -2.3176326116663692 6.291856909940526 -33.57244801314603 -7.980752183469835 14.226293681020525 -2.186497999479249 -177.22160788245478 -5.859950690264472 16.148700979342017 -120.24645126074313 -15.725905958626498 11.760266028640457 11.142340693820382 -135.98025457635848 41.982516049112306 23.673528439135694 -146.7580384255452 40.13623510983822 174.4383785258617 -7.923820122775754 16.148700979342014 -120.24645126074311 -15.725905958626504 24.14109791773504 -46.2235999262994 -111.3991889326591 4.075506126408523 -76.32219136046368 -90.99089419226831 5.490702711540246 -172.50500539201016 -42.069127961575 18.549028615208947 -0.39904018805913855 -1.2542055784748987 -70.70068370862965 -43.275787212939825 44.93161935435044 57.336007171735915 178.93716459234702 0.0 57.336007171735915 178.93716459234707 1.8415830944280869e-16 49.16699218315569 -24.056459126699405 30.54088694440118 -28.099731820274407 -9.871678808871007 -20.27726597950427 8.99455269192389 -145.1850208322361 8.050380551598768e-16 8.994552691923914 -145.18502083223606 -0.0
46.0775762796402 -59.463778138160706 -0.01181475818157196 -0.0 -172.25482865512586 -0.8123803491537203 -40.127832442053524 -5.6487010922243535 8.724970819985277 -40.127832442053524 -5.6487010922243535 8.724970819985277 -40.127832442053524 -5.6487010922243535 8.724970819985277 -31.747270682603613 -6.228190451790429 11.71747120952543 0.6562349846273257 -177.41726616899436 -6.913694578658549 28.754316092545398 -121.54690376587737 -30.451271099182954 12.622377027010684 7.80117063110005 -147.91435930094934 35.403716353668244 15.843427756871863 -153.90179591010397 31.336888005744758 178.27977598860937 50.353889332056895 28.754316092545398 -121.54690376587737 -30.451271099182954 29.107916173740044 -47.08715379911277 -114.33468023940148 1.866828786999189 -76.2044149445861 -90.45829373113082 27.02197309385228 -172.6625411394951 -58.41794496237229 49.947891580731955 -2.5108737263751406 -3.278735289071377 -58.39115431358217 -15.108278675223056 17.588855496975665 37.93314984917251 178.78996961510023 0.0 37.933149849172516 178.78996961510023 0.0 46.0307287204426 -23.683414097775337 31.359955205996393 -29.58606029119228 -10.432162170755031 -20.45075199426848 4.998535267349152 -146.2353648569522 -0.0 4.998535267349096 -146.23536485695223 -3.9908709298943304e-16
46.28629386425018 -58.81899893283844 -0.016801059246063232 -0.0 -173.96408933825268 -2.442672657584159 -47.56186126872348 -7.430938559405414 10.02228745144925 -47.56186126872348 -7.430938559405414 10.02228745144925 -47.56186126872348 -7.430938559405414 10.02228745144925 -36.39058229156779 -7.954378161125541 13.252607881067004 3.4414975111727557 -179.3649820766313 -2.0707421498220846 39.47959588474019 -131.05827327973492 -30.580762537183567 -3.931925115881561 -1.7280860168887047 -156.25147381871184 24.60431050343125 7.566775345556547 -162.30445230829136 33.845099441675735 179.72275691964612 70.31342943721471 39.47959588474019 -131.05827327973492 -30.580762537183567 34.15387636059547 -36.7077031061302 -126.97930525103418 39.57269710022039 -67.30469996286494 -104.91850046005082 24.26578884771297 -172.09480564877785 -55.530029556384555 61.16477310876313 -5.751103052389369 -6.558451272638226 -45.085893442090445 -6.469055646572593 9.09674448276379 24.246847724099357 179.4101913296132 0.0 24.246847724099332 179.41019132961318 2.7252140897302525e-17 50.38476698197728 -29.449392528627744 36.23877416422865 -32.24692596406671 -12.13908986342539 -21.9556024336788 1.3724932278872057 -151.29388234629576 -0.0 1.3724932278872286 -151.29388234629573 -0.0
46.35174572467804 -59.096431732177734 -0.01382380723953247 -0.0 -175.38287326244048 -1.6858500679831576 -52.65774146009303 -8.151484158147227 10.213273355664525 -52.65774146009303 -8.151484158147227 10.213273355664525 -52.65774146009303 -8.151484158147227 10.213273355664525 -39.876319056623394 -7.266153308929127 11.247712117004419 5.088077158352894 -179.34446618682662 -12.625039373534234 38.323439292057664 -121.40834328979697 -40.454130795525174 -6.398711485256879 -1.853406913044568 -163.8089536148622 23.693414415361104 5.437956926806512 -166.672358728691 31.26424851691092 -177.20320126848512 77.97988219883564 38.323439292057664 -121.40834328979697 -40.454130795525174 3.655800170791628 -2.3502952975436573 -147.2309234702346 42.689472483781614 -44.93410818265831 -124.19947556402276 31.51669074549515 -169.7444832517403 -56.20621780261188 65.71416421761171 -8.350222651163165 -9.147802900005788 -40.46836735023457 -4.327470796482982 6.650297863104587 19.726367870030945 -176.479046435558 0.0 19.726367870030924 -176.47904643555796 0.0 48.82955224380547 -28.388405992627973 35.67627435668064 -38.38322916109453 -18.592409757319423 -28.447132749375537 2.6295488267048195 -148.42289735780633 -0.0 2.629548826704796 -148.42289735780633 -0.0
46.26716673374176 -59.93443429470062 -0.012941844761371613 -0.0 -176.5569729653514 -8.360561226674507 -56.17131373952705 -7.836806414446535 9.407720385442571 -56.17131373952705 -7.836806414446535 9.407720385442571 -56.17131373952705 -7.836806414446535 9.407720385442571 -44.73993407820523 -3.8519112880503346 5.463955587913467 4.050833429538762 -178.1168857665901 -2.136421617199363 41.27106895486124 -121.78245276826716 -43.051344142783634 -1.9890913983752083 -0.3243045741992528 -170.73795996809676 31.024109455090414 3.2968182150256737 -173.6227607217011 32.32393224981446 -175.86752075119531 90.72814931149617 41.27106895486122 -121.78245276826713 -43.051344142783655 -3.2104313207562964 1.4513706446194008 -155.6573828638455 42.822238059446704 -29.48277895963247 -140.24731460119546 31.59667347668117 -179.53554505133334 -70.77178869284772 67.17473561908803 -7.670365598929744 -8.313288293991654 -27.519049500684957 -1.6488682988070231 3.5650207086709407 8.367576618425925 -173.84720731488568 0.0 8.367576618425888 -173.84720731488568 -1.0046176514066593e-16 51.54373040058453 -29.67607787296063 36.04276792416591 -42.51224031458457 -25.938326884687584 -35.74620770306188 5.244244914172333 -150.58282317969454 -0.0 5.244244914172333 -150.58282317969454 -0.0
46.00463509559631 -61.67827546596527 -0.01135207712650299 -0.0 -178.36015024637751 -3.756213105904592 -61.9055884840963 -5.812681136732142 6.58263319291347 -61.9055884840963 -5.812681136732142 6.58263319291347 -61.9055884840963 -5.812681136732142 6.58263319291347 -42.56597426992218 -2.100712578176697 3.1038999111580985 4.180048451884383 -178.79908856318443 5.592748928430787 45.63357863241302 -121.12233353540533 -48.00712327012146 1.557005439344846 0.15120982430328947 -174.452378334036 31.36608411875447 1.2324064835821458 -177.63326551630277 33.63599075822316 -174.91070149222062 76.63423308995836 45.633578632413055 -121.12233353540537 -48.00712327012143 -0.10209522914759776 0.03405535013662332 -161.55311742319654 40.297422848188845 -16.166418812410054 -155.85692745607037 33.508024015687155 179.5444886563466 -66.69413630477459 70.89901180212615 -7.559972275269629 -7.994909282658177 -32.7984008639025 -0.0049494864825992795 0.009137208414508829 10.491785750654573 -172.11265526180762 -2.0216465362755707e-16 10.491785750654595 -172.11265526180762 0.0 55.20530202734878 -26.450940678549983 31.208950246161237 -49.881117281798694 -37.84571004221434 -45.4552233329325 8.448188608697278 -154.18754132191376 -4.0193063629573987e-16 8.448188608697276 -154.18754132191373 -0.0
45.79228460788727 -64.3508642911911 -0.009342841804027557 -0.0 -179.44987178767792 -1.2258152895493482 -57.237556017116745 -1.3292112947102408 1.5805429707172678 -57.237556017116745 -1.3292112947102408 1.5805429707172678 -57.237556017116745 -1.3292112947102408 1.5805429707172678 -42.01260520394245 -0.4640076320317287 0.6932604708892645 3.6987872573609284 -178.3376711969208 7.016371905061772 44.04887250353072 -127.92503249431253 -41.18120515147963 0.48126046239824855 0.026075359145316366 -176.89863102002406 32.7553572439599 -1.0253782513823115 178.10533586989672 35.00279788768455 -175.5110516466813 87.84293207001402 44.04887250353075 -127.92503249431257 -41.1812051514796 -2.650661769252152 0.5068632146313486 -169.17045912019316 36.241926538658575 -8.619323635097084 -165.61932802521815 33.77551729281802 -179.7754263368013 -61.75867668379219 75.86706118537667 -21.86223290702405 -22.47759869087037 -25.227360307891118 0.6448298916618247 -1.51264702716801 12.811768786984349 -173.91035556238756 0.0 12.811768786984276 -173.91035556238756 -2.038600015037876e-16 56.12670587761927 -26.939523587302755 31.470149427929254 -52.04651913729027 -45.78802911681389 -52.507702566358354 12.773316488192561 -154.5619737001434 -0.0 12.773316488192561 -154.56197370014343 -0.0
45.58888226747513 -66.98431074619293 -0.009133853018283844 -0.0 179.538745811448 -1.4005104547940226 -53.159784470818686 0.8220051263518093 -1.0270679265116565 -53.159784470818686 0.8220051263518093 -1.0270679265116565 -53.159784470818686 0.8220051263518093 -1.0270679265116565 -39.90692769041862 1.659988866773009 -2.5864626597700915 4.944983683670932 -178.47302156341786 9.959687121905757 47.71968329470808 -145.9193586216273 -26.989297539300583 -6.572728822919852 -0.12860198201280934 -178.87663056353375 30.442682708409198 -1.7164277820839282 176.6153060189999 32.864020153726685 -174.47462486222682 92.31941752563377 47.71968329470806 -145.91935862162725 -26.98929753930061 -1.6500761525118706 0.17945292001080385 -173.7923581002249 30.541770420016118 -1.9640023749176538 -176.13945783326133 33.2753433571463 172.03594616484372 -64.34418676269179 77.1742787491931 -52.45550169253882 -53.15262843288528 -27.33747313102461 0.5638185882034515 -1.2275977704575716 22.411425290929692 -173.7969122132147 4.300510820623099e-16 22.4114252909297 -173.7969122132147 0.0 18.057758747701183 -3.4232168039182636 10.922403461082787 -11.727391102316647 -82.75758538068742 -88.52037848414516 39.04234927190576 -161.243728325313 -0.0 39.04234927190575 -161.24372832531304 -0.0
45.3759029507637 -66.9168621301651 -0.008397083729505539 -0.0 178.26894841778073 -0.8075947920751134 -59.35543501796866 4.971250854332258 -5.773127035636878 -59.35543501796866 4.971250854332258 -5.773127035636878 -59.35543501796866 4.971250854332258 -5.773127035636878 -42.39970515211654 3.130881819689441 -4.637640661607395 4.290082884765042 -179.0262954186539 8.969204510742951 56.604522051837684 -154.92122771319137 -22.87554445478152 -14.240351155190647 0.3435474499239012 178.60366902655258 25.84983288437811 -0.5814741930516906 178.66658136728535 36.87903742970888 -176.04651931614657 86.29399464018256 56.604522051837684 -154.92122771319137 -22.87554445478152 1.6418373610502828 -0.04762227565763604 -178.33834676225771 22.2907685850122 -0.020940281616532663 -179.94479334334991 36.125723355221666 175.34765438395283 -70.87895987256388 72.45667281183664 -57.397384015131706 -58.62335795062528 -32.65506419563035 -0.14552440388594526 0.2696979029784146 24.558267608229183 -177.3050429434876 0.0 24.558267608229162 -177.3050429434876 0.0 3.004062550952145 -0.4206491890027016 7.974862662928646 31.714402366760467 -82.97314096520317 -93.70736739250827 52.509950186135214 -169.0970562912831 -0.0 52.509950186135185 -169.09705629128305 -1.3064537980298882e-15
45.33761739730835 -67.24083423614502 -0.008482486009597778 -0.0 176.82679766312125 1.5449659564638087 -56.630871413738326 7.460635566528751 -8.911617791062525 -56.630871413738326 7.460635566528751 -8.911617791062525 -56.630871413738326 7.460635566528751 -8.911617791062525 -39.83247785089554 4.037339532203046 -6.288059825475586 3.3096613617364476 -178.8359737431153 13.31230076855584 47.71469789558977 -138.5494423059972 -36.13508528353081 -10.42873810069058 0.44312092527082225 177.55342583887102 24.435035474972437 0.5103957058998699 -178.7663085190112 36.270727297922164 -176.1629512263997 85.4705349916087 47.71469789558973 -138.5494423059971 -36.13508528353087 5.917047445830958 -0.19260699006578105 -178.1322891811482 28.74185743339754 0.8465536955618064 178.23994167050745 32.78669251081161 170.21638440144932 -62.823914273561904 70.10659302738476 -59.966364563884966 -61.46997176734274 -31.807927400139906 -0.9258275761810271 1.7561467327399238 23.263443858719963 -171.1835509426093 0.0 23.263443858719928 -171.18355094260932 0.0 9.256186893615618 -1.1761148451772787 7.2736124233724615 36.895481496473295 -82.37106266921279 -94.59745467412087 39.54237460895406 -170.07141922538185 -0.0 39.54237460895407 -170.07141922538187 -0.0
45.362041890621185 -66.3394182920456 -0.008529983460903168 -0.0 175.59951323017057 3.44890650904504 -55.638861969390895 9.745128015356617 -11.75268540522431 -55.638861969390895 9.745128015356617 -11.75268540522431 -55.638861969390895 9.745128015356617 -11.75268540522431 -40.822582155888284 4.3177583162453255 -6.588256356895823 4.739786814952105 -178.2669114424581 13.686289863765275 48.228912202455305 -142.32508857519065 -33.952840101866464 -20.682184720137847 1.3471338079725725 176.19066445134058 18.325732472837636 1.2631504369293562 -175.9885030962706 36.37065288620045 -177.5788617401654 99.26516575927333 48.228912202455305 -142.32508857519065 -33.952840101866464 5.263373134445361 -0.007737517284897658 -179.91565277673288 28.26867964557157 -0.15866625388109246 -179.6649861428761 33.59548730023343 175.7034269535652 -69.67795735089932 70.85294455539344 -55.290717412430894 -56.80111773509941 -32.52344378292051 -1.1088142732145938 2.061722419191639 23.87710675915855 -168.25495230527255 0.0 23.877106759158508 -168.25495230527258 0.0 12.077275941224299 -1.5819178609605342 7.5190950363297935 19.866887654354485 -84.13293196226834 -92.00002696426088 36.271405132616174 -166.4164600201274 -0.0 36.27140513261613 -166.4164600201274 9.862507501948252e-16
45.33707797527313 -65.78480005264282 -0.00799759291112423 -0.0 174.30931068814766 1.3944745263026965 -53.63821977477949 11.01064428288147 -13.58340258622605 -53.63821977477949 11.01064428288147 -13.58340258622605 -53.63821977477949 11.01064428288147 -13.58340258622605 -44.14163763166159 4.568545890841484 -6.5452246936446 4.397924054786017 -177.96125977777925 11.512498374046077 49.69464654323483 -151.92925045224757 -27.011511927426337 -24.14064814552848 1.1828903724313748 177.10973473845937 15.35373447397179 2.743225201229382 -169.74259264715033 36.6342796250659 178.26057145711252 92.89543475358697 49.694646543234846 -151.92925045224763 -27.0115119274263 7.418484910033601 -0.010173284660387895 -179.92120793895623 31.960235677288868 -0.31886188795039927 -179.39762891799222 36.295993264719506 178.32362655010064 -64.7584236746697 70.6350866402689 -49.695195867321395 -51.332529459435065 -28.043891843337097 -1.1710875783676122 2.4896711004949803 24.832701914583975 -170.7607594168311 4.3807462350024323e-16 24.832701914583932 -170.7607594168311 0.0 9.788524838869497 -1.3713850094365596 8.015237187394469 -0.6368828559397777 -84.42371661599991 -89.93782054545473 35.324456167441475 -167.86016863886348 9.74564989994865e-16 35.32445616744153 -167.86016863886348 -9.745649899948658e-16
45.15202194452286 -64.86957967281342 -0.007944134995341301 -0.0 173.0683286227538 5.976548536385637 -53.654201742891445 13.787657083666526 -16.944225700924257 -53.654201742891445 13.787657083666526 -16.944225700924257 -53.654201742891445 13.787657083666526 -16.944225700924257 -46.42501240412073 5.484409688965603 -7.549418416430525 3.202389366747859 -176.98019084380275 3.329945516164372 51.404385887589235 -156.50168616889437 -24.65954023390836 -22.31653839132802 -0.31903214572582655 -179.1598812652184 27.130778872204893 10.206593969500222 -158.45488120715675 32.6881950020361 174.8104021210823 89.04241869545882 51.404385887589235 -156.50168616889437 -24.65954023390836 12.532443205227665 -0.3929841961905971 -178.189523890437 35.83194256198284 -0.5672223493372109 -179.0311285243582 36.94948015234913 178.81548150259593 -56.75441522914061 70.87337837502706 -43.16301602026192 -44.78854049862073 -28.846071114831094 -1.720478477377778 3.562541838096018 23.103286069026012 -170.47889196044562 4.322350183975497e-16 23.103286069025966 -170.4788919604456 4.3223501839754953e-16 4.157817482861881 -0.5658520701347205 7.756944646201622 -23.40469159797226 -83.55910761523282 -87.43241730473918 34.828772236748236 -166.58174972702128 9.68662425753906e-16 34.82877223674824 -166.58174972702125 9.686624257539063e-16
44.621627032756805 -62.50062584877014 -0.008106045424938202 -0.0 173.36143438196078 7.583496178234421 -59.15167104902804 21.579066077839705 -24.73451792592758 -59.15167104902804 21.579066077839705 -24.73451792592758 -59.15167104902804 21.579066077839705 -24.73451792592758 -46.49518447512905 5.9417103291446915 -8.165641243544599 5.786588087669654 -176.31481709757014 20.325040864349365 55.80714049416055 -147.40827521665955 -34.03257559754696 -4.305162807976075 -0.4979376081943401 -173.39612999353585 42.270529572755436 20.192700568260562 -151.33091239579284 29.683177079794135 172.54915568901075 83.57510823127656 55.80714049416053 -147.4082752166595 -34.032575597546995 15.772786008325697 -1.0595054916171205 -176.107779457295 36.94046177630124 -1.788137294886934 -177.02636117028945 32.389641649501954 176.75466398928836 -43.23692445440503 71.43065502342557 -21.878929576293142 -22.95871380769674 -29.613297572099313 -1.571391632873974 3.1775657985047205 21.868331011601423 -170.62165021089703 0.0 21.868331011601427 -170.62165021089703 0.0 -11.930153879054586 1.3092067807106333 6.308746532919979 -37.52916075299494 -80.67201485965774 -84.2859943890109 33.61416631241498 -160.03837418034496 -0.0 33.614166312415 -160.03837418034496 1.9095907177138837e-15
44.4844052195549 -59.68431234359741 -0.009594857692718506 -0.0 172.63876392110856 14.678527901609373 -58.57490198410683 23.589361128674017 -27.100051638483638 -58.57490198410683 23.589361128674017 -27.100051638483638 -58.57490198410683 23.589361128674017 -27.100051638483638 -46.00439266711916 5.63470927320743 -7.809218371253023 6.290718303590861 -175.4523134503423 19.476089817680226 56.72106309848036 -150.33491902054217 -32.23472427867539 -7.079492628443931 -1.342937193000533 -169.23028966828326 40.914868956089165 22.4381478712009 -147.76783987413734 22.902909681206594 169.51190357251906 70.79618149756358 56.721063098480364 -150.33491902054223 -32.234724278675365 6.859162602723994 -0.7897518732464814 -173.4159966111435 31.909253788502753 -1.93066323850605 -176.35098015392876 30.26604275924097 175.8264302836898 -46.664731538646485 62.31486140694667 -8.6847160187003 -9.787035162507335 -21.43525791927284 -0.9674945602597185 2.6457780532953667 20.94035781959184 -170.25118067117438 0.0 20.94035781959185 -170.25118067117438 0.0 -15.84401080733801 1.7070620212204048 6.2297177097586465 -56.9984372896858 -63.91451174417193 -67.67744514622966 24.673185395293963 -156.86956110331042 -0.0 24.673185395294023 -156.86956110331045 1.7500505871829566e-15
44.4059744477272 -57.60992169380188 -0.009698886424303055 -0.0 172.49655739182424 13.436515034078436 -58.662101111718464 24.554770660927325 -28.143114372248842 -58.662101111718464 24.554770660927325 -28.143114372248842 -58.662101111718464 24.554770660927325 -28.143114372248842 -47.01123742189695 4.95063998550143 -6.753352056748948 7.4809353614965355 -175.29431577819682 12.674561218753452 57.1836129392756 -150.6591903007508 -32.19948957419489 17.643682823415997 4.788029577440063 -164.55164673647542 47.53993243623203 40.91183524648859 -130.40855478205634 16.0214106554942 170.27611169197476 71.72264369110876 57.1836129392756 -150.6591903007508 -32.19948957419489 7.041246724273183 -1.0563432665587236 -171.4458398606579 32.501843770800825 -2.824701039987213 -174.753497624833 28.28408318862942 176.44634847468194 -40.517564165301344 51.88906706603084 -2.967805177060357 -3.769839131657692 -31.320344112607383 -1.1181583455152384 2.1503018622153034 24.31680413134666 -173.26781842499912 0.0 24.316804131346696 -173.26781842499912 0.0 -9.958041192374619 0.9168640715359524 5.2874233402546285 -60.60658675890923 -45.10750448681469 -49.04179654334485 23.14504452677395 -156.85312481522436 -0.0 23.14504452677393 -156.8531248152244 -0.0
44.51359659433365 -56.39924108982086 -0.013598008081316948 -0.0 172.51217778495723 4.03410894268677 -57.431826044405156 21.3938104239826 -24.93236980171852 -57.431826044405156 21.3938104239826 -24.93236980171852 -57.431826044405156 21.3938104239826 -24.93236980171852 -47.06899059859306 6.014458114826243 -8.188610118702504 8.900392371789408 -176.5186731727273 13.792745800783281 60.18187741005892 -174.87596317675042 -10.985736551414421 -34.07060250674849 -13.35295397883502 -157.037334564049 25.363632615621903 21.91808313355952 -136.7924882945235 21.382527001677136 165.03708560426762 61.07362968672565 60.18187741005892 -174.87596317675042 -10.985736551414421 -0.27913830745325424 0.04473362446802721 -170.89537764151416 29.204246688926705 -3.6580818169715474 -172.53509219478653 29.653255804708884 172.53455651868776 -44.450294192850315 43.905244269618514 1.2694368677523147 1.830240403780758 -30.627384248422253 -0.11221712414233519 0.22026913358448696 19.158913635625705 174.04856393669343 0.0 19.158913635625748 174.0485639366934 0.0 -0.5198882703065016 0.04181194450836912 4.598172308241257 -53.03700072871921 -22.08318523387674 -26.919846400808325 21.433799453769566 -160.59834855155228 -0.0 21.433799453769538 -160.5983485515523 8.542158922999323e-16
44.622959196567535 -55.01636266708374 -0.015743914991617203 -0.0 172.3409280522335 1.144968627852187 -56.57024864932388 20.24908442265273 -23.846862122124026 -56.57024864932388 20.24908442265273 -23.846862122124026 -56.57024864932388 20.24908442265273 -23.846862122124026 -51.59976202717872 7.229705779390304 -9.194722778812098 9.071961306547797 -176.18689049568653 18.75208102612061 58.96011712954316 158.11392855089827 12.25625258814147 -26.683396809622995 -13.376025008361246 -152.09737181829544 27.698257189552987 30.425703071258848 -128.35965968677954 19.201612884664485 166.51799969134012 58.35262901146851 58.96011712954313 158.11392855089824 12.256252588141498 -1.8163093677479005 0.3613227920376289 -168.74691366603534 21.941392682605976 -5.307354646965051 -166.0385133417325 30.773506768138905 177.52666042025086 -41.408569531281834 47.954145337263704 5.021329369169489 6.747733845353682 -24.201640833626126 0.6460967135033824 -1.5757105285212574 10.106583804241962 164.47433564551972 4.0383564388420734e-16 10.106583804241964 164.4743356455197 0.0 14.988688873355347 -1.0224853137129835 3.947653928481812 -49.780281200433215 -17.089972824831282 -21.931896968372676 23.570920828445345 -162.62663170450892 -0.0 23.570920828445395 -162.62663170450892 -0.0
44.777911901474 -54.84553873538971 -0.01300550065934658 -0.0 170.57691875003715 3.386088084855994 -49.81300470871712 14.544057315837058 -18.75770546607896 -49.81300470871712 14.544057315837058 -18.75770546607896 -49.81300470871712 14.544057315837058 -18.75770546607896 -54.2668906549415 9.105835590515559 -11.169326687139346 8.64579123572951 -174.93462521465392 18.06347670407524 50.70010479086565 151.14141910751266 15.272413490134113 -19.773566054062165 -12.05046614269535 -147.7471499685604 27.443155721849987 34.03908721328795 -124.3041935152287 18.76000449163849 164.5671302076301 55.16352981348798 50.70010479086565 151.1414191075127 15.272413490134081 -10.938712599600938 2.9096847311081055 -165.005199513733 13.641024392145662 -4.337551414441019 -162.1713252223428 37.16511471588659 -178.71119833129617 -63.12777027629474 45.06732725949082 6.32176905116674 8.894123308714597 -31.823350195823885 1.5646466698079147 -2.96535527138646 8.453858110633147 161.37396098724852 0.0 8.453858110633123 161.37396098724852 0.0 36.7438525236383 -1.9347449117124977 3.231866637819791 -45.61681412170284 -11.620065921683015 -16.05220530727913 21.895034062630604 -165.92319797642384 -0.0 21.89503406263055 -165.92319797642384 -0.0
44.958874583244324 -55.19348978996277 -0.012491550296545029 -0.0 170.82497495775536 3.693495888304608 -48.72500473151943 12.905309518023333 -16.95505978045207 -48.72500473151943 12.905309518023333 -16.95505978045207 -48.72500473151943 12.905309518023333 -16.95505978045207 -52.19475767202402 6.38883143954599 -8.06608364273831 9.710732024760638 -174.77150117585873 16.495910933298166 50.69026277298133 164.2397789430073 5.104189473522196 -18.54521163126516 -13.726386197360453 -142.47606993325687 31.70337754406419 67.7823100482671 -102.11475375228834 15.298533894532264 167.20855450396382 59.26340501219839 50.69026277298133 164.23977894300734 5.104189473522179 -4.007345204705079 1.2964439800840204 -162.0561745628491 20.462334588114206 -8.824352768016725 -156.05538634982477 34.99132972616747 -175.55086050333193 -71.1155481137617 38.56363825662943 6.328279198701706 10.087449600951757 -40.37267418813647 2.6704405481523965 -4.118478411695419 18.207088736761282 163.17804296801427 -8.370467540276263e-16 18.20708873676126 163.1780429680143 -8.370467540276263e-16 33.7106053040086 -1.1452339332263668 2.062873504120504 -46.982030610268865 -9.865583341109996 -13.379750625293925 22.117069697721902 -167.0541508247426 -0.0 22.117069697721945 -167.05415082474258 -0.0
45.09083777666092 -55.938151478767395 -0.011878181248903275 -0.0 170.73474986275636 1.6385488996631166 -47.20567690910646 11.596310248518035 -15.62343390591163 -47.20567690910646 11.596310248518035 -15.62343390591163 -47.20567690910646 11.596310248518035 -15.62343390591163 -49.50551588792186 5.012800121899259 -6.5795221222220395 9.193957326422291 -175.31528080730172 13.492345997381747 48.824099122298456 162.256442323558 6.4017690129925 21.25416957050437 22.25310536721553 -131.5391884070788 24.692269429401982 71.3981623308896 -98.00340679803456 14.8162373157812 169.22853177946925 63.498903122537406 48.824099122298456 162.256442323558 6.4017690129925 -2.090343154915661 0.8595993512386065 -157.6403733325099 22.73831196765941 -12.262831742227128 -150.64937291815974 32.12540843092387 -175.88568778614928 -63.1239072937366 16.47489731000327 2.709058181408289 9.472421502948064 -44.85482469401899 3.190504460572852 -4.518819477231105 23.04937433196105 164.7729759315363 0.0 23.04937433196107 164.7729759315363 0.0 36.418296873612 -0.23999527382205954 0.4042486792176045 -42.34878512392043 -5.633984946412589 -8.331311178860174 19.2573995309743 -170.31283758357108 4.2113324172027224e-16 19.25739953097425 -170.31283758357105 -0.0
45.2520415186882 -56.47360682487488 -0.012235622853040695 -0.0 171.82032432469856 1.8145108646316086 -49.56464641427373 12.053604811663995 -15.671273536814347 -49.56464641427373 12.053604811663995 -15.671273536814347 -49.56464641427373 12.053604811663995 -15.671273536814347 -44.66970315342268 4.411008418373765 -6.261758074460777 8.88220439813824 -175.32941887039246 12.476893220981255 50.79984121508111 160.43952809210103 8.865869828074176 27.046876357738615 35.67979963974146 -122.34525958052802 15.405130686866471 72.38981869861425 -94.81970539117573 12.357433139936898 168.9245165964447 52.94493664094628 50.79984121508111 160.43952809210103 8.865869828074176 2.821224172250333 -1.4755449832943839 -152.3750049774484 27.137955001748225 -17.241270691458162 -145.7697204200092 29.01700734185342 -173.8013923476568 -53.2929471608842 10.093299274397948 1.6167188027280956 9.149018365182593 -46.79466224745077 2.3640273088473536 -3.2416375667690964 19.971398020521864 164.1296625162147 8.460152890029181e-16 19.971398020521825 164.1296625162147 8.460152890029179e-16 26.61760037699861 0.1885578970811822 -0.42085042070910866 -43.16040705950833 -4.4257437518764595 -6.455420848746071 15.134448246088338 -172.77961952536612 -0.0 15.134448246088382 -172.77961952536614 4.1185415389903576e-16
45.394884049892426 -56.78772032260895 -0.012246239930391312 -0.0 171.56008301762304 1.932976316487907 -47.50000440109345 10.660115378978407 -14.321994021513422 -47.50000440109345 10.660115378978407 -14.321994021513422 -47.50000440109345 10.660115378978407 -14.321994021513422 -45.18206386857573 5.778415255307528 -8.119017499042709 7.901378369877263 -175.91735859263346 15.26977337870218 48.17947025954702 156.96766858991487 10.979795540376823 26.08677401771421 39.76819237011972 -117.85102118398103 12.187905867574703 72.63933369260488 -93.77612413298752 10.986618381635022 168.5887342717169 55.37582245349915 48.17947025954702 156.96766858991487 10.979795540376823 7.992970226145569 -4.957962015104712 -148.0414142585481 29.656385362411704 -20.575638991837852 -142.8133354177059 28.773006700281172 -171.7463254786683 -35.45388868155035 5.747693978499484 1.0140857774636114 10.023406033157023 -43.84051993841425 2.498320048303949 -3.6044085079911006 14.736587223478194 161.77720629210592 0.0 14.736587223478198 161.77720629210592 0.0 25.972043560733347 0.19444623030627 -0.44400236298273393 -39.85133841155446 -3.3878526843779246 -5.278117866907464 13.341308379252089 -174.1914105179707 -0.0 13.341308379252089 -174.19141051797072 -2.0429810938550073e-16
45.466431975364685 -56.988462805747986 -0.009725335985422134 -0.0 171.5749627603934 2.7134073286730898 -46.65292244673583 9.980498389928174 -13.603399910331014 -46.65292244673583 9.980498389928174 -13.603399910331014 -46.65292244673583 9.980498389928174 -13.603399910331014 -45.71241176457362 7.260207265300633 -10.091145484169925 7.450553026495801 -177.32621725617759 17.46814364108014 47.06585362093722 155.86625896203537 11.63539899494843 26.629741747725507 38.263051641446474 -119.60965897774945 11.084667503219041 73.58947603225333 -93.24082021961367 9.184285138951628 169.28531589883613 62.18614766435405 47.06585362093722 155.86625896203535 11.63539899494846 11.290755302411927 -7.593954162398981 -145.74723253196598 38.13933829046344 -29.40462902829772 -137.61755600762933 26.132912926305334 -173.0300715718761 -35.67399907895086 14.59969014745541 3.249808800275697 12.694735397883836 -47.57303942392225 5.348446791882753 -7.228388298642377 11.850865076107782 159.71812925489496 0.0 11.850865076107736 159.71812925489493 0.0 49.74130248691567 0.8990733458920558 -1.1780630783893298 -40.42484915592332 -2.6621189743686258 -4.101294152721802 13.792522980307462 -175.8060143263622 -0.0 13.792522980307412 -175.8060143263622 -2.0468672752007064e-16
45.57865560054779 -56.99019432067871 -0.01051444560289383 -0.0 172.29938808711876 2.1834385420749824 -48.10907179308142 10.072714525314503 -13.421165727513609 -48.10907179308142 10.072714525314503 -13.421165727513609 -48.10907179308142 10.072714525314503 -13.421165727513609 -43.46833867573558 7.2917382539722375 -10.536368094215678 7.822184118472062 -178.81120827772926 16.679291037071973 48.563532026573384 157.67536872874254 11.068165640112348 25.53376781118146 32.04452715993067 -124.55213486321188 20.5956725074701 73.35820663103073 -96.0024195820239 11.699419875298522 171.73358264604965 62.64434795527069 48.56353202657339 157.6753687287426 11.06816564011232 12.758911312432053 -8.725777279527541 -145.2021299536556 38.12816413406463 -27.57726996964436 -139.77187326776564 26.237212726089776 -173.4016476226358 -34.922604410902466 27.452233927325103 7.956717232043301 16.866466682073224 -41.21942675101899 6.745872994255899 -10.17657770822439 10.590556152003334 158.71712838872946 4.044590295034132e-16 10.590556152003334 158.7171283887295 4.044590295034132e-16 49.040650275208066 1.6506518973629682 -2.185332287354931 -43.47832113310289 -1.5995569837895163 -2.323995725652455 13.899222414623905 -177.0768991014984 -0.0 13.899222414623905 -177.0768991014984 -0.0
45.66497057676315 -56.463322043418884 -0.011433660984039307 -0.0 172.8932225682698 1.5526741461716584 -49.94003418645896 10.582627873837014 -13.717925643736324 -49.94003418645896 10.582627873837014 -13.717925643736324 -49.94003418645896 10.582627873837014 -13.717925643736324 -49.80924609434644 8.92274167192628 -11.614128001840648 8.007787786503217 -178.63042267554817 17.72645743041537 48.59893736333023 148.21470508596775 19.01734262291901 26.395184206481428 24.478017870465738 -134.3185173121786 28.490578268350784 69.97746875083047 -99.86126908816125 13.918213613062026 173.0729772040472 63.6483136325768 48.59893736333023 148.21470508596775 19.01734262291901 8.513214137305793 -5.51026667523964 -146.90938105638213 37.61794116068505 -23.134180059553675 -145.01011199648622 26.16794961785587 -174.32806412016836 -45.475204109189946 36.84356183912019 13.54324167541661 21.88572728316712 -43.91177948497295 8.751840326302899 -12.515060878423087 10.71996009773729 158.17467083400285 0.0 10.719960097737271 158.1746708340029 -8.092618627955817e-16 52.19960579090668 3.142681012070194 -3.9749221366704925 -41.173068741327654 -0.21071879791186052 -0.3200761383550797 17.275078384955048 -177.99814433123223 -1.040877251857713e-16 17.275078384955087 -177.99814433123223 -0.0
45.88780105113983 -56.056612730026245 -0.011038966476917267 -0.0 173.86330977475862 1.594087875976964 -50.048595050413724 9.084541980949771 -11.78198663256198 -50.048595050413724 9.084541980949771 -11.78198663256198 -50.048595050413724 9.084541980949771 -11.78198663256198 -51.16354242916365 12.047333116010414 -15.322343770459895 8.279948782348832 -178.977136036972 17.649255837086717 46.843377491091566 143.40822866494165 23.215969377277887 23.23688610233485 14.200506286068837 -147.3244552416049 39.1549370699042 60.904823183906885 -109.36015094682233 16.87595273423778 171.46753992463096 58.16735970931175 46.84337749109158 143.40822866494167 23.215969377277872 -2.5827824153563785 1.4939153389039834 -149.94030570622292 36.725062201894474 -20.010872801216845 -148.6573347315639 25.103763527217076 -175.60165567722817 -53.99871293150384 36.64621103836639 13.487136626921103 21.891755898412384 -42.01732392462593 8.164450761565192 -12.097674654532675 9.500038124083963 156.7594335651001 0.0 9.500038124083918 156.75943356510012 0.0 48.962500467848386 4.359973659039096 -5.771890235688916 -35.538295465565334 1.2999667947186881 2.235762066132416 18.21681583773661 179.0528049552594 -0.0 18.21681583773665 179.0528049552594 -0.0
46.05970233678818 -55.79998791217804 -0.010167993605136871 -0.0 175.4175812760056 1.6747706197592578 -52.67498194986005 8.097240070706487 -10.143548258511 -52.67498194986005 8.097240070706487 -10.143548258511 -52.67498194986005 8.097240070706487 -10.143548258511 -57.612453576744876 11.183225522521264 -13.176746479690294 9.089157751762189 -178.14351790548002 17.310993835663314 50.83451656188712 151.37222691142827 19.08217259740959 -23.675153480621162 -9.99535425819415 -156.3029954567175 26.26554722678259 19.90690540659909 -140.7059712841852 23.86886942586233 169.25660588497465 68.09217746523288 50.834516561887135 151.37222691142833 19.08217259740956 -13.316266967297475 6.584214911464101 -153.38288148882563 26.118290007545163 -9.051600023245198 -160.10595708504388 29.92974386087924 -179.2857410685994 -70.10366624940156 33.07575468102216 11.030602175452747 19.656138945379045 -39.66616959909279 6.798883296801437 -10.57969705242159 4.461089169703909 156.40877022550617 1.9938873827656996e-16 4.461089169703929 156.40877022550615 1.9938873827656996e-16 54.10575398059925 6.435183390093548 -7.926302240741313 -24.27274506366883 1.4830549490136509 3.6037434200891796 15.988850371354442 174.258299262259 -0.0 15.9888503713544 174.25829926225902 -0.0
46.230775117874146 -55.983951687812805 -0.009369663894176483 -0.0 176.83800782551307 0.9524778072941805 -54.04652947542205 6.09845272222404 -7.518780085979559 -54.04652947542205 6.09845272222404 -7.518780085979559 -54.04652947542205 6.09845272222404 -7.518780085979559 -55.644709702535806 6.0117484785709285 -7.269655632516189 10.135866844937466 -178.37176627631794 11.691662677822286 49.317049316921384 143.220604785372 26.755607111567848 -26.697050459266098 -7.10995980632038 -164.48357798756354 29.357891988620253 12.25036733328492 -156.11238893951696 26.841977845333275 169.80963233165855 70.06529560014056 49.317049316921384 143.220604785372 26.755607111567848 -18.26081342722046 6.862622570224154 -158.9887949639498 25.869396122490098 -5.451422998707174 -167.66239678511573 31.015303179955154 -178.14143236296792 -75.6405888269017 28.579869584097136 8.97240460124576 18.26550993591884 -41.97899945445606 8.111737190776704 -12.02949298755112 1.8023283799879726 156.36151794004525 9.944152920345604e-17 1.802328379988017 156.36151794004525 9.944152920345604e-17 55.83814968956026 6.377574011961839 -7.692887040510896 -12.3943830050625 0.7722153920211557 3.5932303651769053 16.484067042957733 173.98057728731325 -0.0 16.484067042957754 173.98057728731328 4.146103696961069e-16
46.41541391611099 -56.68242275714874 -0.009406544268131256 -0.0 178.04936261312415 -0.4449784780167046 -58.42574101497111 5.211098205071292 -6.1102354362323394 -58.42574101497111 5.211098205071292 -6.1102354362323394 -58.42574101497111 5.211098205071292 -6.1102354362323394 -59.77218478389021 -0.5437801232149245 0.629346510543127 9.98045432947818 -179.22798434565422 5.019510127636887 54.66198991461101 147.36898756964754 25.826122125851622 -25.656900787509837 -4.66422502692369 -169.32891019815108 40.50762724934838 8.363106933063683 -167.2473756629554 35.72664776908377 179.21032904500305 71.96603544190951 54.66198991461101 147.36898756964754 25.826122125851622 -14.044443013071476 3.3314014300714847 -166.51148549081253 31.694580985652255 -4.318602267685119 -171.82063449761733 28.00551244108048 -179.4188079545494 -73.02255401821351 40.56606144286501 18.621382085267424 27.39003793126949 -50.200482605122836 21.06378783999005 -26.624530556648608 8.287652386070414 151.8688681942038 -4.0176501715930954e-16 8.287652386070366 151.86886819420374 0.0 62.53846085695239 9.270949017940199 -10.423853766775773 -29.80227215659941 1.9769221632430685 3.9728434932188548 23.50663455565992 176.49348315567073 2.1677388820644655e-16 23.506634555659897 176.49348315567073 -0.0
46.91211134195328 -59.715336561203 -0.007578171789646149 -0.0 179.5964667213219 8.789515569262573 -58.3870822775053 1.0655317130417197 -1.2511439657794756 -58.3870822775053 1.0655317130417197 -1.2511439657794756 -58.3870822775053 1.0655317130417197 -1.2511439657794756 -50.376339222639146 -4.684377083567602 6.0723809218245215 10.135310079769278 -179.37053835087102 -4.890456207365326 52.13978199337961 141.9258525849329 31.364665181961062 -28.825930633293538 -3.715583086395105 -172.32906623167003 34.67656109521129 3.979680563761814 -173.02847389909223 32.384010206783984 179.39906749185366 80.72539460860808 52.139781993379636 141.92585258493295 31.364665181961023 -18.023151728580665 2.2826357276819498 -172.65894046187844 32.52201407703872 -2.427478885399853 -175.49142394402517 26.383655932693177 -179.69204176508399 -80.74337717252038 35.94558419103272 12.396836727377284 20.528241686377527 -57.77658175471037 46.8498727644215 -51.58420886376698 19.038653680596653 146.3421879811342 0.0 19.038653680596713 146.34218798113423 0.0 66.88666745295683 14.511814522249653 -15.718074917995791 -25.77258770876563 1.89159556296638 4.3437329451530475 22.30208415024087 175.45743889682524 -0.0 22.302084150240894 175.45743889682524 2.1485683667615625e-16
47.11804240942001 -62.391674518585205 -0.0044988468289375305 -0.0 -179.51702160772038 6.9307050608073615 -57.32566169581534 -1.1747245772859505 1.3954893597932163 -57.32566169581534 -1.1747245772859505 1.3954893597932163 -57.32566169581534 -1.1747245772859505 1.3954893597932163 -49.473636650987636 -8.25080348364058 10.800672185796058 11.378187357648665 -177.89955161206692 -3.30092772215003 53.44771038852137 150.33474956860624 25.01227467969426 -17.061700179980974 -1.0944814300564663 -176.2744838069229 31.27825682975068 0.6640959323060535 -178.72106702953062 35.262434593407214 178.5195114000309 77.15845474583165 53.44771038852137 150.33474956860624 25.01227467969426 -7.790323243646776 0.4237713790765678 -176.87668939592058 32.98146510929342 -1.2894395970262538 -177.63225645572496 28.339920151920886 -179.91119628816537 -76.7816464459034 53.24905539347562 21.705803908405255 26.418626929778387 -57.67351100070977 51.2131894425155 -55.82000327244042 22.43587522548312 159.4178984671933 -8.602536348176937e-16 22.435875225483045 159.41789846719334 0.0 69.05346296296347 36.055076718027834 -37.93740575237928 -16.22639375326979 1.491655959339483 5.323974347784307 15.072897019989451 175.34935965500196 2.0586738021605986e-16 15.072897019989435 175.34935965500196 -0.0
47.512705624103546 -62.650203704833984 -0.0018085353076457977 -0.0 -178.6207462051612 7.130328285678023 -63.35014250480262 -5.5243991769694425 6.176238852024541 -63.35014250480262 -5.5243991769694425 6.176238852024541 -63.35014250480262 -5.5243991769694425 6.176238852024541 -46.5711436710239 -10.323092909366485 14.080049089072235 11.453003777025645 -177.81798379148748 -8.072302308052716 60.13746055189311 151.57531345278886 26.41553023345156 -8.134207334576296 -0.3278191875390685 -177.6843665736071 25.735975364109528 0.25287945592655764 -179.41764633357568 31.77269005230818 -177.78512027682837 68.17185499731225 60.13746055189311 151.57531345278886 26.41553023345156 2.1134203847196593 -0.03302169012434624 -179.10463684458549 37.55541385270293 -2.535251530020755 -175.84521566746247 30.417584568429348 -179.8643759524054 -76.3483502941111 16.57371073492912 3.480572107392935 12.036665009073696 -47.84599669632306 69.27714399762772 -74.33286951714776 23.104177297525275 159.50162443554314 8.644757733616285e-16 23.10417729752523 159.5016244355431 0.0 67.66143885464568 40.747414516268535 -42.96826973222032 -29.38600900082375 3.969333729419819 8.048871819223253 23.843708316591417 175.99026580485813 2.1733376650110597e-16 23.84370831659146 175.99026580485813 -0.0
47.9248970746994 -64.73426520824432 -0.0021101906895637512 -0.0 -177.51676933248052 6.677183119369392 -59.63665190611893 -7.361490314710908 8.515720709244919 -59.63665190611893 -7.361490314710908 8.515720709244919 -59.63665190611893 -7.361490314710908 8.515720709244919 -48.175571541507225 -12.26787169259314 16.267314185647756 14.418915432697116 -176.20289734393867 -20.327665436423366 55.5890838726913 149.904252676708 27.797608626163075 -3.475210671805247 -0.16453619984210593 -177.28764906204088 29.88570506066368 -0.37298780427794864 179.25146853014894 32.434047110967654 -173.02496433523743 61.6915159230439 55.5890838726913 149.904252676708 27.797608626163075 5.826037359182543 0.008783393607402051 179.91347132677257 33.142970471717796 -3.283311178847759 -174.0099764681235 31.292549590891408 -179.64073670324976 -80.34352334771775 19.150091562578027 3.8546411216701117 11.606723632133205 -30.86265289712273 78.56966539742487 -84.07857196792811 33.550861022361936 158.8891053992785 1.908190358569941e-15 33.55086102236195 158.8891053992785 -1.9081903585699414e-15 67.68034135480416 53.00374427760703 -55.123402706807504 -28.139927682702506 3.9832834949703653 8.398798197014491 24.950044891939346 175.71102545807906 -2.192455586571336e-16 24.950044891939424 175.71102545807906 -0.0
48.34865182638168 -66.03061854839325 -0.0024976208806037903 -0.0 -176.14339884569114 1.072778238471513 -54.667534579083075 -7.856315969050024 9.600034164155321 -54.667534579083075 -7.856315969050024 9.600034164155321 -54.667534579083075 -7.856315969050024 9.600034164155321 -43.080319028857964 -10.816706831632484 15.627932651484771 15.480426708396365 -175.49931502252332 -18.351887329755595 53.70969108575999 164.8142429136872 15.54680891393696 1.6819819070911588 0.07217182358369566 -177.54266028022096 26.45888743110215 0.04573003415480185 -179.89736409716022 37.866406162721646 -174.26712450530042 53.437640378442495 53.70969108575999 164.8142429136872 15.54680891393696 5.743954776200876 -0.018900148267679457 -179.81115609178403 34.90612161385117 -5.641092488889762 -170.2065030852313 33.94264483823178 179.68836510690616 -75.6953415836433 21.071984741568134 4.134247684078211 11.367168236610043 -20.30609602901185 79.73208207815101 -86.40275962773828 38.22472388999224 152.35520984646575 -2.024309632674851e-15 38.22472388999227 152.35520984646578 2.0243096326748522e-15 64.36461298411484 62.54933280466926 -64.90446972993193 -13.813205649198487 2.1496899349165117 8.934754239516492 25.549424406386684 173.5058455714206 -0.0 25.549424406386677 173.5058455714206 -0.0
48.58193248510361 -65.75258672237396 -0.004191789776086807 -0.0 -174.54187586870611 0.4679129985052599 -49.17499671844431 -7.5143998074311975 9.888329522355228 -49.17499671844431 -7.5143998074311975 9.888329522355228 -49.17499671844431 -7.5143998074311975 9.888329522355228 -47.850088266099405 -12.816496242650361 17.058718511012064 13.797105290190418 -176.55242936016322 -20.87403190114243 49.90420833913351 -175.2460907563219 0.5387136064219332 2.016295685679136 0.11202395382765105 -176.81929749662623 32.211045589318125 -0.0055816266674829276 179.98952867901414 33.76623784828998 -176.23877738717206 65.35284136227294 49.90420833913351 -175.2460907563219 0.5387136064219332 1.1393825335747114 -0.025109193606380576 -178.73746277405652 36.17192570328891 -6.480043111204129 -169.1069065606074 45.519177535983154 177.99970505879898 -74.33570566663715 22.206407564468872 4.2524714392651655 11.130138851256449 -23.64646331266761 79.8912044264297 -85.9098042865279 36.56380879279762 156.47560882166803 0.0 36.56380879279769 156.47560882166812 0.0 66.84533384248593 58.46697375159994 -60.56974487478474 -18.19493797904444 2.6602715567962 8.463681315585905 27.812694464494957 176.53248851935345 -0.0 27.812694464494935 176.53248851935348 -2.2474810319656576e-16
48.86073172092438 -65.32103717327118 -0.005072448402643204 -0.0 -172.184226419087 -1.0547926169185398 -41.88901366318673 -6.481961307795139 9.6571715675115 -41.88901366318673 -6.481961307795139 9.6571715675115 -41.88901366318673 -6.481961307795139 9.6571715675115 -48.65607219583993 -12.926172473322145 16.998719793753 12.907843413586022 -177.37453239611716 -18.505718410609212 42.58472653074352 -165.38132720098275 -4.615131502135314 1.2636771359033858 0.10595105806634297 -175.20694104017204 33.3178077898495 1.7226052845138935 -176.86608338475784 38.65768970613578 -177.79546415455005 58.354853136584204 42.58472653074352 -165.38132720098275 -4.615131502135314 4.043117163090567 -0.17815809765763524 -177.4748194110039 50.01011272545289 -24.050473550037697 -149.77932918795332 30.02189196818683 -171.87711047790245 -61.984229991073796 21.773165580636974 4.59293247492518 12.21997899116002 -27.478474478414256 79.00331838306948 -84.87642802779914 37.53612023509698 150.55171809051404 -4.010942471400686e-15 37.53612023509701 150.5517180905141 0.0 67.91757891470051 54.747151361229896 -56.77695223324217 -15.995780369236234 2.5071983143867165 9.028670379532102 29.5481717346176 176.8909349800148 -0.0 29.548171734617583 176.89093498001483 -2.2850351991522015e-16
48.99421185255051 -64.91475403308868 -0.00555538572371006 -0.0 -170.7021164704047 -3.49241777125725 -38.50874921902419 -6.090208590524985 9.723917735260681 -38.50874921902419 -6.090208590524985 9.723917735260681 -38.50874921902419 -6.090208590524985 9.723917735260681 -46.814658029793094 -10.985388483494859 14.90774331671936 13.061493182086922 -177.73378622685618 -14.261576110031696 39.17576230491706 -161.5986913292718 -5.7798449428253225 3.0244379603581355 0.31973093850718304 -173.962498944479 35.952828858494236 3.038242890626144 -174.8343527187691 37.1810569175601 -178.67728400879918 63.794025556548114 39.17576230491706 -161.5986913292718 -5.7798449428253225 7.6927365129350855 -0.9242833292609334 -173.1277256275615 49.50095702753906 -33.07033986804233 -139.42614410949608 23.000630108184293 -163.69956533515244 -60.07591693797837 17.548106412005033 3.889997460142449 12.709107378710092 -32.192530303743986 77.46452105637164 -83.24436478989477 38.81978884192893 152.53945385027637 0.0 38.819788841928904 152.53945385027635 -2.0411159712091004e-15 71.17665840854426 48.89834814553716 -50.451869046655546 -11.937062817501628 1.6826802175321107 8.083566626961623 28.067367097649598 172.1244843140169 -0.0 28.067367097649626 172.12448431401694 9.011142183884615e-16
48.88231307268143 -63.32584321498871 -0.007601222023367882 -0.0 -173.32217725364765 -0.23319991074638746 -45.11611749460882 -6.927745687508287 9.730795356231257 -45.11611749460882 -6.927745687508287 9.730795356231257 -45.11611749460882 -6.927745687508287 9.730795356231257 -54.54188789163774 -17.445985928378786 21.097421582432176 12.683509301562992 -177.63386378416823 -13.174450307317311 45.91437735751471 -175.2954535828789 1.4176774580451676 -1.7867888355727348 -0.2956119608675357 -170.60432179636297 37.20904341059265 3.0435450704300586 -174.97524030521456 34.77262440490664 -176.29360668070652 55.64890147101008 45.91437735751471 -175.2954535828789 1.4176774580451676 5.28913558747961 -1.1581921464044955 -167.62991955232906 46.083923684710236 -34.37201303482223 -136.4830871878206 18.07535498983415 -163.3838319270232 -62.0322095129221 7.402969688681532 1.4556729362919354 11.15692984904575 -35.2036268247472 76.9069338509049 -82.36341174089695 31.81075981736306 156.11670814621155 -1.8713686694384684e-15 31.810759817363042 156.1167081462115 0.0 72.28876413993441 35.376687910719745 -36.700127455788405 -13.627210843851024 1.6524425269736396 6.980849067185387 22.26113270367163 174.2762348877218 -0.0 22.261132703671645 174.2762348877218 -0.0
48.78837913274765 -61.001309752464294 -0.006457511335611343 -0.0 -172.0842696491439 -1.4367167049939817 -38.42768123465314 -5.104510723066795 8.178655310072081 -38.42768123465314 -5.104510723066795 8.178655310072081 -38.42768123465314 -5.104510723066795 8.178655310072081 -55.14379541626941 -15.226480924771234 18.350744700337334 12.035163305399546 -177.3646933150269 -8.735126996620501 39.13612788233878 -174.26032132859527 1.3738450865516334 -9.64361524720703 -2.460058773295754 -165.61575856058823 37.89852871476873 3.7161156720865067 -173.96423410122978 34.588632305451426 -177.69803193458617 59.20279766077447 39.13612788233878 -174.26032132859527 1.3738450865516334 13.361187727923854 -4.257192049655988 -162.1450542169179 44.310660024867545 -54.45268577881946 -116.52564632570403 6.944102692424925 -163.99352929024587 -66.4770339468782 8.953866046582812 1.8029708398738677 11.433889840284872 -51.701912842380686 63.63373074759 -68.74391787227161 32.3456367005384 151.6970910961306 0.0 32.345636700538456 151.69709109613063 0.0 69.82222299766111 18.345647936701802 -19.4575321095857 -12.665049780438762 1.3752809556890624 6.248939204760394 21.324271444909893 175.89680359964692 -0.0 21.324271444909908 175.8968035996469 -2.1339421955233042e-16
48.67716580629349 -58.51231813430786 -0.006414484232664108 -0.0 -172.78162527272875 -2.2723798435211573 -38.26367797622057 -4.5801108949255624 7.3707108918975495 -38.26367797622057 -4.5801108949255624 7.3707108918975495 -38.26367797622057 -4.5801108949255624 7.3707108918975495 -56.776259519318735 -15.673302085235756 18.54206700336913 12.447329274165284 -178.29435419289817 -6.1525222845244025 38.305579935225616 -161.40330973059287 -7.110386020630277 -18.299462991207108 -5.8289557005259045 -161.9888650123543 36.474285035144725 3.9222640653741565 -173.42073810101067 32.564581662229585 -179.7488417813459 63.27920019325261 38.305579935225616 -161.40330973059287 -7.110386020630277 -14.773106067531794 5.3285826384639 -159.90860395137975 31.348256510801313 -52.766162084251754 -111.57220989193098 6.550090795185944 -163.108085495592 -52.46296008175392 6.627918622404861 1.2547876147889903 10.745343493163864 -57.357831881607844 42.53501546687326 -47.45379740687998 26.124692464222658 157.75194813842103 1.771229919374125e-15 26.12469246422268 157.75194813842097 -1.7712299193741255e-15 54.42426203872497 1.0904040633352619 -1.3405550991433046 -14.058081255667314 0.8644000442356288 3.5542913850457265 5.390803926301842 -179.77984082890197 3.119809171342424e-18 5.390803926301863 -179.77984082890197 3.119809171342424e-18
48.59199672937393 -56.554433703422546 -0.008758925832808018 -0.0 -171.60508863372962 -1.8523489060992657 -30.919733570713312 -3.06337590186832 5.946017919958251 -30.919733570713312 -3.06337590186832 5.946017919958251 -30.919733570713312 -3.06337590186832 5.946017919958251 -57.73382455119387 -14.255143761777997 16.723489841994475 13.521312399600646 -177.33832283650366 -8.991027427903601 30.126730169627095 -153.3276062518827 -9.412522460613358 -25.50648419183956 -9.792707399762978 -158.15804023884158 31.16970185620379 4.5154710395622 -171.3245167682145 33.33545359279468 -177.3118724663029 67.53178972634963 30.126730169627095 -153.3276062518827 -9.412522460613358 -19.81152240503764 8.608108727735068 -155.93224992884998 20.80481795702727 -55.95758048387509 -103.49348431339014 9.070508805132198 -158.98863987559847 -54.056648625587094 7.949392652528615 1.4439663534645353 10.329766534605193 -56.71102883282361 27.441533515230024 -31.84862966027988 27.898353441195265 159.1706604502464 0.0 27.898353441195248 159.17066045024637 1.7994059624878706e-15 35.09976627227548 -2.09430090778607 3.6389724559824947 -11.250748868386239 0.12788404001063267 0.6554413891542322 -12.548028124389008 -169.944607240961 -0.0 -12.548028124388965 -169.94460724096103 -0.0
48.342807590961456 -54.84338700771332 -0.008647411596029997 -0.0 -171.1147563224067 0.18863895262793384 -24.899963500713973 -1.941738908407877 4.603654202515792 -24.899963500713973 -1.941738908407877 4.603654202515792 -24.899963500713973 -1.941738908407877 4.603654202515792 -58.52032213400059 -12.090850096112309 14.099965344551888 11.472550104753154 -177.83633327947072 -5.859188132250194 23.609677132987127 -148.76354014997935 -9.351365761087871 -22.468975845719253 -9.444596244912743 -156.47847371698114 40.59690732345472 7.909333407177612 -167.94863170524815 33.20093991286076 -177.84467097393653 66.1376868891017 23.609677132987123 -148.76354014997932 -9.35136576108788 -18.952324141412934 9.875569698407979 -151.8078925330162 16.512630255899655 -60.226042093033904 -99.23583960598886 5.812774266246585 -158.9650462009181 -50.51110026250663 9.074919137210498 1.6032959563130331 10.062974201744112 -59.718488456843566 24.267251121590064 -27.567267672616104 34.52310818449258 159.58629498988407 1.9301879047604816e-15 34.5231081844926 159.5862949898841 0.0 42.90422318911375 -3.803243781593422 5.5771775361522975 -10.505732457882266 -0.15156645045706893 -0.831201281913323 -10.627107695740634 -165.27100064095023 -4.0450736116369573e-16 -10.627107695740595 -165.27100064095023 -0.0
47.94357717037201 -53.569504618644714 -0.006419769488275051 -0.0 -170.3326557287853 2.903687262105652 -16.76856462728864 -0.8886453315495115 3.0774410405337442 -16.76856462728864 -0.8886453315495115 3.0774410405337442 -16.76856462728864 -0.8886453315495115 3.0774410405337442 -59.36392458187827 -9.810549984376914 11.363409604766396 9.840570368502098 -178.4141183410967 -8.914297968534482 15.177477743293073 -142.58968840749299 -7.840535444308121 -25.805753731217177 -11.54966838986998 -154.85298909023166 35.725192997936006 9.101078452071034 -164.65829845812496 35.26142282434917 -176.61044776407618 70.17174098031329 15.177477743293073 -142.58968840749299 -7.840535444308126 -37.39039590636461 29.478893536170723 -137.04931461845308 3.850180282145732 -26.521744174336572 -97.6631062653483 0.6013577604020961 -156.0897154885712 -40.459528623137984 12.393610470876906 2.2557896523066345 10.399998603282734 -62.97242457623065 21.869464684500265 -24.25576319757826 37.878745961466834 159.37546193170724 0.0 37.87874596146683 159.37546193170718 0.0 43.95969539314733 -4.379529871622275 6.296029927941229 -9.618619340614307 -0.3501007569190426 -2.0943858561026807 -7.118641821516939 -162.5155031001205 -0.0 -7.118641821516892 -162.51550310012047 -0.0
47.57552742958069 -52.79271602630615 -0.00884784385561943 -0.0 -108.90830952648022 -0.8047610688972867 -0.6131530572945421 -0.019176238948127537 1.791364365726152 -0.6131530572945421 -0.019176238948127537 1.791364365726152 -0.6131530572945421 -0.019176238948127537 1.791364365726152 -50.04168797458506 -5.018278006319988 6.535204819375098 8.314230809265306 -177.46686922892965 -11.16282155034667 1.5798842066772574 -142.3610419042387 1.0435815175911614 27.81468806596001 12.760046266365872 -154.1113349688421 65.7091301727954 46.213882003533094 -131.14187193362048 21.848757236274462 -176.72430800145344 62.577991128488044 1.5798842066772576 -142.36104190423868 1.0435815175911611 30.13901259540735 -25.830000234867008 -136.04769118966874 -4.328838526491284 -63.50424719808457 -87.84519020212325 -3.72396267196366 -171.43243428672866 -73.8032541013825 17.374852950292397 3.415473479350028 11.302105940632162 -58.79237557972026 12.22381171433456 -14.213832660478797 32.985929616617454 160.86088261958994 0.0 32.985929616617454 160.86088261958994 0.0 44.64819596631936 -5.842152519624566 8.283973157075277 -15.344003988709071 -1.188850883891914 -4.484244396604535 -2.2018018304471823 -160.04767578701183 -9.946576850712e-17 -2.201801830447136 -160.04767578701183 -0.0
47.370895743370056 -52.467817068099976 -0.008575478568673134 -0.0 -152.68886826234927 0.12731335211648676 -2.1499275009905676 -0.04171281380123887 1.1117721446785553 -2.1499275009905676 -0.04171281380123887 1.1117721446785553 -2.1499275009905676 -0.04171281380123887 1.1117721446785553 -51.40548552804529 -4.578255180457484 5.849778608201494 7.589722045410996 -177.7912045494703 -10.291029958162662 2.388885504050709 -143.44825747832837 -0.3885343135347356 36.385614234364375 17.573997744597552 -151.90217919802475 61.41361264974176 73.62917193018839 -104.46425909105139 6.426602621110896 -176.96180644541434 57.618386049891434 2.388885504050709 -143.44825747832837 -0.3885343135347356 29.175258127687236 -30.618698945288976 -129.47741413704935 -16.19849161383443 -71.57405485628682 -84.69018920208583 -7.425597588173618 -169.84039694896236 -66.79393493995168 23.597121764051543 4.592141938526144 11.345635699247932 -56.21443996897387 3.736925160338774 -4.493378740716399 28.26962632412178 164.83015922213545 0.0 28.269626324121763 164.83015922213542 9.028192250615084e-16 49.61293415112937 -9.282889312943503 12.11140703053776 -27.057715160263466 -3.6380871669303385 -7.956982462228366 10.027878668039815 -160.3153502710399 -4.037371699299257e-16 10.027878668039818 -160.3153502710399 -4.037371699299257e-16
47.03033268451691 -53.04446518421173 -0.005161948502063751 -0.0 -179.933716196125 1.5694454647436908 -15.014827614823622 -0.00476882399853604 0.01840754269650606 -15.014827614823622 -0.00476882399853604 0.01840754269650606 -15.014827614823622 -0.00476882399853604 0.01840754269650606 -55.369945222027276 -6.217336515182614 7.541898011094238 7.042595903687797 -177.7107031438672 -5.669974256539989 11.743330681379803 -140.73979764534036 -9.422769294724102 37.008523544450505 18.041096460820015 -151.58170259778785 -82.275654045053 49.12205989484743 -49.38032147137554 -13.55960101088063 -169.4207050288213 52.77235060945531 11.743330681379803 -140.73979764534036 -9.422769294724102 -7.731677708138824 9.481113938269202 -128.85404903134506 -33.90782653660904 -58.39221244351639 -71.05258422048277 -13.048594307975115 -162.26969646333433 -28.827551859747757 18.44861002010558 3.4046926029478444 10.647291775719541 -47.95607420655208 -3.748325482129437 5.041516483700134 18.55869180500726 168.67902252376342 0.0 18.558691805007303 168.67902252376348 4.193777667048087e-16 46.18357221292186 -9.966460276417083 13.686933070167361 -43.44942036823003 -9.923434306992853 -14.272877530000876 19.64252046457836 -157.60641938865925 -8.442681114634024e-16 19.642520464578407 -157.60641938865928 -0.0
46.73108458518982 -53.79115343093872 -0.004949048161506653 -0.0 176.984591740509 4.156266429418453 -15.570982825833896 0.2344188220692255 -0.8732266724229226 -15.570982825833896 0.2344188220692255 -0.8732266724229226 -15.570982825833896 0.2344188220692255 -0.8732266724229226 -52.0023398896993 -5.458320477322222 6.913764205064878 6.898311696030101 -177.7117015223079 -6.327458546765441 10.432504337538635 -134.2905652581421 -11.656372615604518 41.920418924026855 21.203002351905557 -149.85816636076143 -73.86532081168058 -44.73593985178783 45.88702710652984 -25.408310323934113 -170.10987664942485 56.54445158435256 10.432504337538633 -134.2905652581421 -11.656372615604518 -0.6659302083592739 1.2377051690966654 -118.27760369963927 -51.08507134167447 -73.15922124713354 -76.74719369982938 -15.003163535725095 -166.45975786691594 -45.07450319087812 14.945813262839396 2.563196544306446 9.847039248924563 -44.7618686811435 -7.927821350859029 11.18658140461971 12.545820852916721 172.70634540167558 0.0 12.54582085291672 172.70634540167555 0.0 35.606508145971205 -7.448655061751066 12.656260408920234 -46.71111913016024 -13.688319300849358 -18.500273657993382 20.207064006805325 -158.94325774995707 -0.0 20.20706400680532 -158.94325774995707 8.472889278925444e-16
46.38940691947937 -54.35510873794556 -0.005420669913291931 -0.0 172.83489400723445 4.084224245877813 -13.468688840605653 0.413540738578095 -1.7749715060074267 -13.468688840605653 0.413540738578095 -1.7749715060074267 -13.468688840605653 0.413540738578095 -1.7749715060074267 -51.233635006481556 -7.159758218154079 9.1520979461542 7.504781857208542 -177.59042355953108 -12.507711693318983 6.7025742814968154 -126.26901026729385 -11.841256873282957 46.72651867143478 24.72823930713631 -147.68502297835593 -64.67178985635107 -34.630602057760875 37.3831952585416 -28.430173052900358 -168.1726047224735 77.35880623748864 6.702574281496813 -126.26901026729385 -11.841256873282958 14.911530755761586 -38.426547970574624 -107.97085249798445 -60.26523947734587 -58.164946924829586 -61.66984411586183 -26.269500870819023 -170.92364391551382 -47.34013258410698 6.55377492167494 1.0622598833953243 9.227445214531569 -39.723835440250504 -9.373405269453276 14.482580753364465 10.659260972158572 176.83741014353416 0.0 10.659260972158549 176.83741014353413 0.0 23.845347820750984 -4.713211507306735 11.52688785016862 -46.22553424854943 -14.46202860109867 -19.655865298082713 18.185135535481106 -160.32390130872815 -0.0 18.18513553548116 -160.32390130872813 -0.0
46.04850560426712 -54.42495048046112 -0.004215538501739502 -0.0 162.51905772504625 8.249039651357556 -7.729560716780747 0.33304487311513825 -2.4747049194925403 -7.729560716780747 0.33304487311513825 -2.4747049194925403 -7.729560716780747 0.33304487311513825 -2.4747049194925403 -48.339589611511194 -6.708188783623064 8.946818097861403 7.582142275506405 -177.30905290697274 -13.613261051955126 2.569484333965696 -125.82809506278319 -7.698740714949557 44.39121069943145 23.044333050077885 -148.696833594579 -58.89946919458478 -29.691109169890034 33.65960992742077 -31.948437688942615 -166.98958909754495 81.69924519689567 2.569484333965696 -125.82809506278319 -7.698740714949557 7.387871667057774 -23.472855365435578 -106.49456769375963 -57.60482975161341 -37.193774791228215 -41.94723475677558 -36.26324588387115 -173.63523944345073 -32.537042107713624 2.8747544212238063 0.4712767298710259 9.314092464915085 -41.48859296147584 -11.522169782686282 17.10415706482178 14.132972220337553 176.80551355518773 0.0 14.132972220337574 176.8055135551877 -1.0249467747638807e-16 14.530587916291019 -2.4007296407972216 9.48654781687204 -45.43123293273918 -12.278034328890174 -16.987385171515257 15.317565784021332 -160.48858931167916 -0.0 15.317565784021383 -160.48858931167914 -8.244251583130553e-16
45.59260159730911 -54.70501184463501 -0.005304440855979919 -0.0 159.98993022673537 9.641273755458942 -7.2718872067678895 0.3404924686713163 -2.6880411182189574 -7.2718872067678895 0.3404924686713163 -2.6880411182189574 -7.2718872067678895 0.3404924686713163 -2.6880411182189574 -46.13358585321962 -5.297099720286939 7.3280962109863585 7.05968075746186 -176.1540905047286 -14.789393330247718 1.7257216117408316 -122.79972980303916 -7.556866992658134 49.22514862911976 24.15210687342925 -149.36871632417132 -60.22621207702733 -29.669826585473203 33.278207813043885 -36.98429487968415 -166.05506608064394 56.90291673822469 1.7257216117408316 -122.79972980303916 -7.556866992658134 21.416321608083926 -45.865120069413955 -109.50814176151684 -60.156259188465064 -57.67497696941452 -61.23898624392398 -36.4751109043529 -175.23287925107093 -50.39011977823563 2.679471726894331 0.4659509488160441 9.868630203290277 -38.61699724023375 -12.129815888224472 19.002215421442138 16.70221182425847 178.4658870767232 -5.18851277476968e-17 16.70221182425849 178.4658870767232 -5.18851277476968e-17 18.302651006911123 -2.734275034744518 8.647230809427278 -42.140568338811605 -10.410859559152584 -15.314190739616034 13.191698175591691 -160.24646740162274 8.166894894679901e-16 13.191698175591693 -160.24646740162277 -8.166894894679901e-16
45.286278426647186 -54.25198972225189 -0.003106333315372467 -0.0 163.6152971666088 11.029879015877636 -6.506478577151447 0.2193781709229655 -1.935266536962943 -6.506478577151447 0.2193781709229655 -1.935266536962943 -6.506478577151447 0.2193781709229655 -1.935266536962943 -51.74916612871521 -5.349357430253221 6.799555991726077 7.8358701078687965 -175.82470330050793 -11.276943475697381 1.400634925459146 -118.24025021810407 -6.641567764733076 47.423579492703155 18.420857389240023 -155.66292779876326 -57.66448478959883 -26.335659411563466 30.364051991645884 -35.29792176502241 -163.79380443003893 67.40325692213023 1.4006349254591455 -118.24025021810407 -6.641567764733076 -5.522388601158941 5.447030351809825 -135.2627569307498 -48.02097407136838 -35.85725048134147 -44.193181294070556 -44.343250853145854 -177.8367783636294 -7.290442266394245 2.884207438726275 0.47390249336321616 9.334944658151164 -38.597434823599 -13.124496384139086 20.492915874456283 20.401194263248616 179.04594354808904 0.0 20.40119426324857 179.04594354808899 -5.3021985593491684e-17 11.775997180363143 -1.55745458533457 7.588560021743717 -37.812393344100116 -9.016256393440031 -14.510735312388874 13.207939730876948 -158.59739475474967 -0.0 13.207939730876893 -158.59739475474964 -0.0
45.094579458236694 -53.02847921848297 -0.005202740430831909 -0.0 166.24498994088077 4.022534785927938 -5.344748296645964 0.12282347858624505 -1.318350292731018 -5.344748296645964 0.12282347858624505 -1.318350292731018 -5.344748296645964 0.12282347858624505 -1.318350292731018 -50.51222448071182 -9.705857316406709 12.49598162879965 8.55454847283215 -175.67457711102014 -10.946572556241692 1.3173932417583698 -117.56107381972528 -5.344983631183091 47.02818503244392 13.895248964086814 -161.3194011849071 -60.62491484168611 -32.47089757631126 36.13864584518442 -19.85566952546741 -166.07701918337904 74.22357467342472 1.3173932417583698 -117.56107381972528 -5.344983631183091 22.296996233935868 -12.56055973072892 -149.57678528689317 -60.805536266814265 -66.0226482571937 -68.78092321621173 -23.283556718458534 -171.54607712168905 -64.14283254707867 7.334145687895224 0.9967296447400898 7.760923651928501 -40.408574649652714 -15.06180369141567 22.545130116038415 28.612497214875578 176.65921380798832 0.0 28.612497214875557 176.65921380798835 0.0 10.615188579179918 -1.2080575237541726 6.530521649498059 -38.27790212672997 -8.749799209884781 -13.952824058678196 13.361803074964566 -158.20860756953047 -0.0 13.36180307496459 -158.20860756953044 1.6345236346956481e-15
45.059049129486084 -51.82814300060272 -0.005534850060939789 -0.0 175.53537853496462 -2.182867153601001 -2.966411690856132 0.012013406317345748 -0.23213949938920445 -2.966411690856132 0.012013406317345748 -0.23213949938920445 -2.966411690856132 0.012013406317345748 -0.23213949938920445 -51.44743202018042 -13.593521649731883 17.18161125652433 8.218201049593938 -176.37738722702764 -7.681480164471839 1.6414165695639447 -127.92112656065608 -2.482111258142235 40.19515546141866 7.938072225394232 -167.80849153305164 -61.521312115926406 -45.66537131006922 49.343599815685245 -14.734938126564117 -165.47950483505073 69.65809626790485 1.6414165695639442 -127.92112656065605 -2.482111258142235 41.068315529264694 -16.313735752367243 -155.98661033017524 -52.00380206200547 -74.35159413832105 -77.55182875531256 -18.81701774786241 -175.26905898632074 -108.70952210456983 7.5550523223957 0.8505206820655732 6.442073866886636 -39.98150973025114 -15.580546892105476 23.459083598740918 29.888620174706404 176.7508332570022 2.292798667934321e-16 29.888620174706386 176.75083325700214 2.292798667934321e-16 25.45767944437123 -2.954826349167614 6.847490877724979 -35.688689962979176 -7.531829908613486 -12.769813434202844 14.36252436971891 -159.78561216973594 8.207920199096931e-16 14.362524369718884 -159.7856121697359 -0.0
45.091718435287476 -50.625526905059814 -0.0064780935645103455 -0.0 -39.27322159163662 -14.268707145166626 0.8875413902559457 0.011245875872397275 0.7259746144763584 0.8875413902559457 0.011245875872397275 0.7259746144763584 0.8875413902559457 0.011245875872397275 0.7259746144763584 -49.52092565873512 -15.844523870658627 20.461538835639782 8.600008399405967 -175.83482533250265 -15.76767932913899 0.03245989868077473 -127.65121683024228 1.1461558354982753 36.859071716674066 4.888125535652265 -171.88592528074676 -56.7246661422367 -58.46030760168816 62.83649697732753 -12.594464643461766 -166.88908749137784 78.05003107303924 0.03245989868077493 -127.65121683024228 1.1461558354982753 44.10878785184826 -6.411217406132447 -170.82927239360595 -58.27986333819695 -71.96319559130349 -74.5178280786203 -17.20949274267771 -175.1414521891697 -77.20682082928761 6.721285281084298 0.6005940168043131 5.118072809728153 -41.614509876002934 -12.212697852881753 18.0511306993678 29.82800567588583 177.61236410462084 0.0 29.82800567588583 177.61236410462084 0.0 28.802047516294422 -3.5360921298226677 7.308991218131228 -34.82563095812453 -6.786285148218508 -11.770677237047023 17.847008609359893 -158.2751763659273 8.35336514362637e-16 17.84700860935987 -158.2751763659273 8.353365143626368e-16
45.07331699132919 -50.1228928565979 -0.006804987788200378 -0.0 -69.03480951925668 -5.039870115791308 0.776685289667091 0.027515487065280904 2.029020761908281 0.776685289667091 0.027515487065280904 2.029020761908281 0.776685289667091 0.027515487065280904 2.029020761908281 -46.36534456759494 -14.561360214483853 19.743408609266027 8.065946180694887 -176.1091114215434 -20.373251034874716 0.9940925712572866 -131.8154135448679 1.9318559930755448 38.11027033265726 5.547430408577565 -171.05675726025032 -28.333687197544055 -79.57928073834736 85.01164401763488 -8.552811996287982 -169.13616212678912 81.13878383748755 0.9940925712572866 -131.8154135448679 1.9318559930755448 45.02233312065991 -8.204651875093994 -168.47927277985028 -52.44723611594906 -83.94903911135107 -85.19621732522639 -8.944224578293008 178.5532909213115 -67.52870898196196 7.927300696010644 0.5522088195117801 3.997560690537619 -37.42132473276674 -6.821172733054143 11.136056880276863 26.357910487387194 178.56077812631213 -1.109242212968669e-16 26.357910487387162 178.5607781263122 -1.1092422129686685e-16 28.353619930561063 -3.4245960583320363 7.181761520801645 -37.541418205569535 -7.603880280162234 -12.357520989845606 18.73899006120508 -162.3143479471155 -8.396467671962881e-16 18.73899006120506 -162.31434794711552 -0.0
44.944170117378235 -49.80297535657883 -0.006083957850933075 -0.0 -125.82797892015063 -5.060919743431781 -2.2727848830044772 -0.1253872134018354 3.158580027096646 -2.2727848830044772 -0.1253872134018354 3.158580027096646 -2.2727848830044772 -0.1253872134018354 3.158580027096646 -43.11812527150764 -14.052607947741453 20.113030470523 8.462961263115268 -176.49188555006737 -21.623380859608154 3.86014168061416 -133.01563464613002 0.486424517420903 40.90385564944227 7.196123154674809 -169.08585687210862 42.537713231931185 -76.62582914667544 99.131714764996 8.823705382066505 -171.89120364895868 90.31618036712655 3.86014168061416 -133.01563464613 0.4864245174209022 45.451280668345326 -5.295348321484442 -172.58990454833076 71.03057806874644 -68.52651107764447 -110.40583921251641 -4.735403373016183 -179.8449145095478 -81.97400333082167 15.085878025735603 0.9196933077451729 3.529491727187691 -31.71138616882898 -2.868295359116409 5.444873120941765 25.812240965536382 178.450880322326 0.0 25.812240965536358 178.45088032232596 -1.1040823043190288e-16 26.053806223274506 -2.9739130014995903 6.745717751269236 -34.68870835342823 -6.783545501592671 -11.805467943335609 18.547129050953803 -162.56597569895462 -0.0 18.54712905095376 -162.56597569895462 -8.386987252925309e-16
44.715599715709686 -50.04899948835373 -0.00823885202407837 -0.0 -57.308222207610186 -18.171041088642212 2.4591489499676373 0.1654058160655309 3.8491875622925793 2.4591489499676373 0.1654058160655309 3.8491875622925793 2.4591489499676373 0.1654058160655309 3.8491875622925793 -41.53842984044914 -13.32353524479819 19.653392906112135 8.936324199631741 -176.7675889535521 -23.871375440760687 0.6058563515909708 -139.700337231405 4.526395775405774 36.62222019846275 9.574870728937197 -164.21035916802464 61.88740378649866 -44.67926184773503 131.73149433091248 19.029744441759423 -171.88641149092484 66.50668299397205 0.6058563515909711 -139.700337231405 4.526395775405774 44.89466516557716 -4.188781432954069 -174.0758535723302 75.94470754342255 -16.43575738301524 -163.08556582868775 8.500481212083221 177.24396573715936 -79.87937909303774 18.474375108944077 1.185945364628266 3.7377865135648345 -21.749417479916897 -0.8211090519619233 2.2149793433302896 17.184502114617633 178.50615511230825 0.0 17.184502114617633 178.50615511230822 0.0 23.100940047532458 -2.4923105833356787 6.330352576252205 -34.95370923391718 -6.85542512901841 -11.851346891004178 16.58545633934406 -160.77187374378116 -0.0 16.585456339344034 -160.77187374378116 -0.0
44.635209441185 -50.53374469280243 -0.011244136840105057 -0.0 -141.7252009759237 -5.171519684636729 -6.26990461365197 -0.5499238434527512 5.022619394503603 -6.26990461365197 -0.5499238434527512 5.022619394503603 -6.26990461365197 -0.5499238434527512 5.022619394503603 -42.395896237409836 -10.512266410910778 15.387460005533981 10.401608127322179 -175.85172042088712 -30.539061679273313 7.575532294326896 -161.15673139660916 2.6627545112704114 23.846826641941544 7.563474578419204 -161.81855298448409 53.00568311278198 -17.127085026372946 158.90206807378553 23.690949638791594 -170.30640415842672 77.06130162521076 7.575532294326896 -161.15673139660916 2.6627545112704105 16.95238886997106 -0.7663552230966533 -177.37337268733276 56.40610461158527 -1.3672955428919917 -178.35868720698844 26.682755871730713 175.9934856624677 -80.85493816859726 31.015580953780546 1.9046957079751667 3.6927327799854073 -7.234954194481383 -0.00944998125305274 0.07503645453772412 10.705505050579593 177.71333115763923 -5.0576452433299874e-17 10.70550505057957 177.7133311576392 -5.0576452433299874e-17 21.586354437946024 -2.3042372332595398 6.241732730213415 -30.923576822975885 -5.1590320291059895 -9.964615382072411 14.934206648818947 -158.43383590792493 -0.0 14.934206648818893 -158.4338359079249 -8.229354600711056e-16
44.470229744911194 -51.48375928401947 -0.013775192201137543 -0.0 -168.11421778805916 -14.881960319750146 -23.03910154330526 -2.2010330412097048 5.608855922123663 -23.03910154330526 -2.2010330412097048 5.608855922123663 -23.03910154330526 -2.2010330412097048 5.608855922123663 -35.86518236979482 -9.854888063034103 16.515386433009684 14.28134013469339 -172.76098953000033 -40.18383949186991 23.620921450050865 -163.97838796224246 -1.6595791941720226 -0.05260014857720567 -0.015028764334689282 -164.05445010823743 56.76096986611234 -14.319541825772019 163.0282184053797 21.167293156111796 -179.22081308434753 59.86959340084309 23.620921450050865 -163.97838796224244 -1.6595791941720321 3.1308129675082443 -0.10409776095867058 -178.09469987641017 44.75272358834932 -1.7781458925133273 -177.4752228284575 32.32393061095892 176.90729398662583 -89.8303539534937 41.63639780636435 2.0525436955855447 3.0876438103626587 -4.488634352372579 0.04747477557119725 -0.606595977605131 9.974252248206081 179.7451318817548 6.307352149776959e-18 9.97425224820612 179.7451318817548 6.3073521497769606e-18 10.612189556702258 -0.9291451946784857 5.032760931716849 -35.61614309286122 -5.76874898949845 -9.841610667860056 15.479793886912528 -157.35415265863378 -8.250683220738627e-16 15.479793886912555 -157.35415265863378 -0.0
44.22747045755386 -53.66738140583038 -0.01577390357851982 -0.0 -172.73664429205593 -17.60335048958237 -33.92141839571353 -3.3349952273333066 5.961255538237233 -33.92141839571353 -3.3349952273333066 5.961255538237233 -33.92141839571353 -3.3349952273333066 5.961255538237233 -45.49253242084127 -15.68848266728817 21.496494709948262 11.650302323791928 -174.87435715026248 -35.93116809256923 32.4833833708824 165.78240510236125 11.933586229053423 -33.62082805939764 -13.524400584588065 -156.5194887762857 9.861531853576706 0.6185745146826548 -176.39289133832648 25.634755248543254 175.8735894745891 69.29785509413425 32.4833833708824 165.78240510236125 11.933586229053423 0.8617273913567692 -0.028471392138646467 -178.107569762383 33.91130142962569 -1.3744753868944968 -177.5374246590975 33.38206488319284 176.80808878817098 -84.17215953992128 55.89045144163101 2.327319346378937 2.810175954959504 20.589487929414656 -0.4812658634959761 -1.3682879371478376 2.8996430461086318 178.9629660907396 6.219984480284735e-18 2.899643046108632 178.9629660907396 6.219984480284735e-18 -21.056290434516878 1.6900242847076186 4.694684593769455 -55.28778856835004 -11.867105416172231 -14.339429385449723 14.834748191495173 -158.15815502695835 -0.0 14.834748191495127 -158.15815502695835 -8.225558634253749e-16
44.158098101615906 -55.1492840051651 -0.016144011169672012 -0.0 -173.33619188496252 -16.95388989001094 -37.92518685325379 -4.112677258528982 6.6724705869522305 -37.92518685325379 -4.112677258528982 6.6724705869522305 -37.92518685325379 -4.112677258528982 6.6724705869522305 -48.40787254740375 -17.24052422922275 22.53536988756818 12.367940953714934 -174.58026981232723 -36.53186167512641 33.02547182311969 151.70290105441163 20.860216332327635 -46.57543265304108 -21.878441828726515 -151.0617812066764 -21.425159839130863 -6.38816789603882 -162.95986501769156 29.192258601033668 166.7030688257 65.80051633583085 33.02547182311969 151.70290105441163 20.860216332327635 1.3381218685260736 -0.05593741306316294 -177.60604417846326 30.787204569056687 -3.7582447669759294 -172.68696615820215 32.618377103218485 -170.37484082247948 -79.27866186409591 59.73769742311975 0.30705330779375123 0.3554968123127504 20.507619396683808 -0.7259178925438802 -2.0712940438166325 -7.049373822861579 178.57738298031168 -2.5037346662300305e-17 -7.049373822861555 178.5773829803117 2.5037346662300305e-17 -11.492340019835396 0.8618488530712529 4.317882087301704 -58.172209896727686 -15.860307317037195 -18.489331351080047 14.154413135622114 -157.16839502027858 -8.200347451424409e-16 14.154413135622088 -157.16839502027855 -0.0
44.13178116083145 -56.42271339893341 -0.018376950174570084 -0.0 -175.39080309577784 -13.21029395247214 -48.00276250566597 -5.784821203250422 7.762616795414421 -48.00276250566597 -5.784821203250422 7.762616795414421 -48.00276250566597 -5.784821203250422 7.762616795414421 -55.05050842574348 -23.275769756186673 27.69107074515217 12.239156326906961 -175.23435462896356 -28.558168836548255 39.812017197413816 142.18081145336748 30.337432129637087 -54.18613648098238 -30.697728058007506 -143.79091206193092 -38.13974830160081 -25.395813349948092 -142.4499149576708 29.960829217572282 158.19085930014003 53.26343626494953 39.812017197413816 142.18081145336748 30.337432129637087 -0.7033893150698707 0.05027445154355059 -175.91165747353844 32.31055970779611 -7.0151220944195 -167.03546598272405 27.706195126294364 -166.4229871642902 -73.51426412866672 57.63938199763415 -3.3724915064711407 -3.9907019261847085 10.415694020419124 -0.24139919404921856 -1.3350233353251222 -7.183502215055165 -178.6918931198339 2.5044665320236572e-17 -7.183502215055206 -178.69189311983394 0.0 -28.95634266758573 2.682355369512925 5.5272601992814785 -66.05089138071716 -28.32278091012163 -30.529105186953394 18.807561123917413 -151.65339850610027 -1.679976806728217e-15 18.807561123917402 -151.65339850610025 -0.0
44.045427441596985 -57.17349648475647 -0.017245858907699585 -0.0 -176.45741099263714 -11.863783492923046 -53.20197634451114 -6.437669312499037 8.020725270611033 -53.20197634451114 -6.437669312499037 8.020725270611033 -53.20197634451114 -6.437669312499037 8.020725270611033 -59.375985815561776 -25.866744871954275 29.398681205382502 10.637936115550419 -175.43950425776427 -25.113291941042732 37.336811396448944 127.73544137028215 41.75453116901546 -58.308389513415065 -43.32366680463494 -132.05657313004352 -49.04716236558952 -50.3995381500685 -121.99742468290759 47.2638894337409 116.38802222222597 24.181570688085472 37.336811396448944 127.73544137028215 41.75453116901546 13.725044534577822 -1.5771695276543465 -173.3805763712472 36.82655114732854 -11.969740072890366 -160.52141848082852 29.93721722371934 -167.11054375829607 -76.42411159087712 56.90018386147058 -4.196199302379713 -5.00527205556571 -2.804159978537575 0.09309844460518053 -1.9022886935127976 0.42501631351033853 -179.75347372595908 -3.882619860432227e-19 0.4250163135103 -179.75347372595908 -3.882619860432227e-19 -33.860637437664884 3.4676626547915874 6.20686900865451 -67.22999347730479 -32.1379691144461 -34.26741799111579 16.874144450699028 -156.81417263555096 -0.0 16.874144450699053 -156.814172635551 8.309139442714821e-16
43.914322555065155 -57.1121484041214 -0.017030350863933563 -0.0 -177.0222018219108 -10.387481645597797 -53.39268739419267 -5.460933894945635 6.791542663272858 -53.39268739419267 -5.460933894945635 6.791542663272858 -53.39268739419267 -5.460933894945635 6.791542663272858 -61.87554988835207 -31.507422657959918 34.80107807911355 11.827232173167108 -176.88731055311177 -25.665874496663232 42.54658656049354 135.38841693111124 36.510561645995054 -59.80310740284349 -51.99881081316193 -124.03098694410886 -44.77326782468411 -64.07792503402614 -108.89743930084826 49.1610977709514 47.93710828095611 -36.04882501866646 42.54658656049354 135.38841693111124 36.510561645995054 19.64062187943359 -2.9369352202433587 -171.3215482519711 36.75336295818004 -13.81948371654823 -157.6529618668025 31.085593037893446 -166.7424374759543 -73.36180857092455 59.058686602858366 -3.6402627343271234 -4.242193391939824 8.206875330294203 -0.2654779424552476 -1.85913088818705 -0.2537795968041866 177.50144546629858 -1.553020449581465e-18 -0.2537795968041867 177.5014454662986 0.0 -45.87807976630858 4.910809320217908 6.825233782594551 -68.17321644158996 -34.040600828863774 -36.04367609180297 17.551276481022153 -157.87216539805382 8.339617111361008e-16 17.551276481022207 -157.87216539805382 -8.33961711136101e-16
43.824681639671326 -56.83664679527283 -0.015592947602272034 -0.0 -176.8443848453185 -8.616117092317628 -45.94397527285542 -3.39302625714396 4.716168682738829 -45.94397527285542 -3.39302625714396 4.716168682738829 -45.94397527285542 -3.39302625714396 4.716168682738829 -66.64680707111232 -21.455661300421454 23.175097091057133 11.664805152877278 -177.21344759508096 -21.369446183971487 41.74560912292858 152.22957329102803 21.7470010266083 -57.11473845707612 -55.27165120726735 -120.20334288880963 -38.36571545183561 -64.1704552740161 -106.72251539293023 52.571251345693405 96.59864683579328 1.3633200688017835 41.74560912292858 152.22957329102803 21.7470010266083 5.976146294068513 -1.014708708914545 -170.3453171513329 24.717073495731587 -9.79796868929514 -157.55907285386982 34.808857890474755 -162.95001601336762 -68.41044329079001 60.61717580582244 -2.117624717840624 -2.429899125105714 12.143324402380943 -0.28725429793941915 -1.365303565505905 2.0416998832711233 176.54259968480508 -2.486386796537765e-17 2.041699883271164 176.54259968480505 0.0 -29.986538475433466 2.6466705086080324 5.284232380167743 -67.0227254384946 -31.96950678468732 -34.133956474648514 21.438292767308226 -157.44612598291516 1.7084843890702843e-15 21.438292767308276 -157.44612598291522 8.542421945351425e-16
43.70926320552826 -56.492263078689575 -0.012870226055383682 -0.0 -177.39965231275193 -7.842880379133398 -41.81172849484034 -2.087212060037911 3.129002981985345 -41.81172849484034 -2.087212060037911 3.129002981985345 -41.81172849484034 -2.087212060037911 3.129002981985345 -65.39192666981462 -2.9037850877384193 3.193286444097986 12.881884218909084 -179.08805112619538 -20.260759492545116 38.54632786247968 155.1956519311516 17.904277146278613 -55.595189273432055 -61.260426659795485 -114.34444161095298 -37.8865964853749 -64.881819402385 -106.06128906908367 51.78601757122433 80.68278190286804 -14.074912753219413 38.54632786247968 155.1956519311516 17.904277146278613 -30.63115117908599 7.229596629330619 -166.01913525445897 -18.959899650289383 10.026404929648377 -151.44657577476303 46.98192313910084 -154.17500910668056 -57.90242776042747 55.63776203902322 -0.04408391691765536 -0.05340360747176436 4.166577223746054 -0.1089376498902029 -1.499013216361756 2.2838313382306104 175.94386439625634 0.0 2.283831338230611 175.94386439625632 0.0 -24.11724573923138 1.8385423414014308 4.49187646988332 -66.39120053897639 -30.30385785858045 -32.53089611563226 30.03561082893963 -152.70197284388152 -0.0 30.03561082893958 -152.70197284388155 -1.8369536256417973e-15
43.622955679893494 -56.29653036594391 -0.010952958837151527 -0.0 -178.61354130351435 -7.675326813105953 -36.20705020294579 -0.7435189140474767 1.2585657960965888 -36.20705020294579 -0.7435189140474767 1.2585657960965888 -36.20705020294579 -0.7435189140474767 1.2585657960965888 -70.82589938880628 3.5596987777746123 -3.7681859273164866 11.199795700142273 -177.7826944475467 -19.131865579622207 31.117079499099745 146.87308654356 19.563002450778008 -54.95919756464575 -58.35613312643846 -116.77362919923502 -39.967599151321664 -63.239660680330545 -107.94810361677158 55.839533335365914 82.71521856419466 -12.790719814057537 31.117079499099745 146.87308654356 19.563002450778008 -38.073959749890136 13.043931850822919 -159.4096168682945 -21.327799899066523 13.352395085357358 -146.87119952652034 50.56082051414168 -152.08096086803116 -54.27426988292018 51.84289639885921 0.8673345663473555 1.1029784841069916 7.589458088054086 -0.23215719675834917 -1.7572394879550859 0.12518041033735286 168.58367741714292 -6.212035688481097e-18 0.12518041033739266 168.58367741714295 0.0 -20.49444290429966 1.5114923407989427 4.309966139902907 -67.2051248417654 -32.05227400464682 -34.18373785735313 32.8783184655731 -152.7185264614045 -0.0 32.87831846557307 -152.7185264614045 -1.8935810189847365e-15
43.50845366716385 -56.25879466533661 -0.009466521441936493 -0.0 179.42350843749196 -6.55532098089127 -28.09820973551906 0.16434588451202842 -0.34893795205757044 -28.09820973551906 0.16434588451202842 -0.34893795205757044 -28.09820973551906 0.16434588451202842 -0.34893795205757044 -70.58628361552896 1.4874006074436905 -1.5770237779099867 12.94106018706705 -177.1233581907027 -8.584142093200596 27.667830035552623 168.5088725792912 5.1167182392607025 -58.79069386652953 -50.84692533959473 -124.85272822806854 -40.87781596608394 -58.50442554770756 -111.84963965148313 54.16892696012985 116.37648232994403 15.487444061190955 27.667830035552623 168.5088725792912 5.1167182392607025 -31.753563265178798 11.24004342300263 -159.3121889574237 -6.587731469262791 3.702343106415563 -150.5756450317547 41.601725803771785 -157.3398258238133 -57.17372771937039 39.56948335041505 1.168513279100969 1.8339895912341813 -10.478729241634094 0.33803682642934124 -1.8580378378613516 1.1542916432694095 164.55905891249046 0.0 1.1542916432694525 164.55905891249049 0.0 -10.074845325932607 0.699502877799759 3.992381041464645 -69.56184901602724 -33.54392647019789 -35.28046625970034 42.89357929491816 -150.99451053821568 -0.0 42.89357929491819 -150.99451053821565 2.170673918619526e-15
43.44705045223236 -56.05241060256958 -0.007757777348160744 -0.0 177.3519577335095 -4.426323697583736 -29.410951456403104 0.842798709635629 -1.715859358311955 -29.410951456403104 0.842798709635629 -1.715859358311955 -29.410951456403104 0.842798709635629 -1.715859358311955 -66.7378947060834 -4.620559368374302 5.027400550763468 13.039149994328698 -177.17058093803212 -9.479971845994323 29.312803009725172 -176.4482792684876 -3.044297206255502 -61.58868243221923 -41.062872722446706 -135.2729161772738 -47.55379181001857 -54.06525389200501 -118.13969662090015 54.163627673848 130.19841451432674 32.72421517474085 29.312803009725172 -176.4482792684876 -3.044297206255502 -44.655196651539335 20.034258910097552 -152.5787635689352 -46.004352855512685 33.21083158709894 -137.69761151850224 57.70607738391778 -141.40400215197275 -48.56796132434421 39.25179008347572 2.529579397778897 3.9940018997567037 -6.978709174890472 0.35377245378645006 -2.9092294850286895 5.314907816991998 163.73104489860467 0.0 5.314907816992019 163.73104489860467 0.0 -12.49062454873113 0.8872186991424823 4.09551741967358 -71.17713246986871 -34.870790129293276 -36.36142611644821 53.23073877039991 -147.99462850307967 2.6566880690133473e-15 53.230738770399924 -147.99462850307958 -2.6566880690133485e-15
43.42893362045288 -55.76309263706207 -0.007134227780625224 -0.0 175.15664542880822 1.1161991200896517 -24.3222136557577 0.9934693977656437 -2.4109259946428683 -24.3222136557577 0.9934693977656437 -2.4109259946428683 -24.3222136557577 0.9934693977656437 -2.4109259946428683 -60.208750301800954 -5.6900987484789765 6.549574366476245 11.371899626015713 -177.86370839593835 -8.021562009637664 24.37683327183886 179.33389730150472 -1.7266413569943313 -51.3283397725712 -18.238549199076637 -157.11671221651696 -30.0618759946953 -20.916952014173493 -142.6571968815542 33.98228908679668 164.04771077909928 64.12195491206766 24.37683327183886 179.33389730150472 -1.7266413569943315 -41.1092117879672 17.060528938356924 -154.97920095219965 -34.55538445860903 12.051138769561847 -159.3741453215544 30.04683768497607 -173.82113948380308 -75.9061466097523 43.62028357481348 4.900636484550651 7.084693743540738 -5.7305893097772955 0.4350901847114273 -4.349106869526029 7.044750025358614 164.55127521771158 0.0 7.0447500253585735 164.55127521771155 0.0 -3.110664339138038 0.2298823634296178 4.228645708180643 -70.78161653232378 -35.230176132000665 -36.79247655635087 54.578152669636225 -148.74468157592938 2.7437878577640715e-15 54.57815266963622 -148.7446815759294 -0.0
43.46835017204285 -55.519893765449524 -0.008840265218168497 -0.0 159.90399523919106 2.780322219192093 -6.797211886503396 0.2983932450587195 -2.5195550805673843 -6.797211886503396 0.2983932450587195 -2.5195550805673843 -6.797211886503396 0.2983932450587195 -2.5195550805673843 -47.044689949372064 -3.184883624107473 4.34773834328652 8.400525391335254 -177.9710777613605 -5.753377104552112 6.24583406464848 -169.48566017008795 -3.6829031613020247 20.769390852649963 4.512658611973879 -167.45235568656972 71.14619389222811 29.183760705454883 -149.45198769280154 18.951328515596337 -179.60872890827994 69.58210440538578 6.24583406464848 -169.48566017008793 -3.6829031613020256 -4.897315400137905 1.4716602956396694 -163.25157423723638 42.34463760680457 -1.3031834469670072 -178.06571380095016 22.963556137067396 172.9543163809127 -87.55641021266474 44.63795356451112 5.728815709358364 8.125810746317757 -8.708329333368244 0.7223798378827426 -4.760459002617894 8.822838222626624 165.26209703021678 4.02329976056869e-16 8.82283822262658 165.26209703021678 4.02329976056869e-16 11.941941622935486 -0.9978975628269854 4.811758790770071 -70.28452228403907 -30.565424572230086 -32.10252935123363 50.831781110366954 -152.72950514112605 -0.0 50.83178111036688 -152.72950514112605 -0.0
43.46479773521423 -55.453479290008545 -0.009608139953343198 -0.0 167.760352881661 2.9691052758215104 -12.43922278703115 0.6062015469292344 -2.8121003696058113 -12.43922278703115 0.6062015469292344 -2.8121003696058113 -12.43922278703115 0.6062015469292344 -2.8121003696058113 -44.875047044972064 -2.3477542923630677 3.3256144883581986 6.5142011545746525 -178.06945380739035 -1.0478220339545254 12.579403265507977 177.2490696253248 -2.084752417328982 23.969144432877687 3.9015989743138313 -170.4699342050364 64.6712998272262 -35.807273958293564 141.4051451420495 16.155049746782275 -168.7069907536662 79.01692773937621 12.579403265507977 177.2490696253248 -2.084752417328983 -0.49109580299797123 0.13236026715366675 -164.91584564961494 54.471741547768026 5.142344499242741 173.68991128362606 17.558386883030852 169.4216093372798 -88.14335466166496 37.223142194088254 4.88442865754783 8.040901574015486 -13.088479614802305 1.2100099216629034 -5.328635687713739 9.650199086699951 163.8704112864039 4.0327587185958213e-16 9.650199086699908 163.8704112864039 0.0 14.365253071660774 -1.3581319178914826 5.458528104637445 -68.97533164617498 -26.73766474428104 -28.35580778737558 45.931578173792715 -157.10268942301727 -0.0 45.93157817379271 -157.10268942301727 2.2864682935099906e-15
43.42396557331085 -55.47643303871155 -0.01090270234271884 -0.0 166.77893503672618 3.9228333254214207 -11.861492093453897 0.5952949451458662 -2.893798268386987 -11.861492093453897 0.5952949451458662 -2.893798268386987 -11.861492093453897 0.5952949451458662 -2.893798268386987 -39.50515581177178 -1.6203981561355785 2.5462063347904764 5.930233322801111 -178.37033095849384 -0.3013984141400388 11.37924744828091 -171.73487754145503 -4.44093304453258 17.212672314373634 1.961111725519386 -173.39958056905454 51.57969636221489 -50.18690251944927 123.1473008718593 9.084491248075722 -169.74376704639027 88.00512504554305 11.37924744828091 -171.73487754145503 -4.44093304453258 20.34596471945384 -5.020304510759448 -165.8205705047754 68.33605969842671 23.301463285148582 155.13544410504053 10.390247944348559 168.56812569342262 -81.0531131963064 35.112082261035646 4.781467265360232 8.27437068092162 -21.758952977165038 2.2081744012396824 -5.938324282051643 11.744807886677945 161.24166156514238 0.0 11.744807886677943 161.24166156514238 4.060708663632896e-16 9.980759872909745 -1.1326838073580543 6.5080301703623755 -64.29987110696482 -20.776521336646812 -22.833388885144082 38.72203988633176 -156.19883841752684 -0.0 38.72203988633176 -156.19883841752684 -0.0
43.39900463819504 -55.4045170545578 -0.007828528760001063 -0.0 167.53587535592385 4.856086339297171 -12.44946875273452 0.6187844990917888 -2.868057918423394 -12.44946875273452 0.6187844990917888 -2.868057918423394 -12.44946875273452 0.6187844990917888 -2.868057918423394 -36.28166147059881 -1.737224757911558 2.9340478213701293 4.805133706333007 -178.63314578358404 -2.5446496708089814 12.164229766404281 -174.45983574281436 -3.9176554560110266 20.19540097175232 0.8268692167882372 -177.60605265489963 45.711677209802446 -61.60130344273943 111.15790889626061 2.9411627927824697 -170.14429773644738 91.44455965744841 12.164229766404281 -174.45983574281436 -3.9176554560110266 33.442226836654854 -7.264888681562294 -166.97536229980122 62.8559471757658 49.15099260777708 127.57604150891277 5.441205544006293 167.7586696842029 -81.37580718985748 32.93899332399656 4.354272008085669 7.97153501822051 -25.62875503877352 2.735081144213661 -6.302590048430213 9.475361329731989 162.9827172616547 0.0 9.47536132973201 162.9827172616547 0.0 18.496191021201007 -2.3718288276257127 7.438607861376658 -53.20852436762749 -11.247478181803269 -13.946075936658954 24.729050548795907 -161.47150157988952 8.754178192369495e-16 24.729050548795858 -161.4715015798895 8.754178192369493e-16
43.43529790639877 -55.340173840522766 -0.006152584683150053 -0.0 167.28276427957442 5.234771589678037 -10.736669739404425 0.46576759096752873 -2.4986253246021843 -10.736669739404425 0.46576759096752873 -2.4986253246021843 -10.736669739404425 0.46576759096752873 -2.4986253246021843 -35.50658303507661 -1.555011610417314 2.6760876700777625 3.8379208796816093 -178.29556725332588 -10.37876300307822 10.320903368685826 -171.9612497213503 -3.884392400659134 21.47305234919316 0.6616009650463975 -178.19317992901478 46.49235127144235 -62.56410490413271 110.63272984727979 1.2016332600614783 -170.2878979798469 95.78886819808669 10.320903368685826 -171.9612497213503 -3.884392400659134 36.35320590249245 -6.907543414422801 -168.44912405181958 60.17617607108876 59.85287171735179 116.74170994000755 1.401874484348831 167.18802585080297 -81.68094840994907 31.62392671406675 3.9292870129118147 7.463030095862344 -28.364072028129343 3.049762046276717 -6.39890359994561 8.696859777625528 163.11677911891522 0.0 8.696859777625505 163.11677911891522 0.0 32.05372031579421 -5.240835809791685 9.805822858196018 -43.55635456948703 -5.934190071572616 -8.578163701214345 17.675552580635536 -162.75012216984845 8.345361876219876e-16 17.675552580635536 -162.75012216984845 8.345361876219876e-16
43.44173222780228 -55.16653656959534 -0.005787820555269718 -0.0 168.83224215688756 4.560827005024893 -10.62529763971782 0.3986582558640014 -2.1611026480406497 -10.62529763971782 0.3986582558640014 -2.1611026480406497 -10.62529763971782 0.3986582558640014 -2.1611026480406497 -35.17043450445172 -2.0204524403763813 3.5047424091580175 3.498340762481061 -179.15285751418728 -11.859467385384255 10.06015271182821 -169.05838125193108 -4.0591504614859915 24.23270471763876 0.15946784138139325 -179.6114793721805 45.847252858172375 -66.64075071661411 107.2170562738576 2.425751073640007 -168.96674037144905 108.338471501501 10.06015271182821 -169.05838125193108 -4.0591504614859915 40.26468640729297 -7.181031047600297 -168.96914585768116 61.705081884475014 68.66716341710513 108.97715281453385 1.922297092665492 168.9472631813859 -79.48061568347757 34.175086089600214 4.1511898048883396 7.362261067685708 -28.7326339986176 2.670090500111789 -5.5410073513835645 8.584048001051993 164.6474857338307 0.0 8.584048001052013 164.6474857338307 0.0 36.805525665852706 -6.807639262003092 11.2692670404234 -38.1535496428522 -2.673775853081553 -4.323023687232442 11.363927011869219 -167.546619632759 -0.0 11.363927011869176 -167.546619632759 4.055193705459206e-16
43.43281835317612 -54.79743182659149 -0.006541854236274958 -0.0 173.31194403133026 4.193498867739095 -11.952807220165349 0.30128616017326154 -1.454445023145104 -11.952807220165349 0.30128616017326154 -1.454445023145104 -11.952807220165349 0.30128616017326154 -1.454445023145104 -37.41969855829907 -2.749048669172954 4.5181601331255585 5.046458681617929 -178.957580229815 -12.98559031903136 10.973422137156843 -162.07282140801027 -4.984264117046843 24.49184309153287 -0.022368786543039556 179.94604259489225 28.643650401732682 -73.84340454055851 97.90629341669022 -18.081895900587593 -167.60491874147507 100.28203616668547 10.973422137156847 -162.0728214080103 -4.984264117046838 39.359110896691796 -6.539716480141884 -169.75353263065483 53.0889176712895 78.92914247936652 98.89166626750834 -3.113549283216535 167.31748712788533 -81.56360359657708 38.536183387696425 4.674547611150735 7.477136259965454 -28.681857295070806 1.6348658259689761 -3.4032723118673496 8.14495978387017 168.08839869900535 -2.008102834409912e-16 8.144959783870135 168.08839869900535 -2.0081028344099115e-16 43.62437422240847 -8.808935666894257 12.659370024843527 -31.325737898593214 -0.1610066284939984 -0.30968376391283314 9.297743493249115 -171.4290953093277 -0.0 9.297743493249154 -171.42909530932766 -0.0
43.391549587249756 -54.34882938861847 -0.007499800994992256 -0.0 177.67061883420308 2.93234667617663 -13.117562812338498 0.12657434343077795 -0.5577027375863857 -13.117562812338498 0.12657434343077795 -0.5577027375863857 -13.117562812338498 0.12657434343077795 -0.5577027375863857 -38.43825769318984 -2.6537694216333576 4.263934764606273 5.630381674730793 -177.39880055627975 -10.35102528553644 11.916292636031361 -157.12012684903684 -5.551936355547147 29.292368379484095 -0.1644136600381309 179.6639616721058 -1.2621245422958574 -75.90554137563558 89.68313485068332 -21.831593343333683 -166.0610631572558 99.89978182304444 11.916292636031361 -157.12012684903686 -5.5519363555471415 37.71198759610717 -8.78300204656423 -165.8244402828617 4.691006538992484 84.43058231646837 90.45690883084352 -2.608240370101057 168.65420996155467 -77.16057286285857 42.41433672189012 5.242260390056388 7.746430293814989 -30.64683479037905 0.7846215207782792 -1.5389697071404378 9.979062811914769 169.98708043050723 2.0183824975582365e-16 9.97906281191477 169.98708043050723 0.0 40.15816302161192 -7.626922509190141 11.730191925516623 -24.9072888230465 1.066677308011488 2.531409957870759 9.043401938455503 -171.7176886540803 -0.0 9.043401938455483 -171.7176886540803 2.0128675106295145e-16
43.365278840065 -53.793251514434814 -0.0080788042396307 -0.0 -179.83610366737872 0.8053613539833007 -17.339899155110682 -0.015977852330735513 0.05360980324787025 -17.339899155110682 -0.015977852330735513 0.05360980324787025 -17.339899155110682 -0.015977852330735513 0.05360980324787025 -36.28569933112257 -2.819898320124257 4.757740182353805 6.515465995165486 -176.28761321264457 -6.054904332935243 14.787366949229488 -147.55624274785532 -9.158743901542264 38.36173333062887 -1.9954464024919287 176.78684731392624 -44.42804135584608 -62.33379413955028 69.84744483991796 -31.19655530849213 -169.36438051895118 101.29474957308581 14.787366949229494 -147.55624274785535 -9.158743901542259 43.769311032291384 -12.545633712633883 -162.16759073971505 -42.72786376183427 78.48336451274852 82.12869641551977 -24.84243398953737 168.51043978038282 -78.46699035193873 34.575612633616274 3.8744237635739522 6.805497643159114 -30.21912130036175 0.17378544169045085 -0.3452831050846357 10.725341613527622 173.09210890356118 0.0 10.72534161352764 173.09210890356118 0.0 32.273304607510376 -5.6146599462358235 10.432121982140734 -24.420447771337884 1.728784983561099 4.175434450832999 10.101766245268474 -173.32690979104714 2.0191479649796236e-16 10.101766245268493 -173.32690979104717 2.019147964979624e-16
43.31490695476532 -53.551095724105835 -0.008143531158566475 -0.0 -175.8714949792646 0.04559207838030803 -8.367993536096254 -0.08949507215811671 0.6149348914966957 -8.367993536096254 -0.08949507215811671 0.6149348914966957 -8.367993536096254 -0.08949507215811671 0.6149348914966957 -32.957917860603935 -3.0352219032127477 5.566858381256777 6.0474899955387675 -176.40288222682847 -9.343972004632484 7.059539158960885 -142.9707975708092 -4.5460318398823185 46.07574203911658 -4.241553543087409 174.12099735829256 -39.000226725280505 -64.68960519547588 73.42596647445959 -30.23760210318069 -166.20082831170848 93.09196517720304 7.059539158960889 -142.97079757080922 -4.546031839882312 50.36086344109549 -18.114844245086363 -156.9836995334197 -60.76528059755405 58.33181908745359 61.70749725356342 -30.556226111761347 167.66754559108534 -77.00519898171885 33.93036082255143 3.8789512904098236 6.925927625777327 -31.28321353645415 -0.17402181839819666 0.33512582577613526 10.261787698319074 174.41042732280172 -2.020161034948663e-16 10.261787698319074 174.41042732280172 0.0 31.320837716655774 -5.347412235446379 10.207444535468486 -27.324790955476818 2.1059947612374685 4.580170131142831 13.300979929397835 -174.89744177787819 2.0426406374635472e-16 13.300979929397853 -174.8974417778782 -0.0
43.2597741484642 -53.157660365104675 -0.008193682879209518 -0.0 -145.55442083643496 -0.05035781275436108 -1.5387764111457036 -0.028368419789998264 1.056295174057387 -1.5387764111457036 -0.028368419789998264 1.056295174057387 -1.5387764111457036 -0.028368419789998264 1.056295174057387 -40.68035708711723 -3.4254819475600837 5.246664523771412 5.4662171173789265 -176.07008212183067 -4.352713672449226 1.8619575791404803 -149.4948718688437 0.12823346785383433 48.074981831974114 -4.948222390744968 173.3626081739523 -39.79931036868001 -66.35426502366136 74.34385061196214 -14.46243778125226 -170.21626717104812 92.98835367908457 1.8619575791404803 -149.4948718688437 0.12823346785383433 43.86180399470744 -14.166443992196651 -159.98444243965537 -63.70854129541788 61.90870390026877 64.4270472553673 -39.916089288717316 170.25552900907323 -97.63188875904137 32.59302842225029 3.9518538930846363 7.308104549954544 -29.246137959821613 0.03931335218974703 -0.08046736739657753 10.508630462065732 173.9594259783319 -2.0217566987616349e-16 10.50863046206569 173.95942597833192 0.0 28.896192156153933 -4.667763058629315 9.590465861949497 -26.82665270942241 1.9774993015881668 4.375072770056507 12.059990818778806 -173.9967371933502 2.0327098563203372e-16 12.05999081877878 -173.9967371933502 -0.0
43.133604526519775 -52.94128656387329 -0.00881473533809185 -0.0 -169.26480270220398 -0.7340362915451857 -4.310832031176706 -0.06173639237319873 0.8212644449429213 -4.310832031176706 -0.06173639237319873 0.8212644449429213 -4.310832031176706 -0.06173639237319873 0.8212644449429213 -46.440341135784806 -4.422570056721673 6.092069612235931 5.9402112358545605 -175.34913924828876 0.9937742462803223 4.200036477403763 -152.39343483392045 -1.272426687523894 43.85555874700484 -1.9527377616413004 177.1827378522945 -56.39762425120473 -44.91725983398323 50.12774508552466 -27.87592984211627 -175.02924318121256 94.5417665428993 4.200036477403763 -152.3934348339205 -1.2724266875238917 37.45367618709116 -11.574388895736384 -161.38732244350592 -72.02114514397408 35.44462935446948 36.810408753570954 -34.09171232962596 175.30644662569514 -92.72156998262109 29.038286922719074 3.655119584280997 7.497357406884808 -34.53155711118587 0.20372076678307477 -0.35938138558426935 11.983796340751192 173.75046629470333 2.0321342776949372e-16 11.983796340751173 173.75046629470333 0.0 23.020281239404856 -3.3897745466534888 8.612898176671472 -28.972606460303954 1.9141151799665896 3.9468040460094302 12.894285670272106 -171.42308025263884 -4.078540040536716e-16 12.894285670272149 -171.42308025263887 -0.0
43.001316487789154 -52.628058195114136 -0.008838297799229622 -0.0 -161.43501668661185 0.23920059300818233 -1.446599213028355 -0.01227280970635021 0.4861319163783242 -1.446599213028355 -0.01227280970635021 0.4861319163783242 -1.446599213028355 -0.01227280970635021 0.4861319163783242 -45.67186178159082 -4.119192671358178 5.748864037059635 4.565335027769492 -175.01404070893153 5.151521514832482 1.5107195209796445 -153.2967473157616 -0.21601075880288337 44.97771712620917 -0.5941779065551783 179.15940873586655 -64.13612536176137 -24.88689527616812 27.273251217825404 -27.719032626878924 -170.2904392501303 106.28319168550857 1.5107195209796445 -153.2967473157616 -0.21601075880288342 34.33995585871951 -11.284856889299295 -160.5193264961198 -73.89378482707033 -44.465899916398605 -45.61294160384393 -22.826602567753827 179.44582318449102 -74.31141442617115 18.88894381500331 2.3788965521351737 7.3125474295009525 -28.80357499859108 0.19708874785157615 -0.4090551280596873 11.7166545143823 172.08610642954164 2.0301471802092763e-16 11.7166545143823 172.08610642954164 2.0301471802092763e-16 19.308146474866312 -2.6278939216774497 7.902772423415816 -28.661792017408104 1.9284597072435898 4.015584034541707 14.229548085131027 -171.61943451340912 4.1015336831816236e-16 14.229548085131027 -171.61943451340915 -0.0
42.87521690130234 -52.39664316177368 -0.008427398279309273 -0.0 -3.6844166800077423 177.81647603286223 3.0893823258698436 0.01074765178461497 0.1994220953237774 3.0893823258698436 0.01074765178461497 0.1994220953237774 3.0893823258698436 0.01074765178461497 0.1994220953237774 -43.21077451344243 -3.1376944093249124 4.577511217986771 4.585558389635508 -174.9550750496943 -0.6763654423350418 -2.3866347382702826 -144.09406605643952 1.9723688393986494 40.21367844362259 2.0039537528622664 -176.89794307364426 -67.62777844493942 -23.657763257650558 25.34921492305052 -31.885266302307667 -173.58713849001157 101.90554341258405 -2.386634738270282 -144.09406605643952 1.9723688393986494 30.18157869301747 -10.530364425978497 -159.7082877470439 -57.377192519580994 -66.88222198969808 -70.22375847031411 -23.35799490479303 -173.76546877901671 -49.06833842560267 21.966470403510925 2.9294913807009744 7.7899992110472605 -29.014755319307582 0.20678583600898107 -0.4263259023704014 12.494083205406515 168.18911191744814 0.0 12.49408320540656 168.18911191744817 0.0 20.286161736546426 -2.6007070750472914 7.463769332507562 -22.729532745310568 1.3841390969921974 3.5783492849614573 13.59931071421649 -170.1948085408767 -0.0 13.599310714216491 -170.1948085408767 -0.0
42.8097277879715 -52.165111899375916 -0.008343905210494995 -0.0 4.866009518055305 178.14536806234904 5.010700199183074 -0.03749842815790442 -0.42932179620834326 5.010700199183074 -0.03749842815790442 -0.42932179620834326 5.010700199183074 -0.03749842815790442 -0.42932179620834326 -43.68964053431471 -3.012843010565511 4.357292573479501 5.011142974629267 -174.28640392883528 2.150367417796852 -4.601627534671861 -151.28759287689527 2.0309753733574354 30.952439756071627 3.115987858665071 -173.95812870956686 -67.59335393177072 -36.10343784186122 38.26857006975013 -17.15472896997744 -175.0881510624151 91.39823955463326 -4.601627534671861 -151.28759287689527 2.0309753733574363 31.45623005789444 -13.150215229383637 -155.88189792752337 -46.580497015961384 -73.99074444837376 -78.22794898023695 -18.398020283992405 -171.19730250918448 -51.83483050664342 13.371445356424552 1.717136602835084 7.386071730663724 -25.82179277271309 0.1597903358575151 -0.36684638355360966 10.914200604694484 167.41096255560674 0.0 10.914200604694441 167.41096255560674 0.0 19.882381318563628 -2.42036068638407 7.084722082220355 -23.98124871918901 1.4624357380819142 3.5942393046186116 12.383939193321423 -170.76236724866484 -4.0704016948779836e-16 12.383939193321469 -170.76236724866484 4.0704016948779845e-16
42.75411516427994 -51.76948606967926 -0.010442821076139808 -0.0 8.056278437483764 177.196951942676 8.298732825180187 -0.1726155363151355 -1.195772429961256 8.298732825180187 -0.1726155363151355 -1.195772429961256 8.298732825180187 -0.1726155363151355 -1.195772429961256 -34.78954672504774 -1.1548404464684612 2.0234665230207334 4.178210326690715 -170.49562664543157 12.985095363452704 -8.249674040935757 -161.60741770172658 1.499084708101044 24.817901654763254 1.865774735901427 -175.56220563579424 76.18624683831885 -54.87250468870229 124.3401378518511 14.835375392330313 -177.02317986800992 82.39573788242268 -8.249674040935757 -161.6074177017266 1.4990847081010403 13.553319916813653 -6.233868928689514 -155.00931277533635 -43.42792841973895 -62.063602785019256 -69.97113344257728 -20.415348199258347 -169.91371465213157 -29.39071962391125 9.223721391537135 1.1593958051577626 7.196030379263938 -17.7978225947424 0.06178458747255719 -0.20213483201710558 11.302407253618226 165.61912219485808 0.0 11.302407253618245 165.61912219485805 0.0 13.001644455335729 -1.48409117833173 6.569115207735528 -13.965827792221798 0.7879317559334789 3.2614563870260223 13.070891913238318 -170.19597751777187 4.081439415896001e-16 13.070891913238318 -170.19597751777187 -0.0
42.76775419712067 -51.420217752456665 -0.010009645484387875 -0.0 9.491817632221025 174.83894723204108 11.379831577697107 -0.3885152739671036 -1.9682931277130442 11.379831577697107 -0.3885152739671036 -1.9682931277130442 11.379831577697107 -0.3885152739671036 -1.9682931277130442 -28.427170760882436 -0.3001596116879183 0.6305130245434695 5.3806655671287125 -165.64746618105383 12.781399557192822 -11.332131019158778 -159.30042648686145 2.2296795051124056 -10.645566530238566 -0.6124231401149685 -176.68838651174283 45.930410656487524 10.377794606924946 -165.70063359945217 29.139650566297878 173.10179962942146 73.66607957065087 -11.332131019158778 -159.30042648686145 2.2296795051124056 39.04804823540643 -27.95800847449701 -139.88488369488198 -46.82213286477521 -68.22184188527385 -73.75651910978948 -21.159004734081464 -173.982312063433 -35.779456544655766 7.491614821468816 0.890579838691756 6.799045967587998 -22.790056583503574 -0.09455182391791214 0.2440944155809448 11.39437934277387 164.68345145542494 4.055627499142958e-16 11.394379342773847 164.68345145542492 0.0 13.599232797997367 -1.534250095584361 6.498686803356035 -18.637634445663675 1.0275249085496005 3.2121925399495495 13.08157676016304 -170.940658585588 -4.0816162075278503e-16 13.08157676016306 -170.94065858558798 -4.0816162075278513e-16
42.772868275642395 -51.087307929992676 -0.010448689863551408 -0.0 12.32901011618272 174.54674332194256 9.90086558934853 -0.3820836029458291 -2.221059742321453 9.90086558934853 -0.3820836029458291 -2.221059742321453 9.90086558934853 -0.3820836029458291 -2.221059742321453 -26.282819442800402 0.689394664799398 -1.5565823143315132 4.496659707656317 -163.51204699711724 14.866261709869065 -9.751997132851137 -151.5206628311948 2.8081849389153875 0.04225099055281423 0.002998754645633982 -175.9402521876946 48.410383137383576 15.36390010372695 -159.8278204326577 28.754187926224674 170.98486585499663 78.88137494232365 -9.75199713285114 -151.5206628311948 2.808184938915389 38.133504383782736 -35.68148513423868 -130.69298770138562 -47.868124366276966 -66.53349092278202 -72.15441410074693 -14.7482981769102 -173.5267430129551 -24.818168093238334 7.925592490360709 0.9155969920080037 6.611266022973087 -21.72251498080231 -0.16890814726822553 0.4563622284886607 11.268715197474872 165.12242293239734 0.0 11.26871519747487 165.12242293239734 -4.053845396420287e-16 13.440943713867062 -1.4534420314068497 6.229574137685945 -20.132241654779172 1.1978193306946512 3.4763650073445413 13.228343388615869 -171.26828497221976 4.0840605416108235e-16 13.228343388615848 -171.2682849722198 -0.0
42.78333634138107 -50.841715931892395 -0.0075617339462041855 -0.0 13.46253189654184 174.72575047694312 9.131288949483764 -0.3548916470664389 -2.235174820546 9.131288949483764 -0.3548916470664389 -2.235174820546 9.131288949483764 -0.3548916470664389 -2.235174820546 -17.647446367562083 1.044771729639784 -3.442515252246509 5.236723967901828 -159.9379240996877 18.922153799004587 -9.368639388734916 -171.15637054655895 -0.7534819853504154 -5.257297432689137 -0.48130784691065526 -174.76169929425805 38.327014083673305 12.902420498660232 -159.72642000743014 27.696281101059817 171.48818459178506 78.81565912932933 -9.368639388734916 -171.15637054655895 -0.7534819853504154 40.30737077831092 -66.29620638617511 -105.85534253108261 -46.95365120725688 -74.59143729741845 -78.61219671265118 -6.458303106595432 -173.35875690108804 -24.543791131177343 5.859446217505118 0.6633625612342988 6.4705602426655116 -20.467388576296017 -0.33360253487615144 0.9539608139751349 10.979846087362914 165.3477656298226 0.0 10.979846087363004 165.3477656298226 0.0 14.822544683702489 -1.5859263139065154 6.176777476491962 -18.762830205992604 1.2243923538432369 3.8015716842495766 14.1041808656367 -171.72353413595818 -0.0 14.104180865636675 -171.7235341359582 -0.0
42.79234707355499 -50.61807334423065 -0.007027201354503632 -0.0 15.245049988275506 174.6022182558646 7.795781702419869 -0.2931037247228039 -2.159847765995646 7.795781702419869 -0.2931037247228039 -2.159847765995646 7.795781702419869 -0.2931037247228039 -2.159847765995646 -11.420794327426323 0.8912578809637526 -4.492140735542186 3.5254339781817863 -159.86173655797495 27.910451872483076 -7.051306392705273 165.75719450920886 -3.9710358402635153 0.4898658443050264 0.04905024017752586 -174.28196476897915 43.55150877656673 18.283920507952782 -154.38035509662797 25.33859538035563 174.0143247762288 78.84659166326168 -7.051306392705273 165.75719450920886 -3.9710358402635153 16.415113043495698 -78.0672744646787 -93.41767886538815 -31.41402151334967 -81.86944369957342 -85.74138668488227 5.344193488837664 -173.72314487518886 -7.311670337489008 3.8307746925119384 0.4214328486457582 6.282757157368669 -20.55624640525707 -0.43743066600240177 1.2456193449149493 10.626719406982089 165.7844480005822 -4.0450684680835976e-16 10.626719406982 165.78444800058216 -4.045068468083596e-16 14.864133087403973 -1.570448346538437 6.100319712551751 -17.580087549484944 1.1976591129377885 3.9595141890556915 12.861470222388029 -172.61050487240192 -2.0390030122400988e-16 12.861470222388004 -172.61050487240192 -0.0
42.84298121929169 -50.596728920936584 -0.0079411081969738 -0.0 17.393886744627736 173.61519961168622 6.1521816873705015 -0.20878196195795948 -1.9474035360938635 6.1521816873705015 -0.20878196195795948 -1.9474035360938635 6.1521816873705015 -0.20878196195795948 -1.9474035360938635 -11.853643328061732 0.9720414745933009 -4.721880280623851 2.5960706353687812 -162.3002758626953 37.116145076377755 -4.579141538481478 152.48582265313934 -4.550023258671261 -11.704342050251817 -1.2442623707509315 -173.88876074522096 31.485387750743136 12.819429041598214 -156.45787154388537 28.81333765191609 174.0913020078685 79.35787176149402 -4.5791415384814815 152.4858226531394 -4.550023258671257 -7.445218909764178 -76.95422957948713 -88.28023749322014 4.308219025914344 -84.19717695140764 -90.43740643870962 15.859661149567955 -173.82859155410108 1.2581637067182196 -0.5637003444887023 -0.060439681165546044 6.119946451498744 -21.168036151002454 -0.542977136359022 1.5033568816562877 10.704204359593957 165.8865658797805 0.0 10.704204359593959 165.88656587978056 0.0 13.967936052518358 -1.4966922095683546 6.177950128974667 -18.66791971376193 1.295599212051784 4.041675753206616 12.748425594100114 -172.86947720493774 -2.0380888586301181e-16 12.748425594100116 -172.86947720493774 -0.0
42.84865856170654 -50.66477656364441 -0.010626856237649918 -0.0 12.56614199521762 175.22138314560817 6.341474349777712 -0.15783585794124383 -1.4286840239123262 6.341474349777712 -0.15783585794124383 -1.4286840239123262 6.341474349777712 -0.15783585794124383 -1.4286840239123262 -23.11731817977117 2.7794053458177945 -7.048988366395965 1.768378507077521 -166.15817255766396 36.945316419036715 -5.166280077520003 155.08738106470406 -3.9495512114231204 -11.521663498696403 -1.3278077661914829 -173.38068379440983 35.740904080343164 16.331806130233282 -153.35945109993526 29.612501501031144 171.98909725511183 76.68879957640254 -5.166280077520003 155.08738106470406 -3.9495512114231204 -12.35829199174416 -65.89859242244334 -84.5309431003233 58.15154116798257 -72.65726527930411 -104.85659422788308 16.468534771898025 -175.61712044939074 -33.6259400047769 -0.7496515125852224 -0.07899845768700584 6.015814938538694 -23.841544043102733 -0.7996412264734939 1.977631175672862 11.096203133021158 165.60635753261306 0.0 11.096203133021065 165.60635753261303 0.0 15.548147941403522 -1.6793854639533394 6.242219791439271 -20.192240160605394 1.4468067211092384 4.1849967168291915 13.315320411963842 -173.1259394515773 2.042761572151997e-16 13.31532041196382 -173.1259394515773 -0.0
42.81427711248398 -50.546810030937195 -0.01261075958609581 -0.0 3.06226082890512 176.3236828491129 9.698926422771516 -0.08954626825486606 -0.5315088078774256 9.698926422771516 -0.08954626825486606 -0.5315088078774256 9.698926422771516 -0.08954626825486606 -0.5315088078774256 -24.82636741618264 4.97459625284351 -11.711913754453084 2.2478107242766874 -167.0450415397026 56.44281348171141 -7.373353351292318 142.17397219375664 -6.340741484726243 -2.1346226875372594 -0.28819071967436904 -172.30929133626427 49.88714666818296 26.799465211743083 -146.5557857080009 27.009821841923557 171.24312212560392 75.86956693551852 -7.373353351292323 142.1739721937567 -6.340741484726236 -10.552050872821175 -60.13648222523151 -83.99748769583357 60.1749721282482 -53.37924027545986 -122.81335845042953 24.9545539759395 -176.96857283589827 30.180485582482138 0.8128261041147337 0.08331842476565345 5.852839565639849 -25.528444815761866 -1.0943991893546778 2.5380974012029167 11.785754376503174 166.22381566091966 0.0 11.785754376503172 166.22381566091966 0.0 18.60204248866946 -1.9887570466173476 6.212526409523479 -20.21115876765851 1.4464653607358857 4.180272850853356 13.8302939066301 -173.2588866640919 -2.0471990191973782e-16 13.830293906630075 -173.25888666409188 -0.0
42.653150856494904 -50.48042833805084 -0.00573350116610527 -0.0 2.1971575486465227 177.23957306540564 9.731580976311712 -0.06465825964869289 -0.38251379493244203 9.731580976311712 -0.06465825964869289 -0.38251379493244203 9.731580976311712 -0.06465825964869289 -0.38251379493244203 -32.83340435946933 7.508319934627468 -13.66274488096412 4.5597479311828835 -168.30877527732474 43.691347798546865 -9.124964142122616 161.560316530727 -3.4179771206740552 1.892357646437029 0.2238112057292534 -173.25365023104936 50.92412699831024 29.891849282393036 -143.48113643830774 27.519058877638923 170.36582821767138 76.81759422323304 -9.12496414212261 161.56031653072696 -3.417977120674058 -0.04027103306740971 -1.4138577046961753 -88.3688115271106 45.00255723333886 -36.959955449180086 -133.2215369123671 44.49514627721358 -176.37878507202893 -48.9573116207179 1.1314883361452686 0.12046751287976838 6.077684825787705 -26.276398735719944 -1.5297829566210162 3.4521979143647012 14.003239394056731 167.8021675829821 0.0 14.003239394056685 167.80216758298212 0.0 14.594455797964091 -1.4456173791570899 5.7192756778438225 -16.733893661851177 1.2110985047681389 4.19935920068433 14.745286617661309 -172.7698558831649 2.0555420897555263e-16 14.745286617661309 -172.76985588316492 -2.0555420897555263e-16
42.422375082969666 -50.389376282691956 -0.0021500512957572937 -0.0 3.082476406610888 178.01603563129655 15.824894296558842 -0.2479422046774897 -0.9091473956390012 15.824894296558842 -0.2479422046774897 -0.9091473956390012 15.824894296558842 -0.2479422046774897 -0.9091473956390012 -37.022636633350295 9.213234915316555 -15.076442899236898 3.739142022184565 -175.11464412420364 44.10900543095881 -14.382237374420411 157.65928530372744 -6.733584041771422 -2.68410121052956 -0.21962130088622592 -175.32057947029782 52.60633732336738 35.247240970219366 -138.34826117168075 24.231786312452456 171.9635386776737 78.95899553748701 -14.382237374420411 157.65928530372742 -6.733584041771425 -4.537559069601336 21.15077701137006 -101.55682298923122 30.282810999636833 -16.689861993891043 -149.26567499815792 42.4083433043739 -176.6507339153902 -55.67598945442029 1.4149203562617005 0.16088922356262375 6.487854843625459 -25.86104108719569 -2.0439890146722464 4.677575093320572 18.184425948169363 168.73022415052236 0.0 18.184425948169388 168.73022415052242 4.1846896641236356e-16 12.648903632695463 -1.1291431860593262 5.143274783355714 -16.604794511203593 1.192591607250556 4.166520749890269 15.297276324717727 -172.14540348761486 -4.121726273935103e-16 15.297276324717679 -172.14540348761483 -0.0
42.16891527175903 -50.39460062980652 -0.0019866973161697388 -0.0 6.37447235031287 178.40307559750613 12.159511153914305 -0.29734922436736044 -1.4114135846344673 12.159511153914305 -0.29734922436736044 -1.4114135846344673 12.159511153914305 -0.29734922436736044 -1.4114135846344673 -39.673595029965504 9.63554927430626 -14.892204927732337 4.394858943649383 178.08184031622864 38.11209339673724 -10.84978056710111 158.4401594248886 -5.699786988712499 -15.99847053287784 -0.7461884374606986 -177.29446929684661 34.775585464956 23.298792137864314 -142.94601044423754 26.829182332751436 172.10535660610932 80.07238457723653 -10.849780567101108 158.4401594248886 -5.699786988712501 -6.406873120881416 20.48994404915259 -106.62645645110615 17.400487570529013 -6.480110569809792 -159.2023517288023 39.76210941988847 -175.7031877194733 -52.945036052710314 2.5695051819818517 0.31968595858418264 7.0944593815531976 -25.887423502220596 -2.609205797710476 5.9586923155139235 19.876333476877715 171.71572951593166 -4.227533241490012e-16 19.876333476877686 171.71572951593168 4.227533241490012e-16 13.604146807082662 -1.1084019104225664 4.702345069015012 -18.30133000086016 1.2746997738300545 4.053260780710908 14.54962068937769 -172.46726455158353 -0.0 14.549620689377715 -172.4672645515835 4.107416400304572e-16
42.0390710234642 -50.375914573669434 -0.0064673833549022675 -0.0 14.916210709691805 178.1693638756797 7.087443759372689 -0.23620571781920024 -1.9136938445722187 7.087443759372689 -0.23620571781920024 -1.9136938445722187 7.087443759372689 -0.23620571781920024 -1.9136938445722187 -33.28907274496783 6.07451469524357 -10.972946141980538 2.192722624614574 172.5551953363949 18.952687925375646 -4.786120457451179 145.45803219914472 -5.571419281021264 -29.989165711405477 -0.6170288353139892 -178.7656812547847 23.341784822112718 13.355107032780202 -149.07063885121192 25.372614685118457 171.42599722864244 77.51632154317093 -4.78612045745118 145.45803219914478 -5.57141928102126 -10.089298969124286 17.5635066729834 -118.9631760252324 22.04916949876089 -7.565744697378513 -160.5158478333102 40.870733573698715 -177.22885117825902 -50.43976948068772 3.377226950206756 0.4399322558849921 7.426201509284227 -20.16158059530006 -2.2347941837514997 6.459669345867066 22.765410129899724 172.3610739879906 4.3115785603798163e-16 22.765410129899724 172.36107398799066 0.0 14.63779016813829 -1.1910429414741908 4.703214021890738 -18.061875944194007 1.24528844496963 4.010560339588967 15.304944325178738 -172.39435479430657 -4.1218771938712964e-16 15.304944325178715 -172.3943547943066 -0.0
41.941142082214355 -50.38387477397919 -0.008054543286561966 -0.0 50.0392258753306 173.39486834878443 2.0744175341203297 -0.08987817238778542 -2.481442852212269 2.0744175341203297 -0.08987817238778542 -2.481442852212269 2.0744175341203297 -0.08987817238778542 -2.481442852212269 -48.22718972938603 11.189845759736873 -14.855594429418268 5.251771547952682 176.55615707527167 31.78776415590768 -1.067315876740708 159.2914914558795 -3.052865988351412 -14.747747718083396 -0.14017188217802132 -179.44938057564656 51.566002278375855 47.084634559465876 -126.06592011353544 -5.905851668405848 171.05509045377102 74.94751269796494 -1.067315876740708 159.2914914558795 -3.052865988351412 -19.476998848157663 18.436499605077238 -135.00558577355815 21.90440372023196 -8.233249187001487 -158.80073122836998 38.18751568645174 -174.51700423887732 -48.481508152097845 -0.2125616681998646 -0.028656384695802253 7.678024683646795 -17.215940422248032 -2.0070975323190017 6.752670347526676 21.31247999310881 171.77217364342007 -4.267541634029489e-16 21.312479993108834 171.7721736434201 0.0 10.295965378900117 -0.8373938192058206 4.675098525075586 -18.27632879870501 1.1409150285074676 3.6337210745496513 15.332568507099444 -172.69728183010272 -4.122421590910899e-16 15.33256850709947 -172.69728183010275 4.122421590910899e-16
41.90625846385956 -50.39903521537781 -0.009692274034023285 -0.0 57.540713792203924 144.92990800976102 1.7342668227872937 -0.08276685718675844 -2.732752537027814 1.7342668227872937 -0.08276685718675844 -2.732752537027814 1.7342668227872937 -0.08276685718675844 -2.732752537027814 -46.35422573055711 12.479915567333036 -17.00679754984331 -0.7227482322683474 176.80534324088217 21.27943757477158 -0.3079684208329398 152.9955856288397 -3.2215822341158176 -4.681086570027734 0.008729870566679626 179.89302888574778 55.4847904614534 66.60239675352607 -109.6224345420984 -18.33068702561253 172.89549250252784 81.60589579934792 -0.30796842083294207 152.99558562883976 -3.2215822341158176 -19.915382445186367 12.810098701697532 -146.27596613247718 23.319172381271173 -7.579251782912666 -161.42070818630367 36.65219507216903 179.76501690218015 -62.333016253491195 0.49835853782308853 0.06863583123585909 7.84176230464165 -19.733606787740108 -2.359933109444894 6.95887582116556 19.27886236485838 171.6295331338497 0.0 19.278862364858398 171.62953313384963 -4.211883919633324e-16 10.39644468422695 -0.8442853139638 4.668545982325137 -20.094257600857283 1.2172293219344366 3.5389573355582193 14.880840067951226 -173.11891408025772 -0.0 14.880840067951226 -173.11891408025772 -0.0
41.94306582212448 -50.54272711277008 -0.010922085493803024 -0.0 28.40321598224976 177.8132189194877 5.5910023387231265 -0.29775760034042265 -3.053358372816513 5.5910023387231265 -0.29775760034042265 -3.053358372816513 5.5910023387231265 -0.29775760034042265 -3.053358372816513 -36.97263931488879 8.27950538294068 -13.601515123485918 -4.558906661777661 171.03431077217394 6.4081602067064525 -2.0352226265650732 136.97021769781384 -6.035386508914517 8.563952766256225 -0.6070983671704528 175.92984828048253 20.371008709949272 79.85358872001112 -93.5647262069397 -23.52529923370379 171.06974569662367 63.51777094058899 -2.035222626565072 136.9702176978138 -6.035386508914517 -24.9592832844148 12.224435317377049 -152.82268124568813 23.41710719842002 -6.62714788296068 -163.70400532892327 35.27829941899465 178.74770408705365 -68.80916009106362 1.3274523775447487 0.19143797044202018 8.207061360380496 -22.70359064298528 -2.656292896636974 6.854281145302588 17.625509666635367 172.0827050525382 4.171521464537728e-16 17.625509666635367 172.0827050525382 0.0 10.466808683546564 -0.8871182481385489 4.8718552730169264 -23.432139432568004 1.4137700759552965 3.5513664235947227 14.756574134269126 -173.3927371274981 -2.0556487141720623e-16 14.756574134269169 -173.39273712749807 -0.0
41.98292791843414 -50.62529146671295 -0.011041294783353806 -0.0 30.596152880327626 178.32891887518298 5.422263107554004 -0.3062199715632727 -3.237171340242098 5.422263107554004 -0.3062199715632727 -3.237171340242098 5.422263107554004 -0.3062199715632727 -3.237171340242098 -35.284418873609994 7.080208431111952 -12.135221238152825 -4.803135918588361 171.80374263365076 3.893014386521081 -1.9880776986740782 138.88385489837725 -5.992568454724565 15.650437532470216 -0.8670023932568262 176.7892334068453 -13.619458322226809 82.07008358361 -88.12138383135176 -26.195850883626743 171.32843850878922 54.133405391783434 -1.9880776986740776 138.88385489837725 -5.992568454724565 -17.502454715728774 6.359040496324429 -159.66739726973802 29.21755008632436 -7.840377185591092 -164.24620413793406 36.0398184226007 176.60387732019302 -74.46211652013345 1.6750889058920164 0.2568878408649 8.720103576647997 -23.337050213258397 -2.621277419641981 6.59243303116993 17.947525889313496 172.38984188226655 0.0 17.94752588931354 172.38984188226655 0.0 9.370211135993149 -0.8104136126472267 4.965436404869412 -24.883624304994044 1.5375996803618937 3.6501266174720866 14.49578941122427 -173.54227205510867 -2.0532084355393865e-16 14.495789411224225 -173.54227205510864 -2.053208435539386e-16
42.080946266651154 -50.99851191043854 -0.01265479950234294 -0.0 41.67424715410601 178.58974963717017 3.713589389282978 -0.2155820452867943 -3.3247550954596146 3.713589389282978 -0.2155820452867943 -3.3247550954596146 3.713589389282978 -0.2155820452867943 -3.3247550954596146 -21.945409179130518 3.1428261010322394 -8.358154129219791 -2.258058453786935 173.97245846248643 -0.29264276463364436 -3.345300197751075 173.77413205804118 -3.69509748414766 53.261370788312895 -6.137348750760084 172.35767406380242 38.342075599349826 81.81249618100088 -95.10050130140887 -19.026113211109063 173.2151183624028 84.39455978082812 -3.3453001977510746 173.77413205804115 -3.6950974841476603 -8.031116958489873 2.1927011523571083 -164.67406766889815 37.358997832141604 -8.47159945597717 -166.2090704800309 33.44102071945713 178.17982318235133 -75.30792614360888 6.637335191046504 1.0991201042576448 9.424479366306066 -29.32117429131578 -3.2727571336599834 6.6602399264573835 19.820092102746823 174.1462309867707 -4.2260355646347666e-16 19.820092102746866 174.1462309867707 0.0 1.3030980174484004 -0.11629429638319018 5.100265334673465 -23.613883985835404 1.4697560048403988 3.664949954968294 14.85298727373602 -173.20255393484962 2.0565631588435478e-16 14.85298727373602 -173.20255393484962 -0.0
42.38765984773636 -51.441165804862976 -0.011826702393591404 -0.0 94.59698268876923 -1.075615930423918 -0.2673944234816055 0.015573113217532412 -3.3331664366338116 -0.2673944234816055 0.015573113217532412 -3.3331664366338116 -0.2673944234816055 0.015573113217532412 -3.3331664366338116 -24.251187538304396 2.3809578372004156 -5.780430794438905 -1.958624511222555 172.50606971048737 -0.9247750350703926 0.9113580184506834 168.79819186562025 -3.217408487397576 40.1217477572616 0.9631591687761835 -178.50557006620932 25.248449787474225 83.61946417241323 -92.7308178096019 -16.165513742331598 176.35374191541896 86.14251365188117 0.9113580184506828 168.79819186562025 -3.217408487397576 -13.03735615067776 2.6948917041573344 -168.21411142135145 37.505275986440566 -6.341410822854682 -169.65548879040455 34.009248078927456 176.41369484192455 -78.26697655576723 5.90505598650759 0.9887549088076827 9.523012911669257 -28.962174277081765 -3.4562213397645363 7.109486327351923 23.858535772581277 176.70969265436952 -2.173586341676447e-16 23.858535772581295 176.70969265436955 0.0 2.1188482580881574 -0.21346680254613437 5.754273817138343 -23.183966944091136 1.4481041917292057 3.67407424016347 15.082661537827832 -173.02152280122178 2.0587683237105128e-16 15.082661537827828 -173.0215228012218 2.0587683237105128e-16
42.91197210550308 -52.30823755264282 -0.009610282722860575 -0.0 139.98347557947537 -0.18470797255329838 -3.268599534082246 0.1572591034546018 -2.7559940024100764 -3.268599534082246 0.1572591034546018 -2.7559940024100764 -3.268599534082246 0.1572591034546018 -2.7559940024100764 -23.35732151255749 2.31117623974816 -5.812611106103747 1.6542148639372238 171.56756811252052 2.4766614278626418 3.389610482112303 177.56892144035706 -2.6056606788142154 48.30017507330647 7.774210318268208 -169.63784301200926 -14.640104700603429 86.58378765933455 -89.13560470952962 -17.948814120970926 178.98379454923497 93.29810698453281 3.389610482112303 177.56892144035706 -2.6056606788142154 -11.213852852251323 1.617931138148992 -171.73594627649686 37.695037021257654 -4.8591649358535705 -172.08478905320058 30.092050724044615 176.86566563550147 -81.7598558278546 5.297287987429863 0.857974959498944 9.213588044528006 -29.695841812444108 -3.997563246968102 8.029572302936634 24.4928764102175 -179.48168540573445 -2.730520145350309e-17 24.49287641021754 -179.4816854057344 0.0 0.9068787998721904 -0.11563364533952436 7.266728587290361 -28.47916311016182 1.8631118774734594 3.902544173454647 15.060399993234055 -173.1782135812759 -0.0 15.060399993234054 -173.17821358127588 -0.0
43.300993740558624 -52.74029076099396 -0.009968847734853625 -0.0 122.01315837004861 1.151666986905225 -1.8588555198854613 0.0967917301132573 -2.9812587201569465 -1.8588555198854613 0.0967917301132573 -2.9812587201569465 -1.8588555198854613 0.0967917301132573 -2.9812587201569465 -23.556458818233878 2.028716035199114 -5.065086057925318 3.313727023719815 171.27206315062602 4.048285187286393 2.4822200159884784 167.089231790572 -2.486479642517821 35.222771852434 7.103098527922754 -167.80833126220622 24.382977210470568 88.61965464991196 -90.56994475136875 -16.840883269007794 179.0394305952058 85.13540026778679 2.482220015988478 167.089231790572 -2.486479642517822 -3.75685493688832 0.5242631177961516 -172.049926603235 38.43229058777066 -0.0422484754238052 -179.93203155259937 31.31407607256732 173.71932282305548 -76.24421084578326 5.312833848039995 0.8692468421335292 9.305783105833774 -28.789483731679034 -4.352120512398636 8.98008856789269 21.322796809061334 -175.6727924660833 0.0 21.322796809061334 -175.67279246608334 0.0 2.016373274719061 -0.2992712629187486 8.444035037437818 -26.340587508632687 1.72725035019522 3.8879809120976256 14.86069778850591 -173.22239930449146 -0.0 14.860697788505954 -173.22239930449146 -0.0
43.73504817485809 -53.40492129325867 -0.008936249651014805 -0.0 65.76616496068841 -179.27862700104095 1.4307673955624842 -0.0796533612551098 -3.186801061571929 1.4307673955624842 -0.0796533612551098 -3.186801061571929 1.4307673955624842 -0.0796533612551098 -3.186801061571929 -21.287971814038567 1.7311643690041163 -4.758795657834727 3.967551312622363 171.54431217989074 3.352054252556583 -1.2187320321385726 176.16374030529826 -3.2736819934002033 49.531150682303526 6.638482336136248 -171.30204890256718 81.05605904413079 66.40444313492682 -113.33951500526601 -4.875826137662559 -174.73005699142007 58.83658449276843 -1.2187320321385726 176.16374030529826 -3.2736819934002033 10.077169062133043 -1.3682101623620966 -172.2270656297174 50.79349521611431 4.321637061824872 174.4297928545894 27.8750035866955 171.9598998116254 -72.41939786508424 6.992135082532984 1.1179573200797668 9.107355799309468 -27.168401434417152 -4.327372889290905 9.409768899131453 19.08622925827184 -174.1490866848372 0.0 19.086229258271878 -174.1490866848372 -4.206960353755257e-16 5.6136995711858075 -1.0039200908177646 10.156168086926629 -25.230668341013953 1.6434512085669801 3.850730857750979 14.675140722992648 -172.35701350823743 -0.0 14.675140722992648 -172.35701350823743 -0.0
43.982090055942535 -53.844115138053894 -0.0063851941376924515 -0.0 54.72745889500738 -179.5634307499783 2.8653557993321397 -0.20395662232979883 -4.0731676410271715 2.8653557993321397 -0.20395662232979883 -4.0731676410271715 2.8653557993321397 -0.20395662232979883 -4.0731676410271715 -23.556286482894677 1.9903631457137982 -4.969771403561277 4.584171592269502 173.0741247501482 6.670323533846249 -2.859336066066061 179.71144709271965 -4.077392091234757 47.0948048573984 0.07181210335502178 -179.90196052335875 77.32808340808324 17.587762659031327 -162.00115451763486 -0.7765567634545025 -176.84211437173437 48.557779154911884 -2.859336066066061 179.71144709271965 -4.077392091234757 29.141103910848443 -4.355098766408849 -171.11133423988966 63.91789216302728 21.722672423236673 156.07894831472228 17.429281479639236 169.76736895057743 -81.38889333739583 5.427300486527734 0.8314228081221027 8.72302499203064 -26.942425555502517 -4.153531103402562 9.105671238693908 19.98927804616217 -173.90936692021182 0.0 19.98927804616215 -173.9093669202118 0.0 13.137047110002225 -2.587251686764953 11.244609307300609 -27.322751016738117 1.7773953803143474 3.867658389026996 14.37947122945259 -172.3026373331786 -0.0 14.379471229452568 -172.30263733317858 -0.0
44.120992720127106 -54.448992013931274 -0.008766795508563519 -0.0 68.07187321278859 170.9086976134479 2.055221494549478 -0.184766932212148 -5.138264284154146 2.055221494549478 -0.184766932212148 -5.138264284154146 2.055221494549478 -0.184766932212148 -5.138264284154146 -31.14697699037786 2.666101078668233 -5.144378379821579 5.1999664142975455 174.98150596010547 10.486209459172619 -2.273614802901758 -177.7324542036398 -5.045632913641526 37.85626390127992 2.195888449424456 -176.42468012093698 72.29368983116599 -61.94918551352022 116.91260106249567 1.0191118116321554 -167.71820311991917 81.08742928753128 -2.273614802901758 -177.7324542036398 -5.045632913641526 31.52928878058299 -4.557912387106795 -171.33226933563895 59.57820428093208 30.40218884010719 145.76751240632404 18.268686191450463 169.11914340972353 -76.50128367485092 5.279630122624417 0.8172948503107126 8.81248646556566 -31.777124222639994 -5.033387363724499 9.494761702751232 19.711331563974667 -174.89929688118332 0.0 19.711331563974653 -174.89929688118332 2.1115769379615064e-16 28.26901180379201 -6.528753602830085 13.584594324790832 -27.96789697073602 1.761333144560459 3.7515070267650534 14.635009021426608 -172.37334756883968 -0.0 14.635009021426583 -172.3733475688397 -0.0
44.228121638298035 -54.78381812572479 -0.002820044755935669 -0.0 140.18606993282103 15.725678859235382 -7.207307974595438 0.772558533086252 -6.134641445794067 -7.207307974595438 0.772558533086252 -6.134641445794067 -7.207307974595438 0.772558533086252 -6.134641445794067 -36.09754519827417 2.7971719696232915 -4.740642711671449 5.420509417938663 176.36929472793443 10.744242899202353 7.8286592645399375 174.52806986498237 -5.316821131914966 34.14835189201366 -0.7277359066090254 178.70371970019897 75.53066968154927 -26.843472859386054 152.40540435497286 8.167495200990135 -170.03161161324616 83.10079263487613 7.8286592645399375 174.52806986498237 -5.316821131914966 31.143406858301862 -4.213682024353628 -171.89244086155787 52.64572469085354 53.30469281847038 120.64242591160732 19.721566533444395 165.5378026960879 -63.66197767042956 4.73933221403169 0.7530377130104596 9.03896242251027 -36.73517200503259 -5.927604992763441 9.84781679074462 20.62353841696452 -175.85970866705333 2.1239608965540458e-16 20.623538416964543 -175.85970866705333 0.0 35.656451601332556 -9.288262414496584 15.672070798785224 -29.113634566663837 1.8338223833546046 3.764942946776575 14.192432491207883 -172.89219533288912 -0.0 14.19243249120788 -172.89219533288912 -2.0504304447344187e-16
44.41831260919571 -54.78026568889618 -0.003376451786607504 -0.0 152.48444335824604 15.09952164236206 -12.114395560566015 1.3932668669438641 -6.610713856785564 -12.114395560566015 1.3932668669438641 -6.610713856785564 -12.114395560566015 1.3932668669438641 -6.610713856785564 -39.63299457057895 3.449797733038501 -5.3988385473149245 7.415464796487337 178.39009787997261 14.24663987103878 12.507952770080166 177.69642657107823 -5.822204345224781 20.727167556492024 -1.3824873286823085 176.09904822578088 67.11888271971448 -7.41029955683678 171.96475760606185 17.426330681577564 -169.53041123300238 86.80170166752822 12.507952770080168 177.6964265710782 -5.822204345224779 19.246376162211384 -1.925176101076993 -174.17752808827328 49.232270423344545 42.126329517247484 129.94335402853716 18.14356341938987 158.11089096709068 -63.29448374114234 5.185024363508264 0.7626067792706052 8.378759096644758 -35.59375133571195 -5.58289872444524 9.533549340873446 17.624595543202176 -176.79008218040394 -2.0857501601310955e-16 17.624595543202176 -176.79008218040397 0.0 41.489560002444215 -11.964929772991574 17.738564464032958 -24.42992107178288 1.413734210121849 3.4149295816710183 12.200059193792995 -171.2414863310997 2.0337781813880185e-16 12.200059193793015 -171.2414863310997 -2.0337781813880185e-16
44.577011466026306 -54.497215151786804 -0.00487037468701601 -0.0 153.68242569005105 14.300992329559001 -12.084212523985002 1.3143242959888288 -6.25428698841968 -12.084212523985002 1.3143242959888288 -6.25428698841968 -12.084212523985002 1.3143242959888288 -6.25428698841968 -45.041506965460066 4.120580735410493 -5.8131949437676855 7.007329133437642 178.82929303808788 11.972004276586004 10.366189455976006 -165.51493489759218 -8.829385606558734 20.170937257674687 -1.1142711095578721 176.7715760700246 61.5478965276801 -33.0406747846264 143.5070762707126 5.940731894488694 -160.2995736143298 73.55763669073339 10.366189455976011 -165.5149348975922 -8.829385606558729 25.037230180715653 -3.161464751985267 -172.5641841862442 61.96523237220198 33.90756427698612 142.71006093073208 16.80871311146029 167.70794973167418 -76.00259438047328 12.193129447095716 1.6625128307525698 7.8246635766407815 -29.292674530417305 -4.274504576591106 8.68557291561816 16.361805759733386 -177.5816969869905 0.0 16.361805759733404 -177.58169698699047 0.0 24.20173253080123 -6.214780628680847 14.876028580176879 -16.293167077130136 0.6809514144181128 2.425845940128709 8.129696896437586 -168.48714393324056 -0.0 8.129696896437586 -168.48714393324056 -0.0
44.62810903787613 -54.09255027770996 -0.004856567829847336 -0.0 163.4191760126516 22.479672388170666 -19.610517848896436 2.1927310821094137 -6.508340294683955 -19.610517848896436 2.1927310821094137 -6.508340294683955 -19.610517848896436 2.1927310821094137 -6.508340294683955 -45.65923987152574 2.2260262286623216 -3.110977650981291 9.67656122364438 -177.14676272105362 4.235929853913366 12.250768894547413 -141.82132005262363 -16.717572359663578 6.731059858601618 -0.3604713388231718 176.92745326866066 46.75152858986027 -30.563560134802398 140.96665326081998 1.853526803977476 -157.7020784682532 85.81161247255181 12.250768894547413 -141.82132005262363 -16.717572359663578 14.992746277869674 -2.76343972898598 -169.43107921160887 58.424631189241204 24.335583411782522 152.0380665061039 20.332121354886954 166.69257194098304 -104.16903427747535 10.627316577996371 1.4449196216113978 7.788277207493828 -18.840292970289596 -2.4255502784134855 7.472866457551032 14.02268081005844 -178.66954515924635 5.12226064975032e-17 14.022680810058462 -178.66954515924635 0.0 15.129517150869212 -3.7105648420086563 13.953941959184082 -14.069469215158476 0.09185127352092715 0.3778309862180341 6.188526763496338 -163.6861952569659 3.99899722642685e-16 6.1885267634963155 -163.68619525696587 -0.0
44.56017315387726 -53.80009114742279 -0.0054193660616874695 -0.0 143.01314597029562 83.28949853552584 -8.150659355933627 0.8959286416253678 -6.294372271453768 -8.150659355933627 0.8959286416253678 -6.294372271453768 -8.150659355933627 0.8959286416253678 -6.294372271453768 -45.762358846543414 1.4844811873441726 -2.071549085036809 8.908882542163589 -173.8282719093574 1.8477729739914428 0.6338239691227259 -130.48201370062657 -10.265822720652528 14.097332558552555 -0.689086169005048 177.17304878426583 35.95003731090906 -42.53881359785287 122.61169046294695 0.18105663028645258 -152.34677749735175 94.30809975904613 0.6338239691227259 -130.48201370062657 -10.265822720652528 21.679953439811243 -4.823714995252861 -167.1323758674636 67.55572610239646 -31.313576414767113 -146.64743684244354 22.81625696420891 172.0657667814085 -82.46073663914801 9.151856832916758 1.2466926617124365 7.791144209759883 -18.0884213705745 -2.2073483161603353 7.076684193817963 14.822534452809965 -179.03548452421737 5.140684018856751e-17 14.82253445281001 -179.0354845242174 5.140684018856751e-17 15.024275739701707 -3.495328481520331 13.258507253262112 -17.416586322376087 -0.4566113855985039 -1.5251828840376516 7.393148320389757 -159.34598972949 -0.0 7.393148320389803 -159.34598972949 4.0090221278429513e-16
44.567929208278656 -53.1480610370636 -0.00540614128112793 -0.0 63.70030324652559 173.12264675910524 2.9734013516040685 -0.3163211511732563 -6.0752592478013945 2.9734013516040685 -0.3163211511732563 -6.0752592478013945 2.9734013516040685 -0.3163211511732563 -6.0752592478013945 -38.43669384158457 -1.792967028152042 2.8827156171273636 13.328966403605211 -166.0011535556225 -17.16785103287971 -6.742021551170192 -120.66040102294303 -0.5129198800607095 17.730745657759186 -2.123539258432637 173.05813002206554 27.37049957550705 -40.880809000646956 117.97280398662043 -10.997255384167746 -152.40953399219856 92.94060220856701 -6.742021551170192 -120.66040102294303 -0.5129198800607095 35.28841685462095 -11.602417308828226 -160.4345640231627 58.8757125250611 -63.26617172513631 -113.32477675825855 15.246301618767623 -176.84743925053175 -74.23965330513202 8.679937595972824 1.0525399505736837 6.941032764439967 -14.76684261903735 -1.847032296038258 7.210697633869636 14.95650965498499 -178.59574305352416 5.143881069352472e-17 14.95650965498501 -178.5957430535241 0.0 20.801386359460786 -4.924332477595676 13.637057855169383 -18.737819190288658 -1.2409005687729888 -3.8576325242500693 12.230344048180115 -155.886672852238 8.136043661676011e-16 12.230344048180136 -155.886672852238 -8.136043661676011e-16
44.41443830728531 -53.06824743747711 -0.003947503864765167 -0.0 118.5755786758365 168.69734811797858 -3.048392806990944 0.3012525785166965 -5.64653738342689 -3.048392806990944 0.3012525785166965 -5.64653738342689 -3.048392806990944 0.3012525785166965 -5.64653738342689 -37.90463129858368 -3.8774094380271924 6.295604930077576 12.179258596325049 -164.17289472600115 -15.348753593700438 -3.666359556230443 -116.67693292534653 -5.2670369096164595 17.173992933508476 -3.223125641046107 169.20244093442014 8.982944977925628 -43.88651604825181 99.22041783316484 -17.55227823361437 -154.47835533890077 97.00178353202166 -3.6663595562304443 -116.67693292534653 -5.2670369096164595 31.20410488319225 -11.106458763447357 -159.24775889467412 54.25518674303602 -62.667667788992475 -112.75766182766971 5.386540998227568 -167.77753622937564 -67.42226812246523 6.598805179008087 0.7950354859671731 6.885484313477895 -16.94054439060863 -2.28293862913394 7.7907178028792226 16.584677605172512 -178.1296108999668 0.0 16.58467760517249 -178.12961089996682 0.0 24.283841549030456 -5.807562718950362 13.891303652810436 -23.64682969536909 -2.480048390042814 -6.16313364539741 18.308698573151787 -151.469909475352 1.6750732386595774e-15 18.308698573151787 -151.46990947535204 -1.675073238659577e-15
44.24756616353989 -53.029170632362366 -0.0036153942346572876 -0.0 149.86999178847913 144.05778901337456 -8.14198065647294 0.6854751380368319 -4.828783132338721 -8.14198065647294 0.6854751380368319 -4.828783132338721 -8.14198065647294 0.6854751380368319 -4.828783132338721 -36.5818192882734 -7.8727325209793575 13.062587871648425 16.98378223530915 -163.38887594590548 -33.09864595710319 -1.297130647882697 -112.31800092547195 -9.369324086042354 20.196006912381616 -3.4805154765195327 170.00846178396006 -5.377995650552857 -35.34794507533349 82.4725838203689 -22.577895155489063 -159.4434423346332 120.75729032067596 -1.2971306478826983 -112.31800092547195 -9.369324086042354 30.16226427341968 -12.706935680257876 -155.83068155769104 25.166722242511316 -76.36100195505269 -95.89128005529687 -5.603873105494834 -166.11031839924922 -59.36947160646969 7.692004890234725 0.9301019798025842 6.915774804954489 -16.83537355391161 -2.5223525535732434 8.648440319562342 18.748908280962617 -177.23678603900788 0.0 18.748908280962613 -177.23678603900794 -1.0496201129649622e-16 20.007013951880513 -4.756392748423007 13.668756570612265 -25.659507137834858 -3.466771893957596 -7.964085869295469 21.869117611828244 -149.28382408645808 -1.7135923112776721e-15 21.869117611828276 -149.2838240864581 -0.0
44.06903088092804 -52.96657383441925 -0.0029519200325012207 -0.0 151.8661671032716 148.81876010547674 -6.102403807279842 0.35133979675892113 -3.301375157551635 -6.102403807279842 0.35133979675892113 -3.301375157551635 -6.102403807279842 0.35133979675892113 -3.301375157551635 -32.48025483139616 -7.729642841649618 14.184758886799882 25.53472873207957 -160.35394481906255 -41.52511590308591 -0.961082661214321 -110.20658190286132 -6.868617543799764 19.684699764431365 -1.8373595794998758 174.5599029921326 -15.028432520706396 -37.179711169086154 71.12627526374425 -24.12370478624498 -157.36869194821534 103.56572942067287 -0.9610826612143222 -110.2065819028613 -6.868617543799764 36.83592969731031 -17.040875437009305 -152.92134721207591 4.563548566344449 -80.56421493205126 -90.75757343465101 -18.614848826221248 -166.40772681193576 -56.65455797308661 11.556733501259606 1.4117095651942941 7.012829317708646 -12.133560242608574 -1.9871111247478062 9.373096785726549 21.149837405105927 -175.34352486169288 -2.131418956534739e-16 21.149837405105984 -175.3435248616929 2.1314189565347399e-16 23.775367165759718 -6.128457381366064 14.913420044454718 -24.92413102849291 -4.295182686647296 -10.105255631614488 24.023366569825313 -145.3684901108627 -0.0 24.023366569825345 -145.3684901108627 -0.0
43.80999058485031 -52.9461145401001 -0.001469254493713379 -0.0 168.86505659360785 31.856493335764604 -8.28826261016742 0.23951734038577627 -1.6610879858575893 -8.28826261016742 0.23951734038577627 -1.6610879858575893 -8.28826261016742 0.23951734038577627 -1.6610879858575893 -30.049559342711326 -7.694573720955261 15.099620836888121 24.904525377797604 -157.95461434484332 -39.43839901335347 1.1453195321627714 -108.86715473985598 -8.374534867570643 16.542579371827884 -0.37226066744927794 178.69278204165514 -12.435286931481233 -31.606937993993526 70.71352642909855 -36.024107542829796 -154.0863570582579 98.50899462039553 1.1453195321627714 -108.86715473985598 -8.374534867570643 37.16259354947118 -14.851608541423866 -156.29975187254186 -16.64342942868227 -81.51272215591803 -87.55267093205399 -20.902055218275454 -167.6540558993686 -56.90703266450889 12.31656531162321 1.3889058934842549 6.484567270906872 -15.067321218795467 -3.108394331641871 11.799540459340239 21.142589233458953 -173.08998246950787 0.0 21.142589233458967 -173.0899824695079 0.0 31.66090694374067 -8.81364218061572 16.457058984130125 -28.255663783616352 -5.548561168787732 -11.596292954433585 22.620617461836677 -148.87504481155514 -0.0 22.620617461836733 -148.87504481155517 -0.0
43.61667335033417 -52.79403626918793 -0.002822279930114746 -0.0 -178.66843860002422 10.791800398825282 -6.73478823872052 -0.018571996705734853 0.1583641003757199 -6.73478823872052 -0.018571996705734853 0.1583641003757199 -6.73478823872052 -0.018571996705734853 0.1583641003757199 -34.02709056888521 -10.608958601892086 18.506656041847325 21.912479908105425 -162.03882961552824 -39.00253454808605 2.1955016665272935 -107.60736936688036 -6.3703994757000135 17.994574818671275 1.3747168118605102 -175.55809247277756 -7.204562784370938 -37.246181094430106 80.63349938491027 -28.82517553223056 -156.2688953124907 96.97467729768091 2.1955016665272935 -107.60736936688036 -6.3703994757000135 38.779721899551184 -13.939828510343219 -158.38165200445192 -20.7465830474851 -80.56143242674071 -86.62984234789401 -18.771174582057746 -166.34164521366162 -60.20803603668495 15.278064616957424 1.3305980559281987 5.037523460873609 -11.263706998878412 -3.00158676144658 15.026923600439904 20.04073471199316 -170.23331657512225 4.231940648688002e-16 20.04073471199314 -170.2333165751222 -4.231940648688002e-16 20.3740438260028 -5.345308741950821 15.042836241026768 -26.062616588781406 -5.253542249279577 -11.820464200836675 24.204311654167775 -144.20663882237858 1.7435544965900017e-15 24.204311654167746 -144.20663882237855 1.7435544965900013e-15
43.443891406059265 -52.83441245555878 -0.004610046744346619 -0.0 -165.5637520372278 5.0881636370023395 -6.306633658588351 -0.18030417150921893 1.6409327920051198 -6.306633658588351 -0.18030417150921893 1.6409327920051198 -6.306633658588351 -0.18030417150921893 1.6409327920051198 -32.80060937662944 -10.75436613378152 19.321499918008396 20.1472452168502 -164.24308050416724 -38.85490460884198 3.4898019892351195 -107.83592983726071 -5.505833824314783 18.094739824414223 2.478233161796408 -172.06696950653478 0.289604077036454 -40.393939974007495 90.34035111570344 -25.404774370149706 -153.73513268080728 90.77695488852424 3.4898019892351186 -107.83592983726071 -5.505833824314783 38.40664326497472 -11.924024108573995 -161.2261109567061 -30.805443272413747 -77.57798901824127 -83.56400602912419 -11.294984490499163 -165.1304472775046 -62.821759581496835 18.11562032070971 0.8380610117960712 2.693494762641099 -11.86182977317534 -4.026348553150513 18.90316243017964 27.10965730664355 -166.60092753648556 0.0 27.109657306643587 -166.60092753648559 8.932777264137052e-16 19.048548389702955 -4.991615700996126 14.982119827936236 -25.14496832014269 -5.082960389738325 -11.82319459693893 24.85478896304875 -140.72648273672925 -0.0 24.854788963048758 -140.72648273672925 1.7526112712225118e-15
43.3289960026741 -53.066784143447876 -0.007706508040428162 -0.0 -158.3435301579742 1.3831974314121565 -8.628240468020266 -0.5257725503591955 3.5003576495240885 -8.628240468020266 -0.5257725503591955 3.5003576495240885 -8.628240468020266 -0.5257725503591955 3.5003576495240885 -35.25874830224667 -12.634780925886405 21.22205802657529 13.847510793507569 -170.20126134080016 -40.23885174841836 5.965658946317933 -107.9638306606276 -7.155593873004182 30.937752497223645 7.325081054040957 -165.96152456984055 7.369548628185288 -61.79811415326955 93.93474489871335 -10.522152311075732 -160.20208520028837 85.8062615006039 5.965658946317933 -107.9638306606276 -7.155593873004182 35.04961998248826 -5.691789844923261 -170.15426070100793 -29.623866188155745 -77.18442242018163 -83.58435618217356 -13.476429661072002 -166.45550069578024 -64.00325758231952 23.864631204019275 -0.07572132926809004 -0.1871611041419494 -19.24505454398635 -8.346297656344534 23.99392310897396 31.292528430658905 -165.53988074497397 0.0 31.29252843065887 -165.53988074497397 0.0 13.6126414469007 -3.465524493071023 14.429546448329472 -23.04147539682398 -4.695215889760932 -11.851010043655547 21.66286649825649 -143.06516075485743 -1.711131090361414e-15 21.66286649825651 -143.06516075485743 -0.0
43.27017366886139 -53.27018201351166 -0.00865645706653595 -0.0 -150.71280023719822 -1.1060419772890395 -8.89746601024403 -0.7938631710949433 5.119396471823552 -8.89746601024403 -0.7938631710949433 5.119396471823552 -8.89746601024403 -0.7938631710949433 5.119396471823552 -39.01235117509999 -19.28691105521702 29.07011735449222 13.208671242118937 -171.1141758665138 -41.18708374052993 7.612175582207125 -108.33427526410696 -6.891795036588334 31.65975862577285 9.936924898670798 -161.54205328342871 24.881707005767336 -60.50618560716332 103.38661707964648 1.878216860909562 -161.39684388191804 83.65177606782113 7.612175582207123 -108.33427526410696 -6.891795036588334 29.66381914423855 -3.4203056769470512 -173.11415903937146 2.5293128027305682 -79.63748628245285 -90.46234516412169 -0.2487735713544926 -166.98029459424836 -76.61297707920605 25.742107349249824 -2.704320461867192 -6.2067795117140685 -18.162465437414728 -9.053217665907063 27.074553385572624 30.52569344492626 -162.41981701348016 -1.8461511682007984e-15 30.5256934449263 -162.41981701348016 0.0 13.675526963015205 -3.2703668776623807 13.587169262836348 -25.953142163946605 -5.416734207026053 -12.225297072114822 18.46746684635091 -142.10229632796015 1.6766169587699937e-15 18.467466846350945 -142.10229632796015 -0.0
43.20845901966095 -53.65305840969086 -0.006935000419616699 -0.0 -125.07552296225126 -2.4119167198018006 -4.776182980967993 -0.5779951452908768 6.908312327497043 -4.776182980967993 -0.5779951452908768 6.908312327497043 -4.776182980967993 -0.5779951452908768 6.908312327497043 -29.589475474731717 -15.634745579464063 29.543081010121487 19.547863645191562 -166.87931632572833 -49.45426839460468 7.985542492995362 -107.04923266382228 -2.588543852989977 36.204402718104085 15.69172161687224 -154.56345768857207 38.24072042251271 -54.16492184095398 114.08412852315075 18.0028266028925 -162.27710328639694 59.55264658386637 7.985542492995362 -107.04923266382227 -2.5885438529899774 -0.16717535235358694 0.016588879794679448 -174.33305936475858 43.26410739085399 -52.615256286365565 -117.64149798926643 21.452796341095002 -162.40804406801854 -78.11623375623566 27.586600652074807 -4.727570664796763 -10.125272692824026 -12.297979407265252 -5.716857666496153 25.17404103748774 26.978046129818335 -158.940034753256 0.0 26.978046129818296 -158.94003475325596 0.0 18.54103070963796 -4.182048889504116 12.950055928225868 -19.52992264325609 -4.256551565222494 -12.55152836313906 12.267570663453228 -136.74423161023586 -0.0 12.26757066345316 -136.74423161023583 -8.137191390044933e-16
43.25427711009979 -53.96597683429718 -0.0077217817306518555 -0.0 -123.93321925193808 -4.113327483436847 -5.968945469575552 -0.9547751133836874 9.104891962600924 -5.968945469575552 -0.9547751133836874 9.104891962600924 -5.968945469575552 -0.9547751133836874 9.104891962600924 -22.827773353424863 -12.434646541171098 29.611716849117137 24.11602399952665 -164.92639991240966 -51.43598578599487 10.514745362558216 -109.00896970234704 -2.784624371822463 35.890729578535435 19.854400975212034 -148.36902562172256 47.34119025959661 -40.30768732384509 130.92268358089166 19.060349639296753 -161.02785688499122 62.628859589698465 10.514745362558216 -109.00896970234704 -2.784624371822465 2.9976895814735127 -0.3199902529568397 -173.904176079342 46.64452357511954 -27.43300680608532 -144.4770014800236 34.29598798628093 -164.68940344463763 -85.71476805757045 29.082526069679094 -7.805247516200032 -15.748980778888805 -9.492691514036036 -4.065396874043075 23.31386864989018 25.98014028869008 -157.7014303480841 0.0 25.980140288690063 -157.70143034808407 0.0 22.139183841956246 -5.384630203540356 14.042358136428552 -14.280639201696934 -3.22309662519495 -12.859767288653886 10.29269848355323 -136.4289808422776 8.081434639327384e-16 10.292698483553162 -136.4289808422776 -8.081434639327382e-16
43.4082493185997 -54.37866151332855 -0.008858740329742432 -0.0 -147.7423526148958 -3.9205876449873798 -16.873477815452667 -3.4676885242719147 11.792107115816188 -16.873477815452667 -3.4676885242719147 11.792107115816188 -16.873477815452667 -3.4676885242719147 11.792107115816188 -20.04166755537937 -11.426946446773664 30.53190013453454 33.431647532968256 -157.65739422664984 -49.498512304996275 16.92270700431009 -112.2642412248186 -11.720246172637172 40.196270215092554 29.93637722680558 -138.2587958242968 51.86574274407444 -37.18812848493407 136.03255107629377 17.3081289235199 -160.8434454062631 55.21455507480837 16.92270700431009 -112.2642412248186 -11.720246172637172 -4.8563135017109555 0.7941913924510966 -170.700664121085 44.87469052013234 -16.818315244455164 -156.8093424479511 32.43012530830279 -167.69876499947625 -80.15251790275374 26.39665338854583 -8.74468500625254 -19.084939971369245 -10.82812400004426 -3.76204461876593 19.29069237366883 20.094735692036263 -155.7708579669311 0.0 20.094735692036302 -155.7708579669311 8.46679593449211e-16 22.051596373025344 -5.690912485417695 14.865198880214328 -12.35602050281127 -2.7127806505766086 -12.485427622003177 6.55472457558131 -133.91655166694986 4.001852342535296e-16 6.554724575581276 -133.91655166694983 -0.0
43.636779487133026 -55.04719614982605 -0.009629875421524048 -0.0 -150.90554692591175 -3.74830310837214 -22.390950552936527 -5.7732015776565015 14.864545759985452 -22.390950552936527 -5.7732015776565015 14.864545759985452 -22.390950552936527 -5.7732015776565015 14.864545759985452 -23.225507331762536 -13.868654642859283 32.049771935476784 27.845351800080874 -161.4764481722073 -50.155992124965245 22.14190919014468 -115.03737310349972 -15.243665632502964 37.91158229432921 36.03531765118212 -130.1849459606652 53.94016853655961 -36.16344619998973 137.88197261426785 16.54195678856299 -164.6076237887152 56.1744645709261 22.14190919014468 -115.03737310349972 -15.243665632502964 -4.020736783398851 0.6794134988516439 -170.40073976166693 43.9058942905317 -16.432667229032397 -156.95992777064296 29.432340465862865 -168.19775094401137 -76.90254489781088 30.56895627543459 -12.516855683058095 -23.582248689423928 -10.454087756043869 -2.8632374418505058 15.41044079893987 16.245595473230132 -157.26927549268203 8.282078822715092e-16 16.24559547323018 -157.269275492682 8.282078822715096e-16 16.13264173454909 -4.516068039148606 15.868110527750256 -19.666232484981496 -4.352739082005792 -12.744300980083493 6.251583975404305 -134.40460617553464 3.999476928680336e-16 6.251583975404372 -134.40460617553464 -0.0
43.75433921813965 -55.40836453437805 -0.009560957551002502 -0.0 -157.2018034388065 -3.932472488236443 -31.2606394174547 -9.753886188984575 18.327952829629304 -31.2606394174547 -9.753886188984575 18.327952829629304 -31.2606394174547 -9.753886188984575 18.327952829629304 -28.870032731878254 -18.677533650558743 34.9973758552548 26.20695854671012 -163.13651280802438 -50.715945944055576 27.779331412811114 -114.20754672488908 -23.486278869746748 32.72983749595019 40.130781519090746 -122.67516510768424 50.95694916644734 -32.060077999038846 141.11643381343833 15.978919882413628 -162.8135080997492 63.132009881352154 27.77933141281111 -114.20754672488907 -23.486278869746748 -8.219674337643589 1.4359837530747175 -170.0549531840106 40.93627040566996 -17.94505611731347 -153.69786684967664 29.31297363354296 -167.73921560822856 -71.71254999350992 28.192421953775998 -11.94811821450293 -24.12831942340227 -27.029531316409845 -4.982423676802686 10.859432242423303 14.877012714218491 -147.21648074097328 0.0 14.877012714218443 -147.21648074097328 0.0 17.307935387459118 -5.009283372635304 16.416096639400344 -19.188868751605476 -3.689960178619184 -11.101018265727529 5.46611634159357 -138.34377069682975 -3.9938545840206106e-16 5.46611634159357 -138.34377069682975 3.9938545840206106e-16
43.91598105430603 -55.68791627883911 -0.00930875539779663 -0.0 -151.17833639379006 -2.5671157662165336 -27.333170760408088 -9.440793381081628 19.907223929217928 -27.333170760408088 -9.440793381081628 19.907223929217928 -27.333170760408088 -9.440793381081628 19.907223929217928 -26.243238713597076 -17.98071263123448 36.277436070856716 28.718010329204123 -161.51287050188253 -51.89341053037125 26.67479328768129 -110.92481047380622 -20.81136075273617 31.3399102967636 47.982800175438705 -115.10758627612883 52.87066983828421 -35.96335266500221 137.69601897910806 13.710463577119075 -158.46765840550438 60.11769386227673 26.67479328768129 -110.92481047380622 -20.81136075273617 -0.9934607101582456 0.18211498466534295 -169.61168564435434 38.348480240200246 -20.388059740876667 -149.07742600247317 32.50372063743355 -169.20566116185907 -72.94940008996902 27.403000273145636 -11.624538330205992 -24.083273210863325 -28.415505881935925 -4.97228631002422 10.360883342920667 10.744093882668833 -146.62642062357145 0.0 10.744093882668896 -146.62642062357148 8.093264712536342e-16 16.344735635897205 -4.987213369587219 17.228046979626587 -22.976346377213666 -4.335117212783624 -10.990130077779439 6.191053745703191 -134.94140550563756 -0.0 6.191053745703152 -134.94140550563756 -0.0
44.20357644557953 -55.513060092926025 -0.008550286293029785 -0.0 -133.8039130289927 -1.5233314873646175 -17.128386548684414 -6.493264649475866 21.129305854907592 -17.128386548684414 -6.493264649475866 21.129305854907592 -17.128386548684414 -6.493264649475866 21.129305854907592 -24.13353792721204 -17.083363560922443 36.93028188060376 41.2294519412679 -149.1551930738934 -46.51414939008313 23.47532023561137 -102.47379875861387 -13.63054794331649 25.86060049964125 48.134632312967774 -111.349985217053 46.74320913059278 -38.801675973899336 132.16888355439582 10.91668137645574 -153.698716836701 43.84738035000229 23.475320235611374 -102.47379875861387 -13.630547943316492 -9.081898931387155 2.0013410304521613 -167.51710543992778 38.84916229263814 -22.836481593631806 -146.12509974495077 38.587529257342005 -164.50207867696216 -71.85509821585472 23.289102655702244 -9.323830530235542 -22.551367278731544 -24.2488277504706 -4.826826345922508 11.61863717356696 8.622500560364696 -143.5008290315846 0.0 8.622500560364758 -143.5008290315846 0.0 11.948817002044319 -3.406826119787864 16.041766898049318 -17.198829349746827 -2.3651267409474315 -7.951805491880695 6.76278654889295 -130.9676859233113 4.003549239872147e-16 6.762786548893034 -130.96768592331134 -0.0
44.267502427101135 -55.124086141586304 -0.010854378342628479 -0.0 -108.83877752686207 1.4093607621797806 -6.7864745054381075 -2.7766646900011347 22.314544333075215 -6.7864745054381075 -2.7766646900011347 22.314544333075215 -6.7864745054381075 -2.7766646900011347 22.314544333075215 -2.44829114353283 -1.410771360662143 29.964260279119582 55.1939693362112 -120.49638157414613 -24.962997238694225 22.67789257144081 -95.12742741881489 -5.37387963730465 41.13543194379493 45.29641718536396 -123.06692307008034 43.452098792848254 -47.63481220966921 122.09734597754193 6.953030371144482 -155.91224951255145 69.23373555536287 22.67789257144081 -95.12742741881489 -5.37387963730465 -12.653623949981888 3.391251695895367 -164.8630117818649 38.698190125239066 -25.38326765283288 -142.80518743155096 35.42351876567887 -160.0886658883533 -23.638893819735813 18.52922459994522 -6.495989824927834 -19.712786299211963 -2.0056497821611665 -0.3374378588615579 9.5522358203723 8.901310312021042 -144.0234347805263 -8.0483180107680655e-16 8.90131031202098 -144.0234347805263 -8.048318010768064e-16 6.403231368826464 -1.6460799144514697 14.449475093299723 -14.2457033720017 -1.4407538240191662 -5.835774242237757 13.21945740680641 -127.33181756344183 -0.0 13.219457406806363 -127.3318175634418 8.167823407953854e-16
44.774626195430756 -54.00601625442505 -0.004060566425323486 -0.0 -108.16684305768784 5.516524383780375 -6.955354168696777 -3.1229920083396485 24.254252401752815 -6.955354168696777 -3.1229920083396485 24.254252401752815 -6.955354168696777 -3.1229920083396485 24.254252401752815 -17.82019273619206 -12.85458865979646 36.71061524334817 58.88580850893024 -106.82625311338981 -13.735205617380402 24.294480212906215 -91.99242100259745 -6.805001626578873 -4.045196912156608 -2.0091904087456207 -153.558741485038 -40.03344589862567 54.48794438305289 114.65602526950234 9.646696524874423 -72.85206342145717 68.82199249326673 24.294480212906215 -91.99242100259745 -6.805001626578873 21.08881209073249 1.4894682356895768 175.86670892685734 48.32608926584549 -66.51461610175221 -107.98097608255593 5.61176051363288 -158.04423523679543 -57.003056425867825 7.3424725481001225 -2.4266981286569593 -18.345838220427726 -0.2920929967072884 -0.04657916100206223 9.060532336076887 3.2509037853418024 -138.57287940903703 -1.991050722204693e-16 3.25090378534174 -138.57287940903703 -1.991050722204693e-16 -0.9297579853050226 0.20575057739441086 12.478741675983363 -16.543231346445367 -0.8653639175303721 -3.0365357841127794 7.845642455361506 -122.8207630997829 -0.0 7.8456424553615935 -122.8207630997829 -8.026519634274123e-16
44.965822994709015 -52.7331680059433 -0.003882497549057007 -0.0 -101.77506609454122 5.4147852050074885 -4.61727623621437 -2.1998935044653054 25.510426188929554 -4.61727623621437 -2.1998935044653054 25.510426188929554 -4.61727623621437 -2.1998935044653054 25.510426188929554 -16.489839634744065 -14.061472714060907 41.425499739038834 47.787688897445435 -40.160751932121286 42.06931145025003 25.221515278795227 -87.74007844369449 -6.080209857208276 -7.846045167974304 -4.160912861338694 -151.94604126563166 -35.04353848946063 52.91327728472168 113.46344518844106 35.946248523927146 -52.71447876080945 65.13916284165532 25.221515278795227 -87.74007844369449 -6.080209857208276 -46.3954250588062 -13.334818236986955 161.87470582945625 -20.828650552927908 26.896444782007492 -125.02980944023204 55.43546542599816 -92.60390124059684 0.07855513791442047 5.561738647430644 -1.6760944335665129 -16.800195280873265 8.196786590014899 1.4360243464504079 9.97234921758347 5.478550209579564 -128.96301292881233 -3.993937617585321e-16 5.478550209579564 -128.96301292881233 0.0 -11.267322993210675 2.2835777414521248 11.5352401871524 -20.906693741412028 -0.43342346554644645 -1.214432670734358 0.3055349406394643 -93.93219732112826 -0.0 0.3055349406393653 -93.93219732112829 -3.1060545937093014e-18
44.908709824085236 -52.33259201049805 -0.005458667874336243 -0.0 -109.69308146434425 6.922979790979882 -7.772076199485908 -3.6354725357284257 25.16550222646014 -7.772076199485908 -3.6354725357284257 25.16550222646014 -7.772076199485908 -3.6354725357284257 25.16550222646014 -16.269938397186227 -20.586569299208517 53.281013203540375 41.90889710367615 -28.135131777958403 52.418874993204504 23.86672637698811 -83.41534722036334 -11.297558161777344 -17.840762105496147 -7.264079989721197 -157.41033132393977 -28.198802402949802 66.08168080179317 101.83663544872164 25.245260664284192 -40.68700623856232 71.55644805956514 23.86672637698811 -83.41534722036334 -11.297558161777344 -39.87293496787126 -12.606504203690745 160.76848162636506 -13.238070183578591 27.149065231510903 -114.06350270272745 34.39413334149575 -81.76998071182166 -5.532180773900673 6.774118830286276 -1.8963463932541105 -15.679202252447725 9.769484255406738 1.8298609345194663 10.66273589613049 3.608004053426307 -129.41607192417916 0.0 3.6080040534263857 -129.4160719241792 0.0 -27.935307943329157 5.478424067553488 11.570073878768486 -37.29091571754226 -1.1626628420399674 -1.918567747671947 -12.359953649486638 -81.2372993448326 -0.0 -12.359953649486686 -81.23729934483259 -0.0
44.76383328437805 -52.01302468776703 -0.006154552102088928 -0.0 -114.66899160634239 8.634269160499475 -9.58119712161624 -4.25776677424698 24.098457876256195 -9.58119712161624 -4.25776677424698 24.098457876256195 -9.58119712161624 -4.25776677424698 24.098457876256195 -13.611622781443206 -16.13512266575677 50.8723316002238 31.367256794022556 -18.081094473617668 58.951168761401824 21.286626569458623 -78.27727034160824 -14.979759842093891 -18.565100994949315 -8.485582644455016 -154.89221564958262 -24.810566971450186 67.39392988072696 99.9108398191408 17.511493134928802 -35.92554631237846 70.20628467302107 21.286626569458626 -78.27727034160826 -14.979759842093891 -35.57003895551536 -14.977982492037528 155.30111251096318 -19.102458354922156 21.66137133502061 -129.48786614169367 34.044649211025614 -91.61557161450986 -2.533083265433637 -3.194558559932635 0.8038529944856091 -14.13213065193731 -1.0981701980823644 -0.21427024655797264 11.041304736982253 2.310276124317987 -128.63165177137788 1.9894637492164143e-16 2.310276124317901 -128.63165177137785 0.0 -34.37810965898088 5.434787697648665 9.564163145648674 -41.8494507878454 -0.4135918259088264 -0.6199010497918093 -18.842983496431927 -84.95217371734769 -2.1004136646947253e-16 -18.842983496432037 -84.95217371734775 -0.0
44.61430609226227 -51.47627890110016 -0.008781254291534424 -0.0 -90.47773316098112 9.096498322655904 -0.16785108522414866 -0.06891414956567468 22.321483362396577 -0.16785108522414866 -0.06891414956567468 22.321483362396577 -0.16785108522414866 -0.06891414956567468 22.321483362396577 3.382079160151545 3.463074129750514 45.72945669490583 21.745012719724823 -12.321619020603748 60.36791225852042 20.664935289842735 -67.20364240216554 -8.631299044922518 -22.553423609844714 -9.61942746893302 -156.15964878571685 -25.299074169518867 69.03492501699802 99.29925353088143 -0.26896129738335117 -27.67486465075335 77.7366439440975 20.664935289842735 -67.20364240216554 -8.631299044922518 -22.57357452015234 -18.001272789758687 139.75219565673422 -27.127906009568342 18.68454502378177 -143.43717127359105 37.100408459467175 -67.93425885829414 -32.82284307299409 -5.5006073277478436 1.2451674267655288 -12.775940979104341 -6.209516468081884 -1.2634933091979121 11.52511626086501 8.27762025140358 -112.3084165820049 -4.0175477660864964e-16 8.277620251403686 -112.30841658200491 0.0 -18.56064612698819 2.3262487530251197 7.272866690639388 -28.470292275558467 -1.8295870123999973 -3.8335757489115365 -28.948056180137023 -105.68683555755081 9.086687721595717e-16 -28.948056180137193 -105.68683555755078 -0.0
43.734852969646454 -51.22307687997818 -0.006424263119697571 -0.0 -74.6307074152843 9.43089340198287 5.0761355221199524 1.8673955289953255 20.228316300902396 5.0761355221199524 1.8673955289953255 20.228316300902396 5.0761355221199524 1.8673955289953255 20.228316300902396 7.757926501894154 5.306698822515545 34.53182291782537 13.190575858768517 -6.827017296338537 60.61091441203752 20.348618002209548 -61.746227345247945 -4.547845073779343 -27.730701489772763 -10.305293133028716 -158.65651609536937 -17.846185650799885 77.54800837712708 93.87140548446912 -11.139466532115827 -18.89804645585551 80.87016735914547 20.348618002209548 -61.746227345247945 -4.547845073779342 -39.05643345032541 -30.305527593384625 137.15027053310877 -28.40026407699447 75.73240307104997 -96.89640883372374 7.556731319326224 -30.468681283687285 12.810052069870133 0.15946578873076672 -0.026299422521088484 -9.365048937410846 -1.444878995575912 -0.2854991644608261 11.178555135862538 11.510548078792404 -113.5834109329639 8.114587410322961e-16 11.510548078792363 -113.58341093296391 0.0 -14.380752258697814 1.3339350673725539 5.356189855312546 -18.66608967040197 -1.7174914526564409 -5.352268048388851 -14.156083281484493 -82.76167900583457 -0.0 -14.156083281484396 -82.76167900583462 -0.0
43.09377670288086 -51.05551928281784 -0.006327405571937561 -0.0 -60.692255352901235 12.080766948004564 9.273264327988764 3.0075635375752534 18.058357009735612 9.273264327988764 3.0075635375752534 18.058357009735612 9.273264327988764 3.0075635375752534 18.058357009735612 34.38084485430738 22.815645910983964 36.68531278248863 6.200581571401125 -3.50805304684927 64.87151359774865 18.293633492400208 -34.47341951332041 -8.787216496570956 41.80316658957913 10.119893589298897 -165.00982458054494 -51.94830685152025 3.265449460967611 -4.144093775687948 -51.7402101844653 -149.30189663052775 73.58672026025428 18.293633492400208 -34.47341951332041 -8.787216496570956 1.0761051790591851 -3.808785373950359 74.24626762377333 -50.625325406507976 -49.327793844305646 123.59389533803683 50.863506768749545 169.74403110522982 -120.85943801587993 -11.242297266514887 1.281124852891545 -6.543764576302115 -2.4198773567183838 -0.46601877112037793 10.903942697516081 9.989932124424985 -109.76024819580425 0.0 9.989932124425042 -109.76024819580427 0.0 -13.934453574661811 0.9913517447555068 4.110055424158854 -9.827590608669881 -0.7502941612738564 -4.387463744575615 -34.98971454166642 -108.6138664883107 -3.882252405130091e-15 -34.98971454166635 -108.61386648831066 -0.0
42.57775992155075 -51.13019049167633 -0.002964586019515991 -0.0 -79.85012487434551 12.885829041891128 2.657447029317923 0.7434323222298063 15.635358778601294 2.657447029317923 0.7434323222298063 15.635358778601294 2.657447029317923 0.7434323222298063 15.635358778601294 30.688711972615476 12.69776316876958 23.820406894475518 3.6494515474368097 -1.0009029880612181 51.813370262121865 6.508292813890481 -13.535357231303509 -14.487919402367217 -33.762669684605065 -6.000639010514663 -169.2895795757125 68.1065680140123 -34.47957574493137 -36.506459114344096 -56.93012216432737 37.43792170277532 63.35364085059771 6.508292813890477 -13.53535723130349 -14.48791940236722 -1.9317284488477535 4.769408466605279 68.00068781426336 -28.82990330285701 -42.14225878518584 118.0523866721353 71.04598283544293 71.16927921938695 19.65633740663823 -9.181566395238839 0.7022355233627908 -4.392570264760395 -2.8889767226421252 -0.5622124196472915 11.01736241835026 16.029110884023115 -104.98866263044661 0.0 16.029110884023027 -104.98866263044663 0.0 -15.870924549616154 0.9066519566857645 3.3119309808028414 -14.330653840010568 -1.088129922108222 -4.388104160249517 -13.694644770786473 -120.7894097424282 -8.184048968094998e-16 -13.694644770786669 -120.78940974242815 8.184048968095005e-16
42.11900979280472 -51.12154632806778 0.001348927617073059 -0.0 -46.239275092421465 19.739161951133426 12.881779520439098 3.3398125546743542 14.668637970796267 12.881779520439098 3.3398125546743542 14.668637970796267 12.881779520439098 3.3398125546743542 14.668637970796267 30.855089540852966 3.417196664542736 6.640922141984939 1.3879356857484053 4.828857062525446 23.829834563980754 3.0266859221885785 35.138983961542564 -19.200009930816964 -45.473208640766295 -6.357859897348907 -171.1170551108364 65.0175997595205 -50.89715602473821 -53.62031142091988 -34.73751921844237 32.512388738370596 68.66885558717733 3.0266859221885745 35.138983961542564 -19.200009930816964 9.342456102837106 -25.629390154341365 71.305526849187 -36.271073472966414 -70.58480095368158 101.77820139316262 50.462863617997634 13.87252625287288 -29.417785585636846 -20.22783671523528 0.7536309686385767 -2.178748099320297 0.8442847827899642 0.13723191493907347 9.232588209976726 17.229854977188115 -102.75265767400201 -4.1624885706024926e-16 17.229854977188076 -102.75265767400204 4.162488570602492e-16 -10.934846313612232 0.4919148888153776 2.5915160695307344 -14.187601713398038 -0.9659385028763949 -3.93521004206061 -44.179402266182045 -137.38125753970436 -2.217461514588963e-15 -44.17940226618207 -137.38125753970445 -2.217461514588964e-15
41.645705699920654 -51.2416273355484 -0.0030918046832084656 -0.0 -73.06220441730184 147.93056656541094 3.6205064096936344 0.7889959480276328 12.302615228647378 3.6205064096936344 0.7889959480276328 12.302615228647378 3.6205064096936344 0.7889959480276328 12.302615228647378 25.40479842811613 -1.9289645227199312 -4.488800870980267 0.6231964678960507 10.803054621629395 6.139772824022059 -8.437174663549758 57.631377937695774 -9.682680813797331 -48.568534750455605 -1.3332635925114629 -178.22196712920896 41.749066116311795 -74.72666807789545 -79.69459763167812 -19.903300894775224 47.04015383263944 44.525996924148075 -8.437174663549758 57.631377937695774 -9.682680813797331 12.817213228870427 -35.27964027091354 72.5909692330559 -49.04167981295116 -72.24662832405231 103.5924586891601 48.34605963587954 8.964299750974115 10.152053958161748 -32.042932899375245 -0.0037318617209931774 0.00703388846701153 -9.126225405137156 -1.113046413191824 6.983596714874373 21.067463826858315 -89.67722563285402 0.0 21.06746382685859 -89.67722563285409 1.3313977063995664e-17 -13.413135716263337 0.3091880992931679 1.3326469803597274 -8.835501106664477 -0.3969550731527578 -2.582665218571569 -35.1616777991439 178.13398516187993 -1.2157633604609872e-16 -35.16167779914372 178.13398516187993 1.2157633604609848e-16
41.268765926361084 -51.479655504226685 -0.010319612920284271 -0.0 -129.5426540408624 169.4475398017579 -8.369130088909596 -1.5538371253424594 10.557123693612164 -8.369130088909596 -1.5538371253424594 10.557123693612164 -8.369130088909596 -1.5538371253424594 10.557123693612164 15.032696245243303 -1.0528518070539319 -4.052945979509431 3.283748621593052 25.378696259379556 -5.990718362533182 -13.181135365643808 61.97886477100101 2.6613345658764334 -49.583296773521155 2.7379452570534677 176.40580737039397 46.49144232373125 -63.769818774456795 -70.33552292307951 -41.625161330430444 54.33345286796675 39.56246667395594 -13.181135365643808 61.97886477100101 2.6613345658764334 0.2852347062936469 -46.15247629543225 89.72601845438415 -76.674428480469 -47.98894355574997 131.23462106389624 5.15166073644063 -12.437983926975368 33.43304057785693 -22.747557221813423 -0.3980876031692245 1.0294294352279807 -4.255946671540119 -0.28783818771919945 3.872718090879689 -1.6217611774796161 -143.87512694443876 0.0 -1.6217611774793494 -143.87512694443865 -9.94321625229692e-17 -8.634251097797023 -0.12865154230225165 -0.8568924274483356 -4.551598501596836 -0.05717517623573276 -0.7204441819566498 -15.895263194677907 136.1665822395464 -0.0 -15.895263194677767 136.16658223954636 1.653500666195897e-15
40.61543643474579 -51.69767737388611 -0.007861107587814331 -0.0 -136.9495139984319 172.3512931927687 -9.402473039405058 -1.5053075980626656 9.138026427362487 -9.402473039405058 -1.5053075980626656 9.138026427362487 -9.402473039405058 -1.5053075980626656 9.138026427362487 5.408941856029209 -0.5279033200971961 -5.582707031464017 10.70474072851506 50.469108208737126 -9.314725134208832 -11.679065374114085 70.24080912389161 5.936929412688821 -54.92884857797675 7.056420035053734 171.39952351224858 42.042748573307165 -65.75849734146699 -73.21923200801186 -35.07070285836271 45.91462326721939 42.58190625023021 -11.679065374114085 70.24080912389162 5.936929412688821 -21.080879873008172 -26.227666455873504 126.1327043578099 12.885059554234834 -86.85319739690777 89.29760459624548 -8.704551683768626 -52.31174527552417 0.837352523931429 -8.633184764223941 -0.282156719865034 1.8790328030975618 2.704056102779872 0.08061722295421955 1.7083134799376463 -10.781971203094665 155.04082381116103 8.094281828794457e-16 -10.781971203094512 155.0408238111609 0.0 -7.704661301678927 -0.5981443987122091 -4.4527160844430025 -2.0730206831267615 0.0261924522535058 0.7240471143762345 -5.218256818855382 135.18070398343477 -0.0 -5.218256818855378 135.18070398343477 -0.0
40.04415720701218 -51.55667960643768 -0.0142659991979599 -0.0 -121.50247166226342 174.78935551122686 -4.412415395431211 -0.5658114242356725 7.314640896209619 -4.412415395431211 -0.5658114242356725 7.314640896209619 -4.412415395431211 -0.5658114242356725 7.314640896209619 -4.843720421468553 0.3981186514971805 -4.7043868372849795 9.565952393120341 98.63855115849904 -1.2254849992793786 -8.097416683509547 77.07697896873839 2.7107730303420037 -57.66478283170449 17.187575701670347 159.8932756360009 24.645480377936128 -72.37963693088308 -82.45542251765163 -47.94291603252922 77.33379025987813 31.4040503961125 -8.097416683509547 77.07697896873839 2.7107730303420037 62.443332290959816 30.987030079232863 145.8862392619034 -47.95601723713052 73.40698749633825 77.52214000915015 -23.84500560422537 -162.3200819888655 -124.05970745888537 -0.5145147635469886 -0.01996693237876975 2.2224096414906755 1.4828972804328286 0.031994532970665526 1.2361423322576912 0.5858682310382874 163.44613422701784 0.0 0.5858682310382874 163.4461342270178 -2.4849382530603255e-17 4.114492715857429 0.6080126793387901 -8.41339589206059 3.934385519376433 -0.1405243638187345 2.0471737781638732 8.010273184774642 152.07112181571443 -4.014866002094199e-16 8.01027318477464 152.07112181571446 4.014866002094199e-16
39.86383676528931 -51.522719860076904 -0.014902278780937195 -0.0 -145.57476112911726 175.43856016212303 -9.000398481516454 -0.9972557641689613 6.349157882417562 -9.000398481516454 -0.9972557641689613 6.349157882417562 -9.000398481516454 -0.9972557641689613 6.349157882417562 -33.58871702169692 4.128613218970782 -7.433725641523366 2.250694420329894 168.08476450202483 -8.94988381872622 -6.81882910437622 86.45873723350087 8.651264479738503 -59.8581536610183 -23.419796166195397 -153.39486790474 19.227823204158515 -75.29320069785797 -85.05971137208408 -78.26317438932517 -45.31087882373213 148.97141148117407 -6.81882910437622 86.45873723350087 8.651264479738503 61.61341006970494 6.963278426092937 172.0963408583396 -53.26969003640119 -68.35014126365793 -72.3527147389222 -25.47490124669352 -167.1644692405144 -92.728826229927 6.723359451408381 0.207743187630372 1.7738763915164883 3.2239671872606546 0.04279359688053941 0.7608771829163951 -0.5319606327070243 152.49622210108865 4.9698308911442136e-17 -0.531960632707079 152.49622210108862 4.9698308911442136e-17 14.659745412407235 3.057905094990316 -11.919351800088508 19.236963651007567 -1.776083397298176 5.376523717491082 15.701401569366942 153.3377621528541 -0.0 15.701401569366931 153.3377621528541 -8.259592345454004e-16
39.594437181949615 -51.89208388328552 -0.013988465070724487 -0.0 -165.4759560728234 175.73160753362535 -19.658891047039333 -1.9122902523816772 5.66779172024186 -19.658891047039333 -1.9122902523816772 5.66779172024186 -19.658891047039333 -1.9122902523816772 5.66779172024186 -48.20924510022939 6.558221918958254 -8.765673696266427 2.443730817408484 172.69957589206894 -18.43130141143274 -5.606238674890785 89.24354131801898 19.675889682301243 -61.05336621632835 -23.49905264161318 -153.5787942984509 26.834699928069547 -76.47842922155989 -83.80448046173402 -60.0436400110245 117.95388584087796 -12.702096698546459 -5.606238674890785 89.24354131801898 19.675889682301243 59.20017655871231 -8.722622137806747 -169.87276686699784 -48.330388283549155 -70.8346199126222 -75.44597716063693 -18.638506028331953 -172.480949831414 -94.45396411514508 -11.526868609139658 -0.7617467329988448 3.806636413993797 -8.96458031880693 0.27389766857489883 -1.7572012478372792 -6.412210121843286 146.37702197188125 -8.001442593886054e-16 -6.41221012184329 146.37702197188125 -4.000721296943027e-16 16.236088436769638 3.7398296625397283 -13.158536644849175 13.035099271398195 -1.5159821830218965 6.692299006219653 13.451490977726118 154.071130587359 -8.175668034310346e-16 13.451490977726113 154.07113058735902 -8.175668034310346e-16
39.37263637781143 -52.13857293128967 -0.012237206101417542 -0.0 -167.88125029922546 -176.63118683036123 -23.137539297610353 -2.268053248581803 5.755592078757628 -23.137539297610353 -2.268053248581803 5.755592078757628 -23.137539297610353 -2.268053248581803 5.755592078757628 -50.301991138471855 11.33214105442029 -14.59886987132683 3.98411933332191 174.0917201155365 -14.297093589530249 -3.8277711635384444 93.39525028234408 23.512359163921076 -58.839758732522824 -60.59739510312441 -115.7446052228323 -24.224090829907556 -85.50622591337945 -91.84697479954684 3.164582948237597 33.279636900975966 3.5248275274339034 -3.8277711635384453 93.39525028234408 23.512359163921076 65.54123850816235 -23.697849588267083 -154.25676740950257 -38.37490804849128 -83.27764823294541 -85.81493716724245 -19.244530179965757 179.9304786998079 -77.16890931024791 -16.668429695406797 -1.4065249611549653 4.892699925791914 -12.453668935635632 0.6357966994640638 -2.945802067014003 -8.150738514458912 137.69052253842344 0.0 -8.150738514458869 137.69052253842338 0.0 18.11549719786366 4.78088856767313 -15.055356780467859 3.9157408463672003 -0.5870860645213181 8.533667235791683 19.34294555734834 147.60965672418357 1.6854139843429479e-15 19.342945557348227 147.60965672418357 -0.0
39.436160027980804 -51.32783651351929 -0.014846771955490112 -0.0 -171.28975270474783 -142.1234426329269 -33.36820565211688 -3.8586902106743377 6.991298413705257 -33.36820565211688 -3.8586902106743377 6.991298413705257 -33.36820565211688 -3.8586902106743377 6.991298413705257 -51.47210085575208 12.093694396060426 -15.317163156494805 4.447488867083534 175.13192272097908 -12.358299855185393 0.18465082530649057 98.98390613597863 34.00919175268353 -71.68584730614421 -41.27108257992141 -137.24806481472632 8.35273384875184 -78.9991843308247 -88.38244479695584 16.5206147513568 82.0511714898119 1.5279983813601308 0.18465082530648885 98.98390613597863 34.00919175268352 59.79664660731255 -21.769615235742666 -155.19896078159073 -22.110473917362263 -82.5311539138531 -87.17503288307572 -21.853852353474956 -171.7329868846254 -94.40619523335789 -4.102677689289344 -0.4361446838157781 6.073436487135653 -6.919859557954421 0.7894164391427689 -6.52427916338866 -4.428679556966312 159.4782742355495 3.9875994248880597e-16 -4.428679556966287 159.4782742355495 1.9937997124440299e-16 26.041841692587102 8.095721930443785 -17.952326803549848 0.6576065338668735 -0.14119202989411142 12.118057274398502 19.715261820483054 157.17691338358827 -0.0 19.715261820483143 157.1769133835883 8.446515354974478e-16
39.65492695569992 -50.845867395401 -0.015395134687423706 -0.0 -161.56592677185807 -153.78460789832735 -17.518713020427597 -1.925904988628354 6.373973748965166 -17.518713020427597 -1.925904988628354 6.373973748965166 -17.518713020427597 -1.925904988628354 6.373973748965166 -47.68501983765741 5.337817046771014 -7.201376141565035 12.997208179881381 172.9276629152504 0.15730635311985106 -2.224392795746991 101.80940496956286 18.4792490519376 -68.51806427690886 -54.36391535623707 -123.70658171514177 4.585471817191892 -76.09094484236843 -88.86580134272329 21.919943802211435 92.10391735471988 5.162894145416022 -2.224392795746992 101.80940496956286 18.4792490519376 53.0618603644286 -11.892717394385528 -165.2388604309254 9.190814024591097 -82.63561318931627 -91.18261405149713 -28.69917485302152 -163.33028818050727 -91.6052412529932 19.051089879794752 2.194883234634982 6.696916962215268 7.490120118776019 -1.1349727446010818 -8.641774909068168 -5.432805189965576 148.8712748940628 0.0 -5.432805189965577 148.8712748940628 3.993633075488578e-16 30.774993476199437 8.995248187200685 -17.19098106350555 14.724245148407144 -3.178306874766423 12.323985628755647 9.033797150482425 153.8310792718102 8.051255340189184e-16 9.033797150482512 153.8310792718102 -0.0
39.939042925834656 -51.28819942474365 -0.013112649321556091 -0.0 -39.56747762341089 -171.98602652638982 8.85075650561939 1.1679686309667543 7.5481323944066885 8.85075650561939 1.1679686309667543 7.5481323944066885 8.85075650561939 1.1679686309667543 7.5481323944066885 -52.71574140266784 3.9886833116036327 -5.008494273327839 9.72801788453836 178.02896069497726 -1.0187314074371914 -10.247151186584256 112.03740076982089 -5.493110311113914 -61.956434447357935 -63.50488833382375 -113.74706123134928 -4.395370270862944 -74.48584141697164 -91.21873361536183 36.35408667851045 79.23743872964899 -5.511056362310955 -10.247151186584258 112.03740076982089 -5.493110311113914 40.94380690215685 -7.190583283677603 -169.10270216155192 -15.746677250946444 -77.4358445613278 -86.53877215343437 -25.386926371781083 -163.88912169713004 -76.02548431411421 24.474333687514886 3.7711966879400505 9.040284653162429 -1.6589764175537247 0.3918862421070953 -13.292859729080973 1.213197001797216 149.59275866405824 0.0 1.2131970017971585 149.59275866405824 0.0 35.2424021358972 8.40659992831238 -14.365245552845597 14.110433371668522 -2.9234009779873524 11.830751552334132 23.81642670844059 155.93955447702632 -0.0 23.816426708440687 155.93955447702635 -0.0
39.954838156700134 -53.23416888713837 -0.011641904711723328 -0.0 -33.8046732328611 -175.01914779520192 11.464856957029955 1.6090924849020574 8.04423031514216 11.464856957029955 1.6090924849020574 8.04423031514216 11.464856957029955 1.6090924849020574 8.04423031514216 -57.18865554129572 -2.462713567619555 2.9294500871414884 11.154849511133564 -177.27131715801315 -8.065144833129988 -13.650911511336117 133.60050675361103 -3.0184748292384875 -53.63553929522124 -56.42033359847761 -118.12908393447756 -5.823000336636202 -77.22578016198202 -91.31769434762394 -9.607169545205238 148.92592085790284 -5.832919327664102 -13.650911511336115 133.60050675361103 -3.0184748292384906 15.53949857073642 -2.361791866678411 -171.24785851395606 13.37957384596949 -65.0060513255437 -96.15693604397471 -28.59275729551916 -167.26445448010023 -59.08460151265065 32.55059533749877 6.452671442971665 11.870962100132003 5.471005582037394 -1.5313628951039748 -15.663378080617623 16.085230553834045 153.69124760700208 8.27536210571736e-16 16.085230553833956 153.69124760700208 0.0 41.60087730656911 6.696612692472098 -10.028699979717357 14.386778611046442 -2.771632760645591 11.02553212047206 25.60554794654583 161.41282519845015 -0.0 25.60554794654575 161.41282519845015 -0.0
40.07377326488495 -54.267945885658264 -0.015270896255970001 -0.0 -36.23252058169989 -174.09783489104694 11.672843480885792 1.836327930991026 9.00444996793522 11.672843480885792 1.836327930991026 9.00444996793522 11.672843480885792 1.836327930991026 9.00444996793522 -55.11843835233826 -15.046491789440024 18.143653490135208 12.154887448709905 -175.8829003866233 -20.816488692075545 -14.499637784329778 153.54214806283193 2.469813163238714 -30.583984724151204 -31.830233578909052 -129.33961033972972 22.751481335358886 49.93859644150368 -108.0153516900673 14.78408586662665 171.824219050087 52.22044833835393 -14.499637784329778 153.54214806283193 2.4698131632387117 14.196848626738378 -2.311620255620144 -170.6532751180413 41.59782686732553 -61.512544031139605 -109.81302374971672 -13.073509939127856 -169.9010515629433 -55.38089142898619 27.234849010410503 4.700212762232317 10.185020353628012 -8.676473749428425 2.6958204645587927 -17.33448344418665 23.982158133788243 154.46903255417496 1.7405340400075304e-15 23.98215813378832 154.46903255417493 0.0 37.876593839943006 2.713960460832408 -4.414949074239885 7.7357953970890625 -1.2655288771361866 9.32021992386086 32.48471695857018 166.98406404021182 9.426270639280783e-16 32.484716958570175 166.98406404021182 -0.0
40.07752239704132 -55.85107505321503 -0.014442764222621918 -0.0 -65.5304160822142 -174.2158931751877 4.038485121402938 0.6435039865547377 9.061315805473233 4.038485121402938 0.6435039865547377 9.061315805473233 4.038485121402938 0.6435039865547377 9.061315805473233 -54.314921395603996 -30.328712646426688 35.76390814792395 15.276939692293805 -174.6195443732432 -29.23022897577658 -6.4089800685599405 164.47625374572428 7.579287866334503 -6.624234309956833 -6.593488151057133 -134.94257453869 47.077442192069825 54.93386416955094 -117.20339315412535 19.186976437717266 173.36749248389086 54.96581923674065 -6.4089800685599405 164.47625374572428 7.579287866334503 8.608545193118697 -1.133133160065252 -172.4723963261293 54.19121358684092 -40.586422590977406 -133.4296467493712 6.825618271355423 -168.9961924766106 -73.53648961188199 27.762492097488103 4.699264285534404 10.008065879159105 -13.114186985121163 4.16223157858229 -17.78294386720046 19.71452882001763 158.52622602139436 0.0 19.71452882001771 158.5262260213944 0.0 40.34006164350927 1.5642607158276653 -2.415675867059831 6.002078229591606 -0.6476090715430691 6.1696972349170185 27.629077914526775 170.8474391627332 -0.0 27.62907791452684 170.84743916273322 -0.0
39.96664732694626 -56.909799575805664 -0.013473210856318474 -0.0 -79.3402114876289 -168.9671078512536 1.6999378558820017 0.2751383275859505 9.195104992338358 1.6999378558820017 0.2751383275859505 9.195104992338358 1.6999378558820017 0.2751383275859505 9.195104992338358 -47.111900781774615 -31.157787307718536 39.52963224044216 14.432456296806246 -173.84155118197145 -39.911999125677575 1.8874049340728718 -157.79461637485468 9.158765709306447 41.683276557659156 46.47996906074011 -122.2730336165347 64.51359376523423 64.31865314653666 -113.4643254112541 15.31130379933842 177.88572780644986 38.02996928527996 1.8874049340728718 -157.79461637485468 9.158765709306447 17.443639003727156 -2.423984495994375 -171.96210573667452 59.06684250903392 -37.39694706467208 -138.29142643505884 22.45479793700404 -172.35938841389142 -81.48508696944701 29.21363115136527 4.195562523916991 8.547693091812437 -24.138083812113447 7.399978591505847 -17.619658975519446 30.109062121433606 162.08592354197785 -1.8383177092174913e-15 30.109062121433517 162.08592354197782 0.0 52.83877962923778 2.4646254543690618 -3.0915203418110844 -5.831848520856073 0.40144723067609595 3.944710796052393 26.79417754296755 173.1537970860219 -4.453901483120383e-16 26.79417754296762 173.1537970860219 4.453901483120387e-16
39.84503597021103 -57.77169466018677 -0.013402709737420082 -0.0 -142.3078381365722 -16.04127975910934 -12.506807945281123 -2.24875600687671 10.277853421009846 -12.506807945281123 -2.24875600687671 10.277853421009846 -12.506807945281123 -2.24875600687671 10.277853421009846 -51.89675911275655 -42.78961268254354 49.6326722499319 15.49306602970422 -175.06464494343513 -41.30183305392394 16.008403630117478 -149.70877901536795 2.0515697787387186 33.01212503993049 30.162240756401847 -133.1526666206584 70.39311564919201 37.40511987237694 -140.931414473012 15.661227684320588 176.23056527970178 58.41277136574092 16.008403630117474 -149.70877901536795 2.0515697787387284 14.288551995793828 -1.6722417789971948 -173.25387564296844 48.72604726604924 -14.916238256304384 -160.48373576987885 29.60312593356122 -174.29252445767136 -80.13783118975238 18.546315731225995 2.2439001945051658 7.022936600436392 -40.453408238640904 10.097075368218588 -15.347213970529172 22.081251214133975 165.84374609358747 8.580771792600081e-16 22.081251214133932 165.8437460935875 -8.58077179260008e-16 50.0455633276219 0.5225878981134994 -0.6817220937065758 -25.168084259993954 1.2243896280748026 2.8770701940907015 26.145588843814675 177.17547873527775 -2.2144336307847665e-16 26.145588843814597 177.17547873527775 -0.0
39.766448736190796 -58.16833972930908 -0.012715067714452744 -0.0 -158.15350650894172 -13.497987437370247 -24.94054704213142 -5.183518019505404 12.141205370580362 -24.94054704213142 -5.183518019505404 12.141205370580362 -24.94054704213142 -5.183518019505404 12.141205370580362 -44.1688992521412 -29.32168443461159 38.87231565392708 16.13940055382576 -172.6509152720496 -40.27804447951991 26.039197561705407 -178.78790256793215 9.386385110182704 36.13752675498299 28.36358519373211 -137.52678213993866 72.07315730631554 32.31449832336201 -146.38388042353165 15.07798125855291 -173.40018423778832 56.937637264827266 26.039197561705407 -178.78790256793215 9.386385110182697 -4.35448005512853 0.45403046468607366 -174.04160859704214 42.07907043536261 -10.372779041149546 -164.7231115068141 24.076761055464218 -176.06545020912364 -74.48354431763892 10.982219815514107 1.1793954662725583 6.167848950902635 -50.097973785246296 9.197341562393097 -11.918217707317963 21.442049402053073 167.27135136641317 -8.542641897944166e-16 21.442049402053154 167.27135136641314 8.54264189794417e-16 49.292916855227006 -1.2296545717654301 1.6219363406417369 -30.11262224619618 0.5198332467539247 1.0360563770669418 25.320129707512425 177.76443149105847 -1.0995550027079126e-16 25.32012970751239 177.76443149105845 -1.0995550027079125e-16
39.755840599536896 -58.23472440242767 -0.01249497290700674 -0.0 -159.6758235797978 -10.983428590201099 -28.198962797236042 -6.419772612641429 13.39354612310865 -28.198962797236042 -6.419772612641429 13.39354612310865 -28.198962797236042 -6.419772612641429 13.39354612310865 -44.00545127593508 -31.470010001671863 41.38129204446625 14.017906388086038 -172.7219019182696 -37.19171852992548 29.04241524919973 177.96952187131257 11.290185588535083 35.33508830185588 24.964430678683733 -141.16747152294403 73.97510757544497 16.459593256489818 -162.91303258950583 12.681424379780143 -171.9443908050837 62.745461202784654 29.04241524919973 177.96952187131257 11.290185588535083 -4.666142952196351 0.47686390934526296 -174.1582802387193 40.167228529730835 -9.287267077578429 -165.77389258924822 21.391123937784464 -178.09416762736225 -75.0209124132983 7.134903965115696 0.7309264404856174 5.864545817532859 -58.244593114509456 7.640114880636827 -8.964924964559724 25.335669480315513 167.29078184699495 0.0 25.335669480315605 167.29078184699495 0.0 40.401892346853586 -1.9258464774396211 2.969777288456826 -22.75784651486399 -0.18024191345157697 -0.46592858978935314 28.38528128646702 -179.73801017951635 1.4121908519902716e-17 28.385281286467084 -179.73801017951635 1.4121908519902722e-17
39.79237228631973 -58.39892029762268 -0.011559331323951483 -0.0 -160.97951091410422 -12.221206013130638 -30.644995804883333 -7.3346900092409815 14.172540895915722 -30.644995804883333 -7.3346900092409815 14.172540895915722 -30.644995804883333 -7.3346900092409815 14.172540895915722 -41.47302905047585 -29.201398140109173 40.16231616328957 16.33380552914133 -170.7027503494247 -38.152560434735044 32.183010705023364 -178.83945940010094 9.73835707492795 34.210165035242255 21.978555476084196 -144.32772522896036 72.43848247012758 2.8986716834469424 -176.95988693626094 11.47555260580015 -171.352028257287 62.009541564932874 32.183010705023364 -178.83945940010088 9.73835707492793 -4.263134653119859 0.4731587511892192 -173.66080718733568 42.90767243266842 -10.456365478969673 -164.83315551195528 22.555212467248506 -177.4147055015207 -69.21170103454966 4.29921367632029 0.4659521112343699 6.191515499760863 -58.05325291647207 4.435503347741337 -5.223166258418399 25.694964393993892 168.0856949153357 0.0 25.694964393993864 168.0856949153357 0.0 38.19455063091771 -2.030781660225298 3.282062776052692 -16.998316259812963 -0.18314790150228913 -0.6264588168671398 30.633147834709373 179.20606032225504 5.775619508535552e-17 30.633147834709323 179.20606032225507 5.775619508535549e-17
39.761459827423096 -58.67335498332977 -0.01141448738053441 -0.0 -159.7712949394814 -12.73855231425533 -28.666533942834125 -6.654114201752803 13.668452817332634 -28.666533942834125 -6.654114201752803 13.668452817332634 -28.666533942834125 -6.654114201752803 13.668452817332634 -39.44238456667556 -27.493453436589682 39.32338775844926 16.289676134045507 -169.680077341377 -38.063414845617814 29.858155836637504 179.70349781561805 10.558196758544197 34.101406255603784 21.089873117946826 -145.47679897917897 71.67586825597442 -0.6931391662850209 179.26984044910304 13.833080947136052 -171.49527192797268 62.360863416500614 29.858155836637504 179.70349781561805 10.558196758544197 -0.26242694925965915 0.03129395022976774 -173.19966770964953 42.9797711620637 -11.926909477971266 -162.78544441478576 27.183345560755466 -175.6403846961698 -72.72991183503143 2.4285707032017667 0.2779990918186014 6.532227967057178 -55.54543058976943 2.408595679645036 -2.920205220961874 23.971564065195363 164.53054663426883 -8.701954574610063e-16 23.9715640651954 164.53054663426886 8.701954574610065e-16 37.730806377823825 -1.890635615037541 3.08764375493379 -18.726851470389754 -0.12089110261852046 -0.3765362335158641 30.875727785878016 177.4083359358516 -0.0 30.87572778587809 177.40833593585162 -2.3160753636610137e-16
39.77441191673279 -58.481910824775696 -0.011589005589485168 -0.0 -163.00539523830562 -12.753829187852416 -33.474994703589374 -8.11385771318661 14.492343726224016 -33.474994703589374 -8.11385771318661 14.492343726224016 -33.474994703589374 -8.11385771318661 14.492343726224016 -43.645644005743506 -32.38753160000092 42.5840782333048 13.805950409293468 -171.80850032179106 -35.458306213193616 33.79032128727524 173.39671189553536 13.655653489197915 31.273622118663962 18.684402670604253 -146.91827013868982 70.16556872347402 -3.3803068423700102 176.40705903055695 14.685924285562452 -171.7718313517039 60.54699772080326 33.79032128727524 173.39671189553536 13.655653489197915 -2.9794239830317784 0.3845221503906145 -172.64271262095897 42.976099300923785 -13.972491867435831 -159.94791150479517 27.16592787152686 -172.80962590846698 -76.75075058371182 -2.334747003156115 -0.2606460251252868 6.371791520055389 -54.168149788932226 0.8515354568035394 -1.0502803922208248 20.457586727619137 164.68714038023117 0.0 20.457586727619173 164.6871403802312 0.0 33.2940305849272 -1.1785179936775332 2.146212776081877 -18.593210061885994 0.07230108042153989 0.2267568569334061 28.10270845181559 176.76788357458437 -0.0 28.10270845181553 176.7678835745844 -0.0
39.73138779401779 -58.20305049419403 -0.011516176164150238 -0.0 -161.97272968915993 -11.604114482468843 -32.02660486448473 -7.72621527112698 14.350323516401836 -32.02660486448473 -7.72621527112698 14.350323516401836 -32.02660486448473 -7.72621527112698 14.350323516401836 -44.72222330746911 -30.782272027221236 40.24997310453418 12.14912260408083 -171.54835772596104 -30.711924816171663 33.46787681942006 -179.81930977103005 10.068064496062345 29.587848660218956 17.130556726223887 -148.02586516889107 70.11745003409509 -3.2850520525095033 176.5072198022811 13.637168872745262 -172.05635019728467 62.2539772864155 33.46787681942006 -179.81930977103005 10.068064496062345 0.7086415600495084 -0.09388319366182835 -172.4530160008079 46.181168624522144 -18.712542529535565 -154.85217450055146 26.142642511718257 -173.82174258895552 -75.40058652432114 0.14226564137928044 0.015937568979544663 6.392020251653431 -53.24899669021663 -0.2686299187481782 0.3352649679456485 19.75981573708278 164.53184132375816 8.448872266066803e-16 19.759815737082736 164.53184132375816 0.0 30.189654296263335 -0.5870763231430485 1.1673449948439225 -21.570129835251336 0.23803192124055067 0.6474358118998866 28.009683914833296 176.4790335338574 2.2515779863615e-16 28.009683914833225 176.4790335338574 -0.0
39.721207320690155 -57.867828011512756 -0.01147858565673232 -0.0 -156.35446899644728 -16.510614179055427 -25.139528922195485 -5.82266118287432 13.498044647390577 -25.139528922195485 -5.82266118287432 13.498044647390577 -25.139528922195485 -5.82266118287432 13.498044647390577 -49.004156892194125 -33.47120821030701 41.21818184105614 12.67991983379128 -172.72641022521938 -29.654658069108514 27.793005141415893 -168.42839063960537 5.695816084975508 21.109067465766117 10.948342490284599 -151.75836804990604 68.66738271905083 -3.652987655053878 176.07912481918603 12.930067760029495 -171.9140906195245 65.53680531722635 27.793005141415897 -168.42839063960534 5.6958160849755 -5.849031004980524 0.6981624980644286 -173.1811040237257 51.59432755354361 -30.17072455364351 -143.43047237582172 32.442047172463276 -170.83734620954982 -77.76357573623666 0.6557882111743291 0.07439818981651238 6.472590708383218 -51.37487427773588 -1.062588058372257 1.3600187390193221 18.231944102501238 167.85989643919453 0.0 18.231944102501238 167.85989643919456 4.1858314330662444e-16 26.035936733995584 -0.18388368893876678 0.41892564612553695 -19.371073274784653 0.3438794331565676 1.0366647648823393 26.306500495710868 176.39804871136377 -0.0 26.306500495710864 176.39804871136377 -2.2174994423467919e-16
39.7613599896431 -57.256507873535156 -0.012125424109399319 -0.0 -132.64494904583827 -22.99230194661629 -10.966564622142917 -2.452870412644852 12.690046536981098 -10.966564622142917 -2.452870412644852 12.690046536981098 -10.966564622142917 -2.452870412644852 12.690046536981098 -43.61065874851605 -24.39722891401101 33.32772569338855 15.645544885326585 -172.73525749382418 -29.756429302592707 15.717226308672618 -153.05507219984048 5.755831959622586 33.11485668557617 17.156576554383065 -150.52949161127543 67.85878265682246 -4.9563671280116175 174.65124597880998 11.554787962992133 -171.42566414945395 68.1568626287428 15.717226308672625 -153.05507219984045 5.755831959622585 9.3428585347321 -1.4211552419599385 -171.31134117832414 56.40699359017874 -45.57948521548088 -129.2250148042892 26.501612362633626 -170.45704724233562 -76.45273717150013 13.411846060712575 1.5780548766368632 6.7734444647229095 -41.42692908400485 -0.530753204463128 0.8021192537336056 26.202075897631964 171.68673124923305 4.431013817954265e-16 26.20207589763196 171.68673124923305 0.0 24.439316002155383 -0.042241223326425784 0.10209862489746675 -19.864257255713053 0.4398748623546301 1.2943433076367457 27.17585659686254 176.90021404397768 -0.0 27.175856596862467 176.90021404397768 -0.0
39.78484123945236 -56.27028048038483 -0.011034146882593632 -0.0 -157.73595112121848 -17.762670194572706 -26.16455092819727 -5.957220323442972 13.3139158031267 -26.16455092819727 -5.957220323442972 13.3139158031267 -26.16455092819727 -5.957220323442972 13.3139158031267 -50.481930204455224 -28.18200861987284 34.78184010293543 12.599229713824476 -172.46890412195725 -17.026802413952254 29.01420126046994 -151.85013392889977 -2.8624772663538693 17.969156731156875 7.943798276401548 -155.6621606925613 64.9752501253323 -19.341936120855244 158.82451010808157 12.070576351199696 -169.9598689909493 69.15028981443317 29.014201260469946 -151.8501339288998 -2.8624772663538494 -2.413813698301506 0.3578603560913559 -171.5644636754294 54.71311018952033 -46.17980483742258 -128.0725594947516 17.472862228177043 -170.48426447753968 -67.73381821015369 11.979586064092297 1.4342658797859706 6.87823129262893 -39.19277850726516 -0.28427246864563704 0.4498413264066976 28.81618751024847 172.9549033746499 0.0 28.81618751024847 172.9549033746499 -4.537579366020291e-16 24.69615978822359 0.03937325546119112 -0.09423801746546487 -19.825447772339384 0.4935111854729325 1.4548397966405089 25.830480489447414 177.61272727474966 -0.0 25.830480489447414 177.6127272747497 -2.208504775856473e-16
39.81295824050903 -55.57546317577362 -0.010403385385870934 -0.0 -154.42928814780421 -15.973921813733739 -21.782070178616486 -4.571434243586426 12.159660880776082 -21.782070178616486 -4.571434243586426 12.159660880776082 -21.782070178616486 -4.571434243586426 12.159660880776082 -48.32459723886804 -21.585781932068105 27.909899324373807 15.462375539921359 -171.22554224484747 -22.380862296800714 24.626158661469322 -147.17054325364364 -3.038125121880488 6.915350670229667 2.5887440874555465 -159.41816663835337 55.868067783762655 -18.116511214828833 158.43346623520952 18.747124211828122 -168.2374704534942 67.2854851822635 24.626158661469322 -147.17054325364364 -3.038125121880488 2.621767651622328 -0.3823430737338462 -171.69983578547343 60.928368984554794 -44.27947894953908 -131.86911978856833 14.52735854733582 -173.474495963741 -74.89232486113265 14.692527607940265 1.813507069895602 7.115734163443357 -35.46972652553846 0.049744366347621076 -0.08572579771446674 30.05231160889707 174.91746003043582 -9.186316686303548e-16 30.052311608897014 174.91746003043582 0.0 27.33161851580112 0.13445558508751582 -0.2928403112150883 -19.56118819400079 0.4929375999496334 1.4719882148894523 25.407965816241756 177.66835414218178 2.2007088060356587e-16 25.40796581624169 177.66835414218178 -0.0
39.834560453891754 -54.34311926364899 -0.008981442078948021 -0.0 -157.4963002991374 -13.677974751092755 -24.04404291280165 -4.923938552180554 11.939084568303487 -24.04404291280165 -4.923938552180554 11.939084568303487 -24.04404291280165 -4.923938552180554 11.939084568303487 -48.556233829626215 -17.8222374716081 23.21366484563068 14.06466393899656 -172.24101019448668 -20.708339470985997 25.5544340141647 -139.53037889564925 -7.962669621058438 0.7330421132940941 0.22300753900184975 -163.07856939659612 47.59908776242034 -20.32519748825944 153.36119495624789 18.31587806275817 -165.818380864926 82.8042493568414 25.554434014164706 -139.53037889564925 -7.962669621058439 18.649811136438117 -2.327638957494756 -172.7560349638429 71.97355264424797 -44.01550592134903 -134.54280492842258 7.627469924142608 -177.5120776205009 -84.94036059478826 14.65663707008616 1.7840511474223684 7.017838861266766 -30.77440059205156 0.12064936067656297 -0.23579933008631898 31.165908176068694 175.45382914829744 -4.646280071329403e-16 31.165908176068662 175.45382914829744 0.0 25.25468286274008 0.07137256391875742 -0.1672884701263456 -17.733557883270702 0.407049539391695 1.336161024439763 26.12875658038569 178.03767992276227 -1.1070572138633178e-16 26.128756580385755 178.03767992276227 1.1070572138633186e-16
39.89015221595764 -54.3830931186676 -0.008783815428614616 -0.0 -156.5398842186327 -12.785954448856158 -21.855598094738433 -4.144676324402317 11.015274495325622 -21.855598094738433 -4.144676324402317 11.015274495325622 -21.855598094738433 -4.144676324402317 11.015274495325622 -48.43393171092954 -12.139330143541288 16.03955875832066 11.938245261383404 -172.0345161942677 -14.432308470152968 23.912323751587714 -144.95201231505672 -4.751194077270922 -2.2743155030790008 -0.5037495436194585 -167.50741447790412 38.5473739712534 -23.56766847392507 145.0077102911722 15.804373530447855 -159.75814601872904 85.09068235640105 23.912323751587717 -144.95201231505672 -4.7511940772709265 16.928123879348583 -2.1610111900835034 -172.61586097527328 72.27033751342636 38.380265806940784 140.25567487586648 4.231803829902455 178.48289893803232 -89.84347511129995 12.88607882812407 1.5667788406927166 6.992326093988364 -31.677943730545007 0.2586883213768788 -0.49259567237050517 30.27688678976926 175.91898287922524 0.0 30.276886789769247 175.91898287922524 0.0 20.022688814844273 -0.03590642091836226 0.10486916003229843 -22.535287140614024 0.4001786456714452 1.0440662698916405 25.446427903847592 178.58318754808454 -0.0 25.446427903847592 178.58318754808454 -0.0
39.94598239660263 -54.06779944896698 -0.00873706303536892 -0.0 -163.1519635797611 -16.883528612628744 -28.018089495579034 -5.075163536403069 10.705943178912662 -28.018089495579034 -5.075163536403069 10.705943178912662 -28.018089495579034 -5.075163536403069 10.705943178912662 -43.125535627467045 -7.14033685940798 10.384403852114566 9.312320562602636 -171.90075140993096 -6.794757005015895 29.25383459212541 -150.70628867655608 -6.15565067148966 4.775137694500585 0.5690113459719929 -173.19658542652095 40.58939790746272 -27.81009669566453 140.96849501557796 15.146443742545431 -162.04375483550174 77.2281977419022 29.25383459212541 -150.70628867655606 -6.1556506714896715 3.342295273557839 -0.29621159284353715 -174.93247875068883 58.679708253179406 42.467321630940354 133.02543859841523 7.0989969233757355 169.54913936614182 -115.42478014146324 10.78762874837625 1.264484802392178 6.725868956954599 -31.001096621307994 0.3620755969490549 -0.7029591287703688 37.46971266282815 176.21225975968952 -5.00922065842598e-16 37.469712662828215 176.21225975968952 0.0 18.830806387412366 -0.13597791264593234 0.4212713835302337 -20.842377327780575 0.24110409812015385 0.6776150716149858 26.105481191098946 179.18095854465383 -0.0 26.10548119109897 179.18095854465383 -0.0
40.015289187431335 -53.80754768848419 -0.008494360372424126 -0.0 -155.42000290814477 -14.477900876957644 -17.237686254602107 -2.5795794130067473 8.644593743615546 -17.237686254602107 -2.5795794130067473 8.644593743615546 -17.237686254602107 -2.5795794130067473 8.644593743615546 -36.817763807523065 -5.354389129880903 8.888918293424606 7.508043022375905 -172.51685642267358 -4.664535532274442 18.901719396836075 -144.5010170024622 -3.5759612802218212 14.775757459325705 0.6570606097200639 -177.42528366401737 44.527800349287986 -27.103257806302874 143.8768848991942 -13.593483312470994 -166.2202931688197 89.21370234594933 18.901719396836075 -144.5010170024622 -3.5759612802218212 24.821180554138017 -2.4698376520949483 -174.13340043648085 54.77746097567991 65.80178886397496 110.15853374417335 1.4886477110045226 167.98572654105195 -92.17185274229395 10.288762037439273 1.1828572750106687 6.59426851536484 -41.155495921964246 0.6263683821692078 -0.9517263771441431 31.14709101415179 177.3183038252453 -2.3226788023784093e-16 31.14709101415181 177.31830382524532 0.0 21.447121906102783 -0.1909848096344298 0.5223142364452711 -20.97613599304157 0.19837559633191765 0.5541391002045132 24.86175780395002 -179.6153756369782 -0.0 24.86175780394996 -179.6153756369782 -0.0
40.038175880908966 -53.39611768722534 -0.007653096690773964 -0.0 -152.44260083679413 -9.891405502597618 -13.029923394274354 -1.6261924569956523 7.17694308292473 -13.029923394274354 -1.6261924569956523 7.17694308292473 -13.029923394274354 -1.6261924569956523 7.17694308292473 -42.92460609052788 -6.921073630590358 10.106166343734749 9.066064695769063 -172.07634211651606 -11.638337839455081 14.652727524176438 -142.98640219292957 -2.41256931870302 5.064900661539925 0.1108832690187917 -178.7442173228347 33.36821945786397 -43.10554166828394 120.44052537812152 -24.153909160609732 -162.65326301902024 97.40282999519417 14.652727524176438 -142.98640219292963 -2.4125693187030075 31.74030553871715 -4.673932507898523 -171.16628579821378 5.634452002753472 85.00319836969928 90.49182802676441 -10.602890021423166 167.86524111482342 -83.50388838377094 9.884081801562859 1.1388757989449936 6.6061073866583815 -44.37630374936621 0.7667281993774298 -1.0962477997641293 17.15500813641954 176.7933314375591 0.0 17.15500813641961 176.79333143755906 2.080403246008123e-16 22.635146950555153 -0.23318290583568324 0.6058684910635501 -24.088279840348214 0.19960442352774616 0.48904435038396177 23.85941086331889 -177.10793900065713 -0.0 23.85941086331895 -177.10793900065713 -2.1736010244697082e-16
40.14861732721329 -53.37058901786804 -0.006642704829573631 -0.0 -147.72253997494502 -6.974206954376938 -9.334434277262668 -0.9887593219647562 6.073794674183787 -9.334434277262668 -0.9887593219647562 6.073794674183787 -9.334434277262668 -0.9887593219647562 6.073794674183787 -41.07490198121573 -6.514072532563013 9.858671832537363 8.607116868438187 -171.48214183811885 -13.483809997728065 10.876000520588578 -135.50445019547504 -2.3396501784345376 9.739191143904737 -0.017349054823864122 179.89744224329723 -7.251094244137121 -61.18906576366593 86.02888329789998 -27.278756477847672 -170.540845760981 131.12981830052317 10.876000520588578 -135.50445019547504 -2.3396501784345376 38.219310711003935 -7.866211105827358 -167.4114154715119 -45.95549608113848 79.4502571570895 82.37529944684506 -26.97480666174601 168.94133798312555 -85.16985437450889 6.740579118402845 0.7358644359623644 6.24489066905955 -43.9697733445262 0.672867169348208 -0.9691120479268522 13.091997163896595 176.01009252801953 1.020447193790738e-16 13.091997163896668 176.01009252801956 -1.0204471937907383e-16 32.88680129409249 -0.5172834274145345 0.9526112275945292 -25.80397941858727 0.1892713825989659 0.4348063584110108 22.805493780959615 -176.12483719927943 -2.156422899997637e-16 22.805493780959612 -176.12483719927943 -0.0
40.42493999004364 -53.51881980895996 -0.007224734872579575 -0.0 -149.0486204369762 -6.911308343371456 -8.720220021687494 -0.815446552490741 5.363236123772511 -8.720220021687494 -0.815446552490741 5.363236123772511 -8.720220021687494 -0.815446552490741 5.363236123772511 -41.78090109070008 -6.588224053281975 9.83410296749418 8.129870032380937 -172.45035421245615 -9.338119100395224 9.93312896002206 -135.14668402317483 -2.4447752562621283 21.057264530797568 -0.7694785945745248 177.85926817650332 -31.359805024815135 -59.17855106767274 72.75089370471098 -39.89545951266071 -164.43741172023118 101.02783973133674 9.933128960022064 -135.14668402317488 -2.4447752562621217 40.08454079426224 -11.134547790736859 -163.00380791824665 -65.22578469755686 67.36460730784904 69.26293080915302 -31.817474721162572 171.69233667520632 -84.62451119679841 2.974805088820005 0.2814442206605227 5.407084134193378 -44.89758981758112 0.7729746130372793 -1.095043418255228 17.3006404910462 175.41141905825927 -4.164087168898863e-16 17.30064049104623 175.41141905825927 2.0820435844494316e-16 20.9889579897697 -0.5374625174672762 1.5002049583740842 -28.410374511014634 0.15198370279296058 0.31943623804027965 22.770528345475334 -174.4767640282823 -0.0 22.770528345475363 -174.4767640282823 4.3117402131318764e-16
40.651772916316986 -53.561243414878845 -0.008266977965831757 -0.0 -78.9380875675639 -21.95936677302264 0.9662489138735876 0.08399553013343687 4.968441693057435 0.9662489138735876 0.08399553013343687 4.968441693057435 0.9662489138735876 0.08399553013343687 4.968441693057435 -38.87251431617535 -5.07731067284523 8.057871246764991 9.702927957737135 -172.51551785847073 -6.19266221892382 2.908416689433258 -133.93391144160393 4.143980950101116 23.64717088149063 -1.40464667969237 176.50169471726988 -39.698770370523846 -36.807381638254995 49.51569012363301 -44.65334597467654 -160.27082199269086 101.09919713738759 2.908416689433258 -133.9339114416039 4.143980950101114 39.43520024238861 -10.337663895799983 -163.9776812165065 -70.40348780329822 58.90857090322796 60.39885433615571 -50.00925816992677 169.99568277520856 -83.17551830535807 3.6050949587303593 0.3097336725015535 4.913812478490705 -40.38635818518431 0.6981348372583008 -1.077397049757943 23.607869839346627 174.85978663675016 0.0 23.607869839346584 174.85978663675016 -4.3388189543161323e-16 19.92871330122146 -0.7304639659280789 2.1421786037280035 -26.492479260605723 0.1523323754837792 0.34148765916415663 25.78279667426343 -172.57162551428223 -0.0 25.782796674263462 -172.57162551428223 -0.0
40.91324359178543 -53.468865156173706 -0.009022559970617294 -0.0 -53.58055653969385 -100.45464698798347 3.361101774170397 0.269582355885578 4.5883335138130406 3.361101774170397 0.269582355885578 4.5883335138130406 3.361101774170397 0.269582355885578 4.5883335138130406 -37.846296062042995 -3.0337272929923755 4.936956817334232 12.032179452077479 -169.77111065632945 -17.461373412642402 1.6472330050282602 -126.79143804323573 5.4424657933613005 21.879780886588325 -5.031772789929913 166.70665391563432 -31.444945302757237 -19.414039347289634 34.04180503149917 -46.57947211432968 -164.18796609480808 98.7659632808348 1.6472330050282602 -126.79143804323573 5.4424657933613005 33.698126930416265 -9.52718883150077 -163.16959871718765 -77.03610001359324 4.512721537563582 4.630245255738251 -40.339029356170045 169.77229430489677 -77.45071097956905 2.472533092199941 0.20021968945669252 4.631020362489147 -36.96381519751703 0.6331664809775291 -1.0529018657984446 25.968385415276778 175.1540062768187 -4.4221747137880267e-16 25.968385415276845 175.15400627681873 4.422174713788029e-16 17.984226286145113 -0.9531268547615813 3.084301113694923 -25.307655748811882 0.11395541289785761 0.2665741035071203 26.565720004760912 -172.7639979787594 -0.0 26.565720004760873 -172.76399797875942 -4.44498624020224e-16
41.15715026855469 -53.45712602138519 -0.008919835090637207 -0.0 -37.02069691127821 -163.15916552257266 4.420513054649796 0.2591068407507567 3.357879591120108 4.420513054649796 0.2591068407507567 3.357879591120108 4.420513054649796 0.2591068407507567 3.357879591120108 -26.37677130294244 -2.3157316883298225 5.20092665871732 8.471737127761388 -166.562232673464 -15.137972450355859 0.3167255035420697 -123.75894151974408 5.540207811061036 47.53627350654977 -6.713082663836364 170.93458584664234 -63.59688197847052 -31.270451623963627 34.13846355345831 -20.06270482782329 -170.9990378273191 91.07773730811397 0.3167255035420697 -123.75894151974408 5.540207811061036 35.32563269742408 -14.211368017283906 -156.34753832980354 -60.74099967705132 -68.95733276425364 -71.44639402085346 -28.192854028593366 -178.04847779528805 -67.28571178893637 4.895514735328362 0.3599526903911809 4.210379477728238 -39.990028989363026 0.7228341926607921 -1.1246788695578882 20.158486210412466 174.77043076383487 0.0 20.15848621041251 174.7704307638349 2.11756226598484e-16 16.781043795195192 -1.0154462814674907 3.513081912113319 -27.0939426615477 0.19739279264803683 0.43339437057998353 28.11552606376437 -172.88079192534798 -0.0 28.115526063764335 -172.88079192534798 4.50759293100705e-16
41.36984497308731 -53.42088341712952 -0.008997321128845215 -0.0 -82.28543030097154 -8.097416919762752 0.4290763854973718 0.023794228416962562 3.1740892330370745 0.4290763854973718 0.023794228416962562 3.1740892330370745 0.4290763854973718 0.023794228416962562 3.1740892330370745 -33.42636721091406 -2.188210821818796 3.9678956421192058 6.948773200005962 -167.8211204855518 -2.1235274324108833 2.2777565052299606 -126.98690982137731 2.252389640407249 47.0617498068543 -1.1800052480512333 178.38836264106592 -70.42206762995266 -17.071241230890994 18.052559640701205 -23.96015269655496 179.6680184288034 114.26403843906014 2.2777565052299598 -126.98690982137737 2.2523896404072503 33.16252664311276 -10.769881956696272 -160.82574884697834 -46.64486217937887 -70.52055921145623 -75.57667025593898 -23.467927275498162 -171.5837710916006 -53.10830167465624 4.949951932906932 0.33717994927006156 3.9017256935461067 -43.08340240494497 0.9271947661277729 -1.3572734864107725 17.82124656358899 174.88168953319905 2.0880392152079068e-16 17.821246563589032 174.88168953319902 2.0880392152079068e-16 15.029619915713669 -0.9808937550311637 3.777471963091109 -27.243299734115055 0.271036855279198 0.592064268107684 27.16967619305292 -172.62576681535668 4.468787558188218e-16 27.16967619305299 -172.6257668153567 -0.0
41.54191315174103 -53.27589213848114 -0.008888263255357742 -0.0 -76.59471462596197 -8.947214691020699 0.679724188921472 0.03392213452291377 2.8570848620407063 0.679724188921472 0.03392213452291377 2.8570848620407063 0.679724188921472 0.03392213452291377 2.8570848620407063 -36.89666451765682 -2.3190375179385647 3.8589221145331005 6.356506846038199 -167.1466007295235 -0.2595272531941662 1.7474156647787513 -130.10507273653323 2.360686869524603 41.29813430634539 3.8680606266807507 -174.15058667665934 -74.541198546333 -31.874903065605867 32.829244254322276 -25.819405698572215 179.24046502537954 101.88483111474474 1.7474156647787502 -130.10507273653326 2.3606868695246037 31.17427478931262 -9.483874815244826 -162.11411341833445 -45.522895343220945 -68.19292690739849 -74.06627314340962 -22.752369749764167 -170.77774158339497 -50.98281020455386 5.367513644387481 0.31891671869820987 3.405296132201903 -44.0402529157406 0.9364838080483533 -1.3470134178330029 16.2175107716026 174.8116896440932 0.0 16.217510771602683 174.8116896440932 -2.070224262618662e-16 14.683747645594044 -0.9954453666693718 3.9213219769494456 -27.0221665823409 0.3338079774040915 0.7346854807100772 26.18164366486732 -172.1554261121984 -0.0 26.18164366486732 -172.15542611219837 4.430236638358508e-16
41.61796420812607 -53.242531418800354 -0.009402912110090256 -0.0 -52.055771667996694 -143.877746414009 1.766484702173276 0.07000283529133261 2.2697088256607336 1.766484702173276 0.07000283529133261 2.2697088256607336 1.766484702173276 0.07000283529133261 2.2697088256607336 -39.67825524792836 -2.9007651570650688 4.537640811934862 5.624792882444923 -167.49794453099904 3.502139890192116 0.3741911720524664 -134.5856981643164 2.8514049847943728 33.191081765027626 5.495487605958158 -170.0322458453975 -67.93455119002276 -65.91799618835623 67.50025184181501 -29.691511027892815 -175.35923964310368 -169.28522242427866 0.3741911720524664 -134.5856981643164 2.8514049847943728 30.398838615290487 -9.332865473195035 -162.00710063683607 -49.19209678383623 -65.39989881565097 -70.88676584926095 -22.754760755390343 -171.87039126704073 -50.57201227627143 5.679697710879848 0.30747602895549897 3.103839317103149 -46.297669743311495 0.9244483867303491 -1.278634949551415 21.729228053686427 175.24007810771045 0.0 21.729228053686388 175.24007810771045 2.1398997492176887e-16 13.381124733661686 -0.8688720878273176 3.7493310821199293 -26.89943713350312 0.4099014321519958 0.9059477371591411 25.60958028835356 -171.55279884845166 -0.0 25.609580288353527 -171.5527988484517 -0.0
41.67138934135437 -53.150373697280884 -0.009877514094114304 -0.0 -25.77554243320629 -175.15893125170348 4.245566120029638 0.15266937034511385 2.061341907875731 4.245566120029638 0.15266937034511385 2.061341907875731 4.245566120029638 0.15266937034511385 2.061341907875731 -34.47190852027679 -1.913397887450357 3.3778873208471216 4.00224949523222 -166.73556647366232 7.000810257813035 -1.3515439211558669 -132.38387644502708 4.521427240783525 31.423426298354983 8.199172860615072 -164.55083925418916 59.11230256574142 -74.0854201874257 103.74974554794208 2.439037916213338 -169.23940838476076 88.27739241393935 -1.3515439211558655 -132.38387644502708 4.521427240783525 34.40709302336036 -11.878630193790888 -159.58252389073584 -53.123835880536575 -63.02517523873722 -67.84658507168504 -24.12451968689108 -173.3747952631088 -50.95742067239553 10.160267119191534 0.5242552296696263 2.9693532484134875 -44.639206945209196 0.8062092620550871 -1.1473223367625658 21.575950626875073 175.349837814333 0.0 21.575950626875116 175.34983781433297 -2.137628324147789e-16 11.218655022245171 -0.7188043292099046 3.6897162904988803 -23.549337167466348 0.3901978331362085 0.9765416487453062 25.957686329940856 -169.83720459052802 8.843545271275067e-16 25.957686329940923 -169.83720459052802 -0.0
41.64455235004425 -53.0852347612381 -0.011055544018745422 -0.0 -19.09340302377207 -177.12236858045702 5.245732262528089 0.1673516817956211 1.8298144342781133 5.245732262528089 0.1673516817956211 1.8298144342781133 5.245732262528089 0.1673516817956211 1.8298144342781133 -33.05636413012515 -1.709080119249657 3.131069444983136 2.2331152240873116 -162.8829988777361 10.660658922787109 -2.477982173713577 -135.51487752335083 4.973087628079002 6.147707283424478 1.8407170207179109 -163.29582823915976 63.37824646046279 -24.9856419514549 152.46854823287555 16.94451244180315 -171.1863421868883 78.05138538043188 -2.477982173713577 -135.51487752335083 4.973087628079003 33.6437903174245 -13.22994998276952 -157.0062649200736 -55.211310843162984 -59.86022106788632 -64.50674985556653 -27.187370683502365 -173.42798263761009 -38.93235095886665 9.496613000816305 0.5090121535159459 3.0822266701173184 -42.84201504827146 0.7354835415896953 -1.081557513080934 27.722548829594583 175.24628380457318 0.0 27.72254882959454 175.2462838045732 4.491240017933469e-16 9.703016969998844 -0.6139204781546522 3.6377958643063373 -21.008704441944445 0.35235110404179054 0.9827374746326514 25.361386259354184 -169.93629679528334 8.799440110136748e-16 25.361386259354113 -169.93629679528334 8.799440110136743e-16
41.65869951248169 -53.099554777145386 -0.011851824820041656 -0.0 -20.580993903618946 -176.9367993965393 4.071965019228417 0.10911072300739084 1.5362012731042998 4.071965019228417 0.10911072300739084 1.5362012731042998 4.071965019228417 0.10911072300739084 1.5362012731042998 -35.05587593798084 -2.379248322261321 4.137501208450553 2.281544819579405 -163.44547341814473 10.599243229257283 -1.8860122172735159 -136.22158065066387 3.9224170719413323 -12.446299638046538 -4.069239678910046 -161.73274606511833 47.08168237299932 -5.913206236660358 171.950036054211 15.33503283718388 -167.74776925752056 86.32962907716664 -1.886012217273515 -136.22158065066387 3.922417071941333 33.62018990784699 -14.878437388165628 -154.36675954818264 -55.13625135731618 -59.518730783451176 -64.22139593165193 -28.08153639732089 -172.26637458440985 -34.25390434408848 9.154057217224693 0.48239264361320816 3.0294527024612834 -42.693162654342544 0.5851363243821601 -0.8629060864244996 23.273416782344018 175.73581406289426 2.163925742887078e-16 23.273416782344057 175.73581406289426 0.0 8.168689804344641 -0.518811789641504 3.646508896994269 -20.68855677009298 0.41911041136154337 1.1861653905674883 25.694801400123232 -169.8094016624457 -0.0 25.69480140012315 -169.8094016624457 -8.823928868062789e-16
41.646528244018555 -53.08719873428345 -0.011868029832839966 -0.0 -23.386047842789363 -177.31782491612995 3.1095754936621733 0.07316591365393924 1.3485392179799178 3.1095754936621733 0.07316591365393924 1.3485392179799178 3.1095754936621733 0.07316591365393924 1.3485392179799178 -36.455864534757644 -3.046304096381649 5.1178838513034055 2.090672260311585 -163.83249778019913 11.052281536686655 -1.2864847793024308 -135.670920472819 3.1357362082491163 -35.37930819981742 -13.319644192028015 -157.75997905454656 -1.0800853608034546 0.026123105534354853 178.6144237254198 18.207654012657127 -163.53645028481162 94.69135388098933 -1.2864847793024337 -135.67092047281903 3.1357362082491154 34.40786498438053 -15.503245612505566 -153.85458771279175 -55.34576629500232 -55.74540111201605 -60.743147545258964 -29.86149289680577 -170.36884478348142 -35.96815933931803 9.068878442569329 0.47735126320495663 3.025715720028733 -43.69209629527518 0.5671727540700415 -0.8210287824143849 21.74000601770033 175.5891082836686 2.1400602265860608e-16 21.740006017700285 175.5891082836686 -2.14006022658606e-16 6.757869420652742 -0.4260927876373226 3.6162232515857275 -23.316580626510966 0.46646141413942965 1.1783543924253521 26.24849828035798 -169.49117374831252 -0.0 26.24849828035798 -169.49117374831255 -0.0
41.629473865032196 -53.088369965553284 -0.011535128578543663 -0.0 -19.473484724799206 -177.77553323893807 3.407329818264655 0.07185106198411488 1.2087415684702736 3.407329818264655 0.07185106198411488 1.2087415684702736 3.407329818264655 0.07185106198411488 1.2087415684702736 -35.95941197795956 -3.5158361460583403 5.97312966820318 2.8597458951983596 -163.42177633102085 8.160105840857968 -1.772871430816599 -138.8079814000272 3.1510833785910366 -27.67911573884484 -8.851669172574393 -161.46609259110923 24.941439822648803 1.4697260733109199 -176.51821836080975 18.113153248367965 -167.1371937353428 92.80968623538588 -1.7728714308165985 -138.8079814000272 3.1510833785910366 35.367374041481455 -14.433157600837225 -156.02748121755158 -54.949571553640276 -55.185753809918566 -60.34816431226008 -29.039266270901102 -169.71938975534852 -27.05311764033625 7.397195298191791 0.3971043491731005 3.081451196308606 -43.45452396986069 0.5544950650042733 -0.8061835048073756 27.18661013458134 175.63422460789988 0.0 27.18661013458138 175.63422460789988 2.234732876609338e-16 7.06475879807062 -0.4469597938682265 3.6292944807405805 -22.7575887793179 0.43954557059792143 1.1361400486297617 25.739608955636673 -170.93099473048292 -4.41362655503696e-16 25.739608955636673 -170.93099473048295 -4.413626555036961e-16
41.589416563510895 -52.86950767040253 -0.011195801198482513 -0.0 -13.738622788075224 -178.3984555336502 5.29723078156582 0.12048614050286095 1.3048340040320552 5.29723078156582 0.12048614050286095 1.3048340040320552 5.29723078156582 0.12048614050286095 1.3048340040320552 -34.12712860038103 -3.5399549073491863 6.292352359969308 3.4177134141876047 -164.67762074312654 5.22415054826275 -3.422673976766168 -142.5142081690941 4.250317174048237 -18.001138840370082 -4.997561425314039 -164.20044078420295 41.98344157057613 6.168421429619433 -170.82200089298746 18.106573145838574 -172.59907226699968 86.35280694666294 -3.422673976766168 -142.5142081690941 4.250317174048237 36.37241575269257 -13.31404960070182 -158.24554858136753 -54.38660530486084 -55.485913859550294 -60.79352409125574 -27.497397251169904 -169.56828554510997 -25.701218730510817 7.715655103161396 0.4168973677022599 3.1022397434518703 -42.69458530819283 0.5084046614359742 -0.7497365037360703 30.624952636894275 175.68291723783145 0.0 30.624952636894196 175.68291723783142 0.0 8.004434693789706 -0.48623299020321553 3.4875753315179834 -23.524000579469767 0.4725537841783703 1.1838085029996241 25.990184374015744 -171.35227961410482 -4.4229946355698704e-16 25.99018437401583 -171.35227961410484 -4.4229946355698734e-16
41.51615649461746 -52.78738737106323 -0.01105177216231823 -0.0 -11.699923053195079 -176.59613318110556 6.670523274611008 0.16238561916442185 1.397677038756875 6.670523274611008 0.16238561916442185 1.397677038756875 6.670523274611008 0.16238561916442185 1.397677038756875 -29.00597860746612 -2.8425587033996536 5.8465806068647685 2.309598493362584 -163.79191897159296 6.065673232694024 -4.483619334780424 -142.70797450416373 5.137278194769581 1.7809033423822445 0.4452448465745913 -165.9607383611382 53.48404753133141 13.861534896549125 -162.93159598036382 10.556252165057776 -178.67045012142574 81.76913705442527 -4.483619334780424 -142.70797450416373 5.137278194769581 38.27248623864752 -12.234828335819468 -160.70556293687304 -53.112694064178065 -58.178611114195355 -63.60381059856384 -23.138007744040454 -169.99533312370514 -38.680457196653435 8.109823818533606 0.4535757657449612 3.211929250757503 -41.577335846483074 0.44819956623055296 -0.6753578174229057 30.055543665578654 175.78090164090244 0.0 30.055543665578735 175.7809016409024 0.0 8.32007841690224 -0.4766150493779231 3.2902024333027007 -23.851772883504413 0.5069678416038222 1.253549474587557 25.25847652261008 -171.96274773335696 -0.0 25.258476522610003 -171.96274773335696 -0.0
41.437122225761414 -52.733010053634644 -0.010814471170306206 -0.0 -8.713270952388129 -175.75797652856846 8.795183700131371 0.2103296039203039 1.3753194767805406 8.795183700131371 0.2103296039203039 1.3753194767805406 8.795183700131371 0.2103296039203039 1.3753194767805406 -32.576097441661354 -3.4892289789598703 6.461002068484727 1.7520272086448663 -165.151253745717 9.260075697351848 -6.656917619754731 -146.8891009415471 5.922449558809609 9.439730011249795 2.213895416983281 -166.73683721045722 59.07127362432562 23.643363528060505 -152.9620356851978 8.24560611695932 -179.16903926742668 81.91019823369136 -6.65691761975473 -146.88910094154707 5.92244955880961 38.78565248449909 -10.92960088417279 -162.86683030883273 -50.7608317794542 -61.72486592613459 -67.38346828785389 -25.490225056569066 -169.98262610215394 -50.38450801100317 7.079670517695108 0.3824123302011356 3.099770981860475 -41.94143609119222 0.3534488996357121 -0.5288133753861806 21.339787069438266 175.34891413936927 -2.1341678813297744e-16 21.339787069438266 175.34891413936927 0.0 10.139627918413069 -0.545718381886512 3.096908497200495 -26.074682452717454 0.6046702012919303 1.3754682254162829 25.66634070297587 -172.77245316612542 -0.0 25.666340702975866 -172.7724531661254 -4.410910744648737e-16
41.27350151538849 -52.682819962501526 -0.010185479186475277 -0.0 -9.42742873466666 -174.79472867470955 9.272877366720946 0.2537913217403287 1.5746206090269237 9.272877366720946 0.2537913217403287 1.5746206090269237 9.272877366720946 0.2537913217403287 1.5746206090269237 -31.126366742591394 -3.634952028435579 7.006162753046366 2.4707652269308116 -162.6748044658597 7.374370567360939 -7.417444815134302 -151.24210326899046 5.7977264448483306 4.436439762732129 1.1122284416970225 -165.9106444838497 57.75168781150799 27.096331172302833 -148.82753906206543 9.608984547257998 178.71757143229695 81.76356286662798 -7.417444815134302 -151.24210326899043 5.797726444848332 36.65684493907134 -7.117856560879999 -168.18630975748093 -51.721414521313356 -58.79166842940489 -64.56546597408048 -24.24028600870089 -168.8725611475413 -42.026844238007385 8.220430754541736 0.45052171516298317 3.1477952178661264 -40.24059849126195 0.017791015659352313 -0.027540324646163683 17.76014113595185 174.6868851439723 0.0 17.760141135951894 174.68688514397226 0.0 12.538409975083056 -0.6454607005117965 2.970645647372634 -27.067167570128767 0.5373654436073322 1.1808002907484796 27.280555987083883 -172.85645581157078 4.473239076201825e-16 27.280555987083847 -172.85645581157078 -0.0
41.047342121601105 -52.647340297698975 -0.010243640281260014 -0.0 -11.826805423862211 -173.89413353504307 8.868147823025996 0.29239181337764186 1.8959877637327573 8.868147823025996 0.29239181337764186 1.8959877637327573 8.868147823025996 0.29239181337764186 1.8959877637327573 -31.655330246448834 -4.960770882153603 9.39121799833484 3.031271723467657 -162.18133243698264 4.512083368875858 -6.232480196822195 -145.0102255707825 6.598352945122186 2.7378260885253094 0.6885654970320236 -165.8770414761054 55.5822704381224 31.333904998977395 -143.57197207873975 13.414861053473388 176.67939087465493 81.97429742935716 -6.232480196822195 -145.01022557078247 6.598352945122186 33.68455241646776 -4.348085054783481 -172.19382312615855 -50.866539567020226 -60.05984998677474 -65.92690520377786 -24.763047192118226 -167.75643623651473 -27.42106357892434 8.316091571126211 0.47995270083976255 3.314766758946774 -39.78988482347104 -0.32396123786587727 0.5062021795210675 15.410465751546559 174.7056402838099 0.0 15.410465751546512 174.70564028380988 0.0 12.499806283700135 -0.6237117673136129 2.8794207616570353 -28.166380910184884 0.38547849818181285 0.8165906851524396 26.39435312067169 -170.57670544563734 -0.0 26.39435312067177 -170.57670544563737 -0.0
40.72873592376709 -52.63766348361969 -0.009857024997472763 -0.0 -14.381172842570079 -173.53043214161428 8.299583345657144 0.31306967985632966 2.1678250500165968 8.299583345657144 0.31306967985632966 2.1678250500165968 8.299583345657144 0.31306967985632966 2.1678250500165968 -32.81834755027499 -5.64940743302503 10.34374947632435 3.1321661577947713 -162.43157825671366 4.324805689473118 -5.478432574188244 -143.87263183072952 6.6083046355048145 -5.211151588710285 -1.387025775328388 -165.07298775769087 50.85951806282037 31.793604518228392 -141.36762277689093 16.839398200172738 174.91716751126927 80.03900360499111 -5.478432574188244 -143.87263183072952 6.6083046355048145 30.56595428425649 -2.4164671843909966 -175.25618126356662 -50.30578280880677 -59.218635244512114 -65.37548119359786 -24.682707498601733 -166.96587543172288 -18.54714340959348 8.718128143262211 0.5270395599059182 3.472958947404807 -40.22457403577631 -0.8934827686464785 1.3834035332006223 15.411766899850917 174.6649684778575 0.0 15.411766899850917 174.6649684778575 4.1239884875490816e-16 12.125185093682958 -0.5176001022010933 2.462744403135532 -27.86903098304576 0.21772717600889818 0.46576632409433005 25.89200213385743 -170.43402220070962 -0.0 25.89200213385735 -170.43402220070962 -0.0
40.442804992198944 -52.63680815696716 -0.010363105684518814 -0.0 -14.51101427558014 -173.41914896899647 9.347627174279939 0.40257044177567847 2.4770108242957933 9.347627174279939 0.40257044177567847 2.4770108242957933 9.347627174279939 0.40257044177567847 2.4770108242957933 -32.0817233277083 -6.158150161257078 11.483062915528672 3.3070541301078875 -163.4243914273128 3.111436822677044 -5.805306083294498 -141.15463431030716 7.743589834801485 -3.645493528083043 -0.987700902073073 -164.8291763378399 50.320771046885156 38.38407153946955 -134.17436896124823 19.92278534965486 173.52340316957074 78.64181805324901 -5.805306083294498 -141.15463431030716 7.743589834801485 27.850808557616872 -1.631563621620731 -176.51094058236777 -50.45106380928845 -59.36385821891488 -65.45510933362513 -25.093168741925982 -165.92015104519567 -22.24635587578023 8.38718285534243 0.5249340069425505 3.5942254885127234 -41.485542105525546 -1.5393321231223356 2.323047561973436 16.080717839819563 174.44167870945384 0.0 16.080717839819467 174.4416787094538 -2.068793547629655e-16 11.426842057731005 -0.41867060411845614 2.1123340452703028 -28.11043472556831 0.0792212374169305 0.16813599269950094 26.00775650515246 -170.20448281882153 -0.0 26.0077565051525 -170.20448281882153 8.847312523459294e-16
40.148329734802246 -52.77203023433685 -0.010171718895435333 -0.0 -16.555143822909386 -173.12537361821902 8.219827574724539 0.35607565139537034 2.489002046670414 8.219827574724539 0.35607565139537034 2.489002046670414 8.219827574724539 0.35607565139537034 2.489002046670414 -31.79010711252915 -6.616543297795787 12.417643541448417 3.8190172106962534 -162.69049441512308 1.0867816228410427 -4.676813649193031 -139.3632708156058 7.2084061791820915 -3.7585575618313123 -0.9757561682902234 -165.4354112237717 45.71722386142222 38.39715396140956 -132.09265569554816 23.371800456141745 171.90132212872533 77.55738001702085 -4.676813649193029 -139.3632708156058 7.208406179182093 27.09101000738972 -1.4557340301947166 -176.80605590097963 -46.67594907100421 -61.52094344021369 -68.46343919003465 -24.510557901650852 -165.61679791455646 -25.309985896876434 7.656748055019733 0.47374045881360055 3.5511209330517497 -42.13124435793219 -2.14806103588177 3.20025795829217 16.29676316832699 173.84901987002587 0.0 16.296763168326937 173.84901987002587 0.0 10.271245188644839 -0.28015480835128076 1.5707999468356346 -27.075636663626423 -0.07036426119839531 -0.15458991864147048 25.40031972199193 -170.03040538784177 -0.0 25.400319721991973 -170.03040538784177 -0.0
40.015166997909546 -52.73313820362091 -0.010164408013224602 -0.0 -23.56120108587267 -172.48001625262012 6.633700460991943 0.33883106098767235 2.9305344248105727 6.633700460991943 0.33883106098767235 2.9305344248105727 6.633700460991943 0.33883106098767235 2.9305344248105727 -31.168841897445834 -6.682609394954736 12.755584229010378 4.745561044245446 -161.92780182614135 -2.0495861065938694 -3.7017106760344523 -144.13144699234377 6.237557876480879 -27.17076506288903 -8.133065443912885 -162.62212802343544 12.909669091598174 8.56632018805523 -146.01066381801124 30.775413556147356 168.02363607550018 73.81322416587886 -3.7017106760344567 -144.13144699234383 6.237557876480876 30.683972761072162 -3.7005381728080518 -172.7767545213637 -44.24040351173239 -61.63188138013242 -69.35723009573803 -26.7710409763211 -165.73961530449392 -3.17379931891674 7.833594814313112 0.44099652257550215 3.2321991622150565 -41.42806681352519 -2.005632763806479 3.029537612546104 15.565961994498046 172.88734419520307 4.127065208017323e-16 15.565961994497998 172.88734419520304 0.0 8.708928382039074 -0.20441357679474068 1.3497792341323804 -25.432781254785862 -0.11953215027308577 -0.27833474231540234 25.422075160732117 -170.8180040199343 -0.0 25.42207516073211 -170.8180040199343 -4.401932649282908e-16
39.93990421295166 -52.76370942592621 -0.01013574656099081 -0.0 -30.325340513154178 -172.02349055839395 6.188275214973778 0.39563142901615816 3.665239938375863 6.188275214973778 0.39563142901615816 3.665239938375863 6.188275214973778 0.39563142901615816 3.665239938375863 -31.44435294215503 -6.260008173792333 11.874909255781734 5.400428191835465 -161.59094259535308 -4.6302763642218 -3.162836368975392 -146.30878907082064 6.458740211036491 -14.32926939040654 -4.430571871214055 -162.6163070531387 42.82995116970176 49.073253020755345 -120.5167302165652 23.595066405460337 172.39377316646951 76.06954500180821 -3.162836368975392 -146.30878907082064 6.458740211036491 31.242402581591225 -6.087621148486722 -168.38038347885353 -47.575691046876315 -57.41682798968945 -64.74330476977532 -33.45670462185438 -166.57717419853205 -35.35969205217615 5.10515608505672 0.234187408667785 2.6299604109635832 -40.367157764986295 -1.0509143054451386 1.6223226895439056 12.643136530265863 169.13434862413905 0.0 12.643136530265906 169.13434862413905 0.0 8.035527136006442 -0.16313971198033533 1.1669001656566247 -25.513357929667304 -0.1585499863298963 -0.36809911881158375 23.89050415051587 -172.95169958459985 -0.0 23.89050415051587 -172.95169958459982 -4.348246368255647e-16
39.808955788612366 -52.82657444477081 -0.010366621427237988 -0.0 -49.895081975932094 -170.7381024998684 3.3900634089006085 0.2399103454469848 4.0503770891142 3.3900634089006085 0.2399103454469848 4.0503770891142 3.3900634089006085 0.2399103454469848 4.0503770891142 -34.27475713565329 -5.677827634816206 10.012016412273534 5.084662342233464 -161.94553588849388 -3.2951448604871594 -1.775026882684861 -159.48776379825335 4.973542698798989 -24.87149576673084 -9.2905542926618 -158.7463751899498 23.101029236513465 34.48506497716748 -119.73487819617166 28.246404936724993 169.43243653269064 69.54035992650392 -1.7750268826848634 -159.4877637982534 4.973542698798988 33.28208373131227 -14.621751889874208 -154.57318152943364 -48.35964589381575 -51.10161798505867 -58.910666497932475 -37.990784730150956 -165.06250848387157 -50.914696900688085 1.7159477328895683 0.07549810212163553 2.5196469968962134 -43.085989990917774 0.847085286466877 -1.2399658710287667 10.529210372605577 162.78233180678532 0.0 10.529210372605666 162.78233180678532 0.0 8.452956109621232 -0.1364275416020387 0.9280160951313575 -22.099691887185223 -0.1272136920546092 -0.3381337181748363 25.063940350728696 -173.48129067118506 -0.0 25.06394035072863 -173.48129067118506 -4.388978949143734e-16
39.65433090925217 -52.59726941585541 -0.010926555842161179 -0.0 -49.639734947045625 -169.35780653201525 3.374891032426905 0.2355917786405758 3.9955064702922627 3.374891032426905 0.2355917786405758 3.9955064702922627 3.374891032426905 0.2355917786405758 3.9955064702922627 -34.9594429868518 -6.228668565765046 10.784189434159844 6.616225372176144 -161.77375031286448 -7.253633636385182 -2.041431344008622 -162.56535507218817 4.814338982752912 -5.2959801590889555 -2.156349680113502 -157.8074758842689 17.422003833047885 61.3085657256821 -99.30592692710762 21.66705458986653 166.69042117923658 57.7468887360534 -2.041431344008623 -162.5653550721882 4.81433898275291 27.96234401284471 -26.325206745374988 -133.46122866418335 -46.258700881140875 -41.940367346513135 -51.1984759704531 -37.620479725020736 -163.08544259821892 -12.005138719629196 5.466900797589895 0.31029824297177394 3.2535465590366752 -35.97147555532124 2.7668788701555513 -4.703594107495312 8.166276425129848 156.64335406409003 0.0 8.166276425129805 156.64335406409003 0.0 13.86910636470296 -0.19274165297547766 0.8040301553746245 -13.449900368953513 -0.05080868956475567 -0.21844171167625873 30.077535389271674 -172.99673592511658 -4.594328999495377e-16 30.0775353892717 -172.99673592511655 -0.0
39.53920006752014 -52.49566733837128 -0.010964367538690567 -0.0 -60.34397212249623 -170.30046656410516 2.4646167214830004 0.18750878492977635 4.352051210450849 2.4646167214830004 0.18750878492977635 4.352051210450849 2.4646167214830004 0.18750878492977635 4.352051210450849 -36.09014852691307 -5.137026723610382 8.677245084717908 9.28336350230458 -163.1816543992707 -7.868214288023692 -2.602522156292694 178.35673769244121 4.271115556459881 -12.386152859896649 -6.207923163360617 -153.10998800298708 -3.550247815712904 50.004748897021386 -87.02606898325966 3.600166024274848 160.25208948666156 35.53021501467788 -2.602522156292694 178.35673769244121 4.271115556459881 12.758654814014054 -57.33768833175936 -98.05808404764942 -41.2992888514241 -59.93267716158668 -69.08907064594575 -29.32016985171289 -160.4463415766699 -68.55815220389368 4.041321401866156 0.24581761882432862 3.4836895422266676 -34.56571899194497 4.302812835892306 -7.554248275328264 9.209470112231072 153.6140530132067 8.055219892215674e-16 9.209470112231049 153.6140530132067 8.055219892215674e-16 14.093646740072666 -0.18154238322516814 0.7454915002893437 -10.671092306924518 -0.027537284679433977 -0.14871254286121546 29.79974830678647 -175.20031986408958 4.581518351895395e-16 29.799748306786412 -175.20031986408958 4.581518351895395e-16
39.499177038669586 -52.47611999511719 -0.011863373219966888 -0.0 -131.13678226875408 -122.60812393666258 -3.8175418117711453 -0.29379196005809954 4.404001456459685 -3.8175418117711453 -0.29379196005809954 4.404001456459685 -3.8175418117711453 -0.29379196005809954 4.404001456459685 -35.42983744367114 -3.844169882798109 6.611708543831246 11.840541411698023 -159.16194396069753 -3.019324585234726 1.9723292992477732 158.58880481425592 5.482876365841922 -15.704411957457378 -10.85587970452694 -144.68267784497417 -17.085483269403433 40.18884473809667 -70.82230005378044 -18.691905505089103 159.15090965165354 -11.605421961963332 1.972329299247776 158.58880481425595 5.482876365841921 -19.50433974228816 -54.32567488647211 -76.52111257821305 -37.43289554208018 -53.216316477561655 -65.56074889661514 -13.166004548334394 -151.43359021187092 -52.234400950644606 8.202095323356447 0.47444562323266226 3.3219379830660394 -39.658290872256124 7.296981601676679 -11.345139215683476 14.637188745046021 155.46785062360624 0.0 14.637188745045977 155.46785062360624 0.0 9.224970442760686 -0.11348217336896546 0.7078508475596745 -14.896622946060962 0.07148278287046514 0.27805903693075934 31.17719097374771 -175.94675967185825 -2.323416799870164e-16 31.177190973747653 -175.94675967185825 -0.0
39.31196928024292 -52.09556519985199 -0.011466443538665771 -0.0 -121.09438692560086 -152.41924321750824 -2.2664886162844855 -0.14946147682967914 3.7738439776525903 -2.2664886162844855 -0.14946147682967914 3.7738439776525903 -2.2664886162844855 -0.14946147682967914 3.7738439776525903 -38.725272718844685 -5.8163917843552895 9.248399417072687 10.861881573856847 -164.67761426918796 -8.894236382737493 1.259386469148714 165.50168348655038 4.217611771142195 18.449067773494445 18.012356300241624 -134.22345228251424 -36.68818694665557 54.967546006817294 -67.273606928656 -27.608166423450875 165.14326496770067 -10.4116614815026 1.2593864691487138 165.50168348655038 4.217611771142195 -29.56582954657319 -55.837812088014836 -71.48665846837693 -46.177327809067094 -57.20369372657638 -65.06626671141004 -17.554514149487105 -164.16460926127974 -64.28764340583254 9.945560600048758 0.6893847724407433 3.985272156688189 -42.18641807565348 9.478059150488958 -13.960955455273425 17.210778732735008 159.63960164140641 1.664823621984653e-15 17.210778732735026 159.6396016414064 -8.324118109923265e-16 11.740040723858003 -0.11275046344845423 0.5541171903496328 -11.287506150564566 0.10981167249816892 0.5610126337280468 29.19485644338027 -177.0991870339686 2.2771184355328182e-16 29.19485644338024 -177.0991870339686 2.277118435532818e-16
39.14719372987747 -51.9777774810791 -0.012273527681827545 -0.0 -141.7889613495043 -58.37815317938351 -4.298971574265644 -0.25578641318114037 3.408264620148459 -4.298971574265644 -0.25578641318114037 3.408264620148459 -4.298971574265644 -0.25578641318114037 3.408264620148459 -41.275508425011 -6.9690976746626 10.497696672960686 9.274407910178919 -168.63897721567014 8.391740062349506 2.4473554761615004 154.64519226320928 4.909249425569324 8.868457978361729 11.145049315370928 -128.04445254707204 -43.524047597552496 35.52578410471873 -46.033905473594075 -32.82805450729059 167.023322477552 -37.08895572355528 2.4473554761615035 154.6451922632093 4.909249425569322 -34.41123887135648 -60.194997541677694 -72.06230616452443 -47.755144439788886 -48.92129208883458 -57.16577423593791 -28.579952205467237 173.56996405460714 -103.89325269371929 23.989369187367224 1.630878078322119 4.00588140435411 -48.705244181267744 14.216207651015516 -18.633645960053265 21.479389323399545 163.65090184759234 0.0 21.47938932339952 163.65090184759234 8.544830779999974e-16 10.503953404595606 -0.06334651626549495 0.34747446310799707 -16.115547553453805 0.1620359945503641 0.5837363313846626 29.217779218982397 -177.5011278297303 -0.0 29.21777921898243 -177.50112782973034 -0.0
39.03578668832779 -51.987823843955994 -0.011754035949707031 -0.0 -146.68010279547954 -32.30011671804896 -4.958631024446071 -0.2844546140721992 3.2873258486750028 -4.958631024446071 -0.2844546140721992 3.2873258486750028 -4.958631024446071 -0.2844546140721992 3.2873258486750028 -44.387458730369076 -7.654991794297719 10.876437152274931 8.515420388018741 -169.27011702909118 10.63933089403789 3.221863562204728 156.0294095419301 5.001351042821855 3.3680042949850075 4.8681553730559495 -124.59717413300184 -42.94220044706544 26.203175844201635 -35.84365382321292 -60.85855808686161 167.09073358332114 -20.054264209935656 3.221863562204728 156.0294095419301 5.001351042821855 -33.66474102984689 -44.941421741791984 -60.949273629348696 -54.92370667577078 -15.925698944809481 -19.221836941901035 -59.957009629914836 159.39475568363238 -49.476485044263846 14.654898631376014 0.817140142573128 3.226651675160419 -50.80833838279139 17.67586737372552 -22.35130677117519 26.304978052751956 165.11585712148144 0.0 26.304978052751995 165.1158571214815 -8.869881255320238e-16 11.733464684407352 -0.09133141618632613 0.4491049611051901 -14.337956296856312 0.06756992727216281 0.2728525425016859 30.038133341425336 -177.93531441901692 1.1481252426740065e-16 30.0381333414254 -177.93531441901695 -0.0
38.90521973371506 -51.93714499473572 -0.013645831495523453 -0.0 -139.53698126265806 -36.74111579797536 -3.694746757561396 -0.20441389260188741 3.168896821159479 -3.694746757561396 -0.20441389260188741 3.168896821159479 -3.694746757561396 -0.20441389260188741 3.168896821159479 -46.981237132545715 -8.603752607801058 11.691956666670198 8.251350510093527 -170.9020218791917 7.996040146240605 3.03236721877854 168.94299363319476 3.807548568986357 -0.27253429838282717 -0.4265276183695238 -122.57639230871145 -33.0280481372843 9.599352054703887 -17.238813530097854 -56.54477652920511 176.98976792107698 -33.95493419888159 3.032367218778539 168.94299363319476 3.807548568986357 -11.435296718610427 -10.356394316323096 -42.66839124981164 -12.279989766920087 1.0801030043042583 5.0656785624751315 -67.58255948047614 147.34186559594167 -28.733141447514008 32.42436662827157 1.5836570903309228 2.9516985270722995 -53.19135382375852 20.87697806469759 -25.471799184111017 38.21533489268613 165.66992875232964 1.0120242113410756e-15 38.21533489268616 165.6699287523296 0.0 8.417431788229651 -0.023895159271503926 0.16323570876385085 -25.31680567389144 0.13128180728351566 0.30700119699357853 13.270863132688604 179.65061066795693 -0.0 13.27086313268864 179.6506106679569 -0.0
38.860031962394714 -51.32867097854614 -0.014137756079435349 -0.0 -118.00003320076716 -142.7324425117397 -1.6757194946204124 -0.0925069270423794 3.160218713565478 -1.6757194946204124 -0.0925069270423794 3.160218713565478 -1.6757194946204124 -0.0925069270423794 3.160218713565478 -44.54583700488373 -7.317649338043695 10.373958162452988 8.047214067866276 -173.32384542363775 2.690902657371993 0.8580581883326154 165.86373571490392 3.472291404858235 -2.459192122383912 -4.263977669227959 -119.9202017614413 -26.572119508542595 3.0154245707022924 -6.7163287911775775 -57.67940504382472 -166.34372486641053 -55.23669877097725 0.8580581883326165 165.86373571490395 3.4722914048582347 6.985388829765601 5.4725798091606395 -38.230108643217704 5.799504635811836 -1.5761325414245957 15.232517923990022 -75.58233248892549 142.6602721576184 -26.584559001280045 27.050999702494135 0.4642966958918504 1.0208325801166533 -45.534378688972986 15.32831050938322 -21.01032876150498 34.29130595237648 166.25380120990587 9.624234654092308e-16 34.29130595237647 166.25380120990584 9.624234654092304e-16 7.593401435106845 0.010229003195281297 -0.0774089913697417 -26.265418469689035 0.10126175588204586 0.22882362129127135 13.25132097047053 178.06258304047333 5.1055573941068077e-17 13.251320970470509 178.06258304047333 5.1055573941068077e-17
38.861922919750214 -51.126620173454285 -0.014963699504733086 -0.0 -25.075102151948848 -174.58596629875743 6.433270447888651 0.34180890289219884 3.047771310509073 6.433270447888651 0.34180890289219884 3.047771310509073 6.433270447888651 0.34180890289219884 3.047771310509073 -44.457167940949255 -6.503457064290055 9.244682411111405 8.248576026332454 -174.8986005879914 2.5777826416136587 -6.823459637801581 171.49001996252747 2.024003055245108 6.937887370715313 13.48368387294084 -116.73769422099313 -37.06686298830365 -1.6873145500146802 2.7979595824658388 -48.30165451814627 -164.6359037995966 -60.35550498484886 -6.823459637801581 171.49001996252747 2.024003055245108 5.50760706886405 4.213815464652294 -37.51179624740127 7.665663042142857 -3.5202808545958186 24.758232029430694 -60.18395242410473 115.19378620068322 -4.259593326470499 30.80524066113353 -0.1638831479195988 -0.3200059233857614 -42.97969820387699 14.734429340386663 -21.094601129268707 32.96707396782771 167.18571464934243 0.0 32.96707396782775 167.18571464934246 0.0 9.186948065778697 0.026978311839425208 -0.16897694069809532 -23.7791306295827 -0.47743131497070623 -1.1839290609084208 9.533270641814072 178.7184552411713 -0.0 9.533270641814116 178.7184552411713 -2.519605111814836e-17
38.86804133653641 -51.11628174781799 -0.015060370787978172 -0.0 -20.98250668547587 -174.7676242411124 7.705414150804215 0.4033643643025599 3.0056791488542687 7.705414150804215 0.4033643643025599 3.0056791488542687 7.705414150804215 0.4033643643025599 3.0056791488542687 -44.013375311057764 -4.922923749940973 7.06655123393289 10.545065019759425 -176.6230816981907 7.483913938622379 -7.972252119467352 174.48019830606688 2.197127077520024 -6.736551144676926 -12.137306758826885 -118.60993357188713 -5.238468533889387 -0.811522965855358 8.818705079947966 -69.29749693294153 -127.90656600941662 -79.01487783831382 -7.972252119467352 174.48019830606688 2.197127077520024 16.61980090860627 12.143325997961966 -36.95414257317025 29.542771062361084 -18.214433355656855 33.717974272610164 -38.29913074669062 70.35852983639641 42.03538446243204 28.8810416352691 -0.5123175604835872 -1.0606220684555707 -35.53453360728225 11.628807429808578 -19.498521168294523 30.193603124333077 167.26666133507112 0.0 30.193603124333077 167.2666613350711 0.0 10.076970085596312 0.02720367323584986 -0.15547496211148176 -17.40522988624653 -0.48037914442336266 -1.6055495497258925 6.277432755301593 179.27959772823382 -0.0 6.277432755301567 179.27959772823385 -0.0
38.85907977819443 -51.06106102466583 -0.015148334205150604 -0.0 -11.681659125369283 -175.60633496249312 13.319908047119934 0.6656870847431361 2.887103034862204 13.319908047119934 0.6656870847431361 2.887103034862204 13.319908047119934 0.6656870847431361 2.887103034862204 -49.62699441885231 -1.3582731039350724 1.7826352541394352 11.580568561052923 -178.26170127589896 20.408984546295255 -13.568006590677031 163.03809871927527 -1.2420655789755477 -21.823737944521962 -45.34040680492867 -110.171372958973 33.202501694099546 8.796764429987945 15.780162404087822 -68.8504798537391 -65.06643462192179 -161.54772511203586 -13.568006590677031 163.03809871927524 -1.242065578975553 25.603765231975988 17.30594148810353 -35.791823864918925 37.87863906575587 -29.743991072264414 42.94265198464273 -39.8306814217494 53.18157319152936 49.87165263840872 11.734198364935255 -0.11706763654480681 -0.5756152037027488 -29.961375645020112 9.743666841754525 -18.97485583796051 20.328976313508583 171.2475869811393 -4.23977467857814e-16 20.328976313508562 171.24758698113934 4.2397746785781395e-16 10.121520454252021 0.028369846035077688 -0.16143358921908876 -11.260736248840832 -0.3250838830734943 -1.6643063893313075 5.434762756338281 -179.961828003791 -0.0 5.43476275633831 -179.96182800379106 -7.800089950523669e-19
38.8653501868248 -50.776585936546326 -0.016294419765472412 -0.0 -9.66719589176737 179.69825588843275 15.103956378882195 0.7125315126657317 2.7325658918324347 15.103956378882195 0.7125315126657317 2.7325658918324347 15.103956378882195 0.7125315126657317 2.7325658918324347 -54.24942853293162 4.397959855782921 -5.41358933947413 15.79947057421252 -178.75897140401946 30.975340421017105 -14.645375193106974 152.58499724915805 -4.626445801810562 -23.97964952615419 -45.803188831520146 -111.56266966843447 29.400733452882502 8.130333859060759 16.225536907377343 -64.71885830029811 -66.25071080135692 -164.07142131204543 -14.645375193106974 152.58499724915805 -4.626445801810562 22.05705453289614 13.345146140510186 -32.280603658533764 32.888100947474555 -25.558040526215795 41.37033898764507 -50.13103344614133 58.00781476079598 35.78185896912794 2.025380701013941 -0.014485357316976807 -0.40985310670284003 -20.399363873891893 6.733189645023761 -18.711605578351588 26.35802310768818 165.38020081944634 0.0 26.35802310768813 165.38020081944634 0.0 16.155890367872832 0.05921916897117812 -0.21282497321621796 -3.0393965313078524 -0.07931316804095578 -1.495498246757875 4.539774109880625 -179.93554811765796 -7.7894645250951875e-19 4.539774109880652 -179.93554811765796 -0.0
38.857415318489075 -50.717952847480774 -0.01576654613018036 -0.0 -17.209613972993647 178.50235165398968 8.49086843080511 0.39637788873394963 2.6826260534670205 8.49086843080511 0.39637788873394963 2.6826260534670205 8.49086843080511 0.39637788873394963 2.6826260534670205 -49.237401042743855 16.755850690720763 -21.677963783343305 16.6912346873195 173.65899654844227 43.764744456329794 -7.103093054470837 125.50292038799259 -5.378949389904491 -24.687789318976836 -49.78998595024201 -109.44744260105828 16.704549898741686 4.354254682122181 14.837017104214887 -68.17493241992754 -75.36065080950192 -162.937426993804 -7.103093054470836 125.50292038799259 -5.378949389904491 10.515389039991616 5.111328101788318 -26.110449726489165 25.80976178986446 -15.107732187643302 31.801489709323608 -55.939056013894685 76.49360406324 22.40533058821462 -0.9505924959879386 -0.004611319595057117 0.277952120574935 -10.509380895450375 3.400578572447618 -18.044558223625366 30.2562720113848 163.9125704628427 0.0 30.25627201138477 163.91257046284267 9.205334056847752e-16 21.298710306404573 0.026733706657873186 -0.07359985370911666 2.988945608179251 0.05927509515934954 -1.1366246173838617 9.49277015263959 176.78890968510825 -0.0 9.492770152639562 176.78890968510825 -1.0077226687809463e-16
38.83352875709534 -50.75753033161163 -0.013447552919387817 -0.0 -48.869783803335366 178.93101423414726 2.8412700683477703 0.16213277049760136 3.267299735108414 2.8412700683477703 0.16213277049760136 3.267299735108414 2.8412700683477703 0.16213277049760136 3.267299735108414 -37.0734759363143 32.36700195394681 -46.43472445303982 25.285358702182357 169.69563742378241 55.915322153039256 -4.149703321524169 114.55739974549321 -1.2336667806686339 -27.738372306208813 -45.42807679963434 -114.63294736483816 5.606092417120052 1.0062121848482481 10.192355987906383 -72.73111269076657 -122.71574478805645 -124.78812172542226 -4.149703321524169 114.55739974549321 -1.2336667806686339 -57.230827836874994 -15.91845603311262 -18.736127545087466 -29.142032584691833 10.037627916760888 19.97499388191454 -56.32190149087919 129.21445597845263 -21.112085530715273 7.304328765498277 0.03211772026820103 0.25261624930892684 -6.9103265105556195 2.1449574400551565 -17.291266090638917 34.770516673797374 163.46543410520616 -1.935956321876069e-15 34.77051667379732 163.46543410520616 0.0 20.62233296782253 0.18974506604404878 -0.5387185573491093 5.2819270833599345 0.016491570948927312 -0.17914560893200754 24.1767455295762 168.22065973954776 -8.715888530473867e-16 24.176745529576255 168.22065973954776 -8.715888530473871e-16
38.61635476350784 -50.91213881969452 -0.01116432249546051 -0.0 -103.06033826701533 178.41951640921704 -0.7586209856853663 -0.0434463912293418 3.2778577005826652 -0.7586209856853663 -0.0434463912293418 3.2778577005826652 -0.7586209856853663 -0.0434463912293418 3.2778577005826652 -23.784398585439487 31.15440419195903 -56.29200859216506 36.100197036516285 165.69924310413177 61.49064958880093 -3.013831252606439 103.35467633105486 1.4960330091954415 -14.659960723846488 -15.258215558250747 -132.85422267461414 -42.14412143670225 -6.363981791411584 9.43727195822919 -49.7375187715399 -167.68375689074574 -77.3930448063792 -3.013831252606439 103.35467633105486 1.4960330091954412 -77.88575188310699 45.12119433085398 45.766271451556044 -43.259632048087916 8.663798622881009 12.5355670757993 -58.32038692043447 175.24561708159388 -88.46547279296351 12.069948475807537 0.04777313783060577 0.22846291751685677 -4.0493954990082655 1.109077046444838 -15.330934789831954 26.805609260781296 165.6017386058 0.0 26.80560926078132 165.60173860579997 0.0 8.110978032392541 0.15258775597028437 -1.081359439882555 -3.748199747675207 0.1343395263625844 2.054131293639831 26.03388357381527 158.75449805069948 -0.0 26.033883573815313 158.7544980506995 1.7698564536579022e-15
38.67451995611191 -51.116323471069336 -0.011072680354118347 -0.0 -63.43082198926389 178.42599002390088 1.7704641593447574 0.10988788127775743 3.552204884841478 1.7704641593447574 0.10988788127775743 3.552204884841478 1.7704641593447574 0.10988788127775743 3.552204884841478 -21.110318904240366 32.222600960592054 -60.25496951528428 41.29867590955271 163.8798082561323 61.93970626024635 -3.8330641218366144 101.53645812162436 -1.0285347119541184 -25.164272886731904 -20.73521754075133 -138.32116295235605 -30.280073149941465 -1.8192361220667812 3.604418770290995 -59.05186714872617 -160.35838353893143 -85.55944284769465 -3.8330641218366144 101.53645812162436 -1.0285347119541184 -25.893743379801865 81.75811871204417 86.38053073860357 -38.22722298452326 6.150564743578537 9.879076172632013 -62.93044639894893 -160.3522739471321 -132.15109079007237 14.381825470394059 -0.15044306162861318 -0.60566956971956 -5.044665665860699 1.357606417429439 -15.083708126815269 23.718160823931164 170.44130945441066 -8.684960659505004e-16 23.718160823931232 170.44130945441069 0.0 6.819737022172327 0.25742060788899146 -2.166806262679506 -5.243378873187307 0.3810263297127392 4.162116998910115 26.41858483068891 159.4252793588108 -1.7757202683017769e-15 26.418584830688832 159.42527935881083 -0.0
38.462142646312714 -51.30780041217804 -0.009733811020851135 -0.0 -124.30136988257895 178.1743628140988 -2.0955304314247885 -0.11277273433444822 3.0811386102578364 -2.0955304314247885 -0.11277273433444822 3.0811386102578364 -2.0955304314247885 -0.11277273433444822 3.0811386102578364 -13.813838209650438 17.431344504537968 -52.74877232579972 65.51885527600649 118.07421947458191 23.996112711462775 -2.772460282765939 97.65216295025178 2.4897253123962604 -46.00238479206522 -46.18035911801542 -124.61822363570599 26.202409471076518 0.6082422326393573 1.3773224969969358 -84.49196584747034 -95.07810971588964 -174.46339767437036 -2.7724602827659393 97.65216295025178 2.4897253123962604 -16.118920386256228 76.47634016824892 86.17975760139649 -45.86680405233322 -3.0543122827835067 -4.251772637296582 -49.913142964403065 -152.7426629394261 -155.30512138868983 14.14649560989727 -0.1526152799222147 -0.6244204575960197 -1.7282846211195577 0.41122431750922467 -13.386141640216515 20.025295751300938 166.32146870914235 8.463049748772552e-16 20.025295751300902 166.32146870914235 -8.463049748772551e-16 4.071593012089949 0.20865673882801655 -2.936146994602152 -1.7582156269229359 0.16879416099057065 5.4846380402499255 29.531913184487415 152.3467119448362 -0.0 29.53191318448734 152.3467119448362 1.8277342204082295e-15
38.246917724609375 -51.506465673446655 -0.009237602353096008 -0.0 -119.40200700484958 177.7829489149402 -1.4708545835250113 -0.06717464995034507 2.615197327256562 -1.4708545835250113 -0.06717464995034507 2.615197327256562 -1.4708545835250113 -0.06717464995034507 2.615197327256562 -16.468963438989693 21.828313782228403 -54.710063526080475 62.744464869663716 138.53628367810063 43.03232735687849 -2.4779470050019663 94.93962526305835 1.6919608170196219 -47.8666556930853 -53.42391792364869 -118.82266347219903 41.93649063542051 -2.3639996643615557 -3.534815914126677 -78.99847975105354 -0.9471274934385251 104.87096297205754 -2.4779470050019663 94.93962526305835 1.6919608170196219 -21.629687040909634 70.27473564561475 82.47121971437437 -47.10141773746216 -10.173175371943627 -13.763937210825523 -40.64189555528893 -149.02509448087298 -174.04975825477698 10.35582245856584 0.15365953530328888 0.8547390595600963 3.9009651228683246 -0.9129489514685442 -13.182859595694303 13.53329092498355 156.12857226764518 0.0 13.533290924983506 156.12857226764515 0.0 7.969174974617348 0.3513642608641832 -2.532739218434756 7.00770857803539 -0.818898546434418 6.682120702201839 29.827373376314128 140.46768995094374 -0.0 29.82737337631404 140.46768995094376 -1.8331137245176033e-15
38.31195831298828 -51.511406898498535 -0.009431689977645874 -0.0 -94.94101687537501 178.18264980802016 -0.17723180426493904 -0.0063496292849002725 2.0518439489699873 -0.17723180426493904 -0.0063496292849002725 2.0518439489699873 -0.17723180426493904 -0.0063496292849002725 2.0518439489699873 -11.305613836879145 17.84162117866764 -58.65526065937434 67.95554898552405 56.97516006791891 -32.68633934080669 -2.041825648068967 92.56985732937515 0.2691467357218855 -33.51133092249228 -66.1806315964014 -103.69757682973434 55.13145533627003 5.588409495091339 6.800825797212624 -53.651537519248585 -28.12333346752195 130.73263468642423 -2.041825648068967 92.56985732937515 0.26914673572188547 -4.327018062478593 68.4964740734514 88.29735604644416 -39.37706453314712 -10.863735176956586 -16.830642201939433 -40.632236098615 -149.13319009571936 -163.51174225463893 8.141565735453083 0.15168026482868166 1.0709192228058886 4.370424041164324 -0.9977570731510379 -12.87340911687959 16.946386421972456 149.13428533967058 8.312325157960562e-16 16.94638642197249 149.13428533967053 -8.312325157960562e-16 11.666268324071225 0.7433622109845738 -3.671348595775396 4.11248690824788 -0.5962155404574588 8.256373616780275 34.622985118561445 137.8357695711159 -0.0 34.622985118561346 137.83576957111586 -1.932508092344451e-15
38.05565983057022 -51.79967284202576 -0.011622533202171326 -0.0 -111.55377457050392 179.4977623949246 -0.7472722740803202 -0.024703988786745224 1.893498817650736 -0.7472722740803202 -0.024703988786745224 1.893498817650736 -0.7472722740803202 -0.024703988786745224 1.893498817650736 -7.107981303381551 9.863488532113573 -54.561534243061004 50.54331736095231 25.38623102546952 -59.447699139835045 -1.9168506884804912 88.11874099594813 0.6851342186867232 -22.053942947658374 -62.960798124217874 -100.84863085453692 40.465716097438644 4.160712146436884 6.395625179327955 -64.29688627405868 -44.42431586978325 169.8851290202562 -1.9168506884804912 88.11874099594813 0.6851342186867232 1.2441788949253498 62.3799544717055 90.6509161999315 52.059709349001764 20.65563902496942 -25.548293786776767 -48.376593682033985 -135.50596918965886 139.19308894314904 2.4873007328078476 0.08889937253725747 2.047598742595918 7.844884304492848 -1.5772815246518639 -11.405713849458103 15.523930720726735 126.60268139495604 8.25244624381037e-16 15.523930720726662 126.60268139495602 0.0 6.07506296799269 0.5234729855590576 -4.934200302406346 8.288123599343155 -1.7461053594387062 11.940839332250825 21.417975035148604 133.59161765940206 -0.0 21.41797503514873 133.59161765940203 -0.0
38.07303160429001 -52.55380868911743 -0.009508803486824036 -0.0 -171.5026928148931 -177.8636328102286 -11.604871743068905 -0.3613522699858887 1.7957673200858513 -11.604871743068905 -0.3613522699858887 1.7957673200858513 -11.604871743068905 -0.3613522699858887 1.7957673200858513 -3.853566821055551 4.904718573399427 -51.93284950276158 33.357899902940154 16.35482359988533 -62.38658049665958 -3.0145443920015076 83.81962597848947 11.35277016100513 -52.66047008573705 -48.389271283627835 -125.22780059608414 40.62755402321255 -14.689655939569922 -21.92997777974036 -80.20878158346567 -16.110780785355185 104.35277702936897 -3.0145443920015076 83.81962597848947 11.352770161005132 14.911264594381498 28.296813470788173 115.54611809314314 36.425055143569935 6.645076698158053 -11.100751609791049 -55.712762349272985 -133.78905656233994 149.28245665303066 -14.867580365798784 -0.7183053407001725 2.797394420110057 -4.511180476998971 0.8841936940997366 -11.101464550071324 26.008192934662695 111.83719807595071 1.7694690807981325e-15 26.008192934662635 111.83719807595071 -1.7694690807981319e-15 5.2079426382398335 0.8657609427722932 -9.451936600900515 3.8648072860250053 -1.4364458007795393 20.406876152224644 46.52129875432207 107.66276356015604 -0.0 46.5212987543221 107.662763560156 -0.0
38.06369602680206 -53.31693887710571 -0.0079423189163208 -0.0 -170.5935771765924 -178.31477282325193 -7.133404465382063 -0.1487278872809679 1.1975081401440864 -7.133404465382063 -0.1487278872809679 1.1975081401440864 -7.133404465382063 -0.1487278872809679 1.1975081401440864 0.8619287542467349 -1.0114503039609053 -49.56732717582624 30.549847685364607 15.6576220083771 -60.02664410412967 -2.293804094735795 81.00784673034002 6.861173917924184 -25.349516779226203 0.7390723167666904 178.2741826840167 -24.964023937236394 -22.50908273562058 -135.5239888531426 9.811416046842412 90.15792176677009 11.424370347754154 -2.2938040947357945 81.00784673034002 6.861173917924184 19.786133202943425 17.897426040736757 136.34832329365497 43.95752280346828 0.9519183853793108 -1.3712578657873564 -77.0358602061016 -101.46013561559603 151.43525702123677 -26.188693207355357 -1.5746436873981047 3.5642543343238673 3.434507927015973 -0.6923111746994599 -11.403869636253575 21.615751414642546 102.40431032194137 -8.552864798257449e-16 21.615751414642435 102.40431032194137 0.0 4.6766245645385425 1.0730310427086958 -12.93793229463565 0.8323995334263351 -0.5778568074150398 34.7704702894823 69.41410505349587 70.79600902028041 -0.0 69.41410505349587 70.7960090202804 2.2614145189832815e-15
38.22725862264633 -53.931573033332825 -0.008968636393547058 -0.0 -171.0610731489433 -179.25981865326665 -3.550604708668582 -0.03470107091007146 0.5603087388827294 -3.550604708668582 -0.03470107091007146 0.5603087388827294 -3.550604708668582 -0.03470107091007146 0.5603087388827294 8.218753711387249 -8.559448059779395 -46.475487748079544 26.14362080689039 12.949154028832915 -60.51174379802644 -1.337593439814004 77.1182556384185 3.3366457080220044 -7.603931220515533 -0.09688534797701887 -179.26785863379024 27.76238201046974 6.668510711200505 -165.91000404216354 35.22975622966403 135.02148730043734 59.06161357100786 -1.337593439814004 77.1182556384185 3.3366457080220044 -7.086948863786877 -3.3642899299810733 154.5232914000117 56.503808443263345 -9.77414763302843 11.671556843385957 -76.47014159729656 -14.972822204393342 73.60445914524354 -21.903896498312967 -1.038517419460868 2.7819659085058177 -0.6763239085137174 0.07630728958718737 -6.437413861459279 41.195321282185986 94.1145354625832 0.0 41.195321282186065 94.11453546258315 -5.283533231067154e-16 7.086425328628816 1.92206842532623 -15.217779791293587 -15.626114519543698 21.97075998346864 56.27026328167753 67.92422957361313 30.05660327900539 4.231346959080991e-15 67.92422957361313 30.05660327900536 -4.231346959080992e-15
38.52623105049133 -54.884448647499084 -0.008457154035568237 -0.0 -176.1204950648865 177.80463088497584 -3.0390900268212264 -0.010952249808048743 0.20657806072797819 -3.0390900268212264 -0.010952249808048743 0.20657806072797819 -3.0390900268212264 -0.010952249808048743 0.20657806072797819 14.606438368045595 -13.334106489950802 -43.225055306637515 17.557661995063246 10.353717325993916 -56.61592841565679 -1.0531821567437085 73.66955025305396 2.8583964704936333 -11.526593280873119 -0.3712011693616332 -178.1429722187379 6.347287011388456 4.545196641070338 -144.28157175117977 -2.762171975577396 114.17278479437101 19.39758541313861 -1.0531821567437085 73.66955025305396 2.8583964704936333 -22.573844855398846 -6.168334541965382 164.2759977384496 59.512144603212214 -22.487101806880524 25.658091443116707 -66.24082861058382 2.287968780969655 47.049309560993244 -22.29074416151436 -1.252834605536223 3.29983261380615 7.090936572536851 -0.6217999144482433 -5.024359897104707 30.924624649037135 131.6514181777156 0.0 30.924624649037124 131.65141817771564 0.0 13.721256681821055 4.214156074175065 -17.25698397621994 -6.754953512040667 24.215283223184063 75.34332714822696 81.34546665442045 68.64032281326918 -0.0 81.3454666544205 68.64032281326911 -0.0
38.90248388051987 -55.64108490943909 -0.008278712630271912 -0.0 -80.65577969271276 178.718415010039 0.05829140378020434 0.000360419602008288 0.3542591380490709 0.05829140378020434 0.000360419602008288 0.3542591380490709 0.05829140378020434 0.000360419602008288 0.3542591380490709 13.765968856861274 -11.257017982884848 -39.91092405752784 16.069702369888475 10.537821953406791 -52.65598586311791 -0.3181691069260679 71.7445337252728 -0.16633125119338157 -23.21242603499103 0.3793730883316137 179.03754565148174 0.60160950204092 -57.726839725385965 -89.62008513891965 -39.5264153745458 68.77200763586826 14.98916805498533 -0.31816910692606787 71.7445337252728 -0.16633125119338157 -23.1750065196797 -3.0251713761268078 172.35154959261823 60.229393045740906 -42.90551897225739 46.95695455680951 -54.11336589323244 10.601940784682455 28.013002175677812 -16.23666532624144 -0.5930123262035146 2.1199965455938488 21.862102995147332 -1.7208441956809166 -4.612677881296078 42.596892179583975 103.09830543450957 1.0801550877724152e-15 42.59689217958415 103.09830543450956 0.0 14.76577724794037 5.175693596523499 -19.5650607161178 0.9909315285951976 8.347913954207682 96.72170499521121 73.93447034983245 15.114994937746047 -0.0 73.93447034983248 15.114994937746047 -0.0
39.40426707267761 -56.73638880252838 -0.006465241312980652 -0.0 -28.215823507090505 173.03359769970842 1.2082869991800944 0.013677695795307037 0.6486032455252323 1.2082869991800944 0.013677695795307037 0.6486032455252323 1.2082869991800944 0.013677695795307037 0.6486032455252323 17.113157143384385 -14.08598779806877 -40.455054191399995 11.544076997276623 7.3153787937551495 -53.041250516168546 -0.08069158397538166 65.15683988125375 -1.3689672690540975 -33.53381265280473 4.331762913209863 172.19241127301765 -4.183730403930983 -73.2301476323624 -91.25941808739285 -22.964013610225006 39.25354423124641 20.909771411844513 -0.08069158397538166 65.15683988125375 -1.3689672690540975 -20.63494093537241 -1.3219981681309902 176.25340196779212 45.45793842648904 -76.60925122375772 80.36999867301655 -33.94972741485885 -15.35271912819788 -85.05504525799168 -19.48671037726088 -0.25366167444666055 0.7603639309846968 32.067782315875874 -2.3096967255207055 -4.344362430038158 60.58585984921618 95.77105248148243 8.095177332705717e-16 60.58585984921624 95.77105248148246 0.0 14.313435647682406 5.062075580127176 -19.712462909889275 1.7162073482359408 4.4082249306136685 111.23078889228317 62.27570712291393 -0.1106276242769962 -0.0 62.27570712291393 -0.11062762427694296 -0.0
39.73785489797592 -57.43728578090668 -0.007308274507522583 -0.0 -172.2078348216479 177.5847501295312 -5.225715710952247 -0.06559566788237692 0.7201643372850697 -5.225715710952247 -0.06559566788237692 0.7201643372850697 -5.225715710952247 -0.06559566788237692 0.7201643372850697 26.476928203262688 -22.184205458912913 -42.4465970318883 12.71329029364352 8.721762213866509 -48.438335348168685 -3.2757830655465416 59.4814937270938 4.136810934707488 -9.77697227873499 1.6093834623877152 170.60525544415813 -1.878669931671036 -8.064000141698015 -103.0282833354471 -24.938106476598914 134.01754261327932 24.991974286139737 -3.2757830655465403 59.4814937270938 4.136810934707488 -10.029648598610942 -0.2065729246725194 178.81403895702647 -78.0992372088689 60.97167499305694 -118.50317316861504 44.2679367366055 -28.71694159572676 -45.13873362732747 -24.595418426191326 0.6105323888651105 -1.46662730036849 7.916708358327895 -0.37880456003510554 -2.748204588223619 23.803958554202307 24.646706616440284 1.7381376045193523e-15 23.80395855420257 24.646706616440248 0.0 6.812066171588472 2.778312444673582 -22.25117932766989 13.440786530994709 26.219284693401157 115.26637489706546 43.73887701119006 -21.22136377150377 2.201081406687399e-15 43.73887701119011 -21.22136377150373 -0.0
40.15299081802368 -57.012179493904114 -0.011215917766094208 -0.0 -95.00410807856282 178.1843054005175 -0.08046055704388623 -0.0012907599518963628 0.919068690209685 -0.08046055704388623 -0.0012907599518963628 0.919068690209685 -0.08046055704388623 -0.0012907599518963628 0.919068690209685 23.95027172722917 -18.564029694399487 -39.60106172389009 8.924305312246432 6.7888645533955865 -39.32676806962437 -0.7448365275137551 48.8301556401285 -0.5444224898414647 -10.226829534594076 1.4808624910668637 171.71561556989263 -7.5930221112079685 -24.853176751593523 -105.92197292289252 -32.50915463059329 112.86559588532391 -5.965719465417712 -0.7448365275137551 48.8301556401285 -0.5444224898414647 -14.925727489928489 -0.2261038813053733 179.12221818075872 -42.23815727283 84.79202332109568 -93.50616420972332 -11.079270461579119 -24.41717820989035 -39.69286099535696 -17.743975075759728 0.5191021401606286 -1.7028364238139342 19.66978199343294 -1.077626930190601 -3.1985692602329365 36.57785428174929 -1.868001505805361 0.0 36.57785428174967 -1.8680015058052142 0.0 -3.9650416300563056 -1.6928097859360922 -23.14181494871435 4.539343670705552 16.182818100790104 105.25469986277304 47.59847413779064 -15.812030713683843 -0.0 47.59847413779066 -15.812030713683862 -2.3583350607465496e-15
40.77615290880203 -56.55698478221893 -0.018258951604366302 -0.0 -10.526567412054428 3.603956487623909 8.821709537681988 0.25665019063119904 1.6730471442320056 8.821709537681988 0.25665019063119904 1.6730471442320056 8.821709537681988 0.25665019063119904 1.6730471442320056 41.29353958866108 -37.635597861943936 -49.44245441494434 8.590574420711498 6.487368816185935 -32.976501705689564 7.549709919288994 22.44870304644075 -4.872267128307933 15.18287428203657 -1.5571737695022216 174.0740921617695 36.45985623283218 37.36699969059376 -127.88961009886818 36.60482339759589 130.6820704744617 71.60783780572672 7.549709919288994 22.448703046440755 -4.872267128307933 5.351688213644742 -0.04116540920030441 -179.5586456329753 -53.831358344955035 68.18671445599914 -107.9060334843018 14.482386635706392 -55.35671068554263 -41.490415604046305 -1.1929116456964477 0.08930970466205332 -4.281886640889364 32.39402146836969 -2.0566526948328576 -3.8348232591184104 39.706697326652865 -165.42307300565923 -1.0335538170409051e-15 39.7066973266528 -165.42307300565938 -2.067107634081808e-15 -1.2665484633012996 -0.5696145900654767 -24.217697916325037 21.494442294257702 -66.41400925909953 80.91115663666201 78.67738359916582 119.6335356252572 -0.0 78.6773835991658 119.63353562525718 -4.049944886716106e-15
41.219985485076904 -55.7305783033371 -0.01763720065355301 -0.0 -4.705881457737792 2.4019027968202615 17.519838638180143 0.47035411826672824 1.562099307916703 17.519838638180143 0.47035411826672824 1.562099307916703 17.519838638180143 0.47035411826672824 1.562099307916703 37.008062793933014 -32.2490324519348 -46.34759017841694 10.613692676500184 8.2172181116628 -35.696034012141354 12.011293000462397 43.131718299694064 -12.942433100883761 26.37079023969443 -4.655201671043878 169.61174979652915 -13.583471016903824 -10.34711958313848 -142.1386591724811 47.25445453020105 110.66912113675087 48.31519537643362 12.011293000462402 43.13171829969402 -12.942433100883754 1.9494883171005293 0.09296988079592182 177.26914014913442 -58.110683020301494 59.75588736086616 -116.33753591171518 14.78857869147812 -35.693387724793524 -33.106105517163975 5.880834287181328 -0.7335849554464009 -7.123198101829016 33.92932589121066 -1.977484447633411 -3.539697643954267 35.77466094019996 -163.73472091120422 0.0 35.77466094019987 -163.73472091120428 1.9601052156284045e-15 4.95737955818571 2.347024411182433 -25.374848654040836 35.44006591734332 -63.56841559364013 73.92095156601707 74.00377503493748 124.29656500406305 2.885390531871594e-15 74.00377503493748 124.296565004063 2.885390531871596e-15
41.709648072719574 -54.70871925354004 -0.019207783043384552 -0.0 -0.13945878763644534 1.3664572266646564 14.728493855129955 0.009637205253793964 0.03790608821220054 14.728493855129955 0.009637205253793964 0.03790608821220054 14.728493855129955 0.009637205253793964 0.03790608821220054 43.10273660033959 -25.74980672041218 -35.21776460148662 4.329623457911311 6.178228092346901 -11.838176522071592 12.353255283940443 33.43974044884238 -8.0835649750016 12.20879400636416 -2.542933177837529 168.1396990907061 2.8761854682472614 1.863619390617372 -147.0386413225841 52.89140554917316 103.42033055539918 47.09579269918249 12.353255283940443 33.43974044884238 -8.0835649750016 5.9581445545784755 0.14480374910599125 178.60527192788263 -46.46026022876949 47.66295782780752 -123.44326544745249 18.52558143088286 -54.862129818738346 -40.99058632501624 -0.4397780427066627 0.06251020743543662 -8.08993237340799 33.27872111646159 -1.8722230642616002 -3.4092157554193436 20.753235619293935 -158.1218422691584 8.503109241067311e-16 20.753235619293992 -158.1218422691585 8.503109241067315e-16 4.182074582950776 1.8173054309378736 -23.51281729818216 52.19434671983529 -22.19143664067174 27.306865622322782 64.31511737644742 71.77183423034626 -0.0 64.31511737644746 71.77183423034626 -0.0
42.12036579847336 -53.725358843803406 -0.01614931970834732 -0.0 5.388056177913535 0.22661952233267466 17.46622565913572 -0.5355266408107159 -1.783710499312602 17.46622565913572 -0.5355266408107159 -1.783710499312602 17.46622565913572 -0.5355266408107159 -1.783710499312602 47.76026332018604 -14.34045154424231 -19.05047931212299 2.4842026395871333 3.4839360359337848 5.423129035356735 17.1672541402499 -7.041373783902455 3.72210570745763 -15.805956801349895 5.009298505662299 162.161782301705 -51.486751704768245 -38.09969334671128 -134.94048177697158 43.250245664535335 41.14429878271938 10.622125975858081 17.1672541402499 -7.041373783902455 3.72210570745763 -1.372917881888948 -0.05091666843788007 177.87587194343473 -14.607483740726487 68.26706884664188 -95.74059097902968 0.5622973316242805 -48.64785023430126 -24.67423073022807 -7.892486089754107 1.2737078721589867 -9.197535607202715 27.692477552278476 -1.3537388511575739 -2.9110188963983608 2.167055259014759 -139.8238033310077 0.0 2.1670552590147603 -139.82380333100772 0.0 10.465773518132194 3.898804161527575 -20.56548640562581 23.65303025708337 -0.6677276223258523 1.6639459153590475 50.91783443044083 121.4402499491604 5.045022294603278e-15 50.91783443044082 121.4402499491604 2.522511147301639e-15
42.261916399002075 -53.247517347335815 -0.014799879863858223 -0.0 9.057602245942059 -2.475686730165506 22.068439405032905 -1.5082811464687267 -4.008814437049275 22.068439405032905 -1.5082811464687267 -4.008814437049275 22.068439405032905 -1.5082811464687267 -4.008814437049275 44.22673062163996 -17.998738046859447 -24.976109297938674 3.1113092001407687 3.604915181153697 -5.283198819410816 21.8241126956216 -4.768403529041593 5.227528602228669 -32.04165882743809 11.865468805580775 158.39535716357383 -54.028224998349295 -44.27768124598674 -129.69178052867156 33.722619604609896 37.46791683815776 19.07304799953565 21.824112695621604 -4.768403529041575 5.227528602228662 -5.854625243507135 0.312177144409823 -176.94245798560868 -39.183385801887106 58.001782073623204 -111.54251968978247 13.146678126425698 -37.2126977334224 -28.97421348421326 -5.55817209300262 1.0145072791524528 -10.361012279584084 29.570267938533963 -1.0237703713236168 -2.0738635369375524 0.9461595941225653 -131.5996112145321 0.0 0.946159594122453 -131.59961121453208 9.940588743029991e-17 7.15149974267356 2.489623109543777 -19.25182769065231 16.001745395029907 2.078332352680496 -7.49948084360412 35.096199529314866 137.7247428371708 1.943657961671194e-15 35.09619952931475 137.72474283717082 -0.0
42.79279261827469 -53.37647795677185 -0.012705218978226185 -0.0 16.32300247087333 -2.08100124306247 14.080605920846407 -1.061632104069853 -4.355796419013521 14.080605920846407 -1.061632104069853 -4.355796419013521 14.080605920846407 -1.061632104069853 -4.355796419013521 37.18357094066483 -20.22766760618287 -31.37010275650246 5.396371976138344 3.984418946974993 -22.276806199294782 14.544575481866696 7.123036246592015 2.3291955909113247 -41.03452929134753 15.064175751175776 157.7079086118396 -42.045202445296866 -31.758961572898333 -137.25205930148053 39.54419839246309 44.118367587963164 11.909355910813655 14.544575481866696 7.123036246592015 2.329195590911324 -12.459955377970848 1.2126966191164155 -174.39644129743084 -46.20351773581161 52.73425193510375 -118.77491787331479 9.627306233863992 -34.09606252160709 -56.12226364561305 -9.671945930521773 2.1904448875492415 -12.82559085946244 24.542413260543942 -0.7060714425761282 -1.6994623088734988 1.2088970349438837 -126.44567786395714 0.0 1.2088970349438841 -126.44567786395717 9.941446152337304e-17 4.60957175790992 1.1757711649014189 -14.32614841601488 15.163749968475342 3.1638245571387293 -11.931894552649664 27.142020400593452 134.62954342444897 -0.0 27.142020400593342 134.6295434244489 -1.7870724961266705e-15
43.42319369316101 -53.94974648952484 -0.014563556760549545 -0.0 17.251553831333744 -6.173976014197906 12.709180821982118 -0.9096163926697126 -4.127763892233538 12.709180821982118 -0.9096163926697126 -4.127763892233538 12.709180821982118 -0.9096163926697126 -4.127763892233538 33.480690800246244 -20.326249995044073 -33.88101733693833 6.649724522486739 3.189265199506497 -31.706952295807813 13.331857004901265 14.030271865175939 0.7435398684526535 -34.21938125510947 9.709331577019748 163.07745082129384 -49.055558977199254 -32.976737597442934 -139.3379094621392 43.867053381376124 42.71152602818385 6.121824170097392 13.331857004901263 14.03027186517595 0.7435398684526519 -15.510128030713604 1.2737782979321635 -175.24673613448786 -44.35563225036954 63.58519400649194 -109.15039418377279 15.481086008688726 -21.25339277235574 -46.61868298716131 -0.3120982834739661 0.08215665075766986 -14.748024365081626 27.970747363995713 -1.7418055773393073 -3.7096592958594714 -1.1137489367438194 -129.72953686423511 0.0 -1.1137489367438194 -129.72953686423511 0.0 -3.36768665779194 -0.7695280135443775 -12.879215558717531 15.38391239507993 3.5904181607704393 -13.307355238505128 40.32863586016518 127.78638872403137 4.172067481585873e-15 40.32863586016541 127.7863887240316 -2.0860337407929435e-15
43.976449966430664 -54.802197217941284 -0.014465302228927612 -0.0 18.096003678983973 -6.8623235045080655 11.964827483185216 -0.8449942008543899 -4.069409044406866 11.964827483185216 -0.8449942008543899 -4.069409044406866 11.964827483185216 -0.8449942008543899 -4.069409044406866 29.937183274855453 -17.529420795844683 -32.330910773167 7.1121774277618846 3.0981367540216276 -33.85766751255679 12.6184727925815 20.401593878038227 -0.5039333816376699 -31.593993362064875 8.097428407842878 164.80654638852135 -51.09998557081246 -30.875158940961285 -142.46609094420143 33.41692410573624 40.4265587345109 16.12539827273082 12.618472792581498 20.401593878038206 -0.5039333816376654 -14.60362090535925 0.7319951951299051 -177.09908414850037 -28.27269502774013 77.20204904917568 -96.14122981231993 1.7663971188403713 -19.294529329577326 -79.13610204022858 -3.43871024310486 1.018840532397502 -16.514819336294607 25.635269245685784 -2.8096911314914754 -6.471826808114904 -0.5281816875397138 -135.29098571675624 0.0 -0.5281816875395416 -135.29098571675632 0.0 -2.7419555794160466 -0.665739540366524 -13.65279087408713 14.79932923714496 3.2065437223396285 -12.370543062656521 32.041058697968076 121.51826031757135 -0.0 32.041058697968076 121.51826031757135 -0.0
44.48859840631485 -55.67740797996521 -0.012156274169683456 -0.0 27.20034025107038 -4.883766184524563 6.4695827875446446 -0.3799604044867686 -3.368322040868731 6.4695827875446446 -0.3799604044867686 -3.368322040868731 6.4695827875446446 -0.3799604044867686 -3.368322040868731 26.94048506629787 -18.245912719471907 -36.04141791698157 9.967812299035183 3.114471454181997 -52.319427689510974 7.182590813492435 37.12746142260441 -1.253576563211794 -22.13079576781034 5.578698384683876 165.46457682429283 -44.945688976914624 -24.411874314307276 -147.28012896578534 35.107325805948314 58.55291198424884 18.620944670149235 7.182590813492436 37.12746142260441 -1.2535765632117946 -23.11420511001225 -0.1530290877179006 179.61018676871706 -2.57011573358707 83.27114661039063 -90.30312691464857 -17.40863271314749 -8.75857429304158 -72.96259932141261 -9.024738053941505 2.9717010184901094 -18.311767993650474 19.200694338816653 -2.671144948980674 -8.074008312831868 -0.23277672381068212 -129.51077191678488 2.4848288517797994e-17 -0.23277672381068173 -129.51077191678482 0.0 -5.945736329716842 -1.6035926824630864 -15.123452795238446 8.32098707674034 1.5429170558633583 -10.543429078298006 9.615979018203902 101.3671495810863 4.032349928131445e-16 9.615979018203367 101.36714958108631 -0.0
44.8609322309494 -56.36622905731201 -0.013307947665452957 -0.0 17.953255034213353 -4.3257734936292245 10.375440580178802 -0.6245947155107432 -3.464002220614807 10.375440580178802 -0.6245947155107432 -3.464002220614807 10.375440580178802 -0.6245947155107432 -3.464002220614807 31.00131484460107 -28.514863782895723 -46.528134099312304 10.678426218885845 1.7692644221935288 -58.7785194929536 10.752980800916532 28.472938421061492 -1.9842736957788014 -17.844458736213216 4.819465420954805 164.61590374664684 -40.862316995025786 -20.68406695477226 -150.01162285274373 41.16516515084627 74.52141458288058 26.126886868300083 10.75298080091653 28.472938421061514 -1.9842736957788052 -18.39927628112375 -0.5091102026328376 178.3874226359794 12.383178408698486 80.69728069160912 -87.98815531838704 -33.18715446779658 -22.95922917630752 -72.27189189639218 -14.682153032949346 5.0881429021412625 -19.356317859974702 16.54919228572728 -2.3232726801796426 -8.106403794306313 -16.480239236866584 -144.67722836800826 0.0 -16.480239236866566 -144.67722836800817 0.0 -11.843172781379716 -3.378423501534116 -16.047264161230242 2.057195600101497 0.3505169448134641 -9.671685537072449 2.02873184438684 97.64962249846405 -0.0 2.0287318443872695 97.64962249846407 -0.0
45.055392384529114 -56.78556561470032 -0.011587422341108322 -0.0 12.856239087286495 -4.018310904250747 12.218405852849157 -0.614723161706108 -2.9022134704385674 12.218405852849157 -0.614723161706108 -2.9022134704385674 12.218405852849157 -0.614723161706108 -2.9022134704385674 25.25662883809831 -34.27809200039059 -57.953688468312755 13.234425897640554 1.927704433238198 -64.09461266585116 11.608634667297759 35.55222905341751 -4.810558053269647 -20.307724345048186 5.907294657791666 163.39925378791384 -42.474681861651796 -25.042646976766758 -145.32071200224416 43.60890668166459 76.67251501205367 22.705010191351484 11.608634667297759 35.55222905341751 -4.810558053269647 -16.321705656903234 -0.8735953157176317 176.89425948844848 0.2972929114982949 80.76058915246836 -89.9516394032888 -28.894298356746006 -22.800496339980977 -69.98281098551183 -15.596497895530653 5.486586175250062 -19.659682835726805 16.49268455925764 -2.2737953459215987 -7.9619010027205 -23.529045853935852 -132.7096384928637 0.0 -23.529045853935834 -132.70963849286366 0.0 -11.203283391165817 -3.247654576263656 -16.280576731361204 0.6449446937518515 0.11196806091504133 -9.849101018848517 -11.551093323628491 83.84543424395238 -0.0 -11.551093323628189 83.8454342439524 -0.0
45.29768377542496 -57.214102149009705 -0.01317579299211502 -0.0 9.980969970710534 -2.3655402566837282 13.04912324272643 -0.5425844080140411 -2.401751724971303 13.04912324272643 -0.5425844080140411 -2.401751724971303 13.04912324272643 -0.5425844080140411 -2.401751724971303 26.333759148971843 -40.50076766293088 -62.553808872512136 12.474821541100573 2.717509243382779 -59.26384119504763 12.950662019509117 22.689562503898458 -2.893331117577919 -14.787490457284843 4.41155109221833 163.18174944182704 -38.77560384973681 -22.071656250481073 -147.07883290245198 46.7454537105005 92.96351048688088 33.11699568734537 12.950662019509117 22.689562503898458 -2.893331117577919 -8.220881668083678 -0.43708011633231225 176.94611045649128 -8.1575245507913 77.56833266497085 -91.79162183520928 -13.752558289603273 -45.62296692125402 -63.1574263741014 -13.63797539486324 4.944995456402987 -20.150529162365707 18.15430267731788 -2.5422024139367894 -8.109903268633502 -20.330329122732046 -123.64002822417977 1.6959247070768835e-15 -20.330329122732238 -123.64002822417982 0.0 -7.6266170180568045 -2.1719900034975916 -15.948367831182338 6.177866906025202 1.125986253951244 -10.350335955925063 16.652342705089104 115.6316701632223 -8.299456070775812e-16 16.652342705089456 115.63167016322242 -0.0
45.27880400419235 -57.71710276603699 -0.01761780586093664 -0.0 7.885299231254964 -3.7193768317556373 18.08736787716135 -0.8483531095249595 -2.7306381953964802 18.08736787716135 -0.8483531095249595 -2.7306381953964802 18.08736787716135 -0.8483531095249595 -2.7306381953964802 28.10749288849141 -43.275293377249035 -63.417524131252016 13.73599164976997 3.2014235109680302 -53.8072837569762 17.1962738541773 -12.63028694124593 6.312913184869481 -16.910165438605723 5.273618248627041 162.39413224599124 -44.668882103205725 -25.62027456380687 -145.70028030999504 49.43902538411708 75.02388447332527 27.31963573734377 17.1962738541773 -12.63028694124593 6.312913184869481 0.13688385499033665 0.0047813232329733885 177.99948233639213 -22.547609998049424 70.78370996977992 -97.61269562512724 -29.126105915220958 -52.291466347611276 -56.891589563306326 -5.600188158350332 2.009107683240045 -19.772313212915538 24.373694076013862 -3.4027354649408834 -8.198620673484703 -7.20717066674151 -147.25606091812506 0.0 -7.20717066674151 -147.25606091812506 0.0 -2.7194828733118204 -0.7898511409384694 -16.202234878447353 8.49591915736682 1.5296375776738091 -10.245493119296128 19.326215590948497 147.53263600678403 1.6852413185152432e-15 19.3262155909486 147.53263600678417 -1.6852413185152444e-15
45.27774453163147 -58.18144381046295 -0.018227449618279934 -0.0 7.420060763197784 -4.9029720374533925 19.353613202129683 -0.9226867122455717 -2.782282195759926 19.353613202129683 -0.9226867122455717 -2.782282195759926 19.353613202129683 -0.9226867122455717 -2.782282195759926 28.67726725854123 -44.376851381536625 -63.87533384673294 14.499849086950999 3.7888435777588 -53.11307703273234 17.87345466300835 -17.296573063993325 8.041156870349939 -19.187362315002108 6.452462561590729 161.01105217655902 -46.78055219203051 -29.249478817639012 -142.45865318736452 44.8906538171961 69.40920808811947 24.50325069602162 17.87345466300835 -17.296573063993325 8.041156870349939 -5.796449571361418 -0.3061917166508203 176.971034211751 -17.02885311839397 71.54967567503347 -95.58037621163524 -5.584559458708057 -44.141442577447755 -51.161527309649394 -6.316059958718149 2.305101594497863 -20.097392655489877 24.830284333298465 -3.333882528853752 -7.897674406826319 -6.16421128626703 -141.279672034314 0.0 -6.164211286266908 -141.279672034314 3.9988135731389076e-16 -2.040298776202364 -0.6082363241853107 -16.603823622162846 9.817931928358869 1.7668094216192038 -10.253826672145454 20.684802039218138 145.22099953664565 -0.0 20.684802039218006 145.22099953664582 -0.0
45.21181136369705 -58.43634605407715 -0.01961098751053214 -0.0 6.64405204960098 -5.576596122529008 23.144579024916826 -1.2228743967180273 -3.1086413445740293 23.144579024916826 -1.2228743967180273 -3.1086413445740293 23.144579024916826 -1.2228743967180273 -3.1086413445740293 27.645404004002913 -45.36061891830726 -65.38304142077132 14.906893026157224 4.584785034394096 -50.37479461631955 20.70505467070119 -22.20334272296191 11.020455081035122 -20.25825908299104 7.31852289971762 159.64922504185037 -46.69469300869144 -29.277627265166526 -142.38769839859214 42.78639479397732 63.9754559469091 23.497650403084638 20.70505467070119 -22.20334272296191 11.020455081035122 -10.325937880110926 -0.533562450904599 177.02590966230613 -7.803296181507979 74.603639317484 -92.141218372714 -5.015263773943227 -35.97793602251476 -50.63433239741128 -2.6864051181773965 0.9786919039481845 -20.025878368195986 28.049790512920435 -3.7040037514609665 -7.838577492142068 -4.168861090236818 -137.98619089479666 0.0 -4.168861090236699 -137.9861908947966 0.0 -5.060470595066777 -1.552991020253679 -17.085402683944455 14.20665370088093 2.468010480530971 -9.96091701567957 17.81806701715659 141.03008526253623 -1.670401575219899e-15 17.81806701715644 141.03008526253637 -0.0
45.214928686618805 -58.97367596626282 -0.0202390623599058 -0.0 7.440145969893555 -6.650483787007588 23.96047905149179 -1.483372636053075 -3.648546493904853 23.96047905149179 -1.483372636053075 -3.648546493904853 23.96047905149179 -1.483372636053075 -3.648546493904853 27.56351064681045 -46.36010866092935 -66.18966480794656 15.40646446191097 5.2945772925980545 -49.50977402612193 20.400153568050367 -26.79614154470441 13.344699924003976 -20.50792250011075 8.267914174180202 157.47235818668653 -44.80666389088536 -26.738682671970977 -144.43946370331713 38.98269510646315 67.62734912826227 25.19300028069717 20.400153568050367 -26.79614154470441 13.344699924003976 -10.786297531427728 -0.5322273866086914 177.1583410427435 -0.5008270837200514 73.97800260221206 -90.14381583573426 -10.420100348731266 -35.58390138172149 -61.73116362558845 -4.630168271521554 1.747555295279963 -20.704404067126625 27.853269739677444 -3.5186558197143722 -7.497617609833654 -3.01789969084543 -135.6659127045483 1.990607377978738e-16 -3.0178996908453084 -135.66591270454833 1.9906073779787374e-16 -3.1200301421051138 -0.9910198480962371 -17.631309248466902 17.04275430854861 2.9465457054593944 -9.960839082353392 17.88443094892418 133.35497710163102 -0.0 17.88443094892429 133.35497710163102 -0.0
45.313650369644165 -59.59914028644562 -0.0194064574316144 -0.0 9.593109938428602 -8.624361764708087 22.056148651438942 -1.598047281936102 -4.248912600685176 22.056148651438942 -1.598047281936102 -4.248912600685176 22.056148651438942 -1.598047281936102 -4.248912600685176 30.823308422959784 -42.93681982570122 -61.15887889554857 14.428811846415902 5.03434122826603 -51.12406003272039 19.913931923369248 -19.109504645717514 10.564169869437004 -12.777770597046072 5.554920075194715 156.26316079759783 -39.91888955185329 -21.658294467864536 -148.24949400950243 41.38236695372181 78.54714672058735 37.51044816290843 19.913931923369248 -19.109504645717514 10.564169869437004 -11.113109035705323 -0.20854608517531084 178.9181528775731 14.667144154507776 72.84501948557353 -85.53076060923655 -16.141245978519276 -35.68888923258874 -64.17575975175578 -6.041996574328464 2.4567508688784723 -22.176636933152313 26.797699304662537 -3.1602356690277627 -6.981985564020175 5.349898596566378 -135.02419903912715 0.0 5.349898596566444 -135.02419903912715 -3.993087739069441e-16 -2.3331433457967474 -0.7601537906581691 -18.05161299405925 19.43396774476708 3.483622227911186 -10.368363324534064 16.71977719492276 133.74825927017596 -0.0 16.719777194922525 133.74825927017588 -0.0
45.37317603826523 -60.49428582191467 -0.017541996362524515 -0.0 25.785129796871548 -12.978811601197277 10.540979987189361 -0.966472040160901 -5.268637218345551 10.540979987189361 -0.966472040160901 -5.268637218345551 10.540979987189361 -0.966472040160901 -5.268637218345551 35.62743436956714 -35.74855238023056 -51.02008926223998 13.921642313507837 5.525657694837575 -47.0591311631468 8.173471665970206 -20.64346497511631 8.499560452439615 11.464104258874949 -5.583677953264315 153.80831526348175 3.2490889706440407 1.4472694192332662 -155.9740175415336 26.03093087715391 135.68519844660753 69.83538834232968 8.173471665970206 -20.64346497511632 8.499560452439617 7.374375699020442 -0.17179889407549115 -178.66174224944936 -10.043797077673542 52.656725502050854 -97.5796034570795 23.218290405769004 -95.78406393838742 -56.78133850544526 -7.394698993890745 3.445646816455343 -25.071224809241684 26.727878640820947 -2.6387444380926866 -5.850818226267768 9.135054371367447 -135.9524527407294 0.0 9.135054371367572 -135.95245274072948 0.0 1.3612009810875452 0.4846955143763957 -19.601897988194978 18.559931248346714 3.204847970067672 -9.977182541547139 16.884909304792526 135.93207335053626 1.6619226314486416e-15 16.884909304792632 135.93207335053626 -0.0
45.423802733421326 -61.524897813797 -0.0171154853887856 -0.0 35.12402446595746 -19.145896848373003 9.58478278160371 -1.1662942117162791 -6.970849152385346 9.58478278160371 -1.1662942117162791 -6.970849152385346 9.58478278160371 -1.1662942117162791 -6.970849152385346 38.82867713390068 -29.7924489289065 -42.40031799263407 11.105299045032252 5.554550229364966 -41.12110730465532 7.232460045900087 -17.593336200302563 9.389748071283861 8.413999897305878 -5.325055688642844 147.50302603985907 -6.7084995504599005 -3.2490912328494153 -154.08238188030356 29.2223709448744 132.39753788594902 65.76877534766706 7.232460045900093 -17.593336200302538 9.38974807128386 1.9218542386198108 -0.11723769109310535 -176.50848877591716 -23.29816763694335 56.1853456039552 -104.83802392852138 -2.972229557270717 -84.15944326186934 -57.090452446918775 -9.21633114259046 4.928765066338074 -28.299265725764535 27.95164550740001 -2.2114015702951484 -4.709604356391489 5.25138552073496 -131.06420468459635 -3.9924508073106045e-16 5.25138552073508 -131.0642046845963 3.992450807310605e-16 -4.0385857293375516 -1.598076466583838 -21.610132363017847 17.74727453652322 2.813032092362132 -9.157181617728138 18.084346873212354 122.91573798119583 -1.6729185598059708e-15 18.084346873212297 122.91573798119597 -0.0
45.485611259937286 -62.90253698825836 -0.019233115017414093 -0.0 34.61979083817621 -27.04019602548147 13.76061246258137 -2.4473452999900784 -10.186330721277523 13.76061246258137 -2.4473452999900784 -10.186330721277523 13.76061246258137 -2.4473452999900784 -10.186330721277523 44.024751902119284 -28.315465113858878 -37.78555810704639 10.138068914141472 5.771210691719696 -31.49151763594213 9.367390173911488 -22.866888591177222 14.324806941260332 26.988660550216313 -22.64455985087408 137.40895682327317 31.94065040930656 15.145456252454577 -152.90443805469957 25.154229765302663 150.94840680991703 88.26181373169648 9.367390173911485 -22.86688859117723 14.324806941260332 28.890207919607306 -5.966869792412285 -167.7929018866711 14.844593579305348 -14.361662541777429 -135.01732676539544 4.31592598689725 -130.85690301153267 -82.82196778559636 -2.5763939974260666 1.5595593391813611 -31.202453070792956 26.24410378417026 -1.63474924292163 -3.6927668988874265 5.796014458089589 -137.0062622711627 -3.996122585536541e-16 5.796014458089645 -137.00626227116277 0.0 -5.1579022600323015 -2.321983121453748 -24.27705608703762 13.120709128466034 1.8843810596731927 -8.24668766219862 18.178343938050705 131.8145331345989 -0.0 18.17834393805097 131.81453313459903 -0.0
45.664724707603455 -63.8131707906723 -0.019026710651814938 -0.0 36.312981272698394 -27.325825353236837 14.339831882212206 -2.8614649444113627 -11.409778524383515 14.339831882212206 -2.8614649444113627 -11.409778524383515 14.339831882212206 -2.8614649444113627 -11.409778524383515 40.71110371625153 -35.00831877260817 -47.039866869016876 10.646864515581163 4.8364782267805335 -38.470438671255394 11.81889227256331 -14.29884956627963 14.006877038602779 34.065254314436025 -26.20929872368545 138.6901604054395 45.69119539178393 16.733106994391367 -157.21089357329427 31.39658239193884 156.0547203964425 97.66479924007808 11.818892272563312 -14.29884956627962 14.006877038602775 48.491286876120874 -16.247914521634986 -158.73536898719158 39.78831552294721 -38.50657009783214 -128.81117639436698 -1.5440282616992909 -144.46484415774717 -104.66417015134425 1.3064246929963699 -0.8958886837536029 -34.44511211980103 22.615266650265905 -1.31783290104022 -3.4235498725828544 5.69073909573361 -138.18197302875734 -3.9953841618237373e-16 5.69073909573356 -138.18197302875734 -3.9953841618237373e-16 -6.471310414940849 -3.0192076534058936 -25.078626316572652 11.001667498725574 1.5320390611839192 -7.977926242559323 15.023593082947778 137.5245118726983 -8.232790320940788e-16 15.023593082947903 137.52451187269844 8.232790320940793e-16
45.99745571613312 -64.26590085029602 -0.021008698968216777 -0.0 46.63222911092559 -29.009129521122276 9.345997028038271 -1.697202413349152 -10.340323059565751 9.345997028038271 -1.697202413349152 -10.340323059565751 9.345997028038271 -1.697202413349152 -10.340323059565751 28.859445537728423 -48.345349086567474 -66.76364180521367 13.252146804878784 4.220178807909635 -57.492696566213375 11.707445548320555 13.46910626239496 7.553193574193882 21.784446343434162 -10.497179396538717 153.46827675450456 25.340136112405478 7.252755928500751 -163.4399327681516 37.35465495068399 142.5655978648603 82.50785090472263 11.707445548320559 13.469106262394991 7.553193574193876 26.40250058981783 -4.307201696229314 -170.38675250349397 -8.750246041464097 12.524619501431264 -124.40376131137307 -25.010398031025073 -109.31206124739278 -81.80454296407274 -10.44853354479265 7.665651310336273 -36.58184080108749 17.819466958804075 -1.1139117438504051 -3.635582523406842 5.788913613274225 -133.463366254248 -3.99607234580445e-16 5.7889136132743415 -133.46336625424803 -3.9960723458044507e-16 -14.872638082968951 -6.783314194479078 -24.864102171021898 12.853106688874657 1.7877927492145953 -7.987212886719521 18.148654531135197 129.9314103137029 1.6735329821812328e-15 18.148654531135143 129.93141031370277 -0.0
46.23325169086456 -64.34609293937683 -0.020780786871910095 -0.0 52.40336500683164 -21.675901204120425 6.783402537458894 -1.0794687846676654 -9.06374251283813 6.783402537458894 -1.0794687846676654 -9.06374251283813 6.783402537458894 -1.0794687846676654 -9.06374251283813 9.848901088841057 -52.807356932592704 -82.60437052272142 18.377313072401623 5.143539331741757 -66.42994090192873 10.93150647094732 37.46803554027822 2.8957418728519415 18.566218494474032 -8.506419110865616 154.8386617064048 26.379194707030095 6.96240881350324 -164.63173225390872 35.95898597873446 143.12725477837043 81.12359304429064 10.93150647094732 37.46803554027823 2.8957418728519397 19.34681872917836 -1.7490804165183331 -174.73356414593385 -30.83526772395629 26.47565858817854 -135.8231457347027 -0.5855302673706358 -90.94923679244937 -78.40133735638854 -4.982559688253502 3.6430881717326793 -36.24434410516938 21.297242623725765 -1.6119622917000396 -4.430463812295057 5.162615598145017 -129.7858074042977 -3.991887150015419e-16 5.1626155981450825 -129.78580740429777 3.99188715001542e-16 -20.160120347350198 -8.755349862592325 -24.078274634182105 5.952533716212378 0.843072068933575 -8.076229157596464 15.019840428020151 102.1603713068865 4.1163228102759953e-16 15.019840428020007 102.1603713068865 -0.0
46.45162373781204 -64.6190494298935 -0.022887811064720154 -0.0 39.43096617152519 -16.304403199516123 9.178986552668366 -1.2531480306521487 -7.808335519601656 9.178986552668366 -1.2531480306521487 -7.808335519601656 9.178986552668366 -1.2531480306521487 -7.808335519601656 -3.1013058905162967 -47.98344977926231 -92.7904783189664 20.585762087268318 4.009574384862744 -72.20818513805534 12.02804218944265 40.224671954309656 -0.16541078632725933 13.458711236502209 -6.414249188273743 154.21862568597024 22.450695614370282 6.647884027194997 -163.02799583251596 42.70231150898212 135.3702230406749 74.48899289894835 12.028042189442647 40.22467195430962 -0.16541078632725204 7.190522509320202 -0.03759661224841977 -179.69963620099492 -47.795024764955876 44.75679357929412 -126.7619994610369 -8.209492925828926 -41.89412106410471 -63.76251088052691 1.5495174261879836 -1.151635522300256 -36.627583969185984 27.90865535184552 -2.8173323862396416 -6.00193207396726 8.876594020095716 -120.6679902071601 8.047775031642121e-16 8.876594020095792 -120.66799020716013 0.0 -22.92196025448199 -9.530322463680935 -23.318786516265092 12.583939091411857 1.8537737446805396 -8.449809141957529 23.5077105071772 92.07521060140334 -0.0 23.507710507177336 92.07521060140334 -0.0
46.50633931159973 -64.73425924777985 -0.032495614141225815 -0.0 27.57510701057372 -14.853130297879463 13.601288908724054 -1.7816795119751283 -7.535028841438635 13.601288908724054 -1.7816795119751283 -7.535028841438635 13.601288908724054 -1.7816795119751283 -7.535028841438635 3.4307525564442494 -55.38421378485568 -87.63464650296169 18.47905226308769 3.732124340188705 -70.40454479330793 15.290166414987993 17.58063536430053 2.6607644299177555 15.156512397208372 -7.53564191347584 153.16262516954322 21.511571644162508 7.43393764195436 -160.4128196569732 41.912722796517066 136.97741020721912 78.74748078314936 15.290166414987993 17.580635364300573 2.660764429917744 -3.7339315060652507 0.10080622205069702 -178.45244569242413 -38.70834472305772 57.933884246828725 -111.39376108967608 -21.242577688248947 -61.33201557183455 -49.400635873699024 -9.243620392038753 6.763921268197374 -36.4405489940493 21.60561715565338 -2.388204214132034 -6.4621020175455 16.470573257762933 -134.19810179299807 -1.6583259555444596e-15 16.47057325776308 -134.19810179299807 1.658325955544461e-15 -36.23552256384205 -15.994307364881186 -25.869581064140924 9.161092098813647 1.3427312174167167 -8.37505042886732 11.343793669471426 96.60377438356286 -0.0 11.343793669470909 96.60377438356284 2.0274537928722888e-16
46.40966057777405 -64.41405713558197 -0.036626774817705154 -0.0 17.112933882660872 -13.857301694684391 21.773671757398013 -2.8633711322270035 -7.679322459653961 21.773671757398013 -2.8633711322270035 -7.679322459653961 21.773671757398013 -2.8633711322270035 -7.679322459653961 4.346760985076658 -54.91508654124056 -86.9525597272782 18.80782894213791 4.632737316144999 -61.85001980259918 21.926831910671762 -1.6005261175914538 7.209297425906437 -3.3646191680271134 1.6075455304146153 154.4438276610575 -19.143171413847845 -7.134543101893377 -159.1084393526538 47.11981901957742 112.51334239155787 56.02664280724399 21.92683191067176 -1.6005261175914547 7.2092974259064375 1.7414661228985748 -0.03773471895784498 -178.75849727334628 -39.13119649749901 53.232291174328594 -115.24703291267055 -0.9104914510414528 -58.48474581708536 -54.774941213671745 1.560422507295047 -1.0618540526977278 -34.241295285040316 31.07827057235108 -3.5195350972054436 -6.794605914918947 12.91164605965346 -138.41507772596395 0.0 12.911646059653604 -138.415077725964 -8.157646298703742e-16 -28.66364373438166 -11.780911363672786 -23.499813116207452 6.046485818543734 0.8842871607459832 -8.33631342791821 17.33826572946833 121.47210215505798 -1.6659759895312526e-15 17.338265729468105 121.47210215505788 -0.0
46.32849246263504 -64.1680896282196 -0.032946234568953514 -0.0 12.104992805641913 -13.138703095585056 22.62964093055574 -2.1548539357812784 -5.585210487593559 22.62964093055574 -2.1548539357812784 -5.585210487593559 22.62964093055574 -2.1548539357812784 -5.585210487593559 3.4150675965420927 -54.98878157506904 -87.61054972003556 19.899564881534193 4.3700180482673865 -73.57986444540548 23.155437919926193 6.000072634862423 2.4083259419403795 12.897791399722577 -5.700915481639114 155.90393313549086 13.114416426499373 6.09468117705424 -154.79876892436437 34.74429995692266 138.13472184873203 83.28825213323677 23.155437919926193 6.000072634862448 2.4083259419403693 7.3314927624604715 0.29497524682716475 177.68969155775588 -35.01561785936784 58.118650671894 -109.64147050660121 -2.5481288396228505 -55.58543378345963 -58.844660343354576 4.54821591376702 -2.9119541315776334 -32.67880204614293 29.973621032705367 -2.7812058949799594 -5.553768492445585 9.5528860905089 -144.3823024093821 0.0 9.552886090508833 -144.38230240938208 0.0 -26.017048455039426 -10.662351389672207 -23.22987235867217 19.25728655524292 2.889447611081546 -8.700855494754128 17.855929893847367 146.15930689911218 -0.0 17.855929893847456 146.1593068991121 -0.0
46.116167306900024 -64.06615674495697 -0.02827098360285163 -0.0 6.569168859889308 -13.368094161452994 23.822518866743433 -1.2900266827260627 -3.191123501435711 23.822518866743433 -1.2900266827260627 -3.191123501435711 23.822518866743433 -1.2900266827260627 -3.191123501435711 1.986447485193166 -53.490558071168564 -88.5302165695769 18.978353369496137 3.9443863042409366 -73.82681761465271 22.849111280919804 -12.452733740406249 7.624875827424982 10.586508822444298 -3.868922044671084 159.79107712951915 32.00199814436389 16.971732259163797 -150.06286763316865 33.35994689577051 136.5354060147973 87.0359264288873 22.849111280919804 -12.452733740406249 7.624875827424982 9.384411919717607 1.1412372966704982 173.03460738521565 -38.994404380840315 45.32134062536989 -121.89093160596396 1.744648097973153 -62.29643613829359 -70.76683317785523 10.033197350643027 -5.999472345246318 -31.099868755542467 29.78053534177007 -2.386241247795777 -4.795939293215751 6.670911222349032 -144.66991306759965 4.0027932440467743e-16 6.670911222349132 -144.6699130675996 -4.0027932440467753e-16 -18.705230862277297 -7.733885888784443 -22.95134893206506 25.104615657931816 3.711505041032206 -8.692867199206061 15.709267467211019 150.0108204338604 -8.2599111974349195e-16 15.709267467210832 150.0108204338605 8.259911197434911e-16
46.00842893123627 -63.80399763584137 -0.027418113313615322 -0.0 3.1879493925641293 -10.157262770917084 28.341010429398768 -0.9293927812980993 -1.9571875457859618 28.341010429398768 -0.9293927812980993 -1.9571875457859618 28.341010429398768 -0.9293927812980993 -1.9571875457859618 5.917763094742337 -60.775086195621064 -86.69883707160471 16.513969936151184 2.997220022022706 -67.71256606074262 24.99524691703735 -27.25589182869085 13.946657508502433 30.039536023095106 -9.868718975338354 160.8368655517881 44.28139398056456 29.173010624256932 -141.35436480772927 35.667519710755364 143.4909942385411 98.28050736055525 24.99524691703735 -27.25589182869085 13.946657508502433 8.606523817648558 1.2353591341450982 171.80006348613074 -41.70723822149834 44.297700972518285 -124.28766211518824 -40.04961058359078 -67.71267209062296 -27.166370164184784 -0.7475392119711366 0.4099490389042138 -28.74137490551507 26.793268736896827 -2.1506421803042324 -4.762257712242061 3.2614875504393788 -158.08028965551821 0.0 3.261487550439446 -158.08028965551821 1.991071646842196e-16 -17.573207320027823 -7.325336340167368 -23.063203841450783 22.523925515015875 3.207604971074744 -8.323149417469635 12.762074289064445 148.81657939987755 -8.152795065575609e-16 12.762074289064335 148.81657939987747 8.152795065575607e-16
45.95790654420853 -62.67153322696686 -0.026739260647445917 -0.0 1.797750853811987 -4.832001955434213 32.772650604718244 -0.7457175993051501 -1.3774367367950782 32.772650604718244 -0.7457175993051501 -1.3774367367950782 32.772650604718244 -0.7457175993051501 -1.3774367367950782 -1.1506524612746027 -64.20927968377502 -90.55596241534927 9.997200164768572 2.806162280211111 -58.335401555028795 28.295627271925568 -31.544514406006822 17.32136337572359 16.927965076118085 -4.517729025964496 164.81756605609735 4.213160218556744 1.5518455727852984 -159.7582833464311 46.811862672238455 117.97470240636268 76.18801788032229 28.295627271925568 -31.544514406006822 17.32136337572359 6.452143323848712 0.8313299180599463 172.6422626847479 -40.40510415868397 48.74683132159114 -119.6186118167876 -25.26050164242467 -61.27696949310951 -12.073127645273171 -6.151883360886156 3.016926074598738 -26.18819251511828 26.95796806294793 -2.325080950013395 -5.117977877502499 2.375266913606374 -157.84227254149388 0.0 2.375266913606374 -157.84227254149386 0.0 -13.451867813333768 -5.009946036318607 -20.648392124419658 22.390629778093754 3.2061891601618484 -8.365814622614526 11.603647124175902 154.84530615168154 -0.0 11.603647124175744 154.84530615168154 -0.0
45.956383645534515 -61.27927601337433 -0.02640007296577096 -0.0 1.3584867083498129 -3.3923751734755765 31.94412069382161 -0.5283831340136032 -0.9985875439913388 31.94412069382161 -0.5283831340136032 -0.9985875439913388 31.94412069382161 -0.5283831340136032 -0.9985875439913388 17.5544034803141 -59.80453940372412 -80.04540757691487 12.013631790238787 4.741999893972762 -55.88188525309087 29.48947812890028 -23.613652972698187 12.912216855920787 -7.3801114311195235 1.7759230790975162 166.42950888881418 -40.940871830366156 -19.130125994574207 -152.10565564486512 56.43880736324064 72.51821753913002 27.690690417606348 29.48947812890028 -23.613652972698187 12.912216855920787 -5.56709392351352 -0.7283782229012744 172.53396324153894 -47.2792230863238 52.16454327927816 -119.70890518780008 -12.57048948036149 -45.9478180300036 -20.376984830571168 -5.58096400523962 2.3910888702180513 -23.23694736748482 24.77105057579172 -2.393622916973386 -5.697268281003412 -2.0552833579276997 -148.44227541297602 0.0 -2.0552833579277943 -148.44227541297604 0.0 -12.471964207435152 -4.1951272544444285 -18.75968871233802 17.076471310699084 2.5024990593864462 -8.46539210423994 10.307166830505258 154.9203189145684 8.081805508172067e-16 10.307166830505329 154.92031891456827 8.081805508172067e-16
45.958638191223145 -59.890216588974 -0.02460321702528745 -0.0 1.429204136315746 -3.653134645842528 29.310971583646708 -0.45068386116926507 -0.9205492703053837 29.310971583646708 -0.45068386116926507 -0.9205492703053837 29.310971583646708 -0.45068386116926507 -0.9205492703053837 22.512376663045416 -56.408394522371 -75.73178981552523 11.717837036500278 4.493818221917469 -53.340015114879016 26.021938297284034 -28.214744317662454 14.01846074087522 2.2084567424874724 -0.5570130137799809 165.8404079881845 -29.193534241082542 -14.437110815632558 -152.17430631848092 61.49897299073558 99.81738869044946 46.565808759060225 26.021938297284034 -28.214744317662454 14.01846074087522 -9.205486268260364 -1.1786064709136754 172.6717753095455 -46.213076496584875 57.07505615093045 -115.05494917575511 -12.020560089768816 -48.07147440431763 -23.887404650787733 -4.2483235842988885 1.5899810880500023 -20.540982664646847 23.787585732766118 -2.658132657334275 -6.5660243098762825 -0.8158157628833239 -144.43814709099237 -4.97012050178411e-17 -0.815815762883427 -144.43814709099237 4.97012050178411e-17 -14.869683159187243 -4.758309904359002 -17.971374455382644 12.604758330064362 1.7959290641662846 -8.176474991977456 7.632569867081493 147.1770138380082 4.0112320706472333e-16 7.632569867081254 147.1770138380081 4.0112320706472313e-16
45.93309462070465 -58.21402370929718 -0.018128182273358107 -0.0 2.564714715498021 -3.302030652433597 27.04138901474208 -0.6690800290719314 -1.4714326384187453 27.04138901474208 -0.6690800290719314 -1.4714326384187453 27.04138901474208 -0.6690800290719314 -1.4714326384187453 24.33555774036869 -50.65568515704302 -71.33420561735264 11.546223863237836 4.693763365789384 -43.62138229430322 22.025628954952175 -35.12909243354982 16.160777010003727 -15.242534911595877 4.414119549071515 163.63682909902735 -54.94409482186779 -35.79523780174133 -138.62322530113812 41.336364844466196 39.959600375594576 26.75025934656826 22.025628954952175 -35.12909243354982 16.160777010003727 -18.727556812089475 -2.061267127421828 173.60390858275272 16.850197652003164 77.57144845245078 -86.34470709861272 -27.084314149293032 -31.87212906075826 -29.47372484538292 -5.201328591304069 1.7351388140480584 -18.477365559111863 19.23832999268038 -2.289918740638915 -6.9195764149193275 -0.6350940754367566 -134.32827137304676 0.0 -0.6350940754368796 -134.32827137304673 0.0 -13.034939137040803 -3.9559018527092777 -17.045836290153133 11.74673070091202 1.6298654632248142 -7.9564078193195975 8.799442674757522 145.13745292308747 -8.046090235605169e-16 8.79944267475778 145.13745292308755 8.046090235605176e-16
45.88381499052048 -56.42050802707672 -0.011727999662980437 -0.0 3.964275610788287 -3.1003297320784693 24.118737309079485 -0.7967719026737501 -1.949239787705527 24.118737309079485 -0.7967719026737501 -1.949239787705527 24.118737309079485 -0.7967719026737501 -1.949239787705527 20.556773744587165 -44.42486167028528 -70.28960674221302 12.273523536577247 2.9843342140236695 -42.20593271851552 19.45306394191152 -34.20695411980743 14.67086531820507 -22.502672819273734 7.382737472030112 161.2966177089307 -53.413388272905394 -27.587847000227818 -146.94627522919325 42.291812570887195 50.084549212914446 24.956832080783283 19.453063941911523 -34.20695411980742 14.670865318205067 -7.0876421651480745 -0.5953086686769264 175.18647274533456 36.818141170584454 70.63714275366486 -78.1071780077252 -36.754233970257204 -33.83559730124504 -42.15988647378242 -6.945591652405821 2.137826800751964 -17.155175912318608 17.418224210615858 -2.1163546889201768 -7.037578706265238 -2.452832070589676 -130.9838082116867 0.0 -2.452832070589608 -130.98380821168666 1.9896696269902659e-16 -10.06032317262377 -2.915011488361644 -16.2513537913269 9.043265132438549 1.21054337211618 -7.65686251806461 10.356708373254156 140.0160197700537 -1.6166159149592447e-15 10.356708373254397 140.0160197700535 -0.0
45.92777490615845 -55.30551373958588 -0.013019717880524695 -0.0 10.064554493746348 -6.711302727005574 20.826526550638135 -1.4789360161820901 -4.153326683591998 20.826526550638135 -1.4789360161820901 -4.153326683591998 20.826526550638135 -1.4789360161820901 -4.153326683591998 30.838418501112358 -44.48312778051928 -62.437604693329725 11.544823210708056 4.2471164970366395 -26.38475889637691 13.875561044568709 -40.422683047179305 16.21367097262752 -15.45044533575148 6.090937990017542 158.17129124070678 -41.1078576735763 -15.569942834486184 -157.03275562766044 51.80281334367075 88.62338195954894 43.73142444971116 13.875561044568704 -40.42268304717931 16.213670972627522 -1.8623978977599391 0.039360119834498365 -178.78907164020026 -13.23209474723804 70.61738044288145 -94.60403880606489 1.821247784880484 -41.570212622013315 -63.07300575170039 -8.228586404947796 2.486058681453592 -16.875495132368737 16.34160365236869 -2.03604471915269 -7.20123564536945 -1.5203814579824706 -140.72255189985623 -9.942733719268871e-17 -1.5203814579825294 -140.72255189985626 -9.942733719268871e-17 -9.683068557176579 -2.687722829152551 -15.594406974905187 7.746961967170802 1.0444760934847641 -7.702549945072096 15.934556139560772 149.15494501099712 8.269120164125794e-16 15.934556139560673 149.15494501099712 -0.0
45.930737257003784 -54.38160002231598 -0.011478923261165619 -0.0 16.938305482001887 -9.665689288013342 17.146978483896227 -1.6770325361361456 -5.6712820243781445 17.146978483896227 -1.6770325361361456 -5.6712820243781445 17.146978483896227 -1.6770325361361456 -5.6712820243781445 36.60179375287772 -39.476077641563016 -54.098291818861284 12.20496634344224 5.670586048064836 -33.829330601522 16.698817499826273 -5.9251257055482425 6.908364519780753 -15.757750547829561 6.361020963555345 157.68195749000884 -41.247050375295 -15.717279131958911 -156.88570489153787 50.603201921985004 91.21393353408182 40.15780308982115 16.698817499826273 -5.9251257055482425 6.908364519780753 6.184052277537233 -0.7343900085670737 -173.21411870733212 -36.41629099503843 51.87837231742667 -114.97804512835134 26.051929390648304 -54.25094849966634 -55.17142346619959 -8.308792305945657 2.358446601782783 -15.907965967142813 18.30006121029506 -2.6062796606323144 -8.248690911618533 -2.7986029160594357 -141.66195347839738 0.0 -2.798602916059306 -141.66195347839732 -1.990220355641784e-16 -8.52382328980693 -2.265867042839524 -14.946562607615045 4.821375774022659 0.683109040480316 -8.07396455035381 27.898570184227005 149.06905819177481 -0.0 27.898570184226767 149.06905819177462 1.799409566344592e-15
45.95354348421097 -53.86576950550079 -0.01160777173936367 -0.0 30.777262637624837 -12.084377747436964 11.145217794260294 -1.3437500355899399 -6.919203009532956 11.145217794260294 -1.3437500355899399 -6.919203009532956 11.145217794260294 -1.3437500355899399 -6.919203009532956 33.97377864965484 -30.269543930489636 -46.24489259957524 12.82196930801009 5.085950661617354 -43.81677506377013 12.274982143879065 10.0599801493116 4.597237029506412 -10.817236980754165 3.9435886360407193 159.83069254394522 -32.96781668575225 -13.723093810821027 -155.83136378798443 51.057881196098506 108.9786735260723 53.29743031264732 12.274982143879065 10.059980149311611 4.597237029506411 8.872564632047148 -1.5631164581123262 -169.96682104315107 -38.494988510946655 27.93309616681487 -139.57495549474092 39.25968512322855 -72.91547598477273 -48.17519946302877 -11.015577829138909 2.8463608795668107 -14.585323851628186 14.014727425417266 -2.3202906575981674 -9.498455209166385 -10.00295184729154 -155.37533635310876 -8.074123018516993e-16 -10.002951847291683 -155.3753363531087 0.0 -8.643506474832524 -2.16237463047932 -14.103309347404535 3.166175255576189 0.4701813176318955 -8.451196058131837 28.907690345497553 150.88601873141153 -0.0 28.90769034549766 150.88601873141167 -0.0
46.02661281824112 -53.67988646030426 -0.009412039071321487 -0.0 34.24951558839827 -11.856523938483047 11.624400111736607 -1.6855918824542953 -8.309095210608715 11.624400111736607 -1.6855918824542953 -8.309095210608715 11.624400111736607 -1.6855918824542953 -8.309095210608715 34.5494258322596 -26.866934080169905 -41.774299804994094 12.152618593024599 3.5664756199663805 -54.34206041247755 13.88460849497035 20.887184982801017 3.2624191269711513 -32.3013413256583 9.875707664743814 161.95510457375323 -49.7645495372643 -38.01831588580807 -134.31761206799285 7.307806935821076 61.109902354636574 22.907555714557958 13.88460849497035 20.887184982800992 3.262419126971156 1.2220711842843954 -0.2587476687244682 -168.04442525220745 -45.05451555194694 38.30051712682142 -131.86629355224682 40.02087794592744 -53.29271871711356 1.3444487616143463 -9.589818285023345 2.416028380742527 -14.212287711747386 13.424785884980198 -2.46298288223141 -10.496119000255273 -12.300312597499238 -164.4485802920748 0.0 -12.300312597499243 -164.44858029207487 0.0 -7.882492217928318 -1.8930117421066535 -13.549945142543118 0.02521737463987508 0.0036808142741571234 -8.304443376266011 16.653364322019307 151.22605719304232 -0.0 16.653364322019293 151.22605719304227 -8.299500335555924e-16
46.42430990934372 -53.439149260520935 -0.011578947305679321 -0.0 24.911506477089265 -14.58427163653398 17.284983171059384 -2.6367052981902015 -8.810240567882621 17.284983171059384 -2.6367052981902015 -8.810240567882621 17.284983171059384 -2.6367052981902015 -8.810240567882621 28.958590757326597 -20.40339971290528 -37.53289452784723 9.100994097960777 2.2733419169043074 -56.07380294880519 19.26588643535111 19.71345741377033 1.7193135681184146 -29.8146512758017 7.0294561767452555 166.07145368054032 -56.01823192118393 -43.2473665250977 -131.39821389453942 42.55022831939851 34.1727807164278 -2.2219577816407887 19.26588643535111 19.71345741377039 1.719313568118395 -16.41119589748975 3.4459064726236455 -167.96863684449494 -47.551095133314945 58.72640685908012 -114.1405920519 12.263606847882643 -29.394193581597953 -53.56487039963848 -7.428204804240242 1.9583136415440283 -14.814124054023777 18.26760155197137 -3.8046689698949456 -11.978092481375171 -63.66504947530681 -163.22975721416577 1.7923951015883787e-15 -63.66504947530684 -163.2297572141655 0.0 -9.398038681455345 -2.084752479739663 -12.56715633545024 2.939014036532812 0.42914613788558964 -8.311197878050606 19.59608152132145 146.24304644644 -1.6880484445253406e-15 19.59608152132151 146.2430464464398 -0.0
46.83488607406616 -53.72025966644287 -0.013609696179628372 -0.0 25.414908225490386 -12.181898431344985 16.19067282302234 -2.343220213360746 -8.34871055769484 16.19067282302234 -2.343220213360746 -8.34871055769484 16.19067282302234 -2.343220213360746 -8.34871055769484 33.15680926380626 -26.148942577165577 -41.91278401850875 10.796556109482445 2.9216645673638815 -55.920694823535854 18.15089084762151 23.069853282696545 0.7309013940285543 -20.195932295049342 5.851656273736079 163.46567592584555 -44.94256050765877 -16.080419823429047 -157.80073022264912 53.97130534048189 64.98493217722113 16.53223726881358 18.150890847621515 23.069853282696563 0.7309013940285484 -14.701738822218646 1.878594567638591 -172.63592551758057 -24.917597987536265 70.60693447602101 -98.43609372901932 -8.171269839983838 -35.05857354755498 -75.81106323415936 -7.469019446812661 2.111175049820948 -15.832704884139632 21.296376059840256 -4.804237318977407 -13.02954279506207 -23.76833211249583 -176.6859824224933 0.0 -23.768332112495827 -176.68598242249325 -2.1720766309929513e-16 -5.936014327792556 -1.2101082343602232 -11.544113998823214 9.618561198878162 1.3677955577936225 -8.132567429811006 12.043222062089452 131.20094146659483 -0.0 12.043222062089557 131.20094146659474 -0.0
47.05579727888107 -53.7079393863678 -0.01454334706068039 -0.0 20.16913012102998 -11.168967747344194 18.901587408269464 -2.5110705813258294 -7.709663058786138 18.901587408269464 -2.5110705813258294 -7.709663058786138 18.901587408269464 -2.5110705813258294 -7.709663058786138 30.582202215855816 -31.64766391415822 -50.46165885585548 11.216521765905206 3.1098265582583333 -55.56399163926524 20.11378145293528 29.474640641530964 -3.2250568683147613 -29.1034794557388 10.723931175015993 158.72560325516247 -50.84639314436654 -16.646402200798757 -158.91470038089088 50.77607309120059 46.8110621653468 -0.6228818649226026 20.113781452935285 29.474640641530982 -3.225056868314767 -13.788865816147734 0.5423095278154816 -177.72581135300177 -23.23815837053407 72.30987364126773 -97.17258648981455 -1.9244897076419076 -33.3329125145615 -67.98681422597667 -6.376039637437186 1.8124959468208703 -15.904868300353563 23.92812456572121 -5.60399634212818 -13.599820355771406 -29.353370857377747 -176.93317442766903 -2.280652760242484e-16 -29.35337085737764 -176.93317442766894 -2.2806527602424816e-16 -5.848852656246262 -1.1359031745081352 -11.010625596539532 11.632408104380055 1.6006673910908675 -7.8903645345988735 9.787170011410705 122.96815689524288 -0.0 9.78717001141046 122.96815689524288 -0.0
47.15133160352707 -53.91876697540283 -0.015325844287872314 -0.0 19.197373161884844 -10.15482292800009 18.245713829278888 -2.199682818331732 -6.994163099608233 18.245713829278888 -2.199682818331732 -6.994163099608233 18.245713829278888 -2.199682818331732 -6.994163099608233 27.522418449252818 -43.68536807313902 -64.1821744281025 11.614876201415061 3.129923867440072 -56.006099114569636 19.4229741718038 24.412727075493482 -1.738582254561979 -26.208260956080398 9.849863145297583 158.53801180583724 -48.78639698284999 -15.977447657815775 -159.16251855859937 56.98736263215093 57.98169244194777 5.58793449198919 19.422974171803798 24.412727075493546 -1.738582254562 -10.720540388654715 0.2767973550147173 -178.51231595523473 -31.285655557360155 69.6097548519463 -100.92527781300885 -5.248937880165121 -36.54605261903995 -65.63864339264455 -6.136525138091618 1.757726415181694 -16.01745881399852 24.94506090286278 -5.603986141306211 -13.097038753524071 -11.71627517407195 -171.410354643884 2.030144392670732e-16 -11.716275174071793 -171.41035464388406 2.0301443926707306e-16 -7.039834165351418 -1.3915582646776352 -11.211084715528944 10.108420426784544 1.2654654150854985 -7.173612335762798 7.8248777980386475 129.78395731779938 -0.0 7.824877798038669 129.78395731779958 -0.0
47.10519164800644 -54.10282611846924 -0.015337392687797546 -0.0 15.54975301571832 -9.448601136617606 22.064161175718002 -2.657406846607396 -7.043635151396756 22.064161175718002 -2.657406846607396 -7.043635151396756 22.064161175718002 -2.657406846607396 -7.043635151396756 25.89008032696309 -48.049917743715895 -68.57150367864656 12.241122202625771 3.2707620342011032 -56.07330789736043 23.103569780293228 16.678951074533714 -0.443139563074703 -34.18647107068355 14.23918583680555 155.69453283053016 -57.88314052010518 -25.107866169506575 -151.04550652878922 46.89953245923638 41.654809339486874 0.13697269564273137 23.103569780293228 16.678951074533757 -0.44313956307471936 -16.946789996183075 0.4663531843368055 -178.40045021702866 -25.052098795173386 75.00084343740849 -96.47277564489913 -1.1474218734752568 -27.00475099878751 -65.86924981064013 -3.1664604882569574 0.8788813797282019 -15.521180321007106 27.51911341352138 -5.593785851910799 -11.968053658189609 -5.607325288978114 -157.23855276308896 0.0 -5.6073252889780445 -157.23855276308905 -3.994808848395513e-16 -6.652785558920245 -1.4005253302248233 -11.916451172053044 12.059265022009848 1.3511954183311192 -6.44134610612616 8.331634092254367 125.9513394404308 -0.0 8.331634092254266 125.95133944043087 -0.0
47.15595543384552 -54.43381369113922 -0.01768423244357109 -0.0 14.21050238843377 -8.076467149796432 23.510946970775393 -2.7846375996145367 -6.951555725766135 23.510946970775393 -2.7846375996145367 -6.951555725766135 23.510946970775393 -2.7846375996145367 -6.951555725766135 22.48396617019378 -49.427441253186394 -71.86843911840877 14.078469715358166 3.8651420221147696 -55.89026009514143 23.450148463260884 -3.320004035126874 7.164867231660192 -30.93975402499162 12.245961572061125 157.11251015012908 -57.05772242624755 -25.270668248257525 -150.64167254605098 48.81367693316191 47.224082748183235 9.18191707948711 23.450148463260888 -3.320004035126844 7.164867231660178 -16.87885282369773 0.5600708934196572 -178.07170954897828 -6.019139884595658 75.12478153499258 -91.59543026978413 -3.1885773718471793 -28.286398630749456 -80.00747659251586 0.009452549447607487 -0.002633769900731656 -15.569466099957017 28.658423320823697 -5.347566666416537 -11.044009923041664 -10.515099266522162 -149.5367357943033 0.0 -10.515099266522109 -149.53673579430335 0.0 -2.5821534161365496 -0.5676544181447655 -12.403004481574829 12.971345565260957 1.295005893489 -5.750924141582698 6.592211669356658 121.33726351144696 -0.0 6.592211669356403 121.33726351144686 -4.002154073500499e-16
47.22375422716141 -55.472081899642944 -0.018896441906690598 -0.0 12.927255004446463 -7.434637960736821 25.033867902388753 -2.907283126995859 -6.843679303534491 25.033867902388753 -2.907283126995859 -6.843679303534491 25.033867902388753 -2.907283126995859 -6.843679303534491 25.99838602092563 -47.20075029586199 -67.90766687479737 15.213010278371899 5.106044293176349 -60.36541524172437 23.579819255353428 -13.031878669861813 11.02056187416238 -30.455366693291158 13.561937595834708 154.54982017282634 -56.249849985124484 -32.61358812357977 -142.4197211087183 49.808026981992604 50.3567305594502 12.537160827774708 23.579819255353414 -13.031878669861873 11.020561874162402 -14.68936092827515 0.39309765626447885 -178.45015171652747 1.7784832505473445 74.40003430277972 -89.50353186361495 -8.408980159558421 -28.759975721954618 -85.29437158533271 4.071399554352346 -1.175181056268733 -16.115412081793778 30.73884342117624 -5.668556904651143 -10.989875178675991 -7.591982377215051 -146.36610716682358 0.0 -7.591982377215101 -146.36610716682353 0.0 -0.44500763503496577 -0.10878787122017239 -13.737416600172885 14.556040252792261 1.2140441706430283 -4.819861120527696 5.417889022535741 123.22688758741629 -0.0 5.417889022535733 123.22688758741621 3.993534333237319e-16
47.256046533584595 -56.93303048610687 -0.019564549438655376 -0.0 11.262427792622889 -9.678147003127602 25.68356757999302 -2.66739653277633 -6.135464924456016 25.68356757999302 -2.66739653277633 -6.135464924456016 25.68356757999302 -2.66739653277633 -6.135464924456016 31.37267910766618 -39.82198300870918 -58.02102029996996 14.563592220867774 5.30617066996937 -61.03567589345936 24.07001806863767 -14.378097941218932 11.076434487954913 -29.997294394221257 14.470731850573905 152.6977803054806 -54.46602762049178 -34.10003454395113 -140.23978260082853 45.512188846370435 51.82564586845066 15.565804254111494 24.070018068637673 -14.378097941218908 11.076434487954904 -13.744995643099102 0.16916348410788143 -179.28807019914137 -9.527874235178846 73.77686112251068 -92.75738627996547 -1.5404103812520442 -29.680466599945195 -83.89844806108607 4.551435209043878 -1.3727373552745812 -16.803297707030783 30.71608288708285 -5.75548863328781 -11.162590158463388 -5.834154167669126 -145.56677404824697 -3.996393502653924e-16 -5.834154167669234 -145.56677404824688 0.0 -4.052939280840802 -1.1184100297368291 -15.440988428099878 14.980002880407532 1.0664849931304652 -4.119320370077298 9.85798937605423 115.57995786984114 -0.0 9.857989376054244 115.57995786984122 8.0705473356923e-16
47.250816226005554 -58.04566442966461 -0.02037067897617817 -0.0 9.643813121377542 -11.70652645669709 25.885702956431935 -2.3109783461036115 -5.281264343101233 25.885702956431935 -2.3109783461036115 -5.281264343101233 25.885702956431935 -2.3109783461036115 -5.281264343101233 30.200278129068764 -43.65525299881629 -62.20142468268946 14.374746189759307 5.556155616169144 -59.673002092466874 25.033984113968547 -10.043061196218945 8.609329274577432 -28.42390972953139 13.573504108654712 153.10460807622317 -51.72534041656387 -29.43181709171344 -144.2958151104917 42.3427232247621 55.53909783553869 22.821059309978903 25.033984113968547 -10.043061196218945 8.609329274577432 -12.976859688192281 -0.09145357909648515 179.5927452370128 -24.92327083915933 71.2640363541122 -98.13432352689146 -2.0590095299837707 -30.734912188336438 -79.91819230868762 5.81198979889183 -1.8296091612457006 -17.507715526153248 32.72058591138076 -6.130682909335132 -11.238806183672162 -6.684907090472155 -141.81232507941382 0.0 -6.684907090472263 -141.8123250794138 8.005815452107017e-16 -7.280538941340679 -2.2967132626800515 -17.56150134086975 14.81164641388735 0.8407579172485585 -3.285436662448997 7.717772675944638 105.43221734787195 -0.0 7.717772675944902 105.43221734787194 4.012036016451164e-16
47.26247191429138 -59.11440849304199 -0.02130719367414713 -0.0 9.319567359428591 -12.150948149848983 25.712522303280412 -2.196219878087194 -5.051445583014067 25.712522303280412 -2.196219878087194 -5.051445583014067 25.712522303280412 -2.196219878087194 -5.051445583014067 32.203190334888376 -39.14104391215604 -56.78309496459125 13.493865978648689 5.557482817773364 -57.719799058839136 25.082271007447936 -8.422113302969482 7.723880807764833 -27.724254149626773 13.631137844787654 152.46858785125994 -50.02770999700652 -28.88293309763589 -144.25274511859865 36.82946220649052 56.17744387602135 28.964553671249238 25.08227100744793 -8.422113302969521 7.723880807764851 -13.389192972473388 -0.0975632732282715 179.57868479673118 -28.125586595892692 70.44737154255468 -99.50436902925568 -3.5733046430544326 -31.342436507358837 -62.76204547488725 4.343011358655629 -1.5405585383495313 -19.55233045792396 34.00558055861166 -5.8160316807914425 -10.321989638168304 -6.531306558883332 -141.3349710389282 -8.003329489825883e-16 -6.531306558883339 -141.33497103892822 -4.0016647449129417e-16 -7.496246036716065 -2.6260570186038126 -19.369834301503573 17.989761748219042 0.7460583016339998 -2.414330447948071 7.470787941093686 116.56725961064348 -0.0 7.470787941093688 116.56725961064342 -0.0
47.27473556995392 -60.41503548622131 -0.022780708968639374 -0.0 12.16770197870819 -13.063656671598634 20.57464103199704 -1.7533711702036094 -4.9782777963496 20.57464103199704 -1.7533711702036094 -4.9782777963496 20.57464103199704 -1.7533711702036094 -4.9782777963496 35.42743622363094 -34.87247287883531 -50.24662566215535 14.034923392805672 5.933340575743585 -55.463477624494686 19.973333804683463 -7.816416024364706 7.080937923043017 -15.44371050100294 7.28775512278104 154.34748870881862 -35.991499084059726 -18.011887369144215 -151.0446979360562 40.9392118391782 95.25593023764173 47.65988025801852 19.973333804683463 -7.816416024364692 7.08093792304301 -3.4720395378871522 0.02338016777386702 -179.61394882433456 -20.2972451800848 67.66859863279663 -98.10961713338341 1.4192123285203635 -49.71785049989527 -60.2475488105191 2.7540368115563383 -1.1589430885853695 -22.832826894729845 33.69904475159456 -4.6145464004578765 -8.27700466965705 -9.999738309611462 -120.3557135723868 0.0 -9.999738309611296 -120.3557135723868 0.0 -14.890616940731846 -5.842778884232996 -21.71310736626249 16.15874092404669 0.49750674855903454 -1.7871317093318222 4.907735939340844 101.79709531428693 -0.0 4.907735939340866 101.79709531428699 -0.0
47.28858768939972 -62.02727556228638 -0.02264695940539241 -0.0 14.19635949051413 -14.341487001185243 19.63381446809923 -1.8612738859789266 -5.524150559004485 19.63381446809923 -1.8612738859789266 -5.524150559004485 19.63381446809923 -1.8612738859789266 -5.524150559004485 37.07297702434857 -26.583932268548 -39.69614173120503 13.829888424951976 5.991637102908017 -53.129479794771115 18.256253470649483 -13.107893326959505 9.186275159427085 -16.43077325888155 8.28656684916557 152.75575777965673 -40.4601121161718 -23.03823975581393 -146.7615439310753 39.00338384445726 87.9207620553094 39.92036145897546 18.256253470649472 -13.107893326959525 9.186275159427089 -4.896187919464848 0.21107110781018396 -177.52853459377351 -11.879583292951747 68.95332079365485 -94.52911367567442 3.7699455160590047 -52.69857023031895 -66.35652366009222 -2.2353673842844306 1.104878982492544 -26.31048356715635 30.800192051923197 -3.601338632508353 -7.007364774257688 -10.93730138855319 -123.33222159680172 0.0 -10.937301388553028 -123.33222159680172 -8.098492603344077e-16 -19.38283781363605 -8.844214913565951 -25.119134153627762 17.35786723579389 0.31369867223113795 -1.0513764207954606 0.8060266554681544 105.72268886384235 -0.0 0.8060266554684045 105.72268886384238 2.4850542413429668e-17
47.29667752981186 -63.45031559467316 -0.021850771736353636 -0.0 15.9142480805863 -14.903037671428544 19.264962019350044 -2.017525717243265 -6.094319481758818 19.264962019350044 -2.017525717243265 -6.094319481758818 19.264962019350044 -2.017525717243265 -6.094319481758818 36.969112822796234 -21.77431435248204 -33.59290707674 12.57545622856095 5.712492261365528 -51.05490694720273 18.275592442774443 -10.060502469280388 8.686257618861228 -16.707663609303623 8.971930016161194 151.22540165737112 -40.375968897335696 -24.12644027174273 -145.34083690991235 38.31289785190645 84.34584437734063 37.16799825787666 18.275592442774443 -10.06050246928037 8.686257618861225 -7.911972356242361 0.5281661772895555 -176.16863188749852 -2.947564906120958 71.99620117349617 -90.9574263515634 -3.547900581230036 -46.46978344212641 -63.45957305182203 -7.453824572539688 4.0919171398058545 -28.874900813657447 30.201211382503622 -3.4619758608720548 -6.857586586276236 -10.944410095482692 -124.40895401164607 -8.098686839481009e-16 -10.944410095482539 -124.4089540116461 0.0 -21.725900804808326 -11.135126661628139 -28.000941790570973 17.29437297716272 0.14251119394284692 -0.47937174577211317 -0.3255717366866074 98.2907305690909 6.212121152060001e-18 -0.32557173668648287 98.29073056909093 -0.0
47.23709374666214 -64.09754455089569 -0.02267877571284771 -0.0 13.672912484819191 -13.135782460327622 24.490011444259792 -2.933804596884618 -7.047775035357793 24.490011444259792 -2.933804596884618 -7.047775035357793 24.490011444259792 -2.933804596884618 -7.047775035357793 36.80508783044613 -20.392636107425737 -31.820437866920816 12.21254972661107 6.055135701953021 -48.781442040215694 24.910004590472056 1.3532948049849798 5.255634629363443 -10.483271642835328 6.18978329072932 149.20201939559158 -37.52592581415195 -23.012567755916006 -145.11231017923322 38.20578779400551 93.32439219246872 43.09102806146172 24.910004590472056 1.3532948049849798 5.255634629363443 -6.652211702945896 0.4118715395586484 -176.449042789648 -20.651332145191503 69.09649263067817 -97.67157651308509 -16.13525849582099 -51.590433540398344 -64.18094493373357 -10.473059582994432 5.925890943815822 -29.727363129514714 32.9686653573391 -3.9672912382307826 -7.262919023773811 -9.513062210664858 -131.380483473535 8.062259308166311e-16 -9.513062210664705 -131.38048347353498 0.0 -21.86969495732516 -11.7925848457917 -29.2696080223364 16.623050663744213 0.06912870108559693 -0.24164500115761955 -0.8807367171131035 106.47166514829112 4.97020388512151e-17 -0.8807367171129891 106.47166514829118 -0.0
47.04733341932297 -63.93997073173523 -0.02244403585791588 -0.0 11.545612844990854 -11.665133378187672 30.218145709069905 -4.042108176544843 -7.992415467154348 30.218145709069905 -4.042108176544843 -7.992415467154348 30.218145709069905 -4.042108176544843 -7.992415467154348 35.8775844229542 -28.851237928695795 -43.22996757285988 12.206136623904259 4.703022047155504 -50.23871447738285 29.241224965284434 -10.661344391852333 11.277826624924133 -17.596174066396745 9.04818348462281 152.22097227861357 -40.525456264348456 -18.289232816020135 -153.0400908050467 50.359577632701395 82.34721285565438 39.89215754125669 29.241224965284434 -10.661344391852351 11.277826624924144 -2.6855045078377433 0.11762353360404684 -177.4911602753837 -32.16547653160663 59.28026619428239 -107.55445636946193 -15.691415135507345 -47.46129318192305 -65.21656926695465 -5.845905996225301 3.105344554598039 -28.041741795032944 32.77373401325057 -4.203334398815841 -7.731617770418568 -8.75674757208783 -137.78855888667871 8.045164451525748e-16 -8.756747572087836 -137.78855888667874 0.0 -19.669977052737735 -10.579725462810005 -29.02567322457734 13.861826928443653 0.12886252666091064 -0.5378507579432326 -10.0257456764656 109.79883969376522 4.0373451245311167e-16 -10.025745676465329 109.79883969376512 8.074690249062224e-16
47.00992554426193 -63.044673204422 -0.016236770898103714 -0.0 13.037231866546607 -11.016089533561729 28.618329354204608 -4.028528467633767 -8.364717212573801 28.618329354204608 -4.028528467633767 -8.364717212573801 28.618329354204608 -4.028528467633767 -8.364717212573801 35.147880162788596 -30.906186490775724 -46.11938238590799 12.151799193338787 4.647840282896788 -46.07521069601622 29.35849453911304 3.2853115431539783 4.816430549514041 -27.487587139362052 12.75972250249513 153.86586063003932 -52.89206390231424 -23.802217187657305 -151.05294586011715 47.05210228990887 53.653331842841844 17.752423661045476 29.358494539113032 3.285311543153967 4.816430549514046 -8.64481902502409 0.3589466871356474 -177.61328759462074 -30.145376252776078 70.53486882743474 -100.06477867307176 -3.2133076961411677 -34.42067919547436 -72.62329793636395 -4.395284397109509 2.1279864758862272 -25.866441211791646 26.188150701627986 -3.479407458716684 -7.844409195963355 -6.8130625484411285 -132.89556048534033 -4.0039674156460567e-16 -6.813062548441278 -132.89556048534035 8.007934831292116e-16 -17.395796296517343 -8.567427281635615 -26.743985949675153 10.76307694734137 0.13959340907127382 -0.7474541669518036 -8.791452655278396 107.54714424148567 -4.0229583135440605e-16 -8.791452655278412 107.54714424148571 -4.0229583135440605e-16
46.85301631689072 -60.98873019218445 -0.015191920101642609 -0.0 17.779373815687553 -10.51545928048202 26.126016206953732 -4.5546082381283695 -10.254168712363029 26.126016206953732 -4.5546082381283695 -10.254168712363029 26.126016206953732 -4.5546082381283695 -10.254168712363029 29.383411429807513 -22.841568169408475 -40.64548141204894 14.049306149794926 6.32991822864382 -62.395910460736665 26.069449979180785 40.45892174791315 -10.406184789970188 -33.46416822857685 20.49344582736639 145.8702274981705 -50.51029999820546 -20.48521103500228 -154.16887517579076 63.13078055355039 45.53870557060781 -23.32536181486883 26.069449979180774 40.45892174791321 -10.406184789970213 -13.299531296437108 1.0498284589369478 -175.4454641335791 -40.11866650703914 67.18734570051176 -105.16493195015286 -5.7040831855921 -30.086787983798963 -86.23972385881989 -8.957650867277959 3.7615659688520497 -22.89190802635347 17.655737982610365 -2.7683793333988045 -9.05849059800636 -1.463152384714425 -129.83090909501973 -9.942475094111977e-17 -1.463152384714527 -129.83090909501973 9.942475094111979e-17 -10.100540013942021 -4.2789073903146635 -23.10441303117598 2.3765558455228724 0.07397877930332163 -1.7834718280730415 -1.5865399265496285 107.57506965867766 -0.0 -1.5865399265495024 107.57506965867762 9.94304507691923e-17
46.611352264881134 -57.611289620399475 -0.01706145703792572 -0.0 27.153172861247842 -10.097101954250219 17.37363940355291 -2.960364244628418 -9.825459670027783 17.37363940355291 -2.960364244628418 -9.825459670027783 17.37363940355291 -2.960364244628418 -9.825459670027783 23.492964832507084 -40.15803706130848 -64.71282806283523 16.757539487013258 5.027105279233888 -65.26803337185535 17.91332832904393 53.80995855100424 -8.7774414518183 -4.245470852860704 2.7622100026894962 146.90667264419733 13.242725984148532 3.916400459600229 -163.3609644015819 58.77599787631498 135.39530815925207 67.6605789816196 17.91332832904393 53.80995855100425 -8.7774414518183 7.43512036709283 -0.8928418548653854 -173.1328373397275 -43.5450140423359 50.652468674588036 -119.45919485229315 -34.40748531984158 -69.25733395582235 -69.17116312237239 -5.764398512869756 2.119518838250232 -20.22785138897139 19.360487902415578 -3.7742300221404093 -11.254427032204427 37.085860545211894 -162.57396549857847 1.993496333661561e-15 37.08586054521195 -162.5739654985786 0.0 -2.29917093572682 -0.7903094772688157 -18.975572549350673 5.90191783053666 0.41933980064546456 -4.071362559216181 5.757657714245655 138.529330562008 3.9958519494203477e-16 5.757657714245644 138.52933056200786 -0.0
45.98889946937561 -54.43128943443298 -0.014687329530715942 -0.0 25.40647598610271 -5.812534808748297 20.732342896204234 -4.048096723119386 -11.30523953378103 20.732342896204234 -4.048096723119386 -11.30523953378103 20.732342896204234 -4.048096723119386 -11.30523953378103 6.857063281376841 -39.376338414962994 -81.72303392226532 16.649460445344523 3.962595684839373 -66.70648994033098 19.177546800955177 62.26824069679955 -13.836522144635433 1.5459890757101646 -1.2194884412028644 141.72575484060144 13.389780651176162 3.721341742245913 -164.31180443873316 57.80278356744719 144.62494125095043 78.58365556273593 19.177546800955177 62.26824069679955 -13.836522144635433 18.303609614899038 -4.4860206114300745 -165.97351913730984 -41.22640066832306 14.906427060382368 -158.0051061435594 39.01808632638456 -109.41493458950151 -103.96478027583626 -13.542536350323699 4.70935707738218 -19.381734311658764 0.23041756961186777 -0.04969848027562205 -12.17162917378535 33.34232245762583 -176.1598863016449 2.3795102889919397e-16 33.34232245762584 -176.1598863016448 0.0 0.5866639357218666 0.19801919026997225 -18.651674581511973 -2.7903539736853538 -0.11766365519092253 -2.415575126392807 8.260071833675429 139.16684356594328 -0.0 8.260071833675322 139.16684356594337 -8.034737889882212e-16
45.87080478668213 -52.51120924949646 -0.014872662723064423 -0.0 35.54172618650192 -13.312315427579076 14.990731374125689 -3.057184058871565 -11.666465733175029 14.990731374125689 -3.057184058871565 -11.666465733175029 14.990731374125689 -3.057184058871565 -11.666465733175029 14.846864155093817 -55.8397466632851 -80.13611987709136 12.385104497821063 3.39432969871379 -64.9617860630204 18.911350083861183 34.766467867633885 0.25127868819335175 15.403073752834228 -16.73866941362914 131.44936626719465 11.03673503042661 2.607331379400654 -166.61956798690318 55.08789350370115 142.5510996264709 78.84585067282474 18.911350083861187 34.766467867633956 0.25127868819333155 16.369856366023825 -4.244662392638038 -165.24662570911966 -21.1532774854581 44.15654551127847 -110.387498336658 -25.00533271316918 -118.97670359048999 -11.968295216057395 -34.13707343709115 11.46656234018399 -19.873114693370287 5.635411902617527 -1.4783177139613892 -14.724824325897817 27.74938062937688 171.97524675906016 4.492346076207527e-16 27.74938062937688 171.9752467590601 -4.492346076207528e-16 -1.7369616588233534 -0.5522304458752676 -17.640015072354934 9.741194019647034 -0.2523590500870306 1.4911739997208866 12.008645803620754 127.8060534654883 8.12928624637598e-16 12.008645803620878 127.80605346548838 -0.0
45.512184500694275 -51.74885094165802 -0.0016801059246063232 -0.0 21.587055945559424 -15.221630121993645 25.94185669197947 -5.6183164653306426 -12.673574992580196 25.94185669197947 -5.6183164653306426 -12.673574992580196 25.94185669197947 -5.6183164653306426 -12.673574992580196 9.473318127074513 -61.17950727097678 -84.82541765833074 14.998834363871712 3.3229674725315737 -63.40580362375304 27.874316399290137 6.810754519333978 7.030268786525754 -12.037825758700968 14.915136100377966 128.06037099342424 -48.90172314933947 -16.244879784549457 -158.86077206368518 47.701128893054026 28.968975392773565 -6.134051313810224 27.874316399290144 6.810754519333951 7.0302687865257685 3.4668127234315484 -0.7814839955910883 -167.28852594165943 -40.05333114856909 52.48310629569116 -116.29290523820376 -20.889724380907467 -44.400397765337736 -47.21371571151522 -35.45671086005599 10.645744518617196 -17.954378273352393 43.703811647614636 -15.856324501936728 -22.346996669940754 71.1271301899232 -117.58813413010384 0.0 71.12713018992315 -117.58813413010384 -4.9163146220529746e-15 -4.706103575500624 -1.5583526856858954 -18.344941453534165 35.42025886174026 -6.462088808604962 11.057956586055091 38.0946424791451 122.6331727649259 2.0207014751120703e-15 38.09464247914505 122.63317276492592 2.020701475112069e-15
45.28650343418121 -51.909059286117554 -0.014812685549259186 -0.0 20.99722158785848 -15.023103131950343 24.626866910371902 -4.797141574956248 -11.38668321708307 24.626866910371902 -4.797141574956248 -11.38668321708307 24.626866910371902 -4.797141574956248 -11.38668321708307 12.489941324486532 -54.870427867703164 -81.34808803614813 14.943802592206259 2.1983553289627062 -67.34440339033483 26.827600102688876 14.380657497180088 2.9967144156759726 -14.704811126736429 26.519894741290162 116.96153920813799 -51.53702246991925 -26.49964138879883 -147.51346944828657 36.01969149188271 27.180928939131707 -6.425665096442654 26.827600102688876 14.380657497180067 2.9967144156759824 14.549932208786405 -3.0219308083463203 -168.13265443446184 -48.75205342363835 41.000690852886954 -130.85649126600833 41.83136356257134 -29.128730548898243 68.7275216527063 -67.79712932067528 29.895746561161893 -31.83906837703576 50.187525372315264 -16.88896553245365 -21.566661546567286 67.08230313884994 -98.90773694556914 0.0 67.0823031388499 -98.90773694556913 1.020957116668339e-15 -5.390400636391107 -1.7420058298441443 -17.939108257163525 44.29050041834531 -18.752162361387406 25.92799451456716 57.348472417436945 125.4734175830643 2.9475332744726557e-15 57.348472417436945 125.47341758306425 2.947533274472656e-15
45.254550874233246 -52.75464057922363 -0.01560654491186142 -0.0 23.560089167414823 -16.681250485430795 19.47855424441361 -3.2106837650053723 -9.549245056794902 19.47855424441361 -3.2106837650053723 -9.549245056794902 19.47855424441361 -3.2106837650053723 -9.549245056794902 21.362329504419478 -55.019247316960666 -75.70098628504404 14.406823450645724 2.717586916173111 -61.01073794768616 21.578237347562027 20.225448544786534 1.2275840611453126 -12.304064452705292 37.413410365763134 105.5671813654217 -52.31392409980274 -40.71979728802306 -132.59581032550676 25.832017262417704 27.5113532216349 -13.52854576952173 21.57823734756203 20.22544854478657 1.2275840611452997 2.178762260934927 -0.422411993496369 -169.0250129972791 -53.21064668768816 43.99817672926523 -129.67060380116607 33.71682367676688 -32.73173552559215 42.16431829821876 -64.14391483294285 79.33633892926751 -80.3828430142708 42.75258189897218 -9.368784904152712 -13.660747620531403 66.69779124619289 -48.86908869199399 0.0 66.6977912461929 -48.869088691994016 -4.020106397851963e-15 -0.9577360716339693 -0.24661948075869225 -14.440831960171202 45.65223887493928 -20.629779544615435 27.764484962243714 51.83314507099616 143.47363018210658 -0.0 51.83314507099612 143.47363018210655 -0.0
45.2692985534668 -53.1744122505188 -0.008819065988063812 -0.0 133.50171930261175 -47.75166272112723 -7.091847088414082 0.9513000335098071 -7.660054186934612 -7.091847088414082 0.9513000335098071 -7.660054186934612 -7.091847088414082 0.9513000335098071 -7.660054186934612 24.217743550682165 -48.173359001560065 -69.84134000162712 12.8587334002369 3.30673430386784 -52.15720495904766 -0.9076212843364724 38.561836317375146 10.38535874516553 -12.375929054890461 51.18564723999073 99.7822032857655 -50.231802374219974 -55.281178836445704 -118.03995707287248 35.64875241950328 58.95694486190827 1.0594190327189874 -0.9076212843364636 38.56183631737519 10.385358745165533 -12.326914111779068 1.7060579622029868 -172.05760106560172 -42.69802382502894 1.3218519897946772 -178.05115797227467 84.48035871181781 164.80541876544794 -119.50697598828978 81.75843146982197 -60.24195746286103 119.50242901918178 4.333196982300062 -0.4529808925349739 -5.97364764479896 65.11557431481349 -24.03624287236094 0.0 65.11557431481339 -24.036242872360994 0.0 1.7978228460606238 0.23170363971684493 -7.345037235356227 33.9839707912231 -12.798225842318557 22.116836598174427 68.60317398891401 162.16484796550904 -0.0 68.603173988914 162.16484796550895 -0.0
45.015376806259155 -53.75087261199951 -0.007064267992973328 -0.0 156.53215508275997 -122.12741063892582 -14.936394489349807 1.7957023322937937 -6.935143154675795 -14.936394489349807 1.7957023322937937 -6.935143154675795 -14.936394489349807 1.7957023322937937 -6.935143154675795 24.363690502603163 -39.670687011260064 -63.553833580318354 12.835008937891416 3.739190294763987 -54.70196906828889 -6.213859648489068 44.87095821041803 15.244693850515706 -10.42862573217982 54.06131069552533 97.4754229751832 -18.695143182313323 -76.25690229248205 -94.48241671314128 22.46954189043975 58.044337397009556 -21.477482868528952 -6.213859648489067 44.87095821041803 15.24469385051571 -17.545077512442113 1.766772592626683 -174.1576779168631 -39.352487982209674 -3.51961195677919 174.4596855280746 71.2786933109589 166.36976953776957 -105.84673337124082 -25.26292526683051 -88.39275410666971 89.31392404500632 -45.63231690478789 0.8681196474813679 -1.2142900033163686 10.626155344063713 8.04007320880649 0.0 10.626155344063571 8.040073208806442 0.0 5.310755648987846 0.2189204530680091 -2.3639064980860063 22.655316714553326 -6.572764831987441 16.65369839305361 54.40661746275407 156.41964512358388 -0.0 54.40661746275415 156.4196451235839 -0.0
44.757211208343506 -54.06026542186737 -0.005710497498512268 -0.0 159.1801782853863 -122.8800104233073 -16.28753131833575 1.884950352708528 -6.692793973079947 -16.28753131833575 1.884950352708528 -6.692793973079947 -16.28753131833575 1.884950352708528 -6.692793973079947 24.464800254732555 -34.12426393393107 -58.57023346091892 13.312620471401763 4.568369304315649 -53.68904909969819 -7.032630730807046 46.257412847975296 16.14690870201172 -12.9650732461908 55.831625024300756 98.6591505340506 -6.859089234566872 -78.73247731356516 -91.36301961057889 18.96342906314411 54.12747817522467 29.434011119826057 -7.03263073080704 46.25741284797531 16.14690870201172 -17.59170070789135 1.001650455019038 -176.68917293620325 -36.90855952347029 -4.656894938820046 172.27550493393204 69.40714824837931 -177.3869518816245 -95.84764683897662 -79.53118347247495 -72.213803441267 72.49164548199312 -49.96271576004798 -6.196458276358273 8.071208628166472 -14.721561662018077 2.832453370911317 0.0 -14.72156166201819 2.832453370911348 0.0 1.1065396448110407 0.0011399842105764423 -0.05903116229425736 9.451397074432801 -2.1533383799247146 12.897093480908415 50.751943135902835 146.63962621207742 -2.513560868086611e-15 50.7519431359029 146.6396262120775 -2.513560868086615e-15
44.50653940439224 -54.13856506347656 -0.003820843994617462 -0.0 158.52856698959548 -114.66584503816783 -15.811274789725823 1.831535407969192 -6.693651902806027 -15.811274789725823 1.831535407969192 -6.693651902806027 -15.811274789725823 1.831535407969192 -6.693651902806027 27.338584335094687 -33.26206744885601 -55.002298208251176 13.274432879628547 4.769465625457733 -54.45907149795325 -5.626524866505313 49.89492976373022 16.21263177924782 -18.436637494135667 55.99252341598068 102.04498074979605 -3.9679563765960597 -78.03348775004787 -90.84025919808062 15.191091195612676 56.56023892103825 36.08950891646056 -5.626524866505313 49.89492976373022 16.21263177924782 -12.507104873604135 0.20104982949639624 -179.07170098567101 -33.95897430641207 -3.9945253876450586 172.87438752735466 64.30292781154989 -177.0742112572296 -99.36534293117118 -70.67541380390705 -68.38917896137231 69.50288851349495 -48.80390492877714 -6.246612383036634 8.276584789491341 16.828970892746156 7.081601798902278 4.1535776678941245e-16 16.828970892746195 7.081601798902375 0.0 -8.221677223242173 -0.019578062293078975 -0.13690602158493007 0.3011565966669041 -0.06522632099286255 12.220771019117668 44.74251390121475 138.92539148796217 -0.0 44.74251390121481 138.9253914879622 -4.477905234155287e-15
44.36180591583252 -54.028621315956116 -0.0021783635020256042 -0.0 160.30625367730767 -110.18980485316783 -18.028960236426542 2.205057804505761 -7.091716013598527 -18.028960236426542 2.205057804505761 -7.091716013598527 -18.028960236426542 2.205057804505761 -7.091716013598527 27.72561874010614 -25.058633011546714 -45.14227134467269 15.073611556937053 5.726790287558726 -58.3194398960033 -4.994972882056067 55.87888716293637 18.697752696100263 -21.533779640179464 56.885921567146596 103.46350711256507 4.519309922391612 -77.15203415088435 -88.9704378337723 -1.0292471546681914 64.9826663520346 0.062008982121357914 -4.9949728820560635 55.87888716293637 18.697752696100263 -8.45026715126607 -0.2672470949179244 178.18198215393087 -34.75791976467164 -4.028518956472752 172.95780053919358 61.24878353530476 -158.0301306258435 -97.35781524179012 -55.18450247419882 -61.7374615773011 66.1848718566124 -37.489992176652876 1.2441333794793483 -2.0436321717560686 -13.957143329924822 48.484673278523445 -8.193281796308959e-16 -13.957143329924733 48.48467327852369 1.6386563592617914e-15 -21.494976798583263 0.1660562047790859 0.4531776747331311 -10.302991885264785 1.9637652193866497 10.852367790813961 35.45284759138688 139.27040509562852 1.9522351236299246e-15 35.45284759138687 139.2704050956285 -0.0
43.99907886981964 -53.78408432006836 -0.0020697712898254395 -0.0 153.97300121475786 -56.79199769909664 -14.922208564473348 2.0235779225756043 -7.812813328914406 -14.922208564473348 2.0235779225756043 -7.812813328914406 -14.922208564473348 2.0235779225756043 -7.812813328914406 26.06089288881896 -19.84055257939174 -39.39652103452496 16.057536266026403 6.801185753946321 -58.48445147424806 -2.108235655634601 56.970721780503965 16.67350618948287 -22.79090740200175 51.67201035492348 107.02632771880091 40.87008696360077 -75.44550983079759 -80.35810817289541 -37.63327327758423 65.88294821766377 -5.347234166292405 -2.1082356556346005 56.970721780503965 16.67350618948287 -9.784556235915646 -0.5578179502646703 176.72111480555813 -37.428066627489564 -4.0592667990387445 173.33995371945232 58.87557459547722 -143.80479696988866 -90.94008041254189 -52.96203975033844 -17.023518155247306 20.985312470005052 -39.38303577601964 -0.20784952980580154 0.3275770247483647 -41.46603842364969 79.42017262676711 0.0 -41.46603842364967 79.4201726267672 0.0 -18.522692548366283 -0.6911367792943319 -2.1746345241917147 -6.828725913891821 1.325786600904261 11.014535479124133 27.836957651448202 133.9245379733054 1.798386731374537e-15 27.836957651448202 133.9245379733054 1.798386731374537e-15
43.59946697950363 -53.41668426990509 -0.002714991569519043 -0.0 146.77535100515502 -21.2958719006898 -12.576337600194 1.91095887894918 -8.711818533511062 -12.576337600194 1.91095887894918 -8.711818533511062 -12.576337600194 1.91095887894918 -8.711818533511062 25.559815375395544 -17.008569988491573 -35.33610781125921 17.21768372217683 8.38171376591575 -58.500748128147556 0.7767146615979261 59.62390364669107 15.239632024178377 -26.306414093848332 58.916926245641804 104.95778390386872 65.89890777139426 -55.56804069743013 -57.96276068789503 -50.80506191405102 52.16189099098176 10.421769432443302 0.7767146615979165 59.62390364669105 15.239632024178375 -5.633802971565523 -0.3606073749814262 176.3316784678389 -34.6969675104977 -3.8972404487780565 173.1754397620376 58.90136824137282 -143.82288242885608 -118.86395999705292 -46.58211346910701 -16.09136586369322 21.66036503227949 -31.37112444042853 1.6444002887932867 -3.1564590828278787 -38.498182227197475 88.12934994568997 0.0 -38.49818222719747 88.12934994569005 0.0 -15.720310272930917 -1.719208848001025 -6.321439365600142 -9.470095943837975 1.883724176754333 11.304064811433944 -28.848319526319194 136.908867212397 3.631184334903728e-15 -28.84831952631914 136.908867212397 1.815592167451863e-15
43.31733286380768 -53.45611274242401 -0.006208568811416626 -0.0 132.29546973541443 -11.026757309995538 -8.179601344470807 1.3358758411864424 -9.308228150097515 -8.179601344470807 1.3358758411864424 -9.308228150097515 -8.179601344470807 1.3358758411864424 -9.308228150097515 15.141593878143262 -9.182692223705354 -31.752523729886516 18.375804035635195 10.333932829518425 -56.11003555157497 4.3537899704979495 62.61252158949097 11.587159922245958 -21.502779457755263 61.21338520924662 101.38698941606009 59.592886071925705 -62.89770309042007 -66.18419902220522 -50.698989087324065 55.838947768875464 5.664726848159813 4.35378997049795 62.61252158949098 11.587159922245958 -3.2064135269581224 -0.2224151472269419 176.02990847150528 -30.558711142777643 -3.9512113126599178 172.2634865303302 56.53953530306817 -147.87670132144595 -95.17399794211842 -21.27455055227845 -5.1316551444354515 13.901691603038342 -6.041538139621069 0.4408913578837681 -4.181655890477703 -30.485531893489952 116.861774893075 -1.845388893999319e-15 -30.48553189348992 116.861774893075 0.0 -5.105401922797579 -0.8027668833022371 -8.948171142490656 -12.97721930870082 2.6281517507158645 11.55244809591088 -27.422790367905854 122.62967164678987 -1.7915947940025176e-15 -27.422790367905918 122.62967164678984 -0.0
43.205930292606354 -53.59465181827545 -0.008343160152435303 -0.0 87.97942229947527 -5.142611322566428 0.32848251304347575 -0.0548693862271561 -9.483130639031174 0.32848251304347575 -0.0548693862271561 -9.483130639031174 0.32848251304347575 -0.0548693862271561 -9.483130639031174 2.9933401857807618 -1.5793186875141452 -27.833365663776902 26.216490042370705 18.728821019735413 -52.857631168706234 9.073427832556483 70.81676701537668 2.788314702331839 -21.90988135120663 63.99523151633034 100.31685926591098 59.63173317933897 -60.43069858230039 -63.91715076258199 -33.35712491756541 40.29640612213699 20.06565264376888 9.073427832556483 70.81676701537668 2.7883147023318378 14.942929300507611 0.48838455737164393 178.10662886319952 -12.135091793550266 -2.8179092667157337 166.82184604009598 67.76850130977289 -163.77955755080106 110.8904709640317 -6.284582846941707 -1.3983486461723547 12.571031062008458 -2.1781148332808495 0.17159547950661316 -4.505646255327962 -12.616185903875973 123.37847656709064 0.0 -12.616185903875877 123.37847656709064 -8.148122317536708e-16 1.8407924510460854 0.29570450481280663 -9.127638790914993 -9.578773305074792 1.8148847028297361 10.78111375712668 -23.16317078917983 133.474399824367 -1.7297122627888206e-15 -23.163170789179805 133.47439982436703 -0.0
43.10886710882187 -53.801336884498596 -0.013009831309318542 -0.0 114.3593536757103 -4.471074956398673 -4.298189010922726 0.7357860672547857 -9.723495849791203 -4.298189010922726 0.7357860672547857 -9.723495849791203 -4.298189010922726 0.7357860672547857 -9.723495849791203 10.11758905250201 -5.385754181442288 -28.221304409715685 38.09071951125737 47.98854021517191 -29.59739990202827 8.530985912290623 77.46861337511722 6.35328919379368 -30.697090656948582 59.507725682302436 106.73153104285976 -18.285600459471347 -71.1999300189521 -96.09670164307961 58.03539535838632 101.13271583350377 18.118756042523376 8.530985912290623 77.46861337511723 6.35328919379368 21.67585736703274 -0.8041424882423109 -177.82375208504925 0.04396950134904279 0.022014803020797828 153.40362551852454 61.78662547027233 -169.012833658328 84.58695384319337 -5.563614719485446 -1.365333161799937 13.811510652406257 -3.7650228306935283 0.31903502529139804 -4.846996736268196 -6.040119937577686 122.52322826190341 0.0 -6.040119937577685 122.52322826190341 0.0 4.856716222246985 0.7109408084520811 -8.338244763073353 3.6928562483689173 -0.6146433555418233 9.456535320653444 -21.30678271306293 134.2227947957644 -0.0 -21.30678271306285 134.2227947957644 -0.0
43.152111768722534 -53.345027565956116 -0.013319775462150574 -0.0 50.45646184098402 -1.938741162441889 7.282545284658264 -1.162214500485242 -9.092596556523258 7.282545284658264 -1.162214500485242 -9.092596556523258 7.282545284658264 -1.162214500485242 -9.092596556523258 -4.824116538156649 3.1216326935545293 -32.96324556530381 38.65077570766192 52.22424083240241 -26.808342211091215 9.640534886714299 84.83744755903933 -6.53672404783216 -42.706236523961 36.667375166161285 132.33384765073836 -32.277368900144396 -23.654286222800298 -140.6403621581508 55.4640477080194 131.3392514681361 45.363526333752034 9.640534886714299 84.83744755903933 -6.536724047832161 42.23265237268315 -3.9574399711018176 -174.12351417400515 30.727637361191658 14.009034615086634 153.97420575487422 47.402233696812 145.3312201496809 11.713252002032174 1.4554467007197929 0.3218810998670812 12.47201813851452 -8.376322728140435 0.638041860150351 -4.371601614919126 -7.423388028080091 123.19396590355737 0.0 -7.423388028080142 123.19396590355734 0.0 4.383896156911186 0.6138871228047633 -7.979410635415404 11.538467198944467 -1.486866320494002 7.393725386419237 -22.959577970490827 136.88432229019813 -0.0 -22.95957797049082 136.8843222901981 -0.0
43.503330647945404 -51.78883373737335 -0.006026402115821838 -0.0 68.52469017665608 1.0740582919402322 3.499211055162567 -0.5584351736509896 -9.073135856384484 3.499211055162567 -0.5584351736509896 -9.073135856384484 3.499211055162567 -0.5584351736509896 -9.073135856384484 -5.843758856357778 3.1941049902929395 -28.72717788657997 34.67829984786448 134.92629620521734 28.359973034575912 9.053802633894776 90.03717491523516 -3.549286833108061 -13.360277530759456 4.588013384344226 160.84883073690418 62.35410951756632 39.229408465634954 -137.33450929103728 23.46586568760431 169.73047408614894 69.58351624993047 9.053802633894776 90.03717491523516 -3.549286833108061 38.10846003874241 -14.489618355396868 -157.27914528455543 12.510689967944009 5.630771576164215 155.52784473571128 30.33902455776872 148.29879661372942 -0.4079166086404403 8.33882832859334 1.277008223505193 8.738397610996213 -11.935233914016615 0.8396710746723803 -4.053702938649742 -4.767370639884535 140.27449597499808 0.0 -4.767370639884573 140.2744959749981 3.9894956049858177e-16 1.6007611209849795 0.2119504974518254 -7.543441092920731 6.319097378733723 -0.6588656894759578 5.9647399490515145 -15.047970243769278 145.07444120609637 -8.233731275240688e-16 -15.047970243769225 145.07444120609642 1.646746255048137e-15
43.87867748737335 -51.0518878698349 -0.00414922833442688 -0.0 77.95482172907909 1.2340974681071244 1.4996774357608296 -0.18690014453350667 -7.104794872783139 1.4996774357608296 -0.18690014453350667 -7.104794872783139 1.4996774357608296 -0.18690014453350667 -7.104794872783139 -24.841413588432022 13.352297023505962 -29.46571064987711 11.692505823704327 167.05510866704614 36.07818143681312 7.000125803315094 93.4258812206719 -1.9319504495422766 -3.378952533523066 0.5189781725360624 171.2628744102847 64.42470212929118 28.745984881879327 -148.6957504560869 15.311814765978367 169.43204184875665 84.35821005244848 7.000125803315094 93.4258812206719 -1.9319504495422766 56.03916094645105 -26.04455963776343 -149.4933231275086 68.22728047540447 57.816488199309674 120.30358927247678 11.863303409886973 167.0671839235233 -39.18718849097132 10.289330920587147 1.0670127513824574 5.952858192205492 -13.681495390227031 0.8720511859491036 -3.6821474878666827 -2.3659037250559907 144.64096533490735 0.0 -2.3659037250560218 144.64096533490735 0.0 13.057393550821647 1.586292952531404 -6.98819910178455 9.453092869093979 -0.850243524363211 5.163191215534747 -6.7229824482900895 153.10508223178346 -0.0 -6.722982448290068 153.10508223178343 -0.0
44.266460835933685 -50.21037757396698 -0.004175305366516113 -0.0 42.28813439208605 2.8235958496356077 6.628829189006745 -0.7119461988808466 -6.144060346659253 6.628829189006745 -0.7119461988808466 -6.144060346659253 6.628829189006745 -0.7119461988808466 -6.144060346659253 -30.066466634249288 12.734347907275826 -24.278872377467597 13.009267145171416 166.35895039507815 36.1108762194804 5.266499690503728 96.83140512180786 -7.344268787759514 -27.243811893139764 -0.5675798889734498 -178.7602942770012 42.94131547202015 25.895021901347484 -144.52585004712859 21.925279371373502 162.09265616516365 62.08586604630181 5.266499690503728 96.83140512180786 -7.344268787759514 55.3472335391685 -44.87270508394238 -129.56612013219387 64.76653009613828 36.57063960188969 140.6438289430628 24.241556032048496 166.0858147194082 -27.95890825497036 9.988607636595248 0.5856611704241559 3.3727124372165007 -13.631131748758383 0.8494380692923028 -3.5998705645981377 0.48881520506568304 144.09580833403496 0.0 0.48881520506571535 144.09580833403498 0.0 23.10593848736721 2.5254143071343966 -6.412545201227726 19.247644970839318 -1.6611226542966915 5.027490876244629 -1.7501490231338874 157.55066046861165 -0.0 -1.750149023133843 157.55066046861168 -0.0
44.50540989637375 -49.77257251739502 0.0029627233743667603 -0.0 14.89877996106039 19.13688911033185 16.49882899534116 -1.346247857733701 -4.730474993461627 16.49882899534116 -1.346247857733701 -4.730474993461627 16.49882899534116 -1.346247857733701 -4.730474993461627 -20.754680662513106 7.550063020935926 -20.50694429656754 11.61096121995115 169.094806631984 36.364295075688155 0.4847052185718247 103.32742238271561 -17.138804671220036 -24.17667718194875 -5.470696335745365 -166.83801026338207 38.3448142795499 23.826464397407555 -144.5561927263229 20.51314779042132 162.31764185777476 65.96101564255078 0.4847052185718247 103.32742238271561 -17.138804671220036 49.985948676802394 -61.84171642824693 -112.2910398760484 74.70081987114224 54.71007499909385 124.32107151163318 14.262059358647296 175.73044291061944 -9.68628062857511 13.065331644841278 0.32673551500357356 1.4450454682114535 -9.427438304675482 0.5751354457449861 -3.506971473855446 -1.2240485712823874 146.9213425750098 9.941501977482369e-17 -1.2240485712824445 146.9213425750098 -9.941501977482369e-17 33.60864444204391 3.8868145999505592 -6.997817592579098 20.766516534255718 -2.1465275575292977 6.034471874593073 14.449986223051823 162.74189684074366 8.211139283920387e-16 14.44998622305174 162.74189684074366 -0.0
44.567957520484924 -49.91474151611328 -0.0009320676326751709 -0.0 17.78632556033253 23.567053568001043 10.563847968268613 -0.6416210560473931 -3.4955964272207365 10.563847968268613 -0.6416210560473931 -3.4955964272207365 10.563847968268613 -0.6416210560473931 -3.4955964272207365 -26.584990112410328 8.85357209381501 -19.1909907399286 8.492487726238267 172.7566927581918 31.096439715298512 -0.4400485817469153 110.02555528813728 -11.112338275640102 -12.305158472705923 -4.4359409988782526 -159.9980762670203 35.78538727638929 37.68745738902554 -127.12286301550063 18.697053028209805 158.2025754570835 61.96632154958949 -0.44004858174691364 110.02555528813727 -11.112338275640104 26.02564199711215 -65.59894334334979 -101.25737460067718 54.735526174348195 87.52310217351794 92.02279645129207 8.332143148179963 167.353791124545 -32.462360547213656 15.50236752647066 0.3355653018952473 1.2553042180420495 -7.211176335146828 0.5793868573348679 -4.605854701192287 -0.04110396925426539 151.50357988411002 0.0 -0.04110396925426539 151.50357988411005 3.106011230389944e-18 38.12824629292178 4.403597924929388 -7.109574695607492 15.445811576092169 -1.4702800351873848 5.504795813841014 10.661056647028436 165.1563287651344 -0.0 10.661056647028392 165.1563287651344 -0.0
44.70112323760986 -50.196221470832825 -0.0034809112548828125 -0.0 149.84147148596847 3.183352436732784 -4.407866165390899 0.19821542734660286 -2.577322917117219 -4.407866165390899 0.19821542734660286 -2.577322917117219 -4.407866165390899 0.19821542734660286 -2.577322917117219 -34.76570199907415 9.561800549987607 -16.457887574899836 7.790598388616677 172.7538889298793 23.619899866678455 4.343820039653325 118.08677548785543 2.683990044489766 -6.845459078609693 -3.836164667124012 -150.6391188282579 30.74958558695828 47.85253094371681 -114.83248883432948 16.802856542050613 159.0713688327208 52.724295950564894 4.343820039653325 118.08677548785543 2.6839900444897666 -1.8454743405543874 -67.5226718120757 -89.2366120963709 -64.52533067560805 -85.47914889034897 -85.91712024317555 8.716227771783412 171.1498607402242 -15.218438375456387 1.5467465162190255 0.03545401374718557 1.3132446516228673 -4.7989294634731605 0.44752227641233444 -5.333993252903217 -0.5032007556536953 136.9934187419665 0.0 -0.5032007556536209 136.9934187419665 0.0 37.03243581265496 3.5814070789087893 -5.933002908611705 17.023249729812633 -1.5182663334485704 5.173159950901535 11.555858689509305 165.74616651257935 -4.0579484888937436e-16 11.555858689509387 165.74616651257935 -4.0579484888937446e-16
44.97501105070114 -50.38062632083893 -0.0037088990211486816 -0.0 148.613181411538 2.767378813107434 -3.701487808234518 0.1465248399034269 -2.2684731166255507 -3.701487808234518 0.1465248399034269 -2.2684731166255507 -3.701487808234518 0.1465248399034269 -2.2684731166255507 -30.648424836913904 5.208752831918255 -10.138943733551956 6.626975764111573 173.99204106413788 12.673968472218426 3.8199231233185933 120.21788258617977 2.0625987550576133 -8.37981067018264 -5.9791969984152455 -144.29576194878 28.2584628172334 44.81698085103385 -115.47705930762754 15.100225797518966 156.40348020711082 43.81209899316277 3.8199231233185933 120.21788258617977 2.0625987550576137 -3.7811620076274646 -68.32731022111167 -88.49881426993181 -49.93850560776966 -61.10906707451672 -67.10371385174882 1.0269806619515773 178.3067677237624 -48.512736277212596 -3.9145466856298414 -0.07266617387922822 1.0642940908041068 -17.55337314678758 2.0323906516023986 -6.710799165156797 0.6032600359504631 148.58506195869276 0.0 0.6032600359504918 148.5850619586928 -4.9698921613693636e-17 39.66481064312192 3.548018889943257 -5.548294787923862 16.938873713798603 -1.4914862622422669 5.10679271086666 10.825282516653948 166.14739467433404 -0.0 10.825282516653951 166.14739467433404 -0.0
45.09539604187012 -50.50150454044342 -0.004183128476142883 -0.0 68.89076295070208 2.1791428063983673 0.7839727407990105 -0.0278248715920933 -2.032760222244769 0.7839727407990105 -0.0278248715920933 -2.032760222244769 0.7839727407990105 -0.0278248715920933 -2.032760222244769 -31.774880974338192 3.735574290384666 -7.067984247759026 6.0022269279328775 173.99842216556618 6.724389663618164 1.3814594771899262 119.5515760095391 -1.684811357185201 -10.004029833573108 -7.0439959159489804 -144.57600553372265 18.288814233981896 50.83860586482776 -104.33690749048806 10.68326184235848 154.53296908950094 36.87754247255935 1.3814594771899265 119.5515760095391 -1.684811357185201 -1.8981469890374882 -68.35767769906559 -89.24702919554919 -46.31802615400762 -58.12073009807948 -65.7827502419103 -10.733468593624014 -176.04320702558167 -44.611562856059656 -1.2053279359478606 -0.02103970757976208 1.0001037424013006 -12.241369528243032 1.4760796510934222 -6.929199280222847 1.036641937546918 151.02469052205447 0.0 1.036641937546918 151.02469052205447 0.0 41.12245156143489 3.3255638014178053 -5.049155444810862 16.73093225335127 -1.462392444953977 5.067757397223738 9.93949127784944 166.05338202181025 -0.0 9.939491277849443 166.05338202181022 -4.036275467008872e-16
45.2867791056633 -50.5011260509491 -0.004354119300842285 -0.0 16.04288211307346 140.8651531864527 5.02958137730305 -0.12769612349344375 -1.456242173736737 5.02958137730305 -0.12769612349344375 -1.456242173736737 5.02958137730305 -0.12769612349344375 -1.456242173736737 -35.16778378039926 3.2146564824641146 -5.569519748425421 4.866515801013619 174.28282247857442 0.575195400889757 -1.6807394727022038 124.71893226776925 -4.959239175728543 -4.478182152206692 -3.6637236808867066 -140.64554008046906 12.841540406362721 59.58052119374803 -97.43497398138098 13.736029616569247 154.76608864783745 41.824406508419536 -1.6807394727022025 124.71893226776925 -4.959239175728543 -0.04587712774572044 -12.09119567876099 -89.78584278460556 -26.90349224626558 -26.357715322796782 -47.596892404071404 -19.93437601959722 -169.69647235772769 -15.211787777036022 2.469847441761882 0.023756755866969372 0.5512654474230436 -6.930231724044148 0.8548072814302056 -7.049134378334275 0.7526685432205553 147.59384428761095 -4.9700455210030466e-17 0.7526685432206117 147.59384428761098 4.9700455210030466e-17 39.00508492321239 2.3800114871756914 -3.7781520877912316 18.650723807999846 -1.5422950505407056 4.812528291553568 11.6587551273481 165.5672364682688 -0.0 11.65875512734814 165.5672364682688 -0.0
45.35277038812637 -50.448668003082275 -0.004832074046134949 -0.0 16.5476687598047 155.22716314466035 3.7614322434672847 -0.07360870895835997 -1.1219030298181254 3.7614322434672847 -0.07360870895835997 -1.1219030298181254 3.7614322434672847 -0.07360870895835997 -1.1219030298181254 -37.66928554320599 2.1200961090243955 -3.466643193738649 4.683416896527661 175.35179513524494 -7.439885838440396 -1.6197462098264939 130.88722946505257 -3.5756201302077613 -0.7900047362648013 -0.6190863013947351 -141.9140526085322 10.252137743998057 65.26763550405275 -94.6868329761922 7.2610682834352716 158.50256933101988 42.257995944329934 -1.6197462098264934 130.88722946505254 -3.5756201302077617 -0.8351486985791886 10.015771616492911 -94.71789222064406 -22.201054472522298 -23.60353299169379 -49.14881370335276 -24.643221284986474 -165.8699186381658 -2.9054514455409275 5.2029968971096405 0.04182800320768871 0.4612367983406147 -1.5784867139095937 0.19575452695365383 -7.070300339769558 0.19930771372917125 148.87240831201456 -1.2424116893340931e-17 0.1993077137291712 148.87240831201453 0.0 38.108035579567165 1.7453810883833172 -2.826727797825562 15.573905982663561 -1.2836920704946064 4.771053877681464 11.900155105713722 167.27499748475876 4.0630139124084686e-16 11.9001551057137 167.27499748475873 4.0630139124084686e-16
45.47938406467438 -50.471752882003784 -0.006613694131374359 -0.0 6.13351124413128 173.3008126009749 7.239450990424232 -0.09937107845149734 -0.7885081976743872 7.239450990424232 -0.09937107845149734 -0.7885081976743872 7.239450990424232 -0.09937107845149734 -0.7885081976743872 -37.63505582523161 0.9916301063624365 -1.6236738418228127 4.306877859695817 176.2739190992031 -12.510736426221124 -4.781607731568604 137.02370435829005 -5.498597854822736 29.24441422335234 23.09346109228992 -138.88508583456166 12.352746737720356 73.93538359944795 -93.52522619094974 0.32203125708769215 166.7071087047698 46.19565599383917 -4.781607731568604 137.02370435829005 -5.498597854822737 0.1978462940218735 -1.004247418274497 -101.14395154440251 -26.683741361771958 -34.11831079237506 -56.463162585622015 -21.107473696137355 -166.1698078604131 -9.196105001477957 10.1231716245594 0.0004503164350930041 0.002562038967018098 2.0707216556012717 -0.2641452164927657 -7.271115846007091 0.36389637854703205 148.28797242310935 0.0 0.36389637854703194 148.28797242310932 2.484858461355234e-17 32.76488286985425 1.0960912337709743 -2.0247282925289336 20.475916524118976 -1.559594277566111 4.450486724168186 11.92175020407457 168.02574471749 -4.0633369418184456e-16 11.921750204074547 168.02574471748997 -0.0
45.648130774497986 -50.50405561923981 -0.006733275949954987 -0.0 4.566254983646234 174.7005735462857 5.971852017750455 -0.050076926670034556 -0.4813132016452351 5.971852017750455 -0.050076926670034556 -0.4813132016452351 5.971852017750455 -0.050076926670034556 -0.4813132016452351 -37.347452833513266 -0.9490563611447183 1.5641836899163521 3.3672930996869637 177.54755952007255 -18.443918789832185 -4.415790956635869 141.94296813462546 -4.053045531781446 41.96882624947995 32.29911401932927 -136.610440693758 14.36134733590337 77.71715443380994 -93.09113540469774 -6.392068940484776 176.26354791799133 28.442212906861652 -4.415790956635871 141.94296813462552 -4.053045531781443 2.6434617937957965 -9.438223728909195 -105.50635669113827 -25.661917426391913 -47.983713269901415 -68.68665757984633 -12.948962649545901 -165.16829379029858 -26.930531938728087 8.17077690047788 -0.12810161037179144 -0.901263520741041 -3.601971821364604 0.4677569771953519 -7.4040853763861385 0.6166860156542135 149.8929188524856 -4.969904560044142e-17 0.6166860156541872 149.8929188524856 0.0 30.605050183113278 0.5320232945010765 -1.0449058007988405 20.125584080972004 -1.294039522322469 3.7561286402360716 10.597775681576849 170.4053261015924 -0.0 10.597775681576831 170.40532610159244 2.0223428091937688e-16
45.739953219890594 -50.52347779273987 -0.007412955164909363 -0.0 3.2868898048070627 175.29294101663834 5.7023868562218425 -0.03281095896877068 -0.33021540148613776 5.7023868562218425 -0.03281095896877068 -0.33021540148613776 5.7023868562218425 -0.03281095896877068 -0.33021540148613776 -38.083528174098085 -3.101715764113605 5.020671705997201 3.879985070122245 178.75790625247146 -20.51814209813281 -5.099505685947624 156.43567081791258 -2.5765248356157264 47.18779181145642 35.07733214929594 -136.25138768153207 20.873907239236715 82.64653231109119 -92.6327595390777 -6.721944848157791 -172.59260676018522 59.21340626602863 -5.099505685947624 156.43567081791258 -2.5765248356157278 3.4348327204813454 -6.735834625025788 -116.89771623442348 -28.932911968653922 -45.82823720009039 -64.82662259092153 -6.147401017982068 -164.50478324735792 -34.87117407113827 9.51334868845015 -0.19703380824980027 -1.1919728694834164 -5.839139866651816 0.7790800662362347 -7.6132151498938 1.0738153552897518 150.66384533789818 9.940979203384969e-17 1.0738153552897516 150.66384533789818 9.940979203384969e-17 26.63902747553732 0.2777976710336131 -0.6195557955679523 17.86756499255548 -1.1444843991106963 3.7254124609507446 10.26661760605694 171.20068932450724 -2.0201918731530474e-16 10.266617606056963 171.20068932450724 -0.0
45.94564735889435 -50.49949288368225 -0.008307211101055145 -0.0 0.5204931492272763 175.31115661130593 6.257130736972515 -0.006257419154645469 -0.05741245308609968 6.257130736972515 -0.006257419154645469 -0.05741245308609968 6.257130736972515 -0.006257419154645469 -0.05741245308609968 -39.44687905918403 -5.3700328301650035 8.415706733928017 4.087342085905936 -179.2638630863923 -21.356556118892467 -5.843851741546909 159.4971975492405 -2.2409356309158555 46.16216994061116 26.092239121295144 -145.82555021366338 63.74846695859237 82.42704578846956 -96.79961309369286 -5.044210480018754 -172.62616317947484 72.80448772995923 -5.84385174154691 159.49719754924052 -2.2409356309158532 2.5021638133091977 -2.855135653401151 -131.19790318183718 -17.6502341981549 -55.193587822392956 -78.09722533281915 0.5032014760723807 -164.72219864123124 -41.2325347238843 12.953723464310585 -0.3321694968184991 -1.4815009558533943 -10.679682041375752 1.5369301748814728 -8.23821252301221 1.855685115733516 151.87637107590862 0.0 1.8556851157335155 151.87637107590862 -9.944448640641968e-17 25.3587440575423 0.09613075375797536 -0.22445438867234824 11.87771804499033 -0.7224925378124842 3.5060539945443705 9.992096118401777 171.24816545387276 -0.0 9.992096118401772 171.2481654538728 -0.0
46.140098571777344 -50.41198432445526 -0.009782612323760986 -0.0 -0.780759217691445 175.44718398964898 13.045257105419195 0.04191811943355028 0.18570735459749377 13.045257105419195 0.04191811943355028 0.18570735459749377 13.045257105419195 0.04191811943355028 0.18570735459749377 -40.31569809453368 -7.768879177802841 11.907260863051786 4.218000032841995 -176.91107415147496 -24.9236514497616 -12.915493258106952 -172.5118141080422 1.8605078703168765 52.14500943812287 21.09293156181334 -153.96314520674844 51.27289487892141 -82.42380173297884 95.9239443936579 -1.3243236224056838 -170.6445464372596 81.0757867519538 -12.915493258106952 -172.5118141080422 1.8605078703168794 -2.6264579832294537 2.1714486479862862 -140.39410872740135 1.6306284423861035 -61.84859888121924 -90.87237013630799 7.216541792346244 -165.79831125206235 -50.89174110643156 11.65621055186295 -0.4491877656257119 -2.2222048856282286 -14.549412014772216 2.1207178163399667 -8.385321276615329 2.308526563182865 151.7624285665177 0.0 2.3085265631829155 151.76242856651768 -1.9894612992828213e-16 25.72931945733045 -0.14299258605873488 0.32938188880279373 12.515889474011704 -0.7257391249612268 3.3452626094901836 9.882328503713875 172.35510134681397 -2.0177859652766765e-16 9.882328503713849 172.35510134681394 4.035571930553353e-16
46.24183475971222 -50.436052680015564 -0.012257485650479794 -0.0 -0.9967893630494497 175.37531625231827 16.997972182701208 0.0931597596522263 0.31866854842236064 16.997972182701208 0.0931597596522263 0.31866854842236064 16.997972182701208 0.0931597596522263 0.31866854842236064 -35.569740429407 -8.426583605343742 14.287926603576906 4.362897527758342 -176.89377366956677 -25.270866619223685 -12.906261188760721 -139.54047313477108 11.161430871408797 57.68231618167413 7.806813969800328 -170.78491838752896 43.38590392865017 -82.21040690768363 95.36818871843215 9.063492283886262 -165.46183797987786 74.91328737319107 -12.90626118876073 -139.54047313477113 11.161430871408786 -1.5756709224808905 1.0790703219784328 -145.58887194812561 20.03224766276977 -63.37204379370777 -99.74518177115203 12.636593243977375 -167.16701640926368 -57.50453064948949 5.39934786076969 -0.23771823406398715 -2.524690138151652 -19.72370727468201 3.0147659314172603 -8.869755253613882 3.104051208296783 153.9771335232586 1.9907674421455234e-16 3.1040512082968306 153.97713352325857 0.0 18.532267356762116 -0.31068680883748784 0.9774131961528534 0.9381656893799153 -0.04500763275126434 2.7467294098123674 10.8833697065315 173.46965221317512 2.0242558383240976e-16 10.883369706531543 173.46965221317512 -0.0
46.241381764411926 -50.55965483188629 -0.010331632802262902 -0.0 -1.6280441390803662 175.6998943217808 12.143463937605066 0.07540210597695832 0.35843829887734435 12.143463937605066 0.07540210597695832 0.35843829887734435 12.143463937605066 0.07540210597695832 0.35843829887734435 -31.822919047915942 -8.563473385183835 15.93814575347157 5.222974282554282 -177.39571936111264 -26.608913246021324 -8.736224161188824 -137.17631984735132 8.475078722568444 53.15150831783477 -0.05608174392162007 179.92991746514508 46.4568112653705 -71.34690697749487 103.74947598277893 14.382717382660964 -161.36597769796236 71.4352661381705 -8.73622416118883 -137.17631984735138 8.475078722568437 -5.382779357391059 2.827392662802321 -152.23466666903843 32.23556688272939 -54.010179177047654 -111.17607253275253 18.208500406711266 -169.39645898270837 -54.36525109346299 1.6124335731732524 -0.06830611987523441 -2.4260418859401107 -23.356787280689364 3.670607332827083 -9.19157501727006 3.6826738863564037 152.83209920410567 0.0 3.6826738863563544 152.83209920410567 -1.9919598996705647e-16 23.426823978695744 -0.4500609869048729 1.1318841806689215 8.463363606305427 -0.39009868225162453 2.648693975867841 11.474242650214537 173.91889006019633 2.0283855191979783e-16 11.474242650214583 173.91889006019633 -0.0
46.38625532388687 -50.733715295791626 -0.00975276343524456 -0.0 -4.472194556059901 177.06222722912963 10.921356210335945 0.16688717308266277 0.8807834329704238 10.921356210335945 0.16688717308266277 0.8807834329704238 10.921356210335945 0.16688717308266277 0.8807834329704238 -30.429713519989807 -8.266779270012929 16.006379727329115 6.307103991512135 -176.88318124462234 -29.48675463438422 -8.361665258581706 -143.87032608156417 7.105224721916126 43.199668461314204 -5.534513056996013 171.9433078243871 49.77510225268117 -53.80259088174701 119.19453034563354 16.31099899609843 -161.14280901419596 74.35372442805011 -8.361665258581706 -143.87032608156417 7.105224721916126 1.1887374991583874 -0.3939156531685818 -161.66469437338645 42.46368935914839 -46.47285399963018 -122.67107149749106 20.65063059138612 -167.9342156044565 -77.5233762516684 1.809778613538605 -0.08020806867585226 -2.5380696911029967 -21.91402823691559 3.4879196344292085 -9.275284429302756 4.134539738134646 152.39245766146516 1.993033544244812e-16 4.134539738134646 152.39245766146516 0.0 26.90162206236202 -0.7438592638834894 1.643674689735945 10.18030571102057 -0.4523537584461089 2.5576903097689376 11.64237146459834 173.96406458062165 -0.0 11.642371464598314 173.96406458062165 -0.0
46.41103297472 -50.78567564487457 -0.010287459008395672 -0.0 -7.448477136614274 178.0695779795458 10.145065800077521 0.23998023276548974 1.362183587843455 10.145065800077521 0.23998023276548974 1.362183587843455 10.145065800077521 0.23998023276548974 1.362183587843455 -29.54232909127783 -8.058605019643945 16.02142052592986 6.876346990504821 -175.9818868522358 -30.504033862886494 -7.267976270014374 -142.3849285573284 7.226040138367449 32.80799725148099 -5.648683055903104 169.6547211868022 44.939115153325304 -37.599551176539634 132.52815232307537 21.06891213870961 -157.1694331167108 67.00220595727035 -7.267976270014376 -142.3849285573284 7.226040138367449 4.0688449988999995 -0.939080684364504 -166.9921426720674 50.12036915703075 -33.80089827534136 -138.89895498333922 26.237661111729903 -173.06067384792212 -85.94321902700152 1.2918713524563725 -0.047363510604882225 -2.0998566177918128 -21.40490805529958 3.447880234085617 -9.374241641577747 4.380830166431613 154.81690762769134 1.9936714565778924e-16 4.380830166431613 154.81690762769134 1.9936714565778924e-16 21.731028945588328 -0.5701387669160938 1.5395558162052676 5.044102428112373 -0.22993638225659915 2.6134161114603898 11.429536558679256 174.31003732107283 -2.0280649272829265e-16 11.429536558679256 174.31003732107283 -0.0
46.423518657684326 -50.7371187210083 -0.010127079440280795 -0.0 -8.241519939405746 179.6793879159433 12.800393080751913 0.4288716780514778 1.9350330752650406 12.800393080751913 0.4288716780514778 1.9350330752650406 12.800393080751913 0.4288716780514778 1.9350330752650406 -26.27850827021893 -6.94350463463253 15.380064238401939 7.496573668893937 -174.84122968320213 -30.945620589738798 -8.116833952615087 -136.5981468648791 10.116118310420958 24.809728232648578 -4.060273341971663 170.3982842903782 34.26857526069388 -22.84162437877017 143.2010387933579 25.378567487353212 -154.97292979919837 67.43524678981463 -8.116833952615087 -136.5981468648791 10.116118310420958 8.678366269088059 -0.9595347019306577 -173.66606503507418 50.526863169139155 -21.016913381919437 -153.53946911906903 28.84230004172104 -175.33099153043216 -90.7889377021958 0.6363016259173782 -0.018944318652796895 -1.705372503673034 -17.91248669409828 2.8466831701564708 -9.18373783965871 4.48767773767992 155.8760397959109 0.0 4.4876777376799195 155.87603979591088 0.0 25.61225982918381 -0.6678589778855727 1.544668741576708 7.507772686190561 -0.3572761834938332 2.7323438605948 10.71760006457528 174.56508378703975 -0.0 10.717600064575281 174.56508378703973 -0.0
46.39970660209656 -50.74126422405243 -0.00897685531526804 -0.0 -13.912897670488704 -179.97369761151376 8.999264005378231 0.356538955439268 2.278171534346206 8.999264005378231 0.356538955439268 2.278171534346206 8.999264005378231 0.356538955439268 2.278171534346206 -22.51796472260271 -5.738865960959323 14.703821742851447 8.863407975428263 -173.82298354518582 -32.96991706103109 -3.693035677132877 -127.17769160472731 8.520344001908263 16.378292477472982 -2.965121464368914 169.5912062451051 28.444442240744213 -15.874211812836332 149.16137622917728 34.66237128404505 -156.24481929760208 55.251690880541304 -3.693035677132878 -127.17769160472734 8.520344001908262 11.508418980257481 -0.4343427742609233 -177.82397844804635 54.89985079549641 -13.152799483275926 -164.05963549865933 26.982692647577636 -173.45641535684314 -93.90712329551879 2.820899988261656 -0.05931922128981015 -1.2051523553046528 -12.7293379635729 1.9750908634688464 -8.894996180614237 4.601747723968179 156.16019084439088 -1.9942753588594448e-16 4.6017477239682005 156.16019084439088 -1.9942753588594448e-16 28.23931993603657 -0.7214770344894696 1.5245409744727882 12.551714053112086 -0.6229909651852591 2.864413538250824 11.597973007273316 174.49997637271588 2.029279774409791e-16 11.59797300727335 174.49997637271585 -0.0
46.443331241607666 -50.717464089393616 -0.00939350575208664 -0.0 -53.22894405707475 -169.7155169798207 2.0260658135916505 0.09616660948929914 2.7180556907939817 2.0260658135916505 0.09616660948929914 2.7180556907939817 2.0260658135916505 0.09616660948929914 2.7180556907939817 -26.034003445859273 -6.477329957299449 14.503231101785287 8.137641272127494 -174.0139775995589 -33.123925329203566 1.3547329495379594 -119.69600688857189 3.1074407310052994 9.99801360536271 -1.851960114082309 169.45004246798433 21.11793766262638 -10.667008041747707 152.39985267859205 39.14604392839018 -158.56383838167002 50.428787178960775 1.3547329495379592 -119.69600688857189 3.1074407310052994 6.636648387888195 0.11700080243552943 178.9877456277134 52.91836643128423 -7.4409001711795755 -170.70264106821398 29.143963898195445 -174.00989458192402 -98.74417860834531 6.379172464416899 -0.08295842176975679 -0.7466071052065754 -13.394810873771586 2.09337550451002 -8.966520826936787 4.804938170535613 157.40195072537588 1.9948573155323006e-16 4.804938170535613 157.40195072537588 1.9948573155323006e-16 27.89146837198368 -0.7783886007305505 1.6635756888787505 10.616225690246246 -0.5752245252591892 3.1193417147708202 12.91721199670476 174.38732055617342 -0.0 12.917211996704758 174.38732055617342 -0.0
46.58223092556 -50.766366720199585 -0.008038990199565887 -0.0 -109.7541535025009 -1.7625737885263209 -1.192646900979793 -0.06938349261156164 3.329731214199157 -1.192646900979793 -0.06938349261156164 3.329731214199157 -1.192646900979793 -0.06938349261156164 3.329731214199157 -33.17799148634322 -8.317419175069782 14.957179733429184 7.976293856934313 -174.27728155670195 -31.374586920242074 3.511863856881535 -116.55046678097563 0.41826578090789185 0.3004966457585588 -0.05423905238132632 169.76834031281268 10.702776798026012 -5.015020906158958 154.7085433728037 47.1157885286964 -157.10959429865724 51.96733461267036 3.5118638568815355 -116.55046678097563 0.4182657809078914 0.845461042041229 0.06643924867293606 175.50656935344747 50.19903384747544 -2.8637808391800763 -176.27459403238973 30.42065446271614 -175.57270226450098 -99.39138571760324 4.494946448939936 -0.04550651845685715 -0.5806340828164904 -13.438618031484022 2.0552092126331836 -8.777750744352167 5.206502632759077 158.3563716819334 -3.9921645994075714e-16 5.206502632759055 158.3563716819334 -1.9960822997037857e-16 29.841607060294578 -0.959075718157447 1.9268408533191794 11.567276409430267 -0.6545250579053914 3.260781239615664 13.450400296248933 174.5842479365134 -0.0 13.450400296248935 174.58424793651338 2.0439077028460365e-16
46.8168169260025 -50.83378553390503 -0.007236748933792114 -0.0 -106.87079634226654 -3.0756493357646697 -1.2256276105612542 -0.08691221406136652 4.056503679153645 -1.2256276105612542 -0.08691221406136652 4.056503679153645 -1.2256276105612542 -0.08691221406136652 4.056503679153645 -33.387987177705035 -7.81226887129326 13.999460715930228 8.17689578618269 -174.04692231364427 -28.81171397184311 4.169391006649649 -117.16219847177614 0.7563485359937209 -1.8713041794221672 0.33523895079093763 169.84147850456029 7.792732248803491 -3.132404594288067 158.02055224604442 45.05741333318853 -157.44400261489153 61.97676734838733 4.169391006649649 -117.16219847177614 0.7563485359937206 2.5808037933866905 0.32216798316748596 172.88198146875163 51.044029559301144 -0.3306910201088498 -179.57474775859606 22.11547228298343 177.2392034177815 -107.28931361166869 2.551298447406048 -0.02305199556911748 -0.517847187105333 -26.17967575801193 4.32045319938676 -9.717136072499784 7.821144276549417 159.50313473155336 0.0 7.821144276549417 159.50313473155333 -4.0130237471466526e-16 29.74210604798605 -1.4095976170609104 2.8396218364433046 16.0738048145845 -0.8662990442931281 3.1259743201306853 12.348205332752022 173.8342995893727 2.0349225804051518e-16 12.348205332752094 173.83429958937273 -0.0
46.94027155637741 -50.834113359451294 -0.008089747279882431 -0.0 -132.68680175833362 -2.6606072044419142 -4.044761500242789 -0.31246221074664265 4.421088062881101 -4.044761500242789 -0.31246221074664265 4.421088062881101 -4.044761500242789 -0.31246221074664265 4.421088062881101 -36.008206432077 -7.9867771665913665 13.422841623293769 7.594273568410498 -174.47383777344217 -24.909089377629922 5.88566718923501 -121.96660498502096 -1.112158949646697 -5.432624594891611 0.9506161807779441 170.05922267416818 2.3153152744356267 -0.865850674458409 159.48933186364016 44.831639132135024 -164.45289232974903 69.28143486398454 5.885667189235009 -121.96660498502096 -1.112158949646697 -6.805216007654033 -1.000318100100212 171.61756021746172 48.022869488483146 3.771898850266107 174.93214779073986 28.816046966345713 173.7427092921633 -111.13993812377834 3.751899868570234 -0.0030846923073389256 -0.04714043305299791 -24.002984620103522 4.222643200421849 -10.287391046266666 8.724006993319799 160.67654971511357 0.0 8.724006993319762 160.67654971511357 0.0 26.972867463033165 -1.4498959525925248 3.194011369286892 6.346625158143 -0.3381210668218014 3.055860120452262 13.682264008315602 173.7287946246739 -0.0 13.682264008315563 173.7287946246739 -0.0
46.917177736759186 -50.69398880004883 -0.00881948508322239 -0.0 -111.40001030444373 -3.7771423276243286 -1.7132215427394915 -0.13156680129063736 4.392068200985775 -1.7132215427394915 -0.13156680129063736 4.392068200985775 -1.7132215427394915 -0.13156680129063736 4.392068200985775 -35.4210908845781 -7.1663766434570775 12.239974366648067 7.34483328709452 -174.64303702236816 -18.98160260842502 4.541631337204544 -126.96533154393742 1.2635543518656662 -8.447937960054688 1.297749843309791 171.23393638296457 4.294898491069071 -1.839127394455978 156.79225201370176 45.765445303584 -167.15753032692507 75.64947042322211 4.541631337204545 -126.96533154393742 1.263554351865666 -6.905060028998835 -1.1761645936054976 170.30904056343232 46.14237749179731 5.734198258319205 172.07191661829003 28.802406965725826 176.62141110667295 -102.01501029452965 5.025322144811657 0.05457611183584284 0.6230190056115427 -23.14511413494647 4.286725439615246 -10.796756992910144 10.711974598575157 160.81204638679148 0.0 10.711974598575155 160.81204638679148 4.046202593656137e-16 26.56045250078141 -1.3741072785089403 3.070736441328841 6.482597295821534 -0.3457203383818482 3.059269790254098 13.693966480166146 173.72913585360348 -0.0 13.693966480166221 173.72913585360348 -0.0
46.89487665891647 -50.514137744903564 -0.01146993599832058 -0.0 -36.08600308904193 -172.08457764736178 5.912833689477783 0.45051064492995097 4.364865057154294 5.912833689477783 0.45051064492995097 4.364865057154294 5.912833689477783 0.45051064492995097 4.364865057154294 -29.560769365982704 -5.574271959122704 11.190198992853036 7.504827611749537 -174.57601532491984 -14.669851433072123 -1.3113310432749279 -136.31547149455028 7.227411867602051 -6.707707943707797 0.9210279135529662 172.16333792731947 15.006636960486698 -7.277463653338384 153.74776071846736 44.98560710331802 -167.83148347910983 69.11023200680593 -1.3113310432749279 -136.31547149455028 7.227411867602051 1.4459903332579334 0.23065068399657113 170.9360754155213 46.79332050089351 5.735789200689612 172.15380041827422 30.462342483234362 174.4705860500612 -105.43329018412173 5.624675357347207 0.14958099533387298 1.5258002545658578 -20.49208912163444 3.8911712467567368 -10.99528064213142 13.505535451103306 159.7511465534491 0.0 13.505535451103286 159.7511465534491 -8.17751660793366e-16 26.207720672954775 -1.2744963847239528 2.883951036519148 7.055230996338856 -0.39215528120996773 3.189520369648843 14.43305808033208 173.24298766630375 2.052628635847064e-16 14.433058080332076 173.24298766630375 2.052628635847064e-16
46.9086617231369 -50.53365230560303 -0.011336442548781633 -0.0 -41.503092725958176 -174.0173485696059 4.929267335578286 0.379322583830043 4.405893234548533 4.929267335578286 0.379322583830043 4.405893234548533 4.929267335578286 0.379322583830043 4.405893234548533 -28.06572976266741 -3.4846494250439686 7.37466673968152 7.729592589989252 -173.7084580712896 -5.716317999536405 -1.4751064405463543 -144.34720594815627 6.441651490504075 -2.7573616908040495 0.36087993477115465 172.54063981751466 22.125317499104874 -11.53320622052527 151.55165745964996 42.143218445216014 -163.18666161617202 57.9638213287679 -1.4751064405463543 -144.34720594815627 6.441651490504076 10.751159896854565 1.545580656172725 171.7697243623682 47.61596612606854 5.676958836111071 172.3351465651577 32.85959662103802 174.0465464031232 -104.33865319743306 4.343398068436432 0.15431871856700627 2.0367873933434217 -17.798370077851512 3.3789089167330006 -10.932372013222858 13.592519842885858 158.87556644794626 0.0 13.592519842885878 158.87556644794628 0.0 30.27444018483062 -1.420464711862117 2.815894274839136 11.913094728991933 -0.7104864591882677 3.437860307350699 24.217982597742466 172.11438172283607 -0.0 24.21798259774246 172.1143817228361 4.359353923763174e-16
46.93835526704788 -50.56465268135071 -0.011088652536273003 -0.0 -43.58818582856953 -174.0752942331868 4.181848900045925 0.29300414300602795 4.011502410241594 4.181848900045925 0.29300414300602795 4.011502410241594 4.181848900045925 0.29300414300602795 4.011502410241594 -26.41713385135996 -1.2654543636954514 2.842465915603351 8.190494074925587 -172.27815952444075 1.363499961177729 -1.654467664148968 -150.13118058263325 5.551821943583963 -2.116002845670048 0.20455923056335248 174.47696295452707 23.46382422287329 -14.159831620848399 147.64036122294746 40.087741663145444 -157.5625030885565 56.002313598134755 -1.6544676641489677 -150.13118058263325 5.551821943583962 8.24712786135446 1.010998060355623 172.98642891957908 44.461430890433995 5.335624817603277 172.40504940253308 31.465466606697873 176.52341925226423 -92.20924242996597 4.962320574736292 0.19836759435022064 2.292036915757524 -17.44827149089783 3.3750919914456303 -11.127141413288317 13.871459829394775 158.09766780547258 -8.190246870728962e-16 13.871459829394816 158.09766780547255 -8.190246870728963e-16 27.95639474830571 -1.1326476855368064 2.414943854269412 11.560783647411585 -0.757825346122087 3.7761675087476156 23.335947216032547 171.96636093678757 -0.0 23.33594721603254 171.9663609367876 -0.0
46.993523836135864 -50.647786259651184 -0.011277711018919945 -0.0 -53.63367434829606 -172.32674062253173 2.4262071712028574 0.14015580293113308 3.307149399287006 2.4262071712028574 0.14015580293113308 3.307149399287006 2.4262071712028574 0.14015580293113308 3.307149399287006 -25.336819758182557 0.12599894724674193 -0.29443007373681873 8.075925742180127 -169.56183820412858 9.176716029952848 -0.9360856239370856 -156.80685868706718 3.9927861856853366 7.472043656306731 -0.2481686363948874 178.09232652323092 34.059175263221455 -28.010544164446706 136.47422605689775 26.19347084518596 -157.3519894588468 69.12355772782212 -0.9360856239370852 -156.80685868706715 3.9927861856853375 5.418912607073693 0.4107674187690626 175.65860494304917 45.02610803203511 4.330898433362819 173.88955923915123 36.42077382565093 178.87323539793712 -94.32558055708814 6.175243114484049 0.29463511340311616 2.7369541737203837 -19.60086530791631 3.9753570662985527 -11.703765812633334 14.174248241577166 157.89563622064256 0.0 14.174248241577137 157.89563622064256 -8.201063944840468e-16 28.402654828645343 -0.9768493642584034 2.0529699821994964 10.13129045668909 -0.7491712326219964 4.251392268909144 25.69507070128483 171.5361761008439 -0.0 25.69507070128483 171.5361761008439 -0.0
47.008033096790314 -50.828537344932556 -0.011353101581335068 -0.0 -171.50301527961403 -11.742178052471834 -17.006994045018693 -0.8025811635895101 2.7420597984176047 -17.006994045018693 -0.8025811635895101 2.7420597984176047 -17.006994045018693 -0.8025811635895101 2.7420597984176047 -35.00977652287441 1.846627561488321 -3.216444478712 7.949721661631087 -168.2352079993058 16.074957478127377 17.15339860578658 -176.70600441914482 1.5383849095909479 7.558510795341557 -0.14975305362181288 178.86167483849852 36.16030420548521 -29.348983039326598 136.3793894446434 17.260346952392304 -158.1244098824874 76.9766222731693 17.15339860578658 -176.70600441914482 1.5383849095909479 -4.445187746381528 -0.08322680584512857 178.92630487003868 43.44691719606601 1.6595277348426716 177.58753278786628 33.3569052925891 169.98595214335853 -90.33634680325521 7.350725730037167 0.38656516226802823 3.0186423113312517 -25.336540475491223 5.467079010440099 -12.606951022618855 14.01591889146524 157.9197571110331 0.0 14.0159188914652 157.91975711103314 0.0 27.013825980942936 -0.6163593937244658 1.3568042582043698 0.7732792171078208 -0.0652847662732392 4.825949647422093 24.380340600648957 171.57685912263247 -0.0 24.380340600648918 171.5768591226325 -0.0
47.0361590385437 -51.11728310585022 -0.011209305375814438 -0.0 -175.98031899826952 -9.559089006547623 -26.62550791463417 -1.0133632251962823 2.260241081074541 -26.62550791463417 -1.0133632251962823 2.260241081074541 -26.62550791463417 -1.0133632251962823 2.260241081074541 -41.80744895679854 3.865658076541202 -5.787858146439285 6.269294536743234 -168.7096253215733 31.80077227253388 25.895079062867 168.73890116838513 6.804184871611076 4.530455588300343 0.04603142024128653 -179.41726259261432 39.16094963693768 -31.681492773894853 135.65771890889252 13.020673303676032 -161.08594863199536 82.42308960413017 25.895079062867 168.73890116838513 6.804184871611076 -8.508718240346798 0.49911146340304585 -176.63051572044316 42.233238506285225 0.8899349151245224 178.67611725786497 27.73524987924822 166.11348936750133 -87.06821155315083 -0.5467011667762823 -0.028460453796640424 2.9800887661914137 -37.67588697503202 9.021289402633593 -14.561475763149279 14.409755777143177 157.56218186504452 0.0 14.409755777143218 157.5621818650445 8.209655889245032e-16 25.57207419930141 -0.5035030133708565 1.1663405927896004 -3.7444411775090063 0.3359710458719097 5.130841043945268 18.606991739949706 172.18741563452087 -0.0 18.606991739949635 172.1874156345209 -4.1949664253053974e-16
47.06391543149948 -51.07667148113251 -0.011123716831207275 -0.0 -177.45153210793828 -8.014965116969021 -30.304898242766786 -0.87186200084129 1.7274328526419258 -30.304898242766786 -0.87186200084129 1.7274328526419258 -30.304898242766786 -0.87186200084129 1.7274328526419258 -44.37637576730182 4.718232870149442 -6.730577306659003 5.401337598190855 -168.75830040941003 40.63801255212188 29.389268334048058 166.68948773881775 7.9365294150023935 8.11167084084305 0.23838217515354412 -178.31105870276315 45.605720898774884 -32.74784856857948 138.00923264157606 13.21705719240653 -159.30655440990924 87.79440850739933 29.389268334048058 166.68948773881775 7.9365294150023935 -11.639105866278646 1.2906537758850951 -173.6279146108572 38.53477892991663 0.3791726838761613 179.3913799274155 26.62168770524697 167.05764855593003 -84.67446638358462 2.1998041710093728 0.11345513728863674 2.953148102798882 -33.46009733858406 7.6875706125950956 -13.756709262492842 13.937279595261822 157.49836930664603 0.0 13.937279595261797 157.49836930664603 -8.192576387348405e-16 32.98068225204636 -0.37195245394004156 0.6832658834641716 5.2844524404498125 -0.512291896599157 5.545091346075633 15.539528804280364 172.47179574065618 -4.1265353263913945e-16 15.539528804280323 172.47179574065618 -4.1265353263913925e-16
47.10161238908768 -51.21719539165497 -0.011751241981983185 -0.0 -177.85411050976688 -4.589835154026906 -25.490144500853752 -0.4881775779586803 1.1342372453977105 -25.490144500853752 -0.4881775779586803 1.1342372453977105 -25.490144500853752 -0.4881775779586803 1.1342372453977105 -48.069938205460694 5.783703195142914 -7.753045830407749 6.434022819534261 -170.85091777094374 46.244520676369454 24.544059721544468 165.24511424856573 7.193388286233228 4.012510830694062 0.306898302818733 -175.62262276514792 50.25145391737508 -26.651016957162227 146.86525592992942 13.86455896195753 -160.93047183220824 88.95521268977976 24.54405972154447 165.24511424856576 7.193388286233218 -12.10590601712044 1.7934538449973763 -171.50824843380755 37.2649886837653 -0.3361468163515253 -179.4448572566954 26.432944851889694 169.4043781071243 -85.46481427762572 4.262740765640399 0.2073017128808332 2.786740762383136 -33.12669690729002 7.499289018170577 -13.543479631694337 14.651868888420303 155.72768063040948 0.0 14.651868888420353 155.72768063040948 0.0 35.30217119015898 -0.39334052202737824 0.680629851639566 9.606711449798713 -0.8964724225238152 5.356599186175379 15.57637295375181 172.60967986017047 -4.127274185354579e-16 15.576372953751848 172.60967986017047 -0.0
47.12320119142532 -51.24941170215607 -0.013576913625001907 -0.0 -179.00902454513354 -3.546951966605714 -24.43743211579037 -0.2046580634929641 0.4946922717377901 -24.43743211579037 -0.2046580634929641 0.4946922717377901 -24.43743211579037 -0.2046580634929641 0.4946922717377901 -51.207300974254615 6.857293351927272 -8.771053733429536 7.00658193627426 -170.3365506266876 44.03909289621913 23.512618241743212 164.17606597953574 6.8746105625775895 0.7533859562030693 0.06581426251732439 -175.00728645829878 54.16124537067422 -14.76533227333719 161.98963112733287 12.582438359408991 -168.8065280178848 93.6162829404096 23.512618241743215 164.1760659795358 6.874610562577572 -15.136040365911487 2.5821077193806743 -170.20106901639687 37.299805082027035 -2.4411036609415775 -175.97587174831938 26.24470746444001 172.3026288287314 -81.53359311957651 8.656515158294853 0.41817267566279126 2.7762356946469353 -33.89081052415831 7.665844611510544 -13.570661311578425 12.978456009464324 158.0296231581443 8.159833061859739e-16 12.978456009464301 158.02962315814426 -8.159833061859737e-16 33.23225916016731 -0.33408874200302063 0.60959678457719 8.442558383944986 -0.7617836369754171 5.174821429337283 14.45689795406021 172.61016064417734 -2.0528486494518725e-16 14.456897954060253 172.6101606441773 -0.0
47.11277037858963 -51.210808753967285 -0.01363297924399376 -0.0 179.49532289140186 -1.969066042922081 -21.07613435803187 0.07496005392860183 -0.2084484509215947 -21.07613435803187 0.07496005392860183 -0.2084484509215947 -21.07613435803187 0.07496005392860183 -0.2084484509215947 -48.010620116489704 5.484388879178101 -7.3605990362747375 7.157158674229424 -168.57531130046806 34.17228726383584 21.07266882904996 178.26267044438984 0.4432618678698964 6.307281660173067 0.3836866599731045 -176.51177840675956 62.70333874818143 7.1796692555837485 -171.93184486482247 10.8833974938196 -179.57280994302167 88.52816191991047 21.07266882904996 178.26267044438984 0.4432618678698901 -9.10066340524282 1.749459074967353 -169.0704289948279 39.6051874950678 -4.016715467719631 -173.71420576663996 29.95483884039221 173.30818877414734 -75.20096402750679 12.035160828956052 0.5785097938868734 2.772397320785074 -28.559557444277953 6.3006025519997255 -13.004557206064982 13.643910584734643 155.83383659743208 0.0 13.64391058473462 155.83383659743208 0.0 36.083852581752296 -0.1343061352481272 0.2280353607044484 14.03467611865721 -1.315899126806488 5.410994873188662 13.25951172461459 172.49203973128706 -0.0 13.259511724614551 172.49203973128704 -0.0
47.110070288181305 -51.29433572292328 -0.014686211943626404 -0.0 178.04198502145064 0.05507029349644452 -23.511942962625742 0.3708447794835843 -0.9295062488800655 -23.511942962625742 0.3708447794835843 -0.9295062488800655 -23.511942962625742 0.3708447794835843 -0.9295062488800655 -45.10857356690369 4.9949906563848 -7.033014756423888 6.807977062310851 -168.8813448187378 37.812518772625005 23.08127299909283 166.19802865228914 4.6999804926810915 0.015261581750422639 0.0007710666281261424 -177.10768308706966 60.34886831566559 27.175837178804628 -149.42735000489478 13.13393914009092 172.3163175275184 87.3042400168665 23.08127299909283 166.19802865228914 4.6999804926810915 -13.27517044019769 2.992533436854552 -167.1746364584145 39.73189508432563 -4.586675214458259 -172.84634351399535 27.460495645282077 174.22858567555537 -75.7572894685012 12.899065130947687 0.5593293623610681 2.504055973580583 -23.698283464091794 4.972003850231305 -12.21335471536633 10.396296249885207 158.04018809026843 -4.042051147753628e-16 10.396296249885244 158.04018809026843 0.0 33.14156143780998 -0.02276668284320638 0.04164310416761661 10.991370426979818 -1.051066127821837 5.49643959237435 10.690568334299355 172.41564443943284 -0.0 10.690568334299389 172.41564443943284 -2.022958465070218e-16
47.106169164180756 -51.266250014305115 -0.013920478522777557 -0.0 177.85795602947402 1.418065935685074 -36.4686821587614 1.1719498169272844 -1.9712040646909637 -36.4686821587614 1.1719498169272844 -1.9712040646909637 -36.4686821587614 1.1719498169272844 -1.9712040646909637 -51.578194064419414 6.075441989441909 -7.736490623414232 7.10997155573942 -169.39006740337743 32.67542178562421 35.624278705594286 163.2960259027251 8.604056757248228 -11.230719379844034 -0.2898566877839483 -178.5120476571086 50.059463712201406 30.34299264802328 -142.6394041227197 20.859700433353268 168.99599809404907 79.30025693495348 35.624278705594286 163.2960259027251 8.604056757248228 -15.523648664372425 3.8066949887753823 -166.03867998290568 39.134266929647545 -4.953314287787618 -172.18108616563484 25.523907046536934 175.3372905969056 -76.44530877165803 4.499354380729445 0.16588949842855408 2.1136930309508672 -29.24265038788669 6.341458288598366 -12.816382190966063 10.278003854376054 157.68202488227317 -4.0405292662154106e-16 10.27800385437601 157.6820248822732 4.0405292662154096e-16 32.043486208353556 0.05438727585486446 -0.10250857798598167 9.345256391364767 -0.903903540289834 5.549524670952686 11.223228172207232 172.57869473989317 -0.0 11.22322817220725 172.57869473989317 -2.0266027571233841e-16
47.137944400310516 -51.2461394071579 -0.01316368579864502 -0.0 177.1558370344476 2.5790057701786346 -36.324862050156604 1.541565049978399 -2.6012394735828273 -36.324862050156604 1.541565049978399 -2.6012394735828273 -36.324862050156604 1.541565049978399 -2.6012394735828273 -50.41723903696134 5.70764788671118 -7.389105039505475 8.363107640705666 -169.3908845408308 30.317986260824604 34.945644838689205 158.53385990020837 10.924481398143957 -13.628141866121558 -0.4647097678788167 -178.0284460199415 46.12028012946532 26.51271673029128 -145.31313327155408 29.896846123557342 167.1490003727487 77.70312606826465 34.945644838689205 158.53385990020837 10.924481398143957 -14.310493858372087 3.8890275056275008 -164.62218995402642 37.26932182831519 -4.406429739679859 -172.74800506155344 26.66401677121356 175.1660977149313 -75.59058108185911 -6.24912049683186 -0.19847518441990025 1.822747558352669 -29.454438568938745 6.362870391454523 -12.777087061081158 9.521132727267977 155.80461389795533 0.0 9.521132727267954 155.80461389795533 -4.031224848739534e-16 32.24348500752853 0.04734820109443431 -0.08874703996123681 11.17772582495868 -1.0571232925385785 5.437457752076018 18.89845732679795 172.28379718942807 4.202217767143117e-16 18.898457326798017 172.28379718942807 4.202217767143119e-16
47.15537130832672 -51.24947130680084 -0.01343749463558197 -0.0 176.8132347824504 3.859109697856163 -38.0455348127912 1.958875124669074 -3.1764889762959814 -38.0455348127912 1.958875124669074 -3.1764889762959814 -38.0455348127912 1.958875124669074 -3.1764889762959814 -52.22040616337334 9.221711317471499 -11.607876015017084 8.331510802078803 -173.3407961694492 31.17577001279473 34.89759443567676 149.40714511350558 16.522018213109256 -18.280122630550267 -1.0650557565939924 -176.60803611753997 36.34389116834459 15.439466610704185 -155.01278445668962 29.755415877097786 170.02250611798422 77.63154187205933 34.89759443567676 149.40714511350558 16.522018213109252 -14.082607262019815 4.049434565426297 -163.777698513229 33.0487555850883 -3.3964617902212546 -173.789124856406 27.382634293438702 174.89589177603048 -77.80786139445463 -2.702341712365544 -0.07726803260682792 1.6384195185846093 -25.384420022236906 5.279255622435686 -12.16374378185051 8.163666043188561 155.39999549224726 0.0 8.16366604318858 155.39999549224726 8.032787115588872e-16 30.485674262818126 0.03527254989187296 -0.06952679672252637 5.935075616254352 -0.5532144945314504 5.334856911744095 16.082536580274816 172.5788851073101 -4.137624959000719e-16 16.08253658027477 172.5788851073101 4.137624959000717e-16
47.160834074020386 -51.25359892845154 -0.012452900409698486 -0.0 175.91643942324615 4.444690731157116 -36.207167095345234 2.200463594525418 -3.721727271651966 -36.207167095345234 2.200463594525418 -3.721727271651966 -36.207167095345234 2.200463594525418 -3.721727271651966 -51.664071281121295 8.170763215368929 -10.373096046559883 8.311118926688847 -174.5344486277653 28.307678853641267 33.55977619608851 150.1694124066701 14.928221586524478 -20.12216898040575 -1.7966632360958537 -174.79018472532414 31.76087424138012 8.980138234971495 -163.2891205930272 32.56284295800136 174.52704364315608 84.28593863406628 33.55977619608851 150.1694124066701 14.928221586524478 -13.182789565925345 3.8577735422461235 -163.527997065871 31.87978215661038 -3.777465058497693 -172.8741769586706 27.500497101838175 173.3733242090281 -76.6338023486591 -1.3735089278179127 -0.03748230137691246 1.5633321468984551 -25.27841171976622 5.21973253346225 -12.075603537608602 8.301798578887178 155.08935159106952 -4.0177947905525253e-16 8.301798578887155 155.0893515910695 0.0 27.48159382486509 0.03018094138008545 -0.06540262013262665 1.8188756409900566 -0.1634660493235237 5.13636325889799 13.632569227410714 173.00208350483257 -2.0454734321418657e-16 13.632569227410636 173.00208350483257 -0.0
47.11793661117554 -51.05770826339722 -0.010116025805473328 -0.0 175.14220025680223 7.029636173114706 -36.20645996453452 2.623493951640792 -4.435579936756074 -36.20645996453452 2.623493951640792 -4.435579936756074 -36.20645996453452 2.623493951640792 -4.435579936756074 -52.09868510069132 7.6809170085885405 -9.69915109185471 9.222184127373366 -178.68112228546985 25.73317722462319 31.723214897086432 141.99174964201822 18.95429044383241 -26.63733439101079 -2.9414492631845044 -173.46202355710975 30.111342300522384 4.4758943245375065 -171.13153999961057 32.472749635038845 179.03823580077034 84.99636298507811 31.723214897086443 141.99174964201825 18.954290443832402 -11.634977280213203 3.17208786895914 -164.6345404288556 30.140335605534112 -3.020221547850974 -174.0014915915667 28.08740220950309 172.79911210447483 -80.16655523417339 2.400355158480532 0.07138405238721966 1.7039134888261405 -17.680811279500777 3.4549142500167447 -11.2428046098036 7.61637022576633 154.8481318710885 -4.011080256048011e-16 7.61637022576633 154.84813187108853 -4.011080256048011e-16 27.45929793654166 0.10863056531208687 -0.2355796008233121 3.94056815336563 -0.32123096054307376 4.664094980260429 16.464934981221365 171.65700683861184 -0.0 16.464934981221365 171.6570068386118 -4.1456942925993986e-16
47.03164100646973 -50.98504424095154 -0.00661071389913559 -0.0 174.79115185840337 8.163645201678161 -36.799986083452374 2.942100267561842 -4.903807015936695 -36.799986083452374 2.942100267561842 -4.903807015936695 -36.799986083452374 2.942100267561842 -4.903807015936695 -48.53398071251456 5.986016329465013 -7.965762137688528 10.897021972696786 177.42211756768322 19.20754302486949 30.565095300972175 136.1860751952347 22.09801460151577 -30.72639417695686 -3.8132362891981857 -172.56773715948884 29.203931214795364 1.8003275876245246 -176.31407425193495 33.086940683959114 -179.56186622360588 87.70154752096042 30.56509530097217 136.18607519523468 22.098014601515793 -6.414800468658432 1.552855499089232 -166.3613439588648 29.98705522847867 -2.2766819263968974 -175.45203054844714 30.597637008546844 172.66338887855738 -73.91183417881545 3.9586145622487185 0.20250537562772655 2.9307875910460464 -16.105552583932763 3.2731646519130373 -11.648764188202108 8.02910828203651 153.37219383116476 0.0 8.029108282036487 153.37219383116476 0.0 29.769224695616362 0.23750460150742758 -0.47834183152428633 6.4180196193618935 -0.46048810380988686 4.112550343668255 12.632480542920463 171.7423892779428 -2.0371603355714795e-16 12.632480542920423 171.7423892779428 -0.0
46.85645401477814 -50.988659262657166 -0.005102530121803284 -0.0 173.3248645124298 7.852526749054103 -33.058855308156936 2.862132099667942 -5.236541967115701 -33.058855308156936 2.862132099667942 -5.236541967115701 -33.058855308156936 2.862132099667942 -5.236541967115701 -47.723680494404675 4.905462118287749 -6.616494092967234 9.392084775165154 176.00484361801443 15.90178353090927 24.55996718464285 127.14679920821632 23.41738797961734 -30.454515553903807 -3.370296815592181 -173.37259587386635 31.274262538714073 1.3842055834861522 -177.33503657609108 32.744703546025676 -174.60188040782174 93.74560914609171 24.559967184642847 127.14679920821631 23.417387979617356 -3.7979127980226126 0.8074076661810216 -167.98872112748847 30.072070037121723 -2.0356488673199533 -175.9426353686802 33.591717929278914 170.51877243605662 -69.11558791194426 9.97602725913834 1.0138665607068704 5.832889259562874 -19.68901989604274 4.7324328028758025 -13.804916998843392 10.482610856896518 152.87103354458253 0.0 10.482610856896565 152.87103354458256 0.0 31.975405742906418 0.4687903602790626 -0.8852023920629565 3.3585757868094706 -0.23255009572810045 3.963161079505072 16.23057009468924 170.07478200437748 4.1407231412275326e-16 16.230570094689284 170.07478200437748 -0.0
46.61915898323059 -51.43216252326965 -0.0028565526008605957 -0.0 171.96680320568638 10.1631686550424 -31.267956991394414 3.009588286949088 -5.783971937777749 -31.267956991394414 3.009588286949088 -5.783971937777749 -31.267956991394414 3.009588286949088 -5.783971937777749 -42.76394909419151 3.5973593657414047 -5.290074914155037 10.014274056243616 174.07540956163476 10.263608678043115 22.33239060394777 123.56924656216965 23.168215206044867 -25.97526824199334 -2.3504227112219898 -174.6461560655817 35.8346196044099 -0.18183514994109246 179.6894103439284 29.8163509349214 -166.3035938903769 106.8004854675876 22.332390603947765 123.56924656216965 23.168215206044867 0.12523713554836605 -0.022425124703418807 -169.84812183834163 33.65173024837628 -1.9567828561241551 -176.47190700878068 33.067026544369476 172.30114483321918 -67.0573126337744 18.254304029280714 2.759884970089427 8.749083182325455 -19.428403812825167 5.345150209682502 -15.710271949596294 13.278044119052394 151.24114633677996 -8.169790052964586e-16 13.278044119052343 151.24114633677993 8.169790052964584e-16 35.86527154908301 1.2411309128755028 -2.1177665349734376 5.736102745575244 -0.40880291463091223 4.083350221860066 18.06518174648895 169.26881620769214 4.181839857213486e-16 18.06518174648888 169.26881620769217 -0.0
46.428483724594116 -52.45996415615082 -0.00015385448932647705 -0.0 172.81484785575387 11.527709634966154 -36.74690360747706 4.077027559658363 -6.794067450490443 -36.74690360747706 4.077027559658363 -6.794067450490443 -36.74690360747706 4.077027559658363 -6.794067450490443 -31.873813280176744 1.832646674526314 -3.4675357333419132 7.090854416375281 174.04537902386537 2.759284089248637 23.80922299773796 118.23623366470841 29.5793239297627 -22.908534360623893 -2.0274464355658446 -174.803671210372 36.75031974598538 -3.653930681534851 173.9078787163262 27.179146250282976 -167.9613885749215 106.65532999338147 23.80922299773795 118.23623366470841 29.5793239297627 2.7715500261323816 -0.41210944627736434 -171.53910385123672 33.699516123435956 -1.3512842105549392 -177.56555454941196 31.35729209343959 175.25853640734746 -61.01471711927288 22.939632561396017 4.877444805249046 12.349393639296057 -26.435467263932114 8.749788726672852 -19.07129267865998 17.23715735230048 148.73557168359673 0.0 17.237157352300436 148.73557168359676 0.0 38.23240064315155 2.870189446053747 -4.631688134869701 2.235561764439934 -0.2025734683909367 5.178994861979095 22.088080284704635 168.80800486056214 -0.0 22.088080284704635 168.80800486056214 -8.581186775542751e-16
46.40207439661026 -53.688839077949524 0.0010672956705093384 -0.0 173.05043025103282 8.918826156914628 -39.249681318548106 4.730909689807176 -7.452055255702433 -39.249681318548106 4.730909689807176 -7.452055255702433 -39.249681318548106 4.730909689807176 -7.452055255702433 -32.66764124285933 1.3951000596990781 -2.5834023357035374 6.94856397819514 174.58481598004894 3.6189641298927677 25.14805231130123 117.2927987561633 31.977120584463016 -23.705337215330825 -1.059797220178442 -177.36546298146035 38.596069548354556 -5.660114007184246 170.97259296527128 27.487710984719815 -169.06041945581285 103.79703958320296 25.148052311301253 117.29279875616334 31.977120584462998 -0.26358366171877834 0.03496486548385167 -172.44369577394684 30.851258753777028 -1.3978163272422452 -177.27572214390298 33.05344185732569 178.09743125903066 -63.58492336665371 28.63051259719322 6.841556378913842 14.057468453808944 -31.660324508124607 11.848794575748766 -21.787000010213184 16.21322816339033 149.15725940866517 -1.6561434095302798e-15 16.213228163390383 149.15725940866517 -8.2807170476514e-16 43.68947539498073 6.024900046160307 -8.687364152850504 -1.5643236420581408 0.19519247816595403 7.113368789914814 20.608476460824534 168.77514972090572 -8.495003438112664e-16 20.608476460824463 168.77514972090572 -0.0
46.33626937866211 -55.74418604373932 -0.0004604458808898926 -0.0 171.93529747182188 7.389242322794126 -37.689277382443606 4.930072374432082 -8.030809719200693 -37.689277382443606 4.930072374432082 -8.030809719200693 -37.689277382443606 4.930072374432082 -8.030809719200693 -34.90109679119386 0.428291278742161 -0.7485208893310233 4.65248093086038 175.55062071319622 -2.4501872069911403 24.51623056648458 117.04853836548799 30.5459431190174 -19.33964513567978 0.8501003653882996 177.43454635845313 40.93717888279655 -4.181442833992984 173.6333499754108 24.89815837827571 -174.53984648350533 100.64215593762908 24.51623056648459 117.04853836548801 30.545943119017384 -4.209358843479861 0.6340888895258878 -171.42555283935408 24.22878372121883 -1.0849444074100127 -177.3578107068802 41.03174347390438 179.6134169050476 -66.55825410691808 36.89480318066458 9.269830676554003 15.209313462423754 -32.32770424738081 11.820155632166731 -21.37282838253787 9.72786772087217 148.68554026032697 0.0 9.727867720872126 148.685540260327 0.0 45.931773692886196 9.67319187808177 -13.345496711375823 -1.89335793573492 0.32352548098458367 9.698536050885101 16.985361660738597 167.7738385684928 -0.0 16.98536166073853 167.7738385684928 -4.157025193598542e-16
46.402522921562195 -56.90147876739502 -0.0015698373317718506 -0.0 171.6935402148435 6.14247645258614 -35.15314081910696 4.208405301758943 -7.282949571710304 -35.15314081910696 4.208405301758943 -7.282949571710304 -35.15314081910696 4.208405301758943 -7.282949571710304 -42.00345247979037 -0.021826879629309546 0.03261757503181915 3.7024671624947163 175.05117934763436 -2.7201732726673034 21.99336940941145 115.74384253653808 28.99381480554635 -18.170482947232102 0.8126402306039846 177.39571351003386 38.97261837931649 -2.7664056449055394 175.60675055207537 28.466068136144116 -175.80299932701428 100.56917872271126 21.99336940941142 115.74384253653803 28.993814805546368 1.0960008004394517 -0.16218295668466004 -171.58209615419003 23.450681042921005 -2.256965684365388 -174.3441626668176 36.846270085837865 -168.36380545989866 -58.69523724946525 30.047361130947507 6.570459601984748 12.954600094347118 -37.77703537442259 14.330988719194245 -22.63794677759953 7.9923347647414325 147.2385405031837 0.0 7.992334764741406 147.23854050318369 -8.029378636126454e-16 47.6217032624748 11.276363912822788 -15.105155306333518 -6.409628164426417 1.2756698380910974 11.28087890249768 18.02055006587854 167.24197404878007 8.361557724122532e-16 18.020550065878503 167.24197404878004 -8.361557724122529e-16
46.75470143556595 -56.652066111564636 -0.00275634229183197 -0.0 173.68579245158483 6.205829704940058 -36.65544424749423 3.5442073427379466 -5.923074563038073 -36.65544424749423 3.5442073427379466 -5.923074563038073 -36.65544424749423 3.5442073427379466 -5.923074563038073 -45.52520384589193 0.16330654621920268 -0.22886150668516445 3.7375087629520354 176.00463007670146 -3.0779952802901844 21.54603579607491 115.20222279567844 30.91780496054235 -17.81737602137834 0.41027137552357085 178.65939572743804 39.633049838682965 -2.031347538163183 176.8173549562062 32.021611105725924 -175.98018253126577 97.8454217860486 21.54603579607491 115.20222279567844 30.91780496054235 -2.5522713593192643 0.39276090503927313 -171.2485779285159 26.98818133156463 -6.4699560094232265 -165.96936635828274 28.86256405647715 -167.30660900211538 -72.09368766878605 27.441270411885885 5.272689203616771 11.32411229747159 -40.08085512897588 15.201600002850014 -22.880626801152644 5.985516920050696 150.03160230146426 0.0 5.985516920050743 150.03160230146426 -7.994973009695944e-16 50.45278529546966 10.497082616606024 -13.51135323170619 -11.43101023300285 2.32456039706401 11.575414278468063 18.910009382959657 167.89366050530248 -8.405015856084099e-16 18.910009382959725 167.89366050530248 -0.0
47.08967208862305 -55.439797043800354 -0.0034537166357040405 -0.0 175.04559242988623 -0.0013270431162307713 -36.69592873101937 2.7746414685422764 -4.636706212713461 -36.69592873101937 2.7746414685422764 -4.636706212713461 -36.69592873101937 2.7746414685422764 -4.636706212713461 -45.89381482689148 -0.5472337141976926 0.7620878650215843 0.7511866591143765 176.62844483789766 -16.37832744946912 21.21972181466434 116.12657063657468 30.98289947436697 -22.2535126110568 0.07443609493414205 179.8034465497731 35.4187491522673 -0.49638053168532603 179.14354620805665 27.791955217049434 175.30789175107753 91.69605802080083 21.219721814664364 116.12657063657474 30.98289947436696 -4.04627629976669 0.757856366928723 -169.38234042849103 30.481338519208997 -15.85264366942952 -150.75979020777675 20.360158705272344 -165.75882968617194 -69.6682330761512 11.546185600075283 1.5333775491768913 7.617472699905177 -28.63960500619871 7.942210262460115 -16.22902204806494 6.437169999904674 152.01883807024583 0.0 6.437169999904672 152.0188380702458 0.0 45.73812424592269 6.365053607503085 -8.853387970660036 -2.648444997171644 0.47079230266509253 10.083448590473575 14.436661111322817 169.81968832521505 -0.0 14.436661111322778 169.81968832521505 -0.0
47.39772081375122 -51.53456628322601 -0.00541098415851593 -0.0 176.72159716025735 4.3471775349619515 -35.195452409639906 1.6361989029427546 -2.8372625814840475 -35.195452409639906 1.6361989029427546 -2.8372625814840475 -35.195452409639906 1.6361989029427546 -2.8372625814840475 -44.54664445424168 0.41696854483162443 -0.5943935514261466 3.148784380763861 176.44955267406598 2.7675248592207873 21.494702930213446 120.52145976371185 28.693974998126286 -21.03759685450392 -0.371964125514059 -178.96393026801692 46.854179756989794 10.214673658548433 -166.12729363068797 34.49855109782443 170.4616518438386 83.38717018714823 21.494702930213442 120.52145976371185 28.6939749981263 1.1737005235323006 -0.33142136080443474 -164.23053686117848 38.7718250712565 -32.26339051046073 -134.76948281609626 3.9881129878383574 -166.36278097682003 -57.02406495454784 -11.63246433754806 -0.796400753341414 3.9437697674014722 -33.94191151428185 6.924813130435012 -12.271812740654068 11.608156359785394 152.33453010011735 -8.117415323174634e-16 11.608156359785369 152.33453010011735 0.0 31.480224614209284 2.184786300470681 -4.178383229265461 -2.1627144408631076 0.3249815983926975 8.547738294084173 13.889592704305922 171.73098619342107 -0.0 13.889592704305919 171.7309861934211 -0.0
47.522157430648804 -48.04132878780365 -0.0071456655859947205 -0.0 176.8503076674676 3.9243535572241757 -16.17517327663165 0.2653319914213011 -0.9523807691467905 -16.17517327663165 0.2653319914213011 -0.9523807691467905 -16.17517327663165 0.2653319914213011 -0.9523807691467905 -45.35770056592326 3.6094421148472025 -5.066425398494813 4.990536378871373 176.94825647604563 4.133000398118369 10.58574172018186 126.87878693298639 12.337025487230424 -36.00399678892913 -2.0422853326235435 -176.52857208760227 41.41380515082585 24.030531206430332 -146.0187591072882 33.42924094490825 168.39650475731136 75.03574987679566 10.58574172018186 126.87878693298639 12.337025487230424 5.253905523192435 -1.9025441344984138 -160.06118824373536 31.26431103121316 -56.906665321264036 -108.68744942249612 -6.800792279746954 -161.54068508796084 -43.65333067714028 -6.902942660965311 -0.47873727433207236 3.976936279359651 -6.284659473456013 1.1243993144693423 -10.164788411038323 15.955306563597487 159.94428716987866 0.0 15.955306563597526 159.94428716987863 0.0 32.61370717609613 1.882147249712641 -3.489041290999897 4.219459004027305 -0.5516712532435224 7.455747814174867 13.868425471403375 170.1417543537307 -0.0 13.86842547140341 170.1417543537307 -4.095069885094624e-16
47.515127062797546 -44.664038717746735 -0.006332434713840485 -0.0 179.84381283597634 2.400623047057674 -16.858689032536947 0.014342825153718368 -0.049455918520228785 -16.858689032536947 0.014342825153718368 -0.049455918520228785 -16.858689032536947 0.014342825153718368 -0.049455918520228785 -50.34995507317385 8.101285372690754 -10.47417165149736 7.566962292808516 176.5263305876455 12.986731885138054 10.252936562035297 126.49189167476614 13.455062919746416 -67.51587490997632 -14.293561390307724 -164.58449035028167 -35.456277685291795 -73.36491249125578 -99.83263848419263 29.086360517712983 108.0790467066346 11.900533230548412 10.252936562035293 126.49189167476614 13.455062919746418 0.9515695349020908 -0.4824813148755679 -153.11167967693748 2.1130613066883503 -45.305225785736944 -92.0892666172107 -31.25044528690798 -151.57448803362718 -26.478864108299693 0.9664372685813384 0.10963892140665679 6.4726456678870585 -44.625639864465725 19.067008320124096 -26.198517909105824 44.729038319705566 160.85325141307862 0.0 44.729038319705616 160.85325141307862 0.0 26.970447782252347 2.2254683241279505 -4.897489681588913 -7.494889091524809 1.1523446087010205 8.766574876834227 27.96089016053124 166.3658405938157 -0.0 27.960890160531264 166.36584059381573 9.00223724547083e-16
47.471922636032104 -42.44999140501022 -0.010702945291996002 -0.0 -176.13196357419537 -0.19462463592610704 -10.06100242988399 -0.12196758000416175 0.6981345373333304 -10.06100242988399 -0.12196758000416175 0.6981345373333304 -10.06100242988399 -0.12196758000416175 0.6981345373333304 -52.21882383921515 14.695789298856004 -18.357562480805456 8.691878284064117 176.49057181185248 19.041097397556737 6.494665257584228 133.66547720741403 7.731884707275987 -50.04865408152016 -31.81235646466301 -141.02020467489882 -45.910454216698874 75.26075859196948 -79.2997714443199 -47.78168687803925 176.62651559264364 -10.95292022910382 6.494665257584228 133.66547720741403 7.731884707275989 -6.349744115807447 4.821962833444137 -142.66530764749336 -23.444419696735636 -35.87823344685104 -61.18652916076959 -45.622191479438364 -168.4797165379777 38.61615582576167 14.632505078110333 2.727413185125722 10.679326279545036 -35.60812606586719 52.20576951336653 -65.69909119105374 63.78422346253134 160.05263269397386 -3.599925085866676e-15 63.784223462531294 160.05263269397392 0.0 32.54671918211756 6.052236346184339 -11.148931266320657 -24.031623732040558 7.111031114085977 17.03165903384639 40.912010250474395 163.09460685552793 -0.0 40.912010250474445 163.09460685552796 -2.1043313963056356e-15
47.18278795480728 -41.43958240747452 -0.010113418102264404 -0.0 -174.65818115158876 1.998297128061099 -5.7681896240832184 -0.05467191249105927 0.5439616891119492 -5.7681896240832184 -0.05467191249105927 0.5439616891119492 -5.7681896240832184 -0.05467191249105927 0.5439616891119492 -54.07800125906562 20.34102640045765 -24.59780995879136 6.297681893696261 176.72890077560254 14.865759384201795 3.758816269097266 135.69469930228493 4.4120461561912805 -27.909787963421103 -30.441689392063353 -128.5371810311849 -48.43982286540892 18.8482134438995 -24.52317639369802 -63.07402974358268 -165.53024680815025 -73.33827245601708 3.7588162690972657 135.69469930228493 4.412046156191281 -1.0060809611549237 1.5180516219912823 -123.5266934350218 -27.504033352192167 -17.478711956622874 -34.288501460318905 -54.18402693849457 -175.0167201530785 -21.30607478695963 15.395197631171389 4.143028953728949 15.261834120686496 -17.025234871558368 63.64506295158906 -81.7464295824882 68.78706139359281 175.46984423358663 -5.493791727563712e-16 68.78706139359281 175.46984423358654 5.493791727563709e-16 37.39600358559136 13.771616114954083 -21.977690146241 -44.41199648136147 38.98621625113105 49.15257866372242 67.91420672154909 166.76186058282008 -2.1147613557436476e-15 67.9142067215491 166.7618605828201 -0.0
46.69986963272095 -41.32368564605713 -0.011727772653102875 -0.0 174.01508583258757 2.0238205886585545 -5.386580337476581 0.053410856120745 -0.5689378481615902 -5.386580337476581 0.053410856120745 -0.5689378481615902 -5.386580337476581 0.053410856120745 -0.5689378481615902 -50.43410371078897 15.37626742470172 -19.632830164341108 6.0089457015646985 176.42122416672927 7.909706612243424 3.8439623721714655 129.13868183218835 3.8188782283706755 -5.643829581496302 -25.612704161634902 -101.59301179237798 -41.66037524638417 2.822969120568789 -4.242562828503318 -40.11669795069979 -168.76679270014773 -83.56676339484781 3.8439623721714655 129.13868183218835 3.8188782283706755 4.882117419266398 -18.927769302188082 -103.93814173328694 -55.540193548165824 -28.649472141704585 -33.528898992301 -50.471678755651844 -158.11254956038346 -108.7295757504246 16.181679751071158 5.5920870048563875 19.358154157080946 12.626570215492254 69.56936787302375 -94.65521590367366 74.30322669245076 164.11960723359113 0.0 74.30322669245076 164.11960723359113 0.0 45.3725509747231 33.12757874977747 -42.519011179443616 -37.55455857016637 65.41052872183754 74.41498997674998 75.44177276042694 161.0127065300568 3.1632987419269274e-15 75.44177276042697 161.0127065300569 -0.0
46.32643312215805 -41.14729017019272 -0.010175257921218872 -0.0 168.54392246896262 4.520379597941756 -6.809463212180074 0.16566033983504733 -1.396903210089277 -6.809463212180074 0.16566033983504733 -1.396903210089277 -6.809463212180074 0.16566033983504733 -1.396903210089277 -47.88274026421713 10.57051917552151 -14.121191749450826 5.444438712389613 177.6851129817235 6.7058164121792165 5.591613651323232 131.9691096314529 4.135109036162994 -1.823857465186481 35.345197300672076 -87.4305357376354 -58.55491070817883 -0.4765990640803492 0.5586359365781008 -35.906402811871246 -163.12530092174939 -17.555553691094637 5.591613651323232 131.9691096314529 4.135109036162994 0.9429253538302141 -37.89152792011439 -91.21137529269647 -43.22965071844785 -14.812938763914566 -21.11184725496749 -49.794866919030284 147.04001275014667 -41.48917247851606 17.05612439746404 6.57898804160656 21.46534351327526 26.329062029817727 66.58445200821986 -100.87259724729208 71.85018251020853 163.38357747147725 0.0 71.85018251020854 163.38357747147734 0.0 41.72311619974529 44.436155102302926 -55.832865912195565 -28.32575760604792 68.43864704211815 79.38082187482902 74.89856874462573 170.99482235324245 -0.0 74.89856874462573 170.9948223532424 1.5260101778786466e-15
45.97563594579697 -40.88829606771469 -0.011532008647918701 -0.0 164.61359370692637 8.265975363046875 -7.4352660844271075 0.26888506531191125 -2.076946565619101 -7.4352660844271075 0.26888506531191125 -2.076946565619101 -7.4352660844271075 0.26888506531191125 -2.076946565619101 -36.4122237681885 3.181849541494298 -5.350255456049675 6.024694411100609 178.24458980112033 4.257002304081392 6.649635943944905 133.95104633455315 3.9273811951831785 -7.52405285270671 55.503980066500766 -84.85832554776026 -61.75218494819191 -1.8343932448294948 2.0821819650156455 -23.722652481185413 -150.66121441188702 -10.785073967769451 6.649635943944904 133.95104633455315 3.9273811951831794 0.00418818855177486 -71.64597955915222 -90.00138949296355 -67.01592987497128 -3.021541202406533 -3.281548534634764 -16.138986384519086 155.09863733824554 -16.044346608645856 19.580000245957795 7.391692416338299 21.161998018284702 30.8876296691469 60.4927458514469 -106.20009454861686 71.65002347637152 -178.40506834320092 0.0 71.65002347637152 -178.40506834320087 0.0 40.14934115221802 49.38061139786803 -61.05636627579469 -37.76124860515489 64.09315588197418 73.43528442468758 78.41053612170028 160.18463055714386 3.957926543319416e-15 78.41053612170022 160.18463055714386 -3.957926543319388e-15
45.89017331600189 -40.696802735328674 -0.012017413973808289 -0.0 167.5947334417732 7.008814154503555 -9.456135838059089 0.350091418871227 -2.1299482665378853 -9.456135838059089 0.350091418871227 -2.1299482665378853 -9.456135838059089 0.350091418871227 -2.1299482665378853 -34.39057362967245 0.858785311377159 -1.5201851731395333 5.086518221381829 179.46539448228165 -3.4262431640831412 8.087781727964929 133.91330008879726 5.356551116574947 5.9970348675084 59.81174911085475 -93.47806650635111 -64.15460945557824 -5.591843444953157 6.208727155265533 -6.802170373559017 -144.8333792185724 -3.820832856307924 8.087781727964932 133.9133000887973 5.356551116574941 5.984915573804944 -71.98766515980206 -91.9417607940184 -63.50500703065454 21.619231299095325 23.884946935405246 0.2713034183372276 159.12529171406175 1.1863334690674827 20.254432560231734 6.998345963850915 19.52397898268421 24.729525992924263 65.15419007094563 -100.96265821504176 76.40254707479897 157.41221436496582 -3.3821453658566816e-15 76.40254707479897 157.41221436496582 0.0 39.29830755030702 53.7865757424886 -65.11926539016319 -44.4617604964825 51.51524835935371 60.88895663986643 71.1308777890978 158.00345007791913 -0.0 71.13087778909777 158.00345007791907 -0.0
45.931994915008545 -40.721675753593445 -0.00927262008190155 -0.0 169.1547577005787 5.994762513519369 -8.368054290634717 0.23770078156848268 -1.6328966711375037 -8.368054290634717 0.23770078156848268 -1.6328966711375037 -8.368054290634717 0.23770078156848268 -1.6328966711375037 -36.4726295244809 0.19170652097611982 -0.322497858554663 5.050574708265306 -179.98737972231032 -8.752699440887039 6.940847752246585 133.462024622122 4.961544777533654 21.900659293058748 50.15583039917908 -107.28917487537664 -63.66939911570934 -19.776016827242454 21.85922574909014 -9.976297571040087 -140.78064325095983 -1.1016463577395355 6.940847752246588 133.46202462212204 4.961544777533648 17.494577159961562 -60.71564802486424 -99.56948855079823 -37.63009418403891 17.25906493348201 26.96909248822446 -22.71004716515939 134.87928935377616 -18.679237284456608 22.73338315877964 5.828985580201383 14.797874202568567 8.528695478555157 67.56714329044298 -93.50363574334285 61.52905446956207 167.9185131587424 0.0 61.529054469562034 167.91851315874237 0.0 43.88292988245733 62.70411119355568 -70.31697775704859 -43.872110565016705 24.681821143283997 33.54848091835182 46.59703938040053 156.6329354099544 -0.0 46.597039380400545 156.6329354099544 2.3143928922361564e-15
45.95446735620499 -41.31829887628555 -0.008887238800525665 -0.0 169.75036849225594 6.756547261431268 -6.278797677851462 0.1254711021508707 -1.1471021917962942 -6.278797677851462 0.1254711021508707 -1.1471021917962942 -6.278797677851462 0.1254711021508707 -1.1471021917962942 -34.602985478957955 -0.32655675068700896 0.5750255464133681 4.349760342734056 -179.94847592515677 -2.731052020594311 5.4331572329719595 137.99579579929673 3.3538661146260083 23.17979835552376 54.09171115249696 -105.90853588299808 -66.1151136017409 -28.868054631216662 31.087351426609565 -21.020720974943004 -141.56213750027925 6.58900601003821 5.433157232971961 137.9957957992968 3.3538661146260043 24.530726949926798 -64.8890396973711 -101.01113130101236 -53.873186438688755 39.92927137433994 46.02004487491674 -16.046659683781304 148.33873423543508 -22.611062837688287 23.638121125540106 3.209035151427286 7.960172225334296 -40.791760158390424 52.89020703316518 -63.69813256888402 57.82356162346935 157.8647506709607 0.0 57.8235616234693 157.86475067096066 0.0 48.62809586388354 61.68473288776088 -67.98524929248973 -50.916338966220856 23.470587247081554 29.22158984783454 40.49569639033607 160.51241585801637 -2.0912189073680286e-15 40.495696390336064 160.51241585801634 -0.0
45.96586376428604 -41.76848977804184 -0.0073261559009552 -0.0 59.36941062505259 5.9171817825174156 0.5424034082886484 -0.008674612109794668 -0.9162621633389377 0.5424034082886484 -0.008674612109794668 -0.9162621633389377 0.5424034082886484 -0.008674612109794668 -0.9162621633389377 -41.319685590603925 -1.5461482991211848 2.340992388247775 4.276983069418459 -179.63692007568648 -3.9602261439800737 0.10360436661648253 143.78615902932896 -1.0597075485549863 34.27054692125766 37.87294408838937 -125.90606416490343 -65.29623880378348 -11.198585834035212 12.293909878231505 -30.176027983480758 -150.33798222306763 27.768211134224362 0.10360436661648194 143.78615902932899 -1.0597075485549863 21.992334418107568 -65.08293040295482 -99.86867596907803 -57.190607060316715 42.03824349405109 47.009868981078654 -20.688944723341233 154.87847627657592 -20.19149130897111 19.620903528936584 0.7276485842477652 2.166025358233262 -46.93974551143265 30.389625327857566 -38.75265613084318 36.57906118354452 164.31539459229816 0.0 36.57906118354451 164.31539459229816 -9.901665067100847e-16 51.865959295271644 58.26469656906699 -64.05873464343269 -48.27406587525808 10.283433781656594 13.663384681792678 31.90265304597797 163.97674965773047 -9.366173229413171e-16 31.90265304597803 163.9767496577305 -9.366173229413179e-16
46.03027701377869 -43.013279139995575 -0.003563426434993744 -0.0 2.847054147781365 163.9025190157672 15.615665513569247 -0.22264071535314736 -0.8270442252429129 15.615665513569247 -0.22264071535314736 -0.8270442252429129 15.615665513569247 -0.22264071535314736 -0.8270442252429129 -45.128560132641375 -3.4446857975051444 4.854839973197367 2.9512502878068814 -178.68946361823328 -6.2128019862304456 -14.401729064759225 159.39954311594025 -6.156991442183494 37.84394387410429 22.350144129690268 -146.1715336087392 -64.54598417785955 15.370762329862771 -16.93285705686932 -32.13347483880149 -171.02173395745 -51.86839755629832 -14.401729064759225 159.39954311594025 -6.156991442183494 23.022832815605376 -56.835591146260256 -104.33677576723191 -67.01222585624707 27.89818722465371 29.903299216657594 -21.747729077391018 159.4423960263748 -23.451499128668157 19.479965456312257 -0.30661223555359246 -0.9193696670406946 -33.720581649175635 11.395206227095818 -19.953751888730906 24.846821415450705 165.36051064851435 8.762491994833889e-16 24.84682141545072 165.36051064851432 -8.762491994833891e-16 55.349308649647746 51.944300245292325 -57.218436243076525 -30.13093133279617 2.00919477650207 3.9976991821646757 22.984555036401584 171.1297399364639 -4.3185417433008e-16 22.98455503640159 171.12973993646392 -0.0
46.05882465839386 -45.42133957147598 -0.005483254790306091 -0.0 2.45512644132815 170.81769977456736 18.96280047930518 -0.2901026630438699 -0.8926847667892995 18.96280047930518 -0.2901026630438699 -0.8926847667892995 18.96280047930518 -0.2901026630438699 -0.8926847667892995 -47.13864721512167 -6.302239600965383 8.568244034882728 7.305764527120243 -177.81376199518306 -3.4909717014380033 -10.812806146038904 126.18063848003564 -15.696662091104939 -18.39086436814733 -5.77262486534027 -162.2332026443713 -37.281859686848875 39.75003883944152 -53.93347521686199 -50.17844006064641 179.87436190201888 -84.94944726464215 -10.812806146038902 126.18063848003564 -15.696662091104942 53.17770483167537 -63.20874995159444 -112.00891909401115 -60.151746126665294 -49.75471078527672 -53.71609284071692 -47.03139722197223 178.85965492552765 -86.57039141415073 19.164492469749746 -1.2944320280322852 -3.9375176262365574 -8.992274465790135 1.8890676340838835 -11.915637132282768 12.75379015867871 155.2913578339871 0.0 12.75379015867874 155.2913578339871 -8.152528168898341e-16 51.194263446284715 28.194607984084374 -34.524617138991886 -6.467158790101008 -0.13675562223173165 -1.2139832550836143 16.311505101027254 173.3288081770008 -0.0 16.31150510102723 173.3288081770008 2.0712153423306651e-16
46.150049567222595 -49.664098024368286 -0.0057522207498550415 -0.0 2.646504722894263 173.92943401515 17.041521109520364 -0.24888646152183175 -0.8491976370172833 17.041521109520364 -0.24888646152183175 -0.8491976370172833 17.041521109520364 -0.24888646152183175 -0.8491976370172833 -37.40891464936763 -9.233206157853703 14.980682277115196 6.696037994330819 -176.8662399580265 -14.897827404120457 -16.28285273533752 164.76896587539866 -5.167698906383655 62.94672137794828 37.068631037163264 -139.6938772749028 66.3955249975304 -66.22091491354645 111.98643405933042 17.480652774366238 -170.52330786938447 40.25084489727537 -16.282852735337517 164.76896587539864 -5.167698906383662 -6.496275871456997 -79.38052675628418 -88.78475992418709 -67.36318840799547 -70.79026667513166 -72.17295786243699 3.557764930563153 173.17965931876108 -45.32610641559065 10.550346978929186 -1.0836591913726392 -5.898200418654479 -11.13024494582841 2.6316271098106565 -13.392776822831463 3.3396979525926693 154.83717239710927 0.0 3.339697952592718 154.8371723971093 0.0 43.68088606889902 16.859208428617826 -23.69133577735975 0.20683979272862205 0.01417585223279782 -3.9206680165794747 -5.004263232325555 174.52020329213303 -0.0 -5.004263232325602 174.52020329213298 9.9772646140808e-17
46.16445749998093 -52.091413736343384 -0.004986859858036041 -0.0 1.5064957343973218 -178.18138316115488 24.171757311617725 -0.30359291554931156 -0.7413884058790304 24.171757311617725 -0.30359291554931156 -0.7413884058790304 24.171757311617725 -0.30359291554931156 -0.7413884058790304 -17.221916517770175 -3.423743398920036 11.42379019704748 5.470295156691019 -177.71717186590442 -11.911692458917061 -20.298498143851546 146.96325751812253 -13.431303020472312 72.93868153100286 31.37354520750076 -147.46866017809796 42.354018080603254 -57.26493495618466 113.41725817442807 33.57756529219987 -164.30635951006846 48.35650466497606 -20.298498143851546 146.96325751812253 -13.431303020472312 1.49033783042213 -84.32783574511858 -90.14800724891504 -20.27229505467998 82.71005425702224 87.46210680465852 -3.6290619922342007 159.53795295939003 -69.14635611156127 6.745586955316409 -0.40676064189769245 -3.4587952964766435 -19.54042624406357 6.676915940091859 -19.28995635511517 11.104754277765991 149.1083549832965 0.0 11.10475427776599 149.1083549832965 0.0 43.24477992867847 14.343021949842658 -20.466388544942728 18.66404701675211 1.5931521800835913 -4.967114186586946 -10.365313559429966 172.19849614334248 2.0208253831406887e-16 -10.36531355942997 172.19849614334248 2.0208253831406887e-16
46.19929492473602 -52.82278060913086 -0.005607865750789642 -0.0 0.5358527470565385 -178.78298754034793 25.50221028954234 -0.12194009041189315 -0.28322015604896417 25.50221028954234 -0.12194009041189315 -0.28322015604896417 25.50221028954234 -0.12194009041189315 -0.28322015604896417 -8.478691883237202 -1.5239794013271206 10.228530942210478 5.4632416761638725 -178.39302148648645 -18.14137315110601 -21.303168966575132 145.3618884201024 -14.361204890288494 71.91231081573588 30.614694170653827 -148.0974329618299 34.89454944554605 -64.712169688223 105.12381083422882 37.327442883785 -162.70478821057097 27.36974389063664 -21.303168966575132 145.3618884201024 -14.361204890288494 -14.68082290517433 -85.13981838859169 -88.76549207922355 -1.954261959695764 83.07430391440568 89.76266636631632 -5.2994898172851865 158.69386484960137 -86.12822776869386 6.744413539901016 -0.36689373965184746 -3.12103210854813 -23.236977934532177 8.426265396177172 -20.579591021442024 10.29903479444683 147.19041922697596 0.0 10.299034794446827 147.19041922697593 0.0 47.87709898333246 16.223923449879432 -21.420594152556877 23.334753090189842 2.3718285229357963 -5.9696430715531035 -13.490123079687192 173.8530948439464 -0.0 -13.490123079687145 173.8530948439464 -4.0884943030096447e-16
46.24977856874466 -54.05088663101196 -0.00499039888381958 -0.0 -0.17462508842385194 -178.48212292460215 25.13414485041226 0.03843731724355732 0.09049625758526501 25.13414485041226 0.03843731724355732 0.09049625758526501 25.13414485041226 0.03843731724355732 0.09049625758526501 -8.924424290213466 -1.391864983817166 8.901607120133674 6.220668322626943 -178.1078325931212 -12.616357246339657 -20.16215679296091 141.3267028014599 -15.331306502061837 69.30256229763187 9.529478548471232 -169.8263575533726 25.066516601976954 -69.72506203955403 98.89518366226268 35.919141597786165 -149.23890463521718 -25.589731024128174 -20.16215679296091 141.3267028014599 -15.331306502061837 70.16095018961865 -72.91041812958555 -106.12957373164345 -22.10014671959736 79.12397213768112 85.86547457976586 -11.824712037397052 142.52605304374654 -26.870611593444906 8.478954584166274 -0.32736482988802135 -2.2191473696640855 -28.305592892959368 12.288729717249963 -24.673412405091298 14.613462466713568 141.5162327330461 0.0 14.613462466713539 141.51623273304614 -8.217214271887008e-16 47.941059386778846 15.871245604179775 -20.953764630791984 19.932634089913993 1.8935515158398484 -5.539023163181543 -10.298257884209319 173.10838500105768 2.0203942697774044e-16 -10.298257884209292 173.10838500105774 -0.0
46.45274132490158 -56.24937415122986 -0.004835054278373718 -0.0 -3.4465750309807843 179.67165502291942 19.932579088208012 0.4540300785120042 1.3315898649148927 19.932579088208012 0.4540300785120042 1.3315898649148927 19.932579088208012 0.4540300785120042 1.3315898649148927 -29.025704276956503 -3.6836222840604256 7.558263475967773 5.869770242627608 -178.80593402506275 -3.9484724461013307 -16.266865497109087 139.94934599649983 -11.75328836180965 55.25753859197935 4.654477426023422 -174.34167638297262 10.140529360598606 -66.26303327907897 94.42711177564054 11.882106800368897 -144.13285151924936 13.80550293182468 -16.266865497109084 139.94934599649983 -11.753288361809654 50.01904083335283 77.25274143154343 99.83437684359598 -10.563242767295147 71.87180244642241 86.56532357673973 -1.6046186887818576 152.451648676728 -16.81301228159936 14.963418060753638 -0.5321235040958691 -2.0600495635211273 -32.67679456416165 16.920050534385776 -29.3990183809155 18.805870375046556 140.4896871389297 0.0 18.805870375046617 140.48968713892972 0.0 44.66059174958286 13.39344456302555 -18.714059907964756 13.193107331241611 1.184439843403248 -5.176202349574769 -5.741125422538969 172.0738955136228 -0.0 -5.741125422539018 172.07389551362274 -9.989339662539274e-17
46.708033978939056 -58.23402404785156 -0.004423037171363831 -0.0 -12.674713960740432 179.02435165554263 10.995135246526518 0.48738005554464026 2.553767758732742 10.995135246526518 0.48738005554464026 2.553767758732742 10.995135246526518 0.48738005554464026 2.553767758732742 -6.6437934351037855 -0.8247197285362986 7.092354132665965 7.328597093185287 -178.663161838385 -2.1076340279935986 -9.067400305929052 130.4378428638095 -6.745185650148006 67.0686005283012 -12.628563577371706 166.32694500363436 27.25743962859232 -61.17201182690517 104.14798643561281 20.023137036960524 -136.3444756860571 2.4675444991371194 -9.06740030592905 130.4378428638095 -6.745185650148008 39.74826567503621 79.56221889653223 96.71795073056218 -19.894666624541664 66.05523890110543 81.40677523042245 17.657002654464986 142.3245523671655 15.000787861617772 17.642576790289816 -0.7021157618478395 -2.315471016158696 -37.29675688872585 23.5729253436693 -35.75683941313578 19.54736217404829 137.15348693049012 0.0 19.547362174048292 137.15348693049015 0.0 51.03290276881734 17.401311881249395 -21.95391902100475 12.623347051607581 1.1764313390922916 -5.368111749494555 1.0719993607731422 174.4277895417786 1.2426216628224422e-17 1.0719993607731932 174.42778954177854 -1.2426216628224422e-17
47.14074283838272 -59.25601124763489 -0.0033307820558547974 -0.0 -16.33672660985276 177.78413895487648 12.61444558285903 0.844876314176742 3.863087060273749 12.61444558285903 0.844876314176742 3.863087060273749 12.61444558285903 0.844876314176742 3.863087060273749 -23.759551912837924 -4.652186835867612 11.418602793620861 7.4961234600533295 -179.0105477767697 -8.998792773408688 -10.769711328160653 127.95742265021865 -7.649219015040953 49.21130679679602 -12.282610066441055 163.95696761782494 26.712248676480474 -47.52918295961788 112.36613711737694 15.684517549641805 -129.7798928258964 10.713714750448815 -10.769711328160653 127.95742265021865 -7.649219015040953 52.79024300225879 69.0571975445649 106.95163011971563 -22.431741708788188 49.87682242180086 72.17292476877273 0.03458514638514288 135.25942696606543 -8.089273229274852 16.084964995240362 -0.903319827103452 -3.2571035381052993 -40.619965941030785 31.554302209664574 -43.32782966039905 23.712292081293477 132.28908576463564 0.0 23.712292081293448 132.28908576463564 -1.7369139766468238e-15 49.715215948406566 14.945790277941692 -19.286122212086923 11.342028903786005 1.1051613541826062 -5.602275140562788 4.476951725363693 173.9345362313788 -9.969652637373597e-17 4.47695172536364 173.9345362313788 -9.969652637373595e-17
47.45405912399292 -59.74286198616028 -0.001659989356994629 -0.0 -21.80881864355855 177.13499659467496 11.930900704266087 1.0312475309690148 4.976321190482687 11.930900704266087 1.0312475309690148 4.976321190482687 11.930900704266087 1.0312475309690148 4.976321190482687 -38.52509002179371 -10.932843160146513 17.230018344309855 9.20674297180756 -178.5788371843793 -5.890856783961816 -11.857439896485486 134.5038850458189 -5.1509423212596195 15.194556055051772 -1.1780231088144804 175.51395699301725 11.779660032316272 -26.47868008461632 112.2858035303598 8.074462696760913 -103.5996313161057 45.26866120830976 -11.857439896485486 134.5038850458189 -5.15094232125962 56.210880441604445 39.32817721721689 135.40888116880473 -28.00530093557611 40.60583511948591 61.289409481512465 -12.816813634197674 125.94609834805699 -21.619720180771314 19.715901768604184 -0.8671980652264534 -2.569041680237938 -43.301427310888066 40.36006800880339 -51.096679019816875 29.306453756947565 127.80262992614328 0.0 29.30645375694749 127.80262992614328 -1.823682967912823e-15 56.008402093794714 18.442656280702842 -21.91064080626446 11.453523623527806 1.0694039994849693 -5.370289188383007 9.07001718857249 175.1355957441669 1.0065082791729133e-16 9.070017188572438 175.1355957441669 -1.006508279172913e-16
47.86732941865921 -59.906333684921265 -0.0036176294088363647 -0.0 -14.170514327268021 179.56766110051322 22.805209967632255 2.590705271903047 6.65839850572466 22.805209967632255 2.590705271903047 6.65839850572466 22.805209967632255 2.590705271903047 6.65839850572466 -42.327713069330144 -13.083765663474628 19.041726795963807 10.326089926232207 -177.48151449144405 -8.411663986184491 -22.858734692126905 149.57324592447537 -6.462450102425446 12.732165835063913 -0.2086569792997739 179.05333597607088 21.002837769036258 -30.042635185536266 121.78757716795323 22.604910700132972 -110.74677982106957 41.19740608456981 -22.858734692126905 149.57324592447537 -6.462450102425446 53.86123967840059 21.62056490414319 153.85947973552194 -33.37647831649126 42.458301149164285 58.9836888501557 -29.38967419759969 132.935695080779 -45.57991486668627 20.243854235393187 -1.160056478698321 -3.3492434274947898 -43.77704799459196 47.37558744764995 -57.51359981765317 31.97766356082824 131.02840092277575 1.874764142060236e-15 31.977663560828223 131.02840092277575 1.8747641420602354e-15 57.32443345463138 16.401453413360763 -19.273925905522727 8.183945230565662 0.7304922465152962 -5.1182262912536025 9.42979243620475 174.73421661183824 -1.0075380968453228e-16 9.429792436204727 174.73421661183818 -0.0
48.352132737636566 -60.01217067241669 -0.0031828880310058594 -0.0 -45.890055377653354 -178.65426502431296 7.162282662386553 0.9497003160230231 7.573376626774603 7.162282662386553 0.9497003160230231 7.573376626774603 7.162282662386553 0.9497003160230231 7.573376626774603 -53.42776657691771 -18.90182663390725 23.091444385483914 11.588523420910109 -177.88837207501717 -10.313598668166287 -10.005638344849872 150.28835620157884 2.8856449271378244 3.8862469870053644 0.02572390746645195 -179.62046144131978 28.601495287331698 -40.52644495073038 119.24792840050536 38.557705536667946 -127.8116756723028 37.50724805851673 -10.00563834484987 150.2883562015788 2.885644927137822 48.02316502624708 13.894732985254162 161.59472139017035 -32.900310737284784 43.605624519896466 60.304664564633306 -12.231115561623731 159.15212464081426 -62.762277385402385 19.257186116955616 -1.5087384636382775 -4.565949194563494 -46.95187816229588 52.60165743504383 -60.80832273137299 33.37273505508714 135.63998193412718 0.0 33.372735055087176 135.63998193412718 -1.9042735325641125e-15 62.21738633051195 18.09077561695675 -20.26600760228068 3.9847074037530996 0.3202444601389215 -4.59863066523593 8.83638985440785 175.83269385336192 -0.0 8.836389854407848 175.83269385336197 -1.0058618953433228e-16
48.83435368537903 -60.568660497665405 -0.003751460462808609 -0.0 -64.56775394942233 -176.5654824273328 4.0123982602516115 0.6063751548368008 8.601054529156917 4.0123982602516115 0.6063751548368008 8.601054529156917 4.0123982602516115 0.6063751548368008 8.601054529156917 -53.948655623202505 -20.49534641052558 24.812689420147713 12.91061302208577 -178.13687841865058 -18.068723217585596 -6.919020335600623 158.84976851021625 6.503032048508713 28.226704433479117 1.0350426427081323 -177.81239645703042 34.18839528243889 -41.5802125086887 122.34777641233877 48.58066454868002 -142.69587496631792 13.556997988980072 -6.9190203356006235 158.84976851021625 6.503032048508713 52.00564189654072 11.556628225558692 165.45417100510335 -38.22693515498428 60.22941532535776 70.5082966593755 -1.5895817360392261 145.48489076050132 -43.24183343605218 21.322736540302714 -2.0240021899016782 -5.551124366545707 -48.62086474332244 52.43696047244934 -60.011701719537335 37.409010472752485 145.56853910126125 0.0 37.40901047275252 145.56853910126128 0.0 64.64866697178074 20.849764342592547 -22.852694492269194 -1.299827825875358 -0.0768647736319024 -3.384512476922377 14.10818202257898 176.44153239864517 -0.0 14.108182022578962 176.44153239864517 -0.0
49.43254142999649 -60.92488765716553 -0.0045853666961193085 -0.0 -162.28565358595122 -10.24546409688216 -27.019243272580916 -4.917802641859903 10.724878039986432 -27.019243272580916 -4.917802641859903 10.724878039986432 -27.019243272580916 -4.917802641859903 10.724878039986432 -61.929311496162015 -34.62004146771928 38.03985472305337 12.570007038992436 -178.30324345456785 -19.299301932505408 20.38481912564622 149.98069779948017 20.969563391864998 29.369452075721266 5.5285939987679384 -168.835620069891 18.028138071809376 -71.51629989859873 95.9064663907427 3.854326761080237 -161.78300859270124 77.7156620488432 20.38481912564622 149.98069779948017 20.969563391864998 38.70568179932134 4.938408577548206 172.13279312440875 -32.22263663949027 69.88594504038014 78.95057499897837 2.376802879803558 154.38052568233852 -65.34416939069223 16.181932784104486 -1.85820771750182 -6.6401425045987725 -51.2801403220811 53.0803426517037 -59.620329751344144 33.60370751777844 156.03504749831873 0.0 33.60370751777846 156.0350474983187 0.0 60.46171155466538 13.363925018962115 -15.272795303055348 -11.464196329714925 -0.5252801823526937 -2.641047312703315 11.525939355964235 177.10540131537383 -0.0 11.525939355964239 177.10540131537385 1.0143789540653589e-16
49.816909432411194 -60.80210208892822 -0.005284417420625687 -0.0 -168.69211141646426 -10.99157405089642 -40.46092001273768 -8.733065119913066 13.317708648160924 -40.46092001273768 -8.733065119913066 13.317708648160924 -40.46092001273768 -8.733065119913066 13.317708648160924 -59.636582761778676 -37.675165028065805 41.826955009998436 11.766467496328492 -178.38886322684252 -21.266581116709407 31.974361877104283 144.74763190138384 29.21370556584913 19.40921730300643 3.8015782485349434 -168.6925508688301 51.48450786780638 -49.55083645899118 123.70594419758159 1.0008361049680294 -164.05768575795432 77.77640519910847 31.974361877104283 144.74763190138384 29.21370556584913 20.70892036939065 1.3054041691600813 176.31291905869654 -5.120870502981448 73.85616130945454 88.51999313005341 2.64377377298568 159.6377792488217 -84.13839682787966 10.769961272021053 -1.3368317258359295 -7.118393373522819 -50.77844361598158 49.350947217118275 -56.36992697249424 36.30132154110497 159.79343354846992 0.0 36.30132154110497 159.79343354846992 0.0 44.360950612457906 5.491721647702371 -7.829598774969293 -14.870047543028653 -0.7449012103451038 -2.900338397298962 12.757401125117722 177.44600598750546 -0.0 12.75740112511774 177.4460059875054 -0.0
49.850939214229584 -60.593584179878235 -0.005774898454546928 -0.0 -169.99882586712178 -12.414367391068904 -43.8142969749001 -9.781682062025803 13.983261825555594 -43.8142969749001 -9.781682062025803 13.983261825555594 -43.8142969749001 -9.781682062025803 13.983261825555594 -57.26242370959588 -30.705332297244393 35.22327759774243 11.085040741105034 -177.80712812839636 -21.441578009303793 35.51756167931068 144.42985139862824 30.65333280962515 6.172767558108781 1.1598329376853773 -169.33691142090302 54.55085494581157 -18.24618129343022 157.9670842055195 19.311319078423438 -165.4064314304682 79.98843527297527 35.51756167931068 144.42985139862824 30.65333280962515 8.920615730952187 0.43508839180461834 177.1963561719551 43.4925879587354 57.760158468955964 113.46516306277555 -4.406786805213937 163.60654423251464 -80.69842644227734 10.512551254761686 -1.0249104727175444 -5.6001561418328185 -52.162449807011875 50.65812940507264 -57.082198711259 48.31500691831958 163.0428798989775 0.0 48.31500691831962 163.0428798989775 0.0 54.29659414676712 9.755250779784896 -11.954051503694188 -4.600489112285284 -0.17009111623063966 -2.119678967732824 23.965584970046958 178.97912858953066 -0.0 23.965584970046958 178.97912858953063 -0.0
50.31974911689758 -60.9073132276535 -0.004421127960085869 -0.0 -173.95084110555808 -5.095750144791922 -57.34364621697838 -16.07785804444343 18.897698338409285 -57.34364621697838 -16.07785804444343 18.897698338409285 -57.34364621697838 -16.07785804444343 18.897698338409285 -54.101449513667376 -27.19671282546423 32.38891550575384 12.01099476085691 -178.4960242593456 -24.218509582615898 56.189446775659 158.4884875841567 23.443901897759353 -0.25701390333619123 -0.03089623997679287 -173.14521058683653 33.52350665757194 -2.350419513382053 175.74957047472702 33.75993266239425 -171.05050211976067 65.22883034656064 56.189446775659 158.4884875841567 23.443901897759353 2.1855982498454556 0.10177338512173716 177.33327307084906 41.12293028415706 14.424047861197261 158.64055924864672 31.068627143088612 171.111935674077 -78.50060158271765 18.178302773190197 -2.232053265264248 -7.121309961414644 -55.4151711925853 61.641914415158226 -66.04100511545334 50.16095052681805 168.94433189111305 0.0 50.16095052681805 168.94433189111302 -1.2411762454186592e-15 63.31708265664967 13.531555299246858 -15.074598668362116 -19.275280107067296 -0.542050645595843 -1.6416440829723806 25.070743843894718 177.26902163935767 -0.0 25.070743843894633 177.2690216393577 2.1946113619669814e-16
50.361137092113495 -60.452160239219666 -0.004756217822432518 -0.0 -174.7782360991974 -4.951939991082653 -60.15948678190039 -17.440235911323956 19.90893280566898 -60.15948678190039 -17.440235911323956 19.90893280566898 -60.15948678190039 -17.440235911323956 19.90893280566898 -54.814287384784215 -21.47756851617832 25.707049072889557 12.417953545973326 -179.48195594644977 -16.880059362752963 48.73882795538434 132.33392847007445 44.81323730516227 -18.89842315473297 -2.4524131623128125 -172.46735855741417 20.099527368986262 0.5951694955348446 -178.26856876553254 41.98070178327232 178.21548399642518 66.27724101533535 48.73882795538434 132.33392847007445 44.81323730516227 -9.294671566879469 -0.6364760351777577 176.06530079452924 28.58736278532142 3.95298090910775 171.78245608052228 35.37272429998872 175.04393751161638 -68.2757118450868 -0.9511131653335467 0.0835867618948221 -5.022659455499088 -51.121096986927085 67.73067278203831 -72.31829871031096 55.96160070810057 174.25526156928797 0.0 55.96160070810057 174.25526156928794 7.102643607479293e-16 54.912840685488646 9.704930344231688 -11.804991434100847 -25.908996578593747 -0.5056049747070641 -1.1570143769091497 26.550748511999267 176.59220260005955 -2.22220285464576e-16 26.550748511999267 176.59220260005952 2.22220285464576e-16
50.14534741640091 -61.22795343399048 -0.005983002483844757 -0.0 -176.2377455442328 5.577234620600295 -63.150960270008234 -15.764966764319036 17.558494324384938 -63.150960270008234 -15.764966764319036 17.558494324384938 -63.150960270008234 -15.764966764319036 17.558494324384938 -58.014790359592126 -16.54059529980361 19.297245996118757 12.89624303126852 178.08702232143645 -8.336024872057866 46.54237809935945 123.99400567321084 51.241692006576706 -20.765666426868766 -2.2635869524046894 -173.63849307192262 22.380967302083384 2.6523891237319703 -173.06313350124734 30.40134922694875 165.57515341207963 61.30516314614818 46.54237809935945 123.99400567321084 51.241692006576706 -8.403848880505837 -0.5322258077103295 176.3631338765386 24.374004825300027 1.6429746865394204 176.0241785965979 35.101261715792006 176.92819726892574 -71.87352983388715 -10.426953601328357 0.5322718007176089 -2.938528922192311 -50.93757028746085 71.2111040725053 -75.20272240293691 54.337144164947645 174.11248824262657 0.0 54.33714416494766 174.11248824262657 0.0 40.81099417155056 5.825125545864107 -8.87207556058131 -34.73531660680017 -1.0787170363652945 -1.8927311437594965 28.854246805596038 175.50863208040846 -0.0 28.854246805596105 175.50863208040843 -0.0
50.49440264701843 -62.111592292785645 -0.0051907263696193695 -0.0 -175.64872830021477 -1.1057197931637799 -59.33349635400293 -13.070964734560768 15.105383492083794 -59.33349635400293 -13.070964734560768 15.105383492083794 -59.33349635400293 -13.070964734560768 15.105383492083794 -55.28387656439177 -4.571236254832617 5.555577409159572 11.145689926024644 175.23339464583904 -7.927150278992238 50.94183999319907 138.55495779182922 38.60374860881444 -21.471967126665557 -2.238172063502616 -173.9055210257551 21.3171648492793 4.775499447712892 -167.0577510429211 22.27236958805668 160.7921393368719 53.92919302217774 50.94183999319907 138.55495779182922 38.60374860881444 -5.776981436262295 -0.2896916439447869 177.1243729534979 28.117648625823804 0.9541585125315604 177.9760597808899 34.26185468355377 179.0072531356156 -61.0637609326928 -1.7292403877270042 0.07868907324252263 -2.605843395784116 -39.6548734103223 79.84176654357788 -83.47694663662196 57.172496781883666 174.24818387213688 0.0 57.172496781883645 174.24818387213688 -7.333717029095829e-16 43.93160934322972 6.354143752731392 -9.118437342378291 -33.50708670393895 -0.8799607521316636 -1.5937301183421526 31.75067972520471 175.07464088353598 4.675383238029393e-16 31.750679725204783 175.07464088353598 -0.0
