HIERARCHY
ROOT Hips
{
  OFFSET 40.094901621341705 -48.02098125219345 -0.006545707583427429
  CHANNELS 6 Xposition Yposition Zposition Xrotation Yrotation Zrotation
  JOINT Spine
  {
    OFFSET 0.22830317417781032 8.97819772362709 -2.327803475782275
    CHANNELS 3 Xrotation Yrotation Zrotation
    JOINT Spine1
    {
      OFFSET 0.15220211611853074 5.985465149084732 -1.5518689838548503
      CHANNELS 3 Xrotation Yrotation Zrotation
      JOINT Spine2
      {
        OFFSET 0.15220211611853784 5.985465149084725 -1.5518689838548503
        CHANNELS 3 Xrotation Yrotation Zrotation
        JOINT Neck
        {
          OFFSET 0.22830317417781032 8.97819772362709 -2.327803475782275
          CHANNELS 3 Xrotation Yrotation Zrotation
          JOINT Head
          {
            OFFSET 1.0732974443170704 3.0963681017359086 -2.851170130694906
            CHANNELS 3 Xrotation Yrotation Zrotation
            End Site
            {
              OFFSET 0 0 0
            }
          }
        }
        JOINT LeftShoulder
        {
          OFFSET 1.6266551282670818 5.79453781247139 0.9475916158407935
          CHANNELS 3 Xrotation Yrotation Zrotation
          JOINT LeftArm
          {
            OFFSET 2.9489060242970737 -0.38185467322667677 4.998921199391285
            CHANNELS 3 Xrotation Yrotation Zrotation
            JOINT LeftForeArm
            {
              OFFSET 2.823883295059204 -12.198741734027863 -10.114291589707136
              CHANNELS 3 Xrotation Yrotation Zrotation
              JOINT LeftHand
              {
                OFFSET 0.508609414100647 8.592727780342102 -25.575653463602066
                CHANNELS 3 Xrotation Yrotation Zrotation
                End Site
                {
                  OFFSET 0 0 0
                }
              }
            }
          }
        }
        JOINT RightShoulder
        {
          OFFSET -1.3222508960300061 6.176392485698059 -4.051329583550491
          CHANNELS 3 Xrotation Yrotation Zrotation
          JOINT RightArm
          {
            OFFSET -2.9489060242970737 0.38185467322667677 -4.998921199391287
            CHANNELS 3 Xrotation Yrotation Zrotation
            JOINT RightForeArm
            {
              OFFSET 0.031200051307678223 -14.766395092010498 -17.425642907619476
              CHANNELS 3 Xrotation Yrotation Zrotation
              JOINT RightHand
              {
                OFFSET 6.745836138725281 9.39038097858429 -18.032357096672058
                CHANNELS 3 Xrotation Yrotation Zrotation
                End Site
                {
                  OFFSET 0 0 0
                }
              }
            }
          }
        }
      }
    }
  }
  JOINT LeftUpLeg
  {
    OFFSET 3.0093953013420105 0.2371177077293396 4.272501543164253
    CHANNELS 3 Xrotation Yrotation Zrotation
    JOINT LeftLeg
    {
      OFFSET 4.740941524505615 -15.277105569839478 0.8232623338699341
      CHANNELS 3 Xrotation Yrotation Zrotation
      JOINT LeftFoot
      {
        OFFSET 0.6677210330963135 -13.607543706893921 25.9634368121624
        CHANNELS 3 Xrotation Yrotation Zrotation
        JOINT LeftToeBase
        {
          OFFSET 0.8329784870147705 -5.263383388519287 -4.488393664360046
          CHANNELS 3 Xrotation Yrotation Zrotation
          End Site
          {
            OFFSET 0 0 0
          }
        }
      }
    }
  }
  JOINT RightUpLeg
  {
    OFFSET -3.0093953013420105 -0.2371177077293396 -4.272501543164253
    CHANNELS 3 Xrotation Yrotation Zrotation
    JOINT RightLeg
    {
      OFFSET -5.372783541679382 -15.382078289985657 1.738438941538334
      CHANNELS 3 Xrotation Yrotation Zrotation
      JOINT RightFoot
      {
        OFFSET -3.4210652112960815 -9.683668613433838 28.225924633443356
        CHANNELS 3 Xrotation Yrotation Zrotation
        JOINT RightToeBase
        {
          OFFSET -1.5515470504760778 -5.441756248474121 -4.010108113288879
          CHANNELS 3 Xrotation Yrotation Zrotation
          End Site
          {
            OFFSET 0 0 0
          }
        }
      }
    }
  }
}
MOTION
Frames: 91
Frame Time: 0.03333333333333333
40.094901621341705 -48.02098125219345 -0.006545707583427429 0.0 0.0 0.0 84.21282195275673 14.530689900612451 88.54336132802382 84.21282195275694 14.53068990061245 88.54336132802386 84.21282195275673 14.53068990061245 88.54336132802382 84.21282195275673 14.530689900612458 88.5433613280238 152.16155074893896 41.0240922136316 70.88209349116602 -28.987975943315725 -8.947525687600281 74.31939251208746 6.350308012593539 -59.2543946176783 -7.378190936449514 -69.7763881588711 38.93007049698748 -76.96619570871462 176.4263404083375 71.39877498011667 86.61257605687229 111.62962927941517 32.676292834286535 102.08356549225557 173.64969198740647 59.25439461767831 172.6218090635505 -89.8413192909288 49.72217682840384 -89.87893940334354 139.5236333096637 57.33223286509162 54.307392930016604 -3.6819507500730517 -54.757004776655016 4.505168652133328 9.404406127020252 -2.9462605738362972 -72.75932458189317 86.82818324103953 -62.31244442866931 -87.19075419289184 13.80213769122349 40.10662039987758 -81.00700406946049 -176.31804924992696 54.757004776655016 -175.49483134786666 163.1042498767198 -6.090181261243322 -109.25372268627333 110.60330527683294 -70.00571937844924 -109.4573944702841 -26.24852009218466 35.324137548374495 -105.91384750844352
40.09357839822769 -48.25535714626312 -0.00805053859949112 0.0 0.0 0.0 81.59764278742239 10.082888611307167 88.51867009009672 81.59764278742229 10.082888611307155 88.5186700900967 81.59764278742229 10.082888611307169 88.51867009009669 81.59764278742239 10.082888611307167 88.51867009009672 151.90743477766063 39.295452955289875 71.32189318082341 -37.32583915814764 -12.359414238932848 74.3200659141518 7.439131546064445 -58.088029262405854 -8.744701086462529 -67.55041846750771 34.013850140110804 -76.98566182775619 176.18616751100677 69.75179192177418 86.4212215036412 113.83376604177471 28.461888224125143 101.88884907740596 172.56086845393557 58.088029262405854 171.25529891353747 -89.88117918018595 43.43725982563284 -89.91830351179613 135.96042559327293 50.73580584138653 53.177616665534316 -3.9383072927894345 -53.66662521784465 4.8846104377413635 -16.53999635517463 5.362544027646927 -72.53119874781751 86.73366377161565 -59.071937064743885 -87.1972917233315 14.692223687141219 37.78114629012784 -80.8741924148002 -176.06169270721057 53.66662521784465 -175.11538956225866 166.0908281089918 -4.982629276081438 -109.32672855976821 111.43097400325847 -65.83390225004428 -109.7034641271486 -26.267510699453243 36.47363774331715 -106.35050702067643
40.0973305106163 -48.352764546871185 -0.008654408156871796 0.0 0.0 0.0 80.08828727388358 8.5683048949212 88.50869758133648 80.08828727388392 8.568304894921202 88.50869758133653 80.08828727388358 8.568304894921196 88.50869758133648 80.08828727388358 8.568304894921198 88.50869758133648 152.26780509646017 39.29568019011684 71.58451858892795 -40.233411885810604 -13.745091445679199 74.3135347986971 8.158852744425904 -57.96981444322996 -9.59867605336131 -67.24838304410181 33.333189918501475 -77.02298978294203 176.046057845795 69.54690890460662 86.29460223688154 114.58111691311483 27.134706503757265 101.78456738695007 171.8411472555741 57.96981444322997 170.40132394663868 -89.89660897783072 42.64326467627163 -89.92995961208132 135.39754966020163 50.9833215527642 52.53868321320309 -4.024679714811306 -53.16684577286158 5.023804693451603 -16.35891200483327 5.326142473434881 -72.45153344905486 86.72208261481516 -58.75631354263739 -87.19665968163618 14.768942896359343 38.031580116035876 -80.77445148517131 -175.9753202851887 53.16684577286158 -174.9761953065484 170.29381469803045 -3.444272489389823 -109.35335006759887 111.78408976877688 -64.47647805783329 -109.83168655175488 -25.74823460180275 37.94685348288026 -106.51950322653624
37.38729655742645 -51.18334889411926 -0.009633228182792664 0.0 0.0 0.0 59.248130811785565 9.957401646349641 84.12597297889262 59.24813081178582 9.957401646349638 84.12597297889268 59.24813081178558 9.957401646349652 84.12597297889262 59.24813081178556 9.95740164634963 84.12597297889262 145.61907958826913 44.69458041274415 64.30153840155432 -36.242346208152625 -17.00622509586211 68.24809166696937 20.507863812993357 -59.64068732246463 -23.435936202768747 -72.67215762834195 31.64158308804275 -80.70450057643552 177.86097533063247 64.37722419005527 88.07115798408736 105.09157452180479 29.99645388874922 97.67815140766774 159.49213618700665 59.64068732246463 156.56406379723126 -101.38700298904048 33.47770195567261 -96.33924390157208 115.10472603860693 31.18716209142627 42.138636923689106 -8.667928290455198 -55.13438026436927 10.525579425122457 -46.289144775259125 33.21735284779935 -62.35878970529446 82.78833595049099 -52.17836860528636 -84.29202021817032 19.994434557803093 37.74140009276595 -77.44410746454692 -171.3320717095448 55.13438026436927 -169.47442057487754 169.97466485559238 -2.669970984118495 -104.76207924411644 117.4461120589479 -73.31787270931403 -116.4509397077764 -29.710631577253263 21.655646748159114 -101.89161832739285
36.57422065734863 -52.17210054397583 -0.008786842226982117 0.0 0.0 0.0 69.98689099109703 14.158143319047902 84.90894987343496 69.98689099109717 14.15814331904789 84.908949873435 69.98689099109694 14.158143319047909 84.90894987343495 69.98689099109716 14.158143319047891 84.908949873435 151.79419486554377 46.90625704267443 68.61246101635375 -23.411788147432887 -9.522881898558026 69.08829329327573 8.54628316474763 -56.69454757069336 -10.19341626005939 -77.73914210290121 35.55098047159332 -82.79852219413837 174.7872116470141 69.1674739454908 85.12630479427295 108.20150304884582 32.44085538331811 100.00318961964314 171.45371683525238 56.69454757069336 169.80658373994063 -96.66834363918439 40.12907883466229 -94.30919343582268 131.26222654631093 49.29569278055225 49.171061934342475 -10.40085581120321 -54.45051904701773 12.713001749999806 -41.322583816257804 28.62870477638716 -61.411790748444886 80.87767508185738 -61.27747405886673 -81.98452387626807 20.18255192990533 42.655550775585226 -76.01391380825585 -169.5991441887968 54.45051904701773 -167.2869982500002 170.23992149758982 -2.6547681704032593 -105.07060088552939 116.4519179821889 -78.87077836172908 -116.02060273626309 -30.074260927652105 17.934609621971877 -100.11053306383754
36.34626567363739 -52.935218811035156 -0.005514360964298248 0.0 0.0 0.0 83.44609617016069 22.330856024186513 87.50048443067726 83.44609617016053 22.33085602418653 87.5004844306772 83.44609617016069 22.330856024186506 87.50048443067726 83.44609617016069 22.330856024186513 87.50048443067726 161.707876058268 49.76405758187864 75.83704726663794 3.100209174862881 1.0460790818985064 71.37237575051036 -1.5082138114718033 -52.83927065267959 1.8922452762653694 -76.06909830630431 34.26082466077177 -82.05056176898852 169.1249924091489 74.26332120953121 79.5234116624399 112.47654721485267 38.151085619188855 104.33669444263143 -178.4917861885282 52.83927065267959 -178.10775472373464 -91.07502714292904 43.75343925322173 -90.7434874370342 140.90292788364889 55.08731002228182 56.32262331235331 -8.297791725078506 -53.18770124288337 10.324292442786575 -29.091120294218367 17.452152752340325 -61.67412724307121 79.74500738585684 -62.77980231172449 -80.8603695484337 32.91657809320399 24.559963069701052 -74.94043994920908 -171.7022082749215 53.18770124288337 -169.67570755721343 -163.6720136349201 4.728663996165954 -105.71673833418706 113.26251776342626 -80.27190966838033 -112.96291733694167 -43.0134199338417 11.66784234577154 -100.68485761342382
36.22709810733795 -53.1952828168869 -0.0030493363738059998 0.0 0.0 0.0 85.10725321706059 24.513498315299767 87.96586824212793 85.10725321706056 24.513498315299742 87.9658682421279 85.1072532170607 24.51349831529974 87.96586824212797 85.1072532170606 24.51349831529978 87.96586824212793 162.03501351073828 50.65181394527954 75.92383687166088 20.926031388821567 7.175476960512344 71.90996658824555 -1.8592714125300998 -47.451868593005436 2.5230051604652552 -73.40940083497996 36.92389112293261 -79.85236023623666 168.13738775825155 76.79694119056856 78.44240897743501 113.46923256958648 37.332837187301024 104.75130092618572 -178.1407285874699 47.451868593005464 -177.47699483953477 -90.62539481619312 46.33743164299294 -90.45243064983318 141.87781060643567 59.13231261925463 56.036865205927924 -7.1976882242258355 -48.5152869632374 9.568924701327138 -40.62527720208845 27.91498659290965 -61.37758444825487 79.29224648266779 -62.23883520831669 -80.50086831255184 24.289913572239293 37.74895910149044 -74.55503083770947 -172.80231177577417 48.5152869632374 -170.43107529867288 -163.12616423352196 5.124893115792172 -106.40934870012441 110.34954085823982 -79.2787310103334 -110.02275726145831 -22.968607478949195 24.799597671848105 -100.08033148789065
36.24282032251358 -53.33572030067444 -0.001327507197856903 0.0 0.0 0.0 89.56628086838822 34.50008090202587 89.75433508709098 89.56628086838826 34.50008090202589 89.754335087091 89.56628086838815 34.500080902025886 89.75433508709094 89.56628086838822 34.500080902025864 89.75433508709098 175.14708656087578 54.70232830411779 86.03607862254995 51.34809955379277 21.872220897833603 73.4087852100329 -6.520859838713981 -37.642363252017034 10.600839356265448 -69.3068859634559 38.08152602819921 -76.88529627365438 165.54182586490862 84.40772362444251 75.60777420522854 115.42724931669449 43.2369515821481 108.03884259323513 -173.479140161286 37.64236325201706 -169.39916064373455 -86.49455066714751 44.86662094933824 -87.52549939545598 146.41060758829093 59.72943828888826 60.162265376090524 -5.206688436467554 -38.78343545403367 8.277257640616748 -49.250865239661266 38.97919850501874 -61.5424206161238 79.4306250831037 -63.7960700530841 -80.49594587551178 24.91028565647764 36.85743123162181 -74.43424649220034 -174.79331156353243 38.78343545403367 -171.72274235938326 -163.34806571254416 5.331404973618266 -107.2575598788561 107.0715028531524 -80.76260787460112 -106.86275437321041 -41.53689929816009 12.088291383142787 -100.5099472687173
36.34999990463257 -53.31332981586456 -0.00287005677819252 0.0 0.0 0.0 93.29201607408369 29.239433986689605 91.60936771928024 93.29201607408356 29.239433986689598 91.6093677192802 93.29201607408369 29.239433986689598 91.60936771928024 93.29201607408369 29.239433986689605 91.60936771928024 178.16854558360373 53.56242829355339 88.52640966759317 43.19806588948571 13.932107267511817 75.61843351384906 -10.37284245388576 -41.63913970625786 15.40224588290558 -63.52464960542696 42.3887406197772 -71.43999008544279 115.9583997043544 88.3424688247443 25.96783805506119 119.17321664523875 40.83134195287065 110.05283063975742 -169.62715754611426 41.63913970625786 -164.59775411709444 -82.2812424413465 46.43331932297894 -84.39110261587935 149.04497046148495 56.92360485918645 63.3162353668579 -5.781033170990187 -34.98992252258972 10.012622549777074 -53.43970056072275 44.46187845220131 -62.55101235188476 79.17614704364325 -62.247188224670765 -80.39662553872432 24.15346692732548 36.75360378826039 -74.97929900348177 -174.21896682900982 34.98992252258972 -169.98737745022294 -146.04096668341722 12.249402562619114 -107.48634958510266 106.66894743026272 -78.88685992310363 -106.37326668214845 -76.7212609560572 2.5092870659241093 -100.50977332556934
36.3836795091629 -53.00849676132202 -0.0020878389477729797 0.0 0.0 0.0 93.7949745170329 29.894886473828794 91.89353580608511 93.79497451703286 29.894886473828805 91.89353580608508 93.79497451703286 29.8948864738288 91.89353580608508 93.7949745170329 29.8948864738288 91.89353580608511 178.3880735833832 53.94827938226861 88.69666085411521 48.51046057084104 16.34011386978004 76.02763125369246 -10.119089260778939 -37.9158739076428 16.194930096590493 -62.36361995045224 46.25935299457035 -69.27906778259884 167.94471447706462 87.43320029554374 77.95645638210308 119.78495650772908 40.20867082876602 110.27918240978342 -169.88091073922106 37.91587390764282 -163.8050699034095 -80.04211743259724 47.50359225473241 -82.62404624387803 152.44211615254545 61.07715160673899 65.45087622750044 -5.327695463151633 -32.49090361197029 9.84868518182501 -51.097728526890386 37.87407626561318 -63.64536958249435 79.07416711872233 -64.10534189417334 -80.14848635676397 24.420105092957964 35.0835220213783 -75.37371516123773 -174.67230453684837 32.49090361197029 -170.151314818175 -138.34312048802929 15.35825010711919 -106.57910526380971 107.74904002730285 -78.3239391355815 -107.40415770797156 -53.162781331708466 8.662973866896223 -101.36876664715007
36.36178821325302 -52.7591735124588 -0.0024168752133846283 0.0 0.0 0.0 93.16444702292209 27.561303703084672 91.46535243405759 93.16444702292213 27.561303703084683 91.4653524340576 93.16444702292213 27.561303703084658 91.4653524340576 93.16444702292209 27.561303703084672 91.46535243405759 171.1897730792593 50.75658403915358 83.15524272388299 38.61578082812293 11.499632543290598 75.98559842096633 -10.197761378125973 -44.31926169994791 14.438748611692251 -62.141016392764485 46.2277348890555 -69.1097384272966 168.54871583391255 85.12869816882464 78.58899139911514 118.31610733880783 39.93104324281756 109.0775140190926 -169.80223862187404 44.31926169994794 -165.56125138830777 -80.62567167866463 48.51783995934147 -82.94956838798355 150.24272003957327 60.51962422893133 63.540819890298664 -5.424362147012819 -35.58253889994679 9.26846062022785 -48.088836952698955 32.9691442091015 -63.966213727239925 78.77415093266016 -62.87219469934996 -79.98258549769405 22.951632850800152 38.26429007510134 -75.30476699380205 -174.5756378529872 35.58253889994679 -170.73153937977216 -130.83491360835987 18.86576328054405 -105.6132338663779 108.94368902017612 -78.37922688496673 -108.58229687365629 -35.47651116341025 16.725993421933204 -101.59085758069756
36.3631397485733 -52.61862576007843 -0.0025406479835510254 0.0 0.0 0.0 93.0014084643757 26.49420886584618 91.33993216187687 93.0014084643757 26.494208865846197 91.33993216187687 93.0014084643757 26.494208865846172 91.33993216187687 93.0014084643757 26.494208865846176 91.33993216187687 169.94552843219245 49.54286420772127 82.31651960545074 33.390611185971046 9.485416525830285 75.96288069679213 -10.345474648435989 -46.17207986960559 14.20020637356536 -62.078074827145166 45.69394205195073 -69.23069888193963 170.5944560046848 82.8345138596424 80.66661555633944 118.05319727290546 39.70046136030885 108.79874349645016 -169.65452535156402 46.172079869605604 -165.79979362643462 -80.75554448444352 48.54708003287056 -83.04488895225347 149.52305513138327 60.01351496596006 62.99078456349659 -5.7343831706390995 -37.04948526828246 9.46250323662981 -47.8501631303689 32.45865327256236 -64.09016682422326 78.82455061717253 -61.98609690430155 -80.10640837073193 22.919731287643096 39.60284162030985 -74.91535017026831 -174.2656168293609 37.04948526828246 -170.5374967633702 -131.0408871774474 18.386016296348345 -105.3540694818444 109.23873878367061 -78.24245338792805 -108.86389927331014 -31.56935824340237 19.45921518049488 -101.5686839825983
36.159566044807434 -52.55274176597595 -0.0023546628654003143 0.0 0.0 0.0 89.85583307823775 26.346529188890802 89.93601874574989 89.8558330782377 26.346529188890827 89.93601874574988 89.8558330782377 26.346529188890795 89.93601874574988 89.85583307823775 26.346529188890806 89.93601874574989 172.42877915530016 48.50484066611817 84.31456115062896 30.6220603995367 9.308012898663737 74.71699079199469 -9.045624776503242 -46.716878177084794 12.33580819009955 -64.78871115143899 40.83351702573418 -72.88943147159168 173.21025259551425 78.6943548778728 83.34081045122404 115.79047331735153 39.56650392524016 107.10806893211436 -170.95437522349675 46.716878177084816 -167.66419180990044 -82.4444722770101 46.62199551889759 -84.49331542970567 148.25640936249556 56.49825056643147 62.71147953335631 -5.622735629943556 -37.92472064593739 9.100402530360327 -48.36982861003382 34.865894865173836 -63.065790802454345 78.71530330873036 -61.20264545730492 -80.08129289312032 22.109578361585616 40.124718331988944 -75.32863610073298 -174.37726437005645 37.92472064593739 -170.89959746963967 -129.32370204421764 17.70947349885583 -103.99241039855407 111.88271670275194 -79.61537713315391 -111.55739216379521 -48.24374092579207 10.777072436060527 -101.82995330100769
35.99712550640106 -52.492329478263855 -0.005117896944284439 0.0 0.0 0.0 87.4634514796829 22.619122044101683 89.02389137212077 87.463451479683 22.619122044101662 89.02389137212081 87.46345147968285 22.619122044101662 89.02389137212076 87.46345147968302 22.619122044101672 89.02389137212081 153.2447545097014 48.43210299854893 69.33379479219958 -2.154683422374059 -0.613584311207269 74.1121609499398 -8.561239161990859 -56.20650728921718 10.26775606366258 -65.85432601027321 37.709891151051636 -74.66659892943919 173.55648178059232 76.2205026145258 83.74043535940461 113.22416450292273 40.62300199838802 105.60918882774463 -171.43876083800913 56.20650728921718 -169.73224393633743 -82.0071706200338 36.69486069678577 -85.20386754444328 135.57178281248963 40.618959045980276 57.45562655960691 -6.515314611943557 -44.57963069288746 9.241628144185775 -52.94675587920245 45.48972555778493 -61.7011881203395 78.27452768193956 -56.492713103419966 -80.18155504028913 21.057603755749188 42.19799936833423 -75.50016252011646 -173.48468538805645 44.57963069288746 -170.75837185581423 -133.1365223945223 14.212910700149967 -102.95563449294656 114.61581964815784 -81.70261707738224 -114.38829543904394 -78.04027284106206 2.6350008746931906 -102.24539220132208
35.87474375963211 -52.846336364746094 -0.006188824772834778 0.0 0.0 0.0 82.570548795332 22.201698708837373 87.17908716471226 82.57054879533206 22.201698708837394 87.17908716471229 82.57054879533206 22.201698708837377 87.17908716471229 82.570548795332 22.201698708837373 87.17908716471226 142.82275940026594 42.939112198652715 62.67693776500993 -15.27641620005866 -4.799158950948931 72.9693074852688 1.2558839889817455 -62.76832706567512 -1.4123731483143676 -68.16107853874765 37.70842550784437 -76.22710550952952 172.6630678221419 73.0208728958219 82.97961302832294 107.19814185604088 41.367519381637635 101.56065944501721 178.74411601101826 62.76832706567512 178.58762685168563 -87.81238607109385 35.782443221140554 -88.72047301162522 127.81731216203269 37.5506661389568 51.86012455484511 -9.2672330044591 -51.50327378812946 11.776591114062908 -49.80837210312259 42.770654875884205 -60.15776589981124 78.077239413264 -57.98080810569228 -79.85008186786904 22.42005465891712 36.33077485664783 -76.26444551741479 -170.7327669955409 51.50327378812946 -168.2234088859371 -141.28074247836867 10.272879919318303 -102.54108320590632 118.9627402475913 -82.11228199884218 -118.73256248608499 -82.46458586225681 1.661570596571206 -102.36358319345393
35.85253953933716 -53.45346927642822 -0.006305798888206482 0.0 0.0 0.0 77.95435101129539 20.321478960649852 85.76170503357 77.9543510112955 20.321478960649863 85.76170503357004 77.95435101129533 20.321478960649856 85.76170503356997 77.9543510112955 20.32147896064984 85.76170503357004 135.3583366093653 43.182845212384954 55.94830264456615 -26.300448731741568 -9.009904207875039 72.41865922691262 11.490126286291526 -66.30270975558386 -12.516168707828461 -68.63208534721174 34.93284551574961 -77.37220423479121 171.07199861078078 71.85522162661765 81.50932811085141 102.6630772230448 40.316957886934986 98.27132696244337 168.5098737137085 66.30270975558386 167.48383129217154 -95.86216235907375 26.45890639486207 -92.61924686491318 113.7749381427515 27.446943978096172 43.703813888596244 -10.02472036862177 -54.30436213437858 12.27975020840121 -48.1506524489228 43.00922653711569 -58.5775663485245 77.60218651367444 -56.47331097814741 -79.61566231878835 23.51310099607933 32.98197463539059 -76.67509039958503 -169.97527963137824 54.30436213437858 -167.7202497915988 -134.0017600625524 12.238905380728319 -101.57013879094941 125.13462716059824 -81.0828570016612 -124.80739759761944 -92.90532852941018 -0.6875965600372778 -103.30373685115147
35.78774929046631 -53.52320969104767 -0.005534477531909943 0.0 0.0 0.0 75.78629774054683 21.840719404839117 84.616792905796 75.78629774054693 21.84071940483912 84.61679290579605 75.78629774054677 21.840719404839124 84.616792905796 75.78629774054693 21.84071940483911 84.61679290579605 138.28419809373386 48.033591987422405 56.462179756579616 -19.777153301943834 -7.187836892724663 70.81329193205417 10.695705158089602 -65.46702806549642 -11.728976434406837 -71.18821173219476 30.280648118905226 -80.25332376078724 169.39916808179916 72.18775153358106 79.89660602313539 101.60874193392792 41.360273258210505 97.7304273630133 169.3042948419104 65.46702806549642 168.27102356559317 -104.84854276666259 11.40637306616542 -93.00135085286009 82.67913619086191 -7.681818928756008 43.863908226110105 -11.17230524083547 -57.25489538086355 13.21474053431966 -48.64229325560926 45.36914827903194 -57.93413234724083 77.17242929158677 -54.047213512491524 -79.5562468723885 21.233732485510973 37.06028206156085 -76.8209185991926 -168.82769475916453 57.25489538086355 -166.78525946568035 -139.96761812711975 9.136980517485883 -100.70419841575001 128.27008009503058 -80.01982784757345 -127.84602717224301 -83.96477553980903 1.4541756073290315 -103.49738509110577
35.61178892850876 -54.10661697387695 -0.005754455924034119 0.0 0.0 0.0 73.65684354746348 22.214608516397565 83.67364721262201 73.65684354746342 22.214608516397554 83.673647212622 73.65684354746358 22.214608516397575 83.67364721262206 73.65684354746348 22.21460851639757 83.67364721262201 136.60104472262356 51.68231328699881 53.42761271559196 -21.691785634215815 -8.562828807380486 69.47862704709135 4.908998662538057 -65.76537649810548 -5.380765233210428 -71.17419046050527 23.966680042331706 -82.1153852395759 167.8242370081564 70.41082416052099 78.50966673364007 101.53084690515011 43.42661849078648 97.98330181575008 175.09100133746196 65.76537649810548 174.61923476678956 -174.15926635805684 0.24407742016966483 -92.38463896708089 62.39946846468247 -32.02944542737184 44.58893906981302 -12.52265529556158 -57.65993268517518 14.729013248135388 -48.69814784355792 50.321529513175065 -55.933877721203764 76.4530376195742 -49.946086227045214 -79.55039669555609 20.835777688281702 38.379605729575694 -76.70544341665496 -167.47734470443842 57.65993268517518 -165.2709867518646 -139.7734883617692 9.043666437534112 -100.52727061115948 131.0885104015814 -80.84743146670341 -130.72517475764104 -119.14158284783167 -7.558782992616432 -103.27523038039504
35.58926433324814 -54.31698560714722 -0.0063983723521232605 0.0 0.0 0.0 73.63551690422963 23.569630674241047 83.30317253896087 73.63551690422963 23.569630674241044 83.30317253896085 73.63551690422963 23.56963067424106 83.30317253896085 73.63551690422963 23.569630674241044 83.30317253896087 137.66894855881807 51.67464829330593 54.44966008482578 -16.470872252741874 -6.776776937441484 68.24249849555046 5.941728135298714 -64.29911192708673 -6.588622760817276 -75.0920388207721 26.492396696184812 -83.22734112286349 167.03990049003804 71.6667088444828 77.67710888206042 101.99467955719375 43.88631583228842 98.37847193601847 174.05827186470128 64.29911192708673 173.4113772391827 154.11377550699476 -0.935987476831271 -91.92795641143395 63.79287904785321 -29.543450193042332 44.94952153467903 -12.489005718544872 -58.12673297179822 14.618232409252533 -48.01123264299486 50.2599369397952 -55.31307679782813 76.99290205707555 -53.555911162868874 -79.47314651553677 21.02277565089444 38.32590136489626 -76.59477827674304 -167.51099428145514 58.12673297179822 -165.38176759074747 -137.62612675894923 9.889345699499453 -100.66161044497387 131.49077331316866 -80.840261444079 -131.126167580443 -124.5288116659957 -9.331869573590128 -103.2614505795761
35.58352142572403 -54.432857036590576 -0.005650334060192108 0.0 0.0 0.0 73.29449255140943 24.149862026203962 82.99990966738304 73.29449255140938 24.149862026203948 82.99990966738302 73.29449255140936 24.149862026203962 82.99990966738302 73.29449255140943 24.149862026203966 82.99990966738304 139.92448097206136 52.32837482495753 56.33840047484024 -14.64880768917238 -6.132444486369168 67.77075197327467 5.735772843203629 -64.00730185365303 -6.376185123804347 -77.65787136205601 27.918149989797215 -84.15063037105057 166.74660953639605 72.03662166570234 77.37143755172254 101.8223194078336 44.28954064784796 98.31564868687782 174.26422715679638 64.00730185365303 173.62381487619564 -117.69179378683259 4.034065629554838 -92.1144855406093 70.02753521353857 -20.396002907764267 46.200527730275 -11.89251244055931 -58.68939681127246 13.847107508681079 -46.40148479174984 47.783388383609456 -54.80710901508636 77.18295147894476 -54.60320146258121 -79.4935806106878 21.346138429757808 37.91954558114046 -76.49478564361368 -168.1074875594407 58.68939681127246 -166.15289249131894 -135.26927656769533 11.012256425286246 -100.91399384530551 132.30873327354266 -81.12972966768906 -131.96576104614414 -98.22427928584334 -1.9167616117235606 -103.02975788580909
35.53319275379181 -55.17946481704712 -0.0012412667274475098 0.0 0.0 0.0 83.28605141465829 36.770472286716306 85.9691237060097 83.28605141465822 36.77047228671627 85.96912370600965 83.28605141465832 36.77047228671632 85.96912370600973 83.28605141465822 36.77047228671627 85.96912370600965 146.1682420162659 56.71690129696976 60.7379191066294 38.48622050116711 18.112715284546933 68.6429124531678 -2.8515277085448143 -49.82274082576952 3.7299177870503746 -79.10538795264597 34.51029521110873 -83.77671877894161 153.50948965525865 81.40305309081224 63.767062513840706 109.45779290485643 48.38923239160865 104.7964611883235 -177.1484722914552 49.82274082576952 -176.27008221294963 -89.78231448138068 39.759568311670265 -89.86077504545685 139.61327166029724 56.27968496221987 54.71872856270101 -11.228822765967161 -52.17046706892903 14.109164971210216 -41.25983489100197 37.07676532108242 -55.50237139572406 77.25105252659642 -60.98673498418447 -78.80779551461855 26.404568922814207 29.350772100762796 -76.3221719311819 -168.77117723403285 52.17046706892903 -165.8908350287898 -139.2564641542943 14.520352640664374 -106.22741501240827 116.38464447418794 -82.8460534002497 -116.20680155465472 -116.12993130646676 -6.25839952613279 -102.52914960105755
35.54006665945053 -55.46141862869263 -0.0001685693860054016 0.0 0.0 0.0 85.46342541503769 42.82134864059267 86.91295443160126 85.46342541503762 42.82134864059266 86.91295443160121 85.46342541503772 42.82134864059266 86.91295443160128 85.46342541503762 42.82134864059267 86.91295443160121 148.53811967581368 59.514599984877606 62.1974107662595 47.436789016434055 24.834362537640466 68.90791857016048 -2.8616301946491096 -51.01136652296721 3.6796358154173925 -79.13240115031769 33.30738484432747 -83.9818877251668 142.75189113161116 82.59968146576671 52.98253497816576 110.14336093261392 52.933823484542174 106.31419740813989 -177.1383698053509 51.011366522967236 -176.32036418458262 -88.80798046671526 42.929056546154996 -89.18806189972186 139.3576178661159 57.77830821381319 54.01327892323718 -10.506545677578695 -51.527556633469665 13.326732272037761 -38.80233732130935 32.73819899013283 -56.076607962166314 77.16507415816834 -63.854224014281236 -78.44113377056178 26.270939996728377 29.865117086873205 -76.19084888834111 -169.49345432242131 51.527556633469665 -166.67326772796227 -141.59313262559434 14.333071052470343 -107.34170135499994 113.21589693402268 -83.05699115430286 -113.0635104459451 -88.58612368746913 0.3043414827960379 -102.14530087856117
35.41051149368286 -55.17861545085907 0.0019960105419158936 0.0 0.0 0.0 88.23353687376355 44.450781387389405 88.76275264948929 88.23353687376351 44.45078138738937 88.76275264948926 88.23353687376361 44.45078138738941 88.76275264948931 88.23353687376355 44.450781387389405 88.76275264948929 154.50367716756566 58.405214651574475 67.89259003634733 55.82242309101325 30.7498277817023 70.85400958797224 -2.0762540335893522 -45.773619246069 2.896210135925356 -75.45587966910963 34.35822722141983 -81.6700265670223 155.0893749724042 80.5421856228687 65.38761829606644 111.77905500275399 52.05627971418065 107.48907597900289 -177.92374596641065 45.77361924606899 -177.10378986407466 -89.01753423101994 44.71811999718823 -89.30868375517022 140.92167348907174 60.80871034894878 54.666538098567806 -9.373911173105807 -45.8691367940973 12.952638713629007 -32.89512513614959 24.52937615919591 -57.30525897231155 75.99583668291002 -62.618554937969996 -77.51265656707233 24.05442771846275 33.78733919912394 -76.05922987225331 -170.6260888268942 45.8691367940973 -167.047361286371 -141.56182936622125 14.613199837235765 -107.63433574906782 107.56042238559976 -82.24333027449813 -107.40949710707532 -38.05917647474359 15.813350238565883 -102.04389499623427
35.07995456457138 -53.9378821849823 0.00038295984268188477 0.0 0.0 0.0 90.86571451313212 35.632146759263776 90.50437252209696 90.86571451313215 35.632146759263755 90.50437252209699 90.86571451313215 35.6321467592638 90.50437252209699 90.86571451313212 35.63214675926377 90.50437252209696 153.9646325039078 54.1898898055919 68.3889179702811 54.990707585503046 26.443255322496917 72.67636237212562 -2.194634577658849 -28.919613566445133 4.531039512869611 -75.40470482713424 39.448960059978724 -80.6054534479803 157.66965552324834 79.21336702932082 68.02635906249827 117.80895919041768 41.094488938351 109.12080697102633 -177.80536542234114 28.919613566445133 -175.4689604871304 -86.26195493523878 52.38950639917878 -87.03723840366918 134.20830155337728 50.83385402149725 51.44355345794606 -6.735296223291399 -42.179533585219176 9.975318729066217 -32.109476185419744 21.41132220681009 -59.81159689094353 74.18020510713916 -60.871021754570094 -76.09816493485015 24.418617897672448 34.23635833484504 -75.67127331583742 -173.26470377670861 42.179533585219176 -170.0246812709338 -132.84855763397684 18.11049612745556 -106.08441361329346 104.34173699493972 -81.34367978050184 -104.18499879549837 -54.322025616059875 8.431737407148628 -101.54246413194336
34.65370088815689 -52.267616987228394 -0.00024829059839248657 0.0 0.0 0.0 92.00032171269966 29.787922753645923 90.99404608869743 92.00032171269962 29.787922753645955 90.99404608869742 92.00032171269974 29.787922753645912 90.99404608869747 92.00032171269967 29.787922753645937 90.99404608869743 158.77845905852925 48.38623255401309 73.8112844586178 45.05162908099784 16.545351496492895 74.13159331009602 -4.4197313120142745 -38.62780324466901 7.0581224367087065 -73.17821508185673 47.53225123976539 -77.42775037261342 165.3012817614508 75.33352621898804 75.76043819633674 118.58830481296907 39.04092339739161 108.94490614279317 -175.58026868798575 38.62780324466897 -172.9418775632913 -86.20987383158452 53.60658739149524 -86.94752571698902 136.99663437156784 49.502716779870774 54.65564768174986 -5.568518933807363 -40.153872058048954 8.597644937945967 -37.27202247377274 22.296428170473114 -63.50206951414568 71.29867793904171 -60.00603997611738 -73.66025893404411 25.310031829845055 35.534552227826964 -74.63154951712977 -174.43148106619265 40.153872058048954 -171.40235506205406 -131.61726310932596 17.348986688918664 -104.83725477637074 99.92917366328035 -79.61878722415219 -99.76979663222116 -47.672438966207615 9.839387282365667 -100.62634284602949
34.272514283657074 -50.49329996109009 -0.0009556300938129425 0.0 0.0 0.0 94.64003443220837 12.381185618338247 90.99697119040786 94.64003443220818 12.38118561833825 90.99697119040782 94.64003443220845 12.381185618338245 90.99697119040789 94.64003443220818 12.381185618338248 90.99697119040782 160.38276731387754 54.297597017255626 73.85762910607934 -29.110299123184692 -8.480407390702242 75.16626313658278 -5.875630100673109 -52.17179393539125 7.4232595047038945 -66.35522341667395 36.409309711962244 -75.43286517971889 167.95242687236112 78.26450292905956 78.19712129257157 122.26487233501827 30.66657834096898 107.84841314902741 -174.1243698993269 52.17179393539121 -172.57674049529612 -85.78901539316325 46.209989038231754 -86.95754836205232 141.95335436538974 59.08112331042093 56.123100905946984 -5.395398019249122 -42.36393121933809 7.978746968908976 -26.96847146119587 13.876250203306073 -64.7643107006136 71.97114435289723 -57.1405745101078 -74.7089191458532 26.89937648847612 39.079769094422275 -72.26507733796485 -174.60460198075089 42.36393121933809 -172.02125303109102 -128.40176023694494 18.891053520594063 -104.39336287801484 96.79325121669888 -78.39417405969108 -96.65562069683256 -42.32784076180094 9.383210519287967 -98.44652682588423
34.1497078537941 -50.11519491672516 -0.0012584961950778961 0.0 0.0 0.0 92.62836545664264 16.325429982221074 90.73929194264225 92.62836545664271 16.325429982221074 90.73929194264228 92.62836545664271 16.32542998222107 90.73929194264228 92.62836545664264 16.32542998222107 90.73929194264225 160.78343199263443 54.593601480645724 74.14018895513877 -13.27585100266527 -3.627891195973546 74.9875227622556 -5.9680124012843 -50.82628138567956 7.679968186639534 -67.08183972934971 35.85961411820371 -76.08941940606063 168.5598432521661 78.4775178258737 78.78450134035207 120.21160696894911 32.98455209012586 107.58879911617335 -174.03198759871572 50.82628138567957 -172.32003181336046 -87.12569185828492 44.45490077501185 -87.98612448225828 141.03469762143652 60.20374129015912 54.936550573859655 -5.85581288633129 -42.76183241132624 8.589989789898361 -34.58260175981083 19.085398079917148 -64.62556177605971 72.60591130294927 -56.18099261392192 -75.41168241727549 29.221175189195428 35.183815446138354 -72.13547226563718 -174.14418711366872 42.76183241132624 -171.41001021010166 -127.88477880365896 18.48172972973421 -103.85514289083983 97.20377125161049 -77.19407171966431 -97.02640128907271 -22.955879517177102 18.375979845442448 -97.60570289351014
33.881837129592896 -48.769621551036835 -0.0010532326996326447 0.0 0.0 0.0 92.81841943752511 18.52225699808772 90.89598561583607 92.818419437525 18.5222569980877 90.89598561583603 92.81841943752516 18.5222569980877 90.8959856158361 92.818419437525 18.52225699808773 90.89598561583603 157.29988670295015 51.169185849597525 71.95102741812279 -11.418458406822454 -2.9210715854103966 75.83898466599413 -8.931709038406774 -53.67889286405193 11.037592670564003 -65.91063315469356 38.40246448081278 -74.47845321204002 168.70624975791415 77.90541084775616 78.95070031577683 118.04408433354276 36.22052368372613 107.4723179682239 -171.06829096159325 53.678892864051875 -168.96240732943602 -85.71092193310886 45.95160801993092 -86.91442797582583 145.92940705553596 56.90762124477052 60.46408747895868 -7.559215281020315 -43.1500951723618 10.981031853698454 -45.76398737181204 27.942656652372886 -65.47492109674397 72.72605370418393 -51.162452488972576 -76.38404239902144 22.96900274720287 45.214681784220616 -73.25774201963743 -172.44078471897967 43.1500951723618 -169.01896814630155 -125.63096789318416 18.981043892425323 -103.12275265635286 98.69612024516579 -77.42513933523644 -98.49059800470303 -18.564065085900623 15.639849449393498 -95.17338289170729
33.74774903059006 -47.80218452215195 -0.0007149763405323029 0.0 0.0 0.0 99.51538616156742 6.942381864412905 91.1606687671723 99.51538616156772 6.942381864412912 91.16066876717233 99.51538616156728 6.942381864412908 91.16066876717227 99.51538616156772 6.942381864412907 91.16066876717233 150.84694362770807 41.82101500535076 69.59738852566399 -46.50675151839154 -14.147378979539068 76.94452329316994 -10.557746834748103 -55.44142056590929 12.752127722684168 -62.33184894712399 35.45507659289795 -73.08393874272646 167.52037179660846 75.16438935785351 77.92397552839903 123.16249709938398 27.79681578838778 106.94739073850707 -169.4422531652519 55.44142056590929 -167.24787227731582 -83.30728769588022 46.84565072360972 -85.10717427930777 150.09809520745807 53.33938061022974 65.23550887157666 -7.841041338186418 -43.27785647983307 11.358574047153125 -34.18123936381231 16.73600478779311 -67.02197096257348 74.40592577998785 -51.229930720255624 -77.723835648421 20.88326805689812 44.38568535153716 -75.05753292340303 -172.15895866181359 43.27785647983307 -168.64142595284687 -127.05249795241825 17.689994722555127 -102.92102462833785 101.40485346352678 -74.44082197002608 -100.99728578689658 -20.25092579461168 19.182005068772707 -96.91178014557632
33.69527608156204 -47.80605286359787 -0.004201382398605347 0.0 0.0 0.0 140.92804154830705 1.4943249957205642 91.83976509083368 140.92804154830733 1.494324995720562 91.8397650908337 140.9280415483073 1.494324995720566 91.8397650908337 140.92804154830705 1.4943249957205618 91.83976509083368 145.73732747583193 45.77763247233459 63.97958512284303 -58.623237157505706 -20.230676338399704 78.09165625852465 -10.40593391119417 -58.40551169495252 12.166619499097932 -53.75480453841495 28.66005060038984 -70.62811773678783 165.86029635958064 72.93972371376049 76.45908517479627 126.21494124649085 24.472186172084136 106.8752872993313 -169.59406608880582 58.40551169495252 -167.83338050090208 -79.78896233505904 45.85972505607266 -82.63444820692544 147.39269568167637 46.56380212906896 65.08434784331493 -9.166930193097471 -43.72291093775483 13.141809590011734 13.526706841954208 -5.756422321571222 -67.36768895865323 75.7597451103378 -51.885229605487226 -78.70807343170769 24.55975195121462 35.43516759281471 -75.16033439312882 -170.83306980690253 43.72291093775483 -166.85819040998828 -166.91789318645698 3.045729271276556 -102.87921368042024 106.75709332375101 -68.60496877243678 -105.66090591576776 -21.904948520227283 23.65602602047641 -99.16510274997744
33.609019219875336 -48.50432276725769 -0.008357129991054535 0.0 0.0 0.0 121.38407396694964 2.9781339646019616 91.8152990972658 121.38407396694939 2.978133964601963 91.81529909726576 121.38407396695015 2.9781339646019607 91.81529909726582 121.38407396694964 2.9781339646019616 91.8152990972658 148.73801705830064 33.65052017210559 71.40652793341734 -58.317562616071335 -20.81988985839494 77.62709984786603 -4.488507542676373 -60.27122786856506 5.165373514952902 -53.719313402325746 32.05245711755456 -68.7161397348683 157.81431247512552 72.91099765754174 68.70434132481901 123.66284116793588 26.25978537719983 106.41801266001646 -175.51149245732364 60.27122786856506 -174.8346264850471 -70.03415116038184 46.81050055771097 -75.16438487382331 143.13924743546562 40.21730617409699 64.16813173192809 -9.725038950112603 -46.24218757148858 13.34849598841998 -19.68935000925169 9.236101094476737 -65.84230838977821 76.51399637911565 -53.34125776796465 -79.11018392433324 23.684113839745727 36.26243104096857 -75.45541179966898 -170.2749610498874 46.24218757148858 -166.65150401158002 176.5511750884118 -0.8423466430294013 -103.70887306531566 108.76202145089626 -63.905119522355704 -106.96499682497085 -17.997696001178713 28.039938452981204 -98.68309716064202
33.5262730717659 -48.73066544532776 -0.010410323739051819 0.0 0.0 0.0 122.54004340007266 2.7026095616876553 91.7232495985987 122.5400434000732 2.702609561687652 91.72324959859874 122.54004340007238 2.7026095616876558 91.72324959859868 122.5400434000732 2.702609561687656 91.72324959859874 147.41165752893684 31.073637431585368 71.74037026196469 -58.651173394635656 -21.150887130059147 77.6031523943031 -3.8482727254231364 -60.526034992164824 4.41823889223621 -53.934529724706714 33.96353087726511 -67.8600616541928 155.28019074106794 73.49073492850891 66.18389544133753 123.46380747483869 26.022890391973526 106.17167265420498 -176.15172727457687 60.526034992164824 -175.58176110776378 -66.17238611173346 44.98654254039562 -72.6613716487693 140.80726306888127 35.70136756286844 64.55408951277552 -9.694694178588334 -46.9081183916887 13.167057849064655 -27.448559090625533 13.880093376325116 -65.21072323755405 76.55118987719204 -53.6337992265824 -79.10046784320411 23.118296511658063 35.21636961890716 -76.16958662017707 -170.30530582141168 46.9081183916887 -166.83294215093534 160.25809513506906 -5.03768927782848 -103.74914617257916 108.93941413022243 -62.28279529370204 -106.8972449323676 -16.812674528200414 27.433387602677247 -97.92520610052573
33.56419950723648 -48.96455407142639 -0.010560266673564911 0.0 0.0 0.0 104.09189563343794 8.629191512723342 92.1570059853584 104.0918956334376 8.629191512723347 92.15700598535834 104.09189563343794 8.629191512723347 92.1570059853584 104.09189563343796 8.62919151272334 92.1570059853584 148.65076102593073 30.36455547041609 72.88408788295791 -54.59470972252386 -17.419762779356358 77.9870540876754 0.06784695350449141 -62.08217851415271 -0.07678294003191452 -54.44568037316729 35.54466593740818 -67.43730687251013 158.27942984265886 73.46923275094963 69.0982079071845 119.24021904281456 30.956345504948672 106.06396731932185 179.9321530464955 62.08217851415272 179.9232170599681 -63.20236172362499 54.79195879155548 -67.57472382735001 139.2090619175865 41.032393282507165 60.46922661154517 -9.954906646749778 -48.511142311027164 13.186905711556612 -45.267435980399036 28.52732753802503 -64.67928582547145 76.64470507312488 -54.548401493344215 -79.05441274221155 22.56522605767598 31.336812652196354 -77.80517154640256 -170.04509335325022 48.511142311027164 -166.81309428844338 -178.74245062825455 0.3463398536059509 -105.39556694333241 107.59260484169874 -61.1627101248584 -105.52300030671444 -14.668885212774137 31.3413217950261 -97.75332075280313
33.62135887145996 -49.12750720977783 -0.010346435010433197 0.0 0.0 0.0 101.39374970557542 8.913044994241073 91.78835665297483 101.39374970557552 8.91304499424108 91.78835665297485 101.39374970557519 8.913044994241071 91.78835665297478 101.3937497055754 8.913044994241082 91.78835665297483 149.80880068860324 29.71043849783622 73.91487062560554 -51.31780727990975 -16.298817256087336 77.33612046197035 3.2528773014375147 -60.767818562011996 -3.7263414859476307 -58.64884577823174 37.403947209225265 -69.69216090976062 176.49851631687386 71.30274946604078 86.68288071048862 119.16973814374514 29.973537421190954 105.5822336248955 176.7471226985625 60.767818562011996 176.27365851405239 -62.35786308904254 51.45189560835748 -67.72614469064031 140.24854926638693 37.303550622487926 63.24905446391111 -9.762305756880219 -48.556380360379976 12.926834991062433 -43.08201330840223 26.244613549748593 -64.69299871114976 76.45933160214231 -53.92414419695016 -78.9852406862142 20.533886603364476 35.32786987992334 -77.77905081640367 -170.2376942431198 48.556380360379976 -167.07316500893756 -174.0170788593908 1.7628645184582963 -106.35862173759567 106.48379172191767 -62.66242562507214 -104.72748882439025 -15.191486706055361 30.018698856019316 -97.7359321416962
33.88146460056305 -49.12976175546646 -0.009948760271072388 0.0 0.0 0.0 118.3114629719081 4.1394295672463315 92.2268602365036 118.3114629719083 4.139429567246332 92.22686023650361 118.31146297190827 4.139429567246328 92.22686023650361 118.3114629719081 4.139429567246333 92.2268602365036 148.94065251054187 29.52036514372535 73.47127764425045 -55.98665338093192 -18.528651480859324 77.89612024113619 1.3016057408722082 -58.60469474775461 -1.5247566735322227 -53.82357161954523 43.78740848082942 -63.159719444793204 -175.71777272398643 75.3815126436933 94.14409308979118 124.50039261600409 24.851725282267118 106.11129782267794 178.69839425912778 58.60469474775461 178.4752433264678 -61.303495288923784 43.80352559596359 -69.24796364716995 140.5520606946966 37.57498122875454 63.3548036475741 -8.378720868800437 -48.79625699882546 11.076399501978127 -23.876411121692872 11.121236112870292 -66.45457116991142 75.92089180443202 -51.14015668085108 -78.9497929741463 19.72973793156705 42.58245352275425 -76.35958456569942 -171.62127913119957 48.79625699882546 -168.92360049802187 -170.59864172926598 2.9067505205377633 -107.02840633633285 106.37817866154873 -61.455541253106055 -104.47635751159805 -14.921631380906272 33.77384238119136 -98.42665913205644
34.45694446563721 -49.06842112541199 -0.010194070637226105 0.0 0.0 0.0 106.79204515328304 2.9449533756590838 90.88822531191438 106.79204515328273 2.9449533756590855 90.88822531191437 106.79204515328367 2.9449533756590824 90.88822531191441 106.79204515328304 2.9449533756590833 90.88822531191438 157.09010977287346 38.1312131913837 75.37465975124398 -51.214691411711016 -17.095472819400122 76.70869827671586 -6.674489874608735 -55.242769596160755 8.106439372496213 -40.19462264315735 45.55473167395533 -49.803170048818906 -170.36153922314386 76.88119889801814 99.3914515430812 125.9690720805679 23.264174587582048 105.99429961888748 -173.32551012539128 55.242769596160755 -171.8935606275038 -68.4684350854025 42.19346730666457 -75.15820006334188 139.84142178404727 39.917633188512774 61.565706542814304 -6.915197239281322 -48.61605163793571 9.182210599102925 -16.509470111219244 6.599964819681263 -68.804510150349 76.0912442862001 -51.45547006108254 -79.03850362968065 20.41665651939769 43.94217146014882 -75.51702176282377 -173.08480276071867 48.61605163793571 -170.81778940089708 -179.33124368633162 0.2122742001575405 -107.60950213976776 108.01998088796708 -61.500534946979485 -105.9544545950333 -16.217898103044583 33.05799567613709 -99.01560358177841
34.732407331466675 -49.03135895729065 -0.010151974856853485 0.0 0.0 0.0 97.40288999646559 4.4064737861896495 90.57194381077763 97.40288999646538 4.406473786189648 90.5719438107776 97.40288999646604 4.406473786189648 90.57194381077765 97.40288999646559 4.406473786189652 90.57194381077763 160.26700196355853 41.54894459364554 76.61741838999531 -49.98023477306269 -16.28813882380288 76.74800334653015 -8.647139141876728 -56.32072322507903 10.356595831412337 -41.643941611040255 51.57095800027528 -48.620636952726294 -171.39027536653776 78.14794972675864 98.42884053729043 123.17061582404669 25.32697454917057 105.62207715086394 -171.35286085812328 56.320723225079036 -169.64340416858767 -73.07121837926907 44.073124457989735 -78.04620558388027 140.64272990496823 43.191121514349234 60.6924884014385 -6.008328400331175 -47.89542671078805 8.074264104239656 7.643765922672028 -2.8316376875919964 -69.79132113846552 76.13229710290521 -52.42592246502943 -78.92902881864646 20.091187231006224 44.09069500736672 -75.72114084823325 -173.99167159966885 47.89542671078805 -171.92573589576034 161.22606503843008 -6.21170671237468 -107.65717241220271 109.18305848458034 -60.15035152479792 -106.79120400003278 -15.688416777487546 34.61649523349501 -99.0654915340291
35.19340753555298 -48.75476807355881 -0.005666166543960571 0.0 0.0 0.0 89.01418920095556 6.042836629556797 89.89621161837157 89.01418920095573 6.042836629556799 89.89621161837158 89.01418920095523 6.042836629556801 89.89621161837152 89.01418920095556 6.042836629556798 89.89621161837157 157.41378283490397 45.48232671110361 73.47931306129357 -46.728623821884064 -15.089582465691384 76.2295822295067 -12.480702869690603 -56.22648999927787 14.910624180729146 8.354938688616015 -17.76668762684444 -25.701350318525755 140.2443688179988 59.81856855813954 54.280501746529644 120.79630633143499 27.767172306584698 105.51887584038664 -167.5192971303094 56.22648999927782 -165.08937581927088 -44.82618261280539 11.881962719474766 -78.29675091328649 69.58309596058672 -12.443633367240095 59.93418446348208 -7.171243082298792 -50.70006108848783 9.234961229054505 7.823844498225298 -2.7182245854198035 -70.95857046167566 77.07724402890211 -54.15527490860297 -79.46379961756814 23.03995165171172 36.42673249227688 -75.82689249369238 -172.8287569177012 50.70006108848783 -170.7650387709455 156.18332365278937 -7.61042695878808 -106.70123207104969 112.30981700678343 -62.54039571734843 -110.00660062144411 -19.439087349170133 26.787659128397674 -99.03758850919247
35.32121032476425 -48.664964735507965 -0.003993324935436249 0.0 0.0 0.0 86.29730173162525 5.263338220005602 89.65986912970158 86.29730173162505 5.2633382200056 89.65986912970156 86.29730173162505 5.263338220005599 89.65986912970156 86.29730173162525 5.2633382200056 89.65986912970158 158.3513309385316 47.55541978509166 73.67507918203634 -49.91939444158059 -16.839157187330883 76.30016317978163 -15.458566884009446 -57.69036905458745 18.118442978589222 17.587471054466867 -36.32052177931788 -28.154042957154388 134.7281681463223 48.84151430096457 52.76262150046797 119.7921398146376 28.8027464919192 105.42094473091886 -164.54143311599057 57.690369054587464 -161.8815570214108 -63.99443646204603 24.67031111936088 -78.49033737206943 111.8094982931027 13.964771998228866 58.90723913688512 -8.449183700476276 -54.45937558277294 10.345621159484297 24.50823875421756 -8.991416948283586 -71.07783420941261 77.78235900642856 -55.45445423076008 -79.88759801774192 24.14332619800514 33.87867826126966 -75.97134400782627 -171.55081629952375 54.45937558277294 -169.6543788405157 149.60619975416267 -9.907073028953747 -106.34778723061464 113.20803056647307 -64.60046351544098 -111.17245027087473 -21.668420927396326 23.092571109645007 -98.85728361351909
35.39086580276489 -48.62101227045059 -0.004759989678859711 0.0 0.0 0.0 84.03291039261723 5.912570218816358 89.3831173895285 84.0329103926174 5.91257021881636 89.38311738952851 84.0329103926169 5.9125702188163585 89.38311738952845 84.03291039261723 5.91257021881636 89.3831173895285 160.20203941812235 46.74999938272717 75.30775672599486 -47.32109600091904 -15.79448807728359 75.9108102463777 -15.12530767485871 -56.80239201540105 17.901223395035096 6.4925709267381695 -12.356680878515581 -28.0042007732341 141.51857028808632 62.152213231923895 54.89853224001001 119.55146331218144 28.871691964144375 105.30996974332207 -164.87469232514133 56.80239201540102 -162.09877660496494 -70.6569764313865 33.015960825197475 -79.17175656895157 130.39065685069662 31.756380015433624 58.25844840652572 -8.128852628005456 -53.9806984249458 10.014996072526342 15.130263883539682 -5.317880073934083 -71.07970788516576 77.81759201174211 -52.973712021942056 -80.22087419404895 22.65502636174853 37.0219978102263 -75.8927170169472 -171.87114737199454 53.9806984249458 -169.98500392747366 155.6877084566008 -7.48647105569988 -106.08756132472753 113.89894776086449 -65.17962684671811 -111.90927858943513 -20.306311425114046 24.54896724296267 -98.74018363064204
36.266301572322845 -48.00234138965607 -0.007528811693191528 0.0 0.0 0.0 76.11901458445892 11.460895902467252 87.18885863091322 76.11901458445867 11.460895902467248 87.18885863091316 76.11901458445892 11.460895902467248 87.18885863091322 76.11901458445892 11.460895902467247 87.18885863091322 125.556147509844 28.82726208087425 55.99722686245567 -48.80069030866919 -18.27259842090739 74.65169594667177 -9.402402581419867 -66.72221606824485 10.218718413440733 -36.48824554828979 56.38779582191337 -41.60947155449647 136.0587735940311 82.46917944077065 46.30673541763048 107.68143655904541 38.03015372810362 101.11119145314618 -170.59759741858014 66.72221606824485 -169.78128158655926 -65.8456289411852 25.811758799302314 -78.95105383255796 108.88655042848515 14.899160430032119 53.07302497011875 -7.358327060212724 -59.93408810387646 8.486755374866569 30.511446610614264 -10.449358480319143 -72.89381052927016 77.60672857102068 -47.974893321705736 -80.72908661530477 18.674810787901365 47.87009840174311 -75.92800102716443 -172.6416729397873 59.93408810387646 -171.51324462513344 143.815736436923 -9.74245168772697 -103.02580563825742 120.57792913648838 -56.99686577325579 -116.36001752338218 -18.566254344716526 30.560137913426267 -99.69127924963529
36.606764793395996 -47.978849709033966 -0.009339489042758942 0.0 0.0 0.0 73.37529068566948 11.39457272444348 86.62407330370097 73.3752906856694 11.394572724443485 86.62407330370095 73.3752906856694 11.394572724443485 86.62407330370095 73.37529068566947 11.394572724443474 86.62407330370097 127.14057750600152 27.555817485269053 58.58408995144365 -47.85286087468408 -18.497375552546316 73.97900491427161 -6.801209420644495 -66.91531064522465 7.386930287345931 -41.274833875221496 55.198067472702135 -46.90862891100064 130.89522482386934 84.08932424571653 41.046425356410296 106.702552357012 37.731382649698936 100.4051141496992 -173.19879057935552 66.91531064522465 -172.6130697126541 -65.59203154724084 22.731712646690074 -80.05423426555394 79.0120563437952 -8.38452513807473 53.09341047474841 -7.641026222522687 -63.260025894282975 8.543232287185093 32.82003623225877 -11.076035427004648 -73.41278965977143 77.43862471263085 -45.30948935434304 -80.99882702667516 19.18661163944777 44.2590472829026 -76.34981089586624 -172.35897377747733 63.260025894282975 -171.45676771281492 140.87477651138732 -11.45734152954552 -103.72330213134575 119.78370214871262 -58.995050015200405 -116.13049692043548 -19.613767791674825 30.19358979286544 -100.16062956748533
36.632239818573 -48.0682373046875 -0.009117648005485535 0.0 0.0 0.0 68.8676323064772 11.051415365834693 85.76261916072977 68.8676323064772 11.051415365834682 85.76261916072977 68.86763230647722 11.051415365834698 85.76261916072977 68.86763230647719 11.051415365834687 85.76261916072977 118.04778622977953 21.336857397176555 55.66971476794316 -56.37735676300134 -23.75646254285454 75.00357085651258 4.041225562867197 -73.54419390323994 -4.213221403559924 -58.499351211639315 47.018287157143085 -65.85240537805448 157.67565385766258 74.29390411672712 68.43137076085833 100.19370555583588 39.488473244411786 96.52335159557512 175.9587744371328 73.54419390323994 175.78677859644006 -74.9683494349512 24.12079139430654 -83.73727587706595 82.73794426906326 -6.142436694765984 49.98044530618527 -8.294172037046302 -66.42427357617731 9.037555688022247 51.7753302167752 -23.072940397928132 -72.84609603124785 77.74872502175806 -44.616231424174494 -81.32849706930197 20.045024279131137 41.434264508483444 -76.42573040506737 -171.70582796295372 66.42427357617731 -170.96244431197775 130.92266373133972 -16.562189775177732 -103.88086525910255 117.20191599729236 -61.86063514865134 -114.38110259442989 -20.53795947377575 26.880088901640562 -99.61374024312238
36.80298179388046 -48.618507385253906 -0.00796094536781311 0.0 0.0 0.0 63.617842994048374 11.530935732865002 84.33750807684889 63.617842994048225 11.530935732865007 84.33750807684885 63.61784299404844 11.530935732864998 84.3375080768489 63.617842994048225 11.530935732865007 84.33750807684885 113.37704259540085 17.563523450378206 55.08109008821423 -62.51847509527403 -28.032788943653856 76.26279098202373 24.833951795130137 -78.6768522174337 -25.265945574420435 -83.36898014403705 36.451947180925096 -86.04878084764543 154.82021626494978 72.5993586324614 65.83810571437053 92.55711236007022 41.04042852762316 91.67961232367122 155.16604820486987 78.67685221743372 154.7340544255796 -82.46428297247431 16.772991383264085 -87.81377397693622 58.573271762933814 -45.07309044702147 40.79567671159115 -1.8301609078729746 -69.56207712754181 1.9530146757673852 52.97156168189053 -27.018647817647327 -71.0845131948474 79.45257327433741 -46.9475043236873 -82.25201180932106 24.05517591813243 33.48485569733457 -76.16469975307136 -178.16983909212703 69.56207712754181 -178.04698532423262 130.38117632825802 -17.97431833045368 -104.70597111441268 114.98995956964153 -61.16858491424118 -112.21109733272682 -25.063456147569234 25.38954674857252 -101.33842935799842
36.80616915225983 -48.96925091743469 -0.007477402687072754 0.0 0.0 0.0 55.9025237950994 10.771052910786299 82.7893253453575 55.90252379509946 10.77105291078629 82.78932534535753 55.90252379509927 10.771052910786294 82.78932534535747 55.902523795099405 10.771052910786295 82.7893253453575 107.63270445143174 19.271064405479617 43.92204332825996 -65.67914005595135 -31.222996274288924 76.81452773706424 41.187004746337095 -81.14425018540176 -41.52779095440631 -133.63134421548045 11.604220987532475 -100.85540521373387 -4.331486248311303 65.99320563788584 -93.95804762018575 87.0187134200298 41.54953214832057 88.02161031985676 138.8129952536629 81.14425018540176 138.4722090455937 -139.61805082626105 0.9227622537059061 -91.08475778470206 72.89441210679252 -61.49673257662564 19.29994679752188 -0.4290249370839307 -70.60366559955793 0.45483881753201577 32.357380275070575 -14.307433046380565 -68.69186600303233 81.88461280143557 -48.51885461449492 -83.9023044789107 31.88510281385664 22.650154215924577 -76.52773770485427 -179.57097506291606 70.60366559955793 -179.54516118246798 127.50483329677273 -19.43154704440896 -104.32272568170758 114.78961346361224 -60.99351827590807 -111.99443870590999 -43.27916977984387 12.704184897510178 -101.6999331308929
36.65401637554169 -49.84147995710373 -0.005885586142539978 0.0 0.0 0.0 46.489882157155066 9.119710634737858 81.44335102887983 46.48988215715512 9.11971063473786 81.44335102887985 46.48988215715493 9.11971063473785 81.4433510288798 46.48988215715506 9.119710634737862 81.44335102887983 107.8972151891021 20.502753327527518 42.67648247915679 -65.29792274115987 -37.09010651912741 74.49556965571487 59.540312561693675 -78.31650822077741 -60.06179985999975 -114.2167795607337 14.40372461773095 -96.38379198513707 162.51742897297916 85.82260680839028 72.56105578357841 85.065322490913 40.78167426406538 86.77220062611599 120.45968743830633 78.31650822077742 119.93820014000026 -94.25115164625971 29.50895501252576 -92.09685981469698 86.88911163421528 -15.460267561394492 11.523602743599298 2.126007860646232 -70.8015867115502 -2.251082478507093 21.619619633205488 -10.889791048257244 -64.51371708876641 84.93769107087971 -48.14453972874381 -86.22506740851715 29.814956704226834 25.964000155157706 -75.91599687324228 177.8739921393538 70.8015867115502 177.7489175214929 141.8447393416118 -12.141230933074542 -104.98676486738542 114.47282123692942 -62.21364560954061 -111.93320024840041 -51.973282169805024 8.84657564323083 -101.12536615952484
36.57296895980835 -50.02622753381729 -0.005786493420600891 0.0 0.0 0.0 46.376333851670616 9.674975406951116 80.90007554740323 46.37633385167043 9.674975406951104 80.90007554740319 46.376333851670616 9.674975406951125 80.90007554740323 46.3763338516706 9.6749754069511 80.90007554740325 108.02955205973615 19.57269611183092 44.17486924727401 -64.30422725431914 -36.54923124423835 74.0104996458039 58.82671521083407 -78.66215632984844 -59.324507418528476 -122.58964547400504 13.339353985629073 -98.39015876355661 114.22259872527142 81.88928957275003 24.43883273775664 84.32463599910957 41.26571747397778 86.24987588597047 121.17328478916589 78.66215632984844 120.67549258147149 -97.44768160450434 34.24153835876877 -94.20686980372214 89.44789287795747 -2.308517565495895 13.454174588637706 0.7579252207449904 -70.7020415545796 -0.8030404530870129 -0.9730970062671569 0.48676107637353966 -63.42741666206289 85.16902202186026 -43.17460945139894 -86.69035944421844 27.955895259647022 28.394369424568463 -75.8355636244555 179.242074779255 70.7020415545796 179.196959546913 144.75829541202376 -10.784304099841012 -104.83360771225257 115.88443845030419 -57.68934445841106 -112.29878909283768 -24.667655146374724 24.339877575916823 -100.71844245330328
36.56473010778427 -50.27499496936798 -0.00457763671875 0.0 0.0 0.0 42.2352400018388 8.446939521508304 80.80914892189709 42.23524000183868 8.4469395215083 80.80914892189706 42.23524000183885 8.446939521508298 80.8091489218971 42.23524000183868 8.4469395215083 80.80914892189706 108.0638502832946 17.150884411077282 47.88183000866368 -64.2975345836701 -39.64847297754406 72.92728950234107 57.874479982987616 -78.13193369752503 -58.42939529315996 111.42169150273766 -24.128793519338835 -99.11157568113423 58.801188028075735 65.87367934557939 -33.56655070569283 85.17714109111105 41.645066412756435 86.7909109465141 122.12552001701239 78.13193369752503 121.57060470684006 -95.10722787879612 50.84208111268488 -93.96437134697487 105.72072049287432 45.817165830537256 21.430574597138182 0.19567274671518306 -71.08329919713303 -0.2068441218421869 3.542663637430795 -1.8528927240935906 -62.42352168037866 87.85854862288976 -49.179748968550705 -88.37910409085825 34.32022605520622 22.14411408967896 -75.56947233833851 179.8043272532848 71.08329919713303 179.79315587815782 150.43965397347333 -8.802604779140204 -105.09982816603979 115.31037943364214 -61.390778832869486 -112.54718975107608 -29.136449649144758 21.403909660263487 -101.4986282693885
36.69537156820297 -50.18915235996246 -0.005562230944633484 0.0 0.0 0.0 39.930271524494565 7.759633607777639 80.83678343674312 39.93027152449458 7.759633607777642 80.83678343674312 39.930271524494565 7.759633607777639 80.83678343674312 39.930271524494565 7.759633607777638 80.83678343674312 121.08576235804411 29.751761106727137 50.54240509319969 -59.40709453313478 -36.58369935909774 70.58898390224569 45.574829555372055 -75.97028009665127 -46.44182753897988 173.64485670481537 -1.4926123868896355 -103.16352820231663 36.33384188222539 62.0948238303857 -56.97760998787382 88.28255499958668 39.56765426173621 88.90581185987627 134.42517044462795 75.97028009665127 133.55817246102015 -93.49432485448085 46.445997672780095 -92.53391664108022 104.36550101649699 26.187067277882964 30.129150865006412 -0.880024053311078 -69.33403788277693 0.9405339412399895 19.05644589341277 -8.91370299316857 -65.84082035635888 87.9838352274543 -56.13739857857172 -88.32561029059588 35.25516517095899 21.351809788064823 -75.5672830881749 -179.11997594668892 69.33403788277693 -179.05946605876002 153.79364991775935 -8.235804049835147 -106.22688483052536 113.70812631830431 -61.52505559619984 -111.1072867686757 -29.018103725024133 21.247761830400673 -101.3667884287114
36.71397566795349 -49.53255653381348 -0.004829838871955872 0.0 0.0 0.0 36.47571150831371 7.234536135128796 80.33317526285985 36.4757115083136 7.234536135128796 80.33317526285981 36.47571150831376 7.234536135128796 80.33317526285987 36.475711508313594 7.234536135128792 80.33317526285981 131.06393226751052 37.03207523178096 55.34529577993221 -48.94020509863188 -29.2408009460637 66.94898533274142 45.29677300828218 -67.44002579315672 -47.57390419649975 -132.23101506010215 17.343119226209595 -105.14100813673947 37.05318613446068 74.36883149972525 -53.97957787235756 90.34160732273334 32.21092365419726 90.18209109076057 134.7032269917178 67.4400257931567 132.42609580350023 -94.15298463586683 53.15327418739663 -93.32548835459644 106.06311725613475 41.66955768456771 23.41732968967677 8.288083447891308 -66.07106691486312 -9.055065348261582 24.0020828086319 -10.562550856988532 -67.62410535253785 87.10211653157725 -57.91624542447921 -87.54411223393149 30.120461677389894 26.8275747623603 -75.3276728937254 171.7119165521087 66.07106691486312 170.94493465173844 -157.62985642860156 7.106725758554739 -106.73113485958888 111.3908845970996 -61.52628456236016 -109.00007573102148 -20.912232691389683 26.396183961181524 -99.64112058121846
36.661042273044586 -48.99924397468567 -0.005091726779937744 0.0 0.0 0.0 -6.288672269803331 -1.0485482140162279 80.57168677946447 -6.288672269803317 -1.0485482140162283 80.57168677946444 -6.288672269803355 -1.0485482140162277 80.5716867794645 -6.288672269803336 -1.0485482140162283 80.57168677946447 136.84547352762405 39.21359430631738 59.34290651902632 -50.37941236927454 -32.59354113516433 65.96515916509172 45.705396269851846 -62.00985248834731 -49.25349368632661 -102.19014919868846 25.859553881837602 -95.38274991837763 75.1344039814395 78.30821038276424 -15.166196640396432 92.22694661194173 22.907644155941373 90.86720248846176 134.29460373014814 62.009852488347285 130.74650631367336 -103.40168689123033 60.142630777867666 -101.67522985403349 105.43638515914293 52.69439444094719 19.14452145625414 14.638408050978128 -63.0758280512182 -16.327963793769523 30.66460543107783 -12.800048260834723 -69.51143598782303 85.55671093677948 -61.43894832221167 -86.09563533912984 29.898598160375418 25.946784477373775 -75.87857462625455 165.36159194902186 63.0758280512182 163.67203620623047 -141.9433198384694 14.172779419763817 -107.36714508384968 108.07179318726374 -63.1334783157291 -106.22947079596857 -18.768126909706716 25.962578469276213 -98.46138909814735
36.65488213300705 -48.89473170042038 -0.0049484893679618835 0.0 0.0 0.0 -0.5432164144072722 -0.09062086204211693 80.5292587004922 -0.5432164144072724 -0.09062086204211688 80.5292587004922 -0.5432164144072721 -0.09062086204211693 80.5292587004922 -0.5432164144072724 -0.09062086204211696 80.5292587004922 137.87796134161758 37.69821735345121 61.0590632109792 -49.57248574749473 -32.315827984975904 65.514956175358 44.4169772076486 -62.333965530172236 -47.89021767155334 -98.84265516169927 24.659901448913086 -93.71379584942883 92.2133550536223 80.11946672085425 2.246644606016573 92.89278529285826 24.17401128154635 91.18546079076368 135.58302279235141 62.333965530172236 132.10978232844667 -105.27986007780618 59.51003601772435 -103.24701966255029 106.76057938727011 56.67959148228842 19.81993615931622 15.962967055598943 -62.24432021194157 -17.912763485265323 36.71716066870983 -15.376367360126391 -70.42893390645189 84.69632791862249 -62.88780043856877 -85.27631906807062 28.957691327623344 26.20415084919582 -76.26934395204398 164.03703294440106 62.24432021194157 162.08723651473468 -145.97979380306225 12.40643257397918 -107.65515933525377 106.57494239506875 -64.48160581978235 -105.0348624892052 -19.96771280867508 24.039451375939308 -98.41916908355478
36.6094633936882 -48.320072889328 -0.005010887980461121 0.0 0.0 0.0 -7.450793044646863 -1.327985323785102 79.95080610340062 -7.450793044646833 -1.3279853237851014 79.9508061034006 -7.450793044646876 -1.3279853237851016 79.95080610340064 -7.450793044646838 -1.3279853237851023 79.9508061034006 144.5131464784204 42.512707572897064 64.27632391809239 -45.78795527414194 -30.06031550588905 64.01910137677626 39.84531953695917 -58.995413641984236 -44.23402194999503 -71.00501035644874 34.74663882326571 -78.89994042344544 164.78056979690777 65.254408969584 76.12151362602893 94.36641430493879 21.09341552934535 91.57408013007219 140.15468046304082 58.99541364198422 135.76597805000495 -107.66381849253007 61.73247644161022 -105.66717109609286 111.56320421037778 60.08237528547336 24.510268199563036 15.841377658092561 -60.35697782417494 -18.0808310484422 39.575261817309546 -15.24725652987953 -72.3502886175724 82.26403117768191 -61.540857273485194 -83.18949382373108 24.751089868417676 32.396365815901326 -76.12525767635093 164.15862234190746 60.35697782417494 161.91916895155782 -138.85383323120854 15.835218575584241 -107.34307939159245 104.77668306612465 -64.24137248870618 -103.36376492844205 -17.616174597986525 30.956730759182033 -99.27644379997926
36.58317178487778 -48.09301197528839 -0.005091167986392975 0.0 0.0 0.0 11.483269589923232 2.2296616956241206 79.15849973223781 11.483269589923255 2.2296616956241224 79.15849973223783 11.4832695899232 2.2296616956241224 79.15849973223777 11.48326958992323 2.229661695624121 79.1584997322378 148.8991856522688 45.37752863274209 66.76280381012374 -37.53507001787806 -24.070548490818112 62.03786881146326 35.34687308560945 -55.29296152851193 -40.7869399037633 -56.17997345910767 38.85069192184631 -67.20523879002559 169.20801981288065 54.302295324098644 81.20046485401458 95.2561085387277 21.91907619712167 91.966837538704 144.65312691439055 55.29296152851193 139.2130600962367 -109.08546220630521 60.76125560822223 -106.79980739861705 120.71722567060974 61.77486705715874 33.993583575665234 15.751339056993366 -58.677157766499946 -18.272044140289843 36.295776954704934 -13.152989111405795 -72.7858511021956 81.63352904693969 -60.24566969522374 -82.72385288073676 26.01217666971376 29.759397019654227 -76.38400415629167 164.24866094300663 58.677157766499946 161.72795585971016 -135.23947825799792 17.731422647966433 -107.07235431883095 102.51045168346296 -66.0134572804033 -101.45993469939145 -18.772426149267126 29.692623396401743 -99.55690911453392
36.563874781131744 -47.99172431230545 -0.0057268887758255005 0.0 0.0 0.0 16.138989671730315 3.1911247375310365 79.1109817138304 16.138989671730236 3.1911247375310348 79.11098171383036 16.13898967173031 3.1911247375310374 79.1109817138304 16.13898967173032 3.1911247375310405 79.1109817138304 150.0661200807087 47.51166194145129 66.99330350703782 -32.222780336080525 -19.329181508405238 62.29387812044538 31.864937552793705 -51.66691628484823 -38.394352318562255 -59.000165885800264 48.51005794618393 -65.76820808750088 174.70870403816772 57.52248234424822 85.53259293110098 95.94909796204804 20.167918288714922 92.05760409907094 148.1350624472063 51.66691628484823 141.60564768143774 -109.59841876728744 60.86356525559129 -107.27563866311569 126.04087932798747 61.572151559423176 39.6044841575741 14.968898158986693 -56.34942366573956 -17.806405554407696 6.202584203632811 -1.9104032502481845 -72.94711742831082 81.48596995207615 -59.93886827968666 -82.61758534840838 19.858129276964966 40.59003679003555 -76.77590827738591 165.0311018410133 56.34942366573956 162.1935944455923 -133.6299911309913 18.70689705762325 -107.00072357642509 100.2703752353396 -69.0254852816258 -99.60296567579775 -16.85643546163366 30.559045575968184 -98.75754197718047
36.5469366312027 -47.99705743789673 -0.00641457736492157 0.0 0.0 0.0 27.315364052594344 5.4352023512652226 79.60767447966924 27.31536405259438 5.435202351265224 79.60767447966926 27.31536405259438 5.435202351265224 79.60767447966926 27.315364052594354 5.435202351265227 79.60767447966924 151.21402908205218 44.93570628903629 68.79008166516859 -26.891337581417474 -14.715989984224958 63.39352844819296 29.371495409667492 -49.74608184313506 -36.40704401484282 -67.85726584708448 45.66058075605221 -73.77293947360178 172.97985966365206 67.0438931557724 83.53091466877368 96.75603575275149 20.448676762107638 92.3699920606262 150.6285045903325 49.746081843135066 143.5929559851572 -113.03131605042954 58.521949606511406 -109.92859205749696 125.8763655437037 59.59124278508641 39.9836541566488 12.542840585966143 -54.313809587194974 -15.318366110045153 -41.667514661162976 16.154642551125637 -72.63887039649718 81.49208378196718 -57.407235391915655 -82.81662881036374 19.609323178875027 41.02063815191216 -76.83903411102526 167.45715941403387 54.313809587194974 164.68163388995484 -136.65687829759958 16.84638449598229 -107.07025893977769 97.9942477844696 -72.56636705456923 -97.63145890318191 -20.8836396028099 22.464613529255658 -98.29469525402727
36.52583062648773 -47.99234718084335 -0.006410479545593262 0.0 0.0 0.0 31.223541731466387 6.245895781471549 79.82508009528534 31.223541731466433 6.245895781471553 79.82508009528536 31.22354173146628 6.245895781471548 79.8250800952853 31.223541731466394 6.245895781471555 79.82508009528534 152.1716180877587 46.73417474743178 68.97385135184062 -26.61444683221618 -14.304514020514949 63.752669520055996 28.153591652277935 -50.882409129686394 -34.59639425341738 -70.01083891836912 43.58850619056946 -75.92060235503875 174.40781799738343 67.47891264828142 84.83188160031362 97.26389287125352 21.619060386401724 92.68871974507078 151.84640834772208 50.88240912968641 145.40360574658263 -112.70808453507813 57.298133269678935 -109.39939611767385 127.14626190967276 60.14542043733037 41.13664468182106 11.333431141325992 -54.20505327851557 -13.879750120472089 -42.466681790493666 16.818274835026774 -72.45695579788084 81.56479421433221 -56.9584423716454 -82.91379479096459 19.624875219690406 40.9722461148306 -76.84047482431365 168.66656885867403 54.20505327851557 166.1202498795279 -138.4538817833195 15.744416697781956 -107.0248298397631 97.31685471216852 -73.08210428621258 -97.0034158627404 -20.941255321375113 22.466354464879736 -98.32000159067395
36.49298846721649 -47.908638417720795 -0.0061355531215667725 0.0 0.0 0.0 40.778666876671274 8.170367237583722 80.6435483303376 40.7786668766711 8.170367237583717 80.64354833033754 40.77866687667126 8.170367237583713 80.6435483303376 40.77866687667125 8.170367237583712 80.6435483303376 152.06775994127628 48.18619688747846 68.43798557964055 -18.493317714440156 -9.496385058442769 63.743775070270914 25.295837096005968 -45.418207286202225 -33.56604128486374 -79.9044002059919 35.301026402460586 -84.12556909335679 167.0289926790338 69.59476982983013 77.81783932793343 101.2399609232416 20.951977011539807 94.06477768648053 154.70416290399405 45.41820728620223 146.43395871513627 -112.71633170082077 55.156081380219504 -108.96200197438674 125.60918634613301 59.368331936828476 39.77104156790363 8.930217003326877 -50.91163936278329 -11.4448198347075 -38.949478092831654 15.316026553122622 -71.90374762200362 81.83560921078978 -55.977747593798135 -83.21885263011609 18.134377441863414 43.03639014583091 -77.40054402216867 171.06978299667313 50.91163936278329 168.5551801652925 -161.96977275834158 5.117324983379048 -105.324220430919 98.52088264927241 -74.13061861531537 -98.20063370776388 -18.78699968291555 25.207438129217863 -98.2436113924363
36.467623710632324 -47.85264432430267 -0.005643442273139954 0.0 0.0 0.0 46.562588704888256 9.697528350192218 80.93761625473279 46.56258870488808 9.697528350192218 80.93761625473275 46.56258870488825 9.69752835019222 80.93761625473279 46.56258870488827 9.697528350192226 80.93761625473279 152.02045341254092 48.31897680142877 68.35831852183287 -12.872557241131993 -6.496885381074465 63.65883777363567 23.913984976448756 -42.64780465426999 -33.205570841740645 -83.79420552816673 34.539958037099495 -86.47207461227302 164.5464438879765 69.97354989198888 75.43995094280646 102.60320905277703 21.13173931413426 94.60839332260566 156.08601502355125 42.64780465426999 146.79442915825936 -111.83837163782215 54.11951410892295 -107.98876936709294 126.29358336171413 60.92437652940174 40.04018267698164 7.648426338470407 -49.25551500814175 -10.051231083032748 -36.53664459532014 14.13194305569992 -71.7620950356563 81.92248176657988 -55.52642204677104 -83.32686468201118 18.255984016910883 42.703686123315364 -77.38956858814012 172.3515736615296 49.25551500814175 169.94876891696725 -163.90103031856268 4.337031429013784 -104.6825958512341 99.29793229589811 -74.39273910001249 -98.96076999537377 -19.336174975395476 24.268579241707737 -98.20698344584574
36.45552694797516 -47.81252592802048 -0.005597807466983795 0.0 0.0 0.0 47.960233471872975 10.048351332186211 81.05943939205957 47.96023347187315 10.048351332186218 81.05943939205963 47.960233471872975 10.048351332186208 81.05943939205957 47.960233471872975 10.048351332186208 81.05943939205957 152.4390936946014 48.210937319846536 68.73677908431232 -12.214434230242391 -6.181352310332992 63.553625963372305 24.0551970094594 -42.365441013850784 -33.52171675408791 -85.01406163180437 34.50825134272777 -87.17049240901802 163.98943703190864 70.26140907567593 74.8858871979176 103.01294154974849 21.370117523313013 94.8136928732431 155.94480299054058 42.36544101385078 146.47828324591208 -111.10814634305213 53.385008450731355 -107.2157202968153 126.62271956503406 60.81440820120705 40.40995713189172 6.782471696565199 -48.25453788259533 -9.056946412479022 -34.669214113377215 13.1938442182833 -71.73668666816285 81.98082555545268 -55.707615323726415 -83.36104322442345 18.477459003542275 42.311146372829725 -77.32285932847121 173.2175283034348 48.25453788259533 170.94305358752098 -166.1692025294911 3.629900001484718 -104.42173669024412 99.65008473330708 -74.4966618436219 -99.30521944295404 -19.739274188676504 24.123170597135285 -98.34305645582553
36.11771911382675 -47.14229851961136 -0.007094908505678177 0.0 0.0 0.0 32.80210842433899 2.863411119841333 85.56792514328153 32.80210842433908 2.8634111198413295 85.56792514328156 32.802108424338776 2.8634111198413335 85.5679251432815 32.80210842433898 2.863411119841332 85.56792514328153 164.87302977081043 47.321358560098844 78.75979399930924 -32.3337788356447 -13.637284224979458 69.57104160570675 15.965887913825245 -45.61155482991103 -21.819078659046493 -85.18357079181636 30.3481615355923 -87.56220744521615 40.44473640359101 87.21967483545451 -49.588577451005165 119.65758753294526 16.57960093173171 99.22873170451354 164.03411208617476 45.611554829911036 158.18092134095352 -102.45926874672261 41.74472168204936 -98.36879357695055 136.3843767990534 54.38122540392385 52.240553207685316 1.5465291881110599 -44.3880419411735 -2.210301696992658 -49.40485562240831 22.543637210666986 -71.8122686857207 80.23880488467296 -49.569648168532716 -82.53954953803122 17.53879117697371 46.10345038164276 -77.17035830080837 178.45347081188893 44.3880419411735 177.78969830300736 162.24409137601444 -4.029105490462496 -102.37595133788886 99.62275848114271 -70.38597485438102 -99.07396846507264 -20.96668657609387 25.47381951490536 -99.3589287079727
36.12844496965408 -47.18633592128754 -0.006906222552061081 0.0 0.0 0.0 59.85974830002511 5.421043717940566 86.86028120504848 59.85974830002526 5.421043717940562 86.86028120504848 59.859748300024826 5.421043717940565 86.86028120504844 59.85974830002511 5.421043717940561 86.86028120504848 160.00585385259168 44.210034990296165 75.7637410521657 -30.931951653648657 -11.538323771632086 71.54139881719522 13.61955676480071 -47.87547587749243 -18.090614033990853 -86.19204021067348 35.852571419245024 -87.76751259265639 29.562672283938515 86.22299480832747 -60.490761984637516 118.6675438058417 19.41342267481934 100.29991324824398 166.3804432351993 47.87547587749243 161.90938596600915 -100.31158049473572 44.70039769372134 -97.29285740712629 136.0367096385806 55.610852882828006 51.48424341261036 0.7965491708032015 -42.89640916247642 -1.1701469665884168 -38.25160618991005 14.745084374205446 -72.1079917476871 80.4573654409008 -53.2205938515414 -82.33151449139167 19.59504910202584 43.06818505515991 -76.33687726957028 179.2034508291968 42.89640916247642 178.8298530334116 166.74892906821208 -2.8478599347883624 -101.91371241412082 99.47423204871272 -72.10658958320495 -99.02368789103464 -31.198367187827014 19.70928568368002 -101.54285903669279
36.009591817855835 -47.11507260799408 -0.007152091711759567 0.0 0.0 0.0 83.04250256387517 7.862347042736371 89.04364207070557 83.04250256387492 7.862347042736366 89.04364207070553 83.0425025638753 7.862347042736369 89.0436420707056 83.04250256387492 7.862347042736372 89.04364207070553 163.41752653590854 46.31745291831804 77.84707745359964 -21.80733585816363 -6.454087284930815 74.30818278035186 5.650851333161963 -44.40447744242006 -8.048805245855265 -71.22873848318467 38.05299265768769 -78.16813655173154 -169.86649105921705 88.42679400817745 100.12976836174664 123.66814395771554 20.127163641265824 102.90993700066367 174.34914866683803 44.40447744242006 171.95119475414472 -96.85860309571213 45.426723948302836 -94.89725984994185 140.03001852836655 54.25390714167267 55.772523786212204 -0.36592221934688873 -39.00281858085345 0.5814087902481893 -45.16480782708952 17.388829096924688 -73.45118899355643 78.43550088972434 -52.56613107491056 -80.77103446796745 15.31485825521125 47.256726810251656 -78.62868476425182 -179.63407778065312 39.00281858085345 -179.4185912097518 147.74762563706562 -7.6816434282330945 -101.96030679303014 99.33755734476662 -68.78551962429559 -98.71483177776625 -21.693851695413993 28.716246086016508 -100.82118244959861
35.804322361946106 -46.66030406951904 -0.008221250027418137 0.0 0.0 0.0 94.33814463322489 15.38407342900321 91.15290683937089 94.33814463322483 15.384073429003218 91.15290683937087 94.33814463322501 15.38407342900321 91.15290683937091 94.33814463322489 15.384073429003218 91.1529068393709 168.71523123897393 45.9272044536958 81.84148480166259 5.242971222088869 1.2713037616219836 76.407835206568 -1.388648401754325 -43.652153511381464 2.0112895635667374 -57.60038498796805 45.27173942504016 -65.73128482457768 -168.2268968044437 82.40366583515592 101.67262963599632 122.20854906107853 27.096717610022264 106.01002478669903 -178.61135159824568 43.652153511381485 -177.98871043643328 -93.31116321905652 48.015142155674994 -92.46248562670159 142.81134188997393 56.75078738192735 57.60403259160434 -2.085809685678592 -33.15902681488924 3.809488571344556 -41.964669726196085 14.06529706337701 -74.8773765884786 76.28111698531796 -50.0415295198952 -79.40123042052834 8.056935535742186 50.00150111824621 -83.81106993433865 -177.91419031432142 33.15902681488924 -176.19051142865547 116.54190011716436 -24.087543419029736 -101.52242373326924 98.70400356656617 -66.66204102683523 -98.00150251984044 -19.036175856091567 32.55632291619606 -100.518475960942
35.52675396203995 -46.14582657814026 -0.007414910942316055 0.0 0.0 0.0 96.05185864616917 17.87669497971819 91.86401795540083 96.05185864616917 17.876694979718206 91.86401795540083 96.05185864616917 17.876694979718206 91.86401795540083 96.05185864616917 17.876694979718184 91.86401795540083 178.26387034093716 55.909852427558334 88.56207430152614 34.99854147500605 9.141803518073802 77.2152665772057 -4.709201568997226 -28.717069093792897 9.72848561403101 -39.33568913960225 47.915711731452426 -47.83631219095512 -163.35264314764584 75.66824181638567 106.1566974030748 126.59144359190695 25.291604159088216 107.59832907994684 -175.29079843100277 28.71706909379291 -170.271514385969 -93.96260130108024 46.77762416490738 -92.88971249379244 146.06373474189346 60.53105939642563 59.63676609941087 -1.2021960361186097 -9.29239276646321 7.404782095102601 -36.53402126563119 10.804663280408313 -75.80074833207905 74.92641979632343 -47.677264560288485 -78.73800526577406 3.297312788756114 53.890958017976956 -87.33508986225516 -178.79780396388142 9.29239276646321 -172.5952179048974 109.95927648245679 -32.0773524552009 -100.916262606283 98.04595827384527 -65.81736999387137 -97.34796053400882 -16.877422082106897 36.96404486295493 -100.33901329785203
35.329341888427734 -46.03840261697769 -0.006580620538443327 0.0 0.0 0.0 102.04884311091126 15.641467836724658 93.29368747716782 102.04884311091133 15.641467836724638 93.29368747716782 102.04884311091133 15.641467836724658 93.29368747716782 102.04884311091126 15.641467836724654 93.29368747716782 177.70529993549283 58.505244371106215 88.04305131691034 28.92355911983121 5.9633844286894915 79.35162848500515 -8.577589363212386 -31.602111562361106 16.058195576342644 0.7541799698389643 -2.5734229289239425 -16.340103256296615 151.1625476143727 60.30718996245714 64.43783190453874 129.5294929896709 24.544148107405107 108.92088869051882 -171.42241063678765 31.602111562361088 -163.94180442365737 -91.63951852488508 46.14217266476447 -91.18234826675595 147.638974948799 60.68635735842215 61.07819244363026 0.7984082003661079 4.966675350807052 9.144177256305747 -13.384292674386813 3.218539467058514 -76.72348858686888 74.43986763310548 -48.55919689557415 -78.20932367185226 5.3566700273012415 50.848032869558615 -85.84121501301676 179.2015917996339 -4.966675350807052 -170.85582274369426 106.7583648234474 -39.871095964892724 -100.92598319980142 97.17115155861404 -65.59802906948795 -96.53636003716588 -18.961360186956167 32.72553251818135 -100.52226646500647
35.156071186065674 -46.06684297323227 -0.0068762339651584625 0.0 0.0 0.0 101.49797476807117 16.74461728688222 93.35399916555802 101.49797476807097 16.744617286882217 93.35399916555797 101.49797476807116 16.744617286882228 93.35399916555802 101.49797476807117 16.744617286882207 93.35399916555802 176.92969313822226 60.36136944577815 87.33078227505658 54.545594259438325 14.898184535525417 79.62514785797374 -0.5110887405008266 -1.4982198627615164 18.838542553109797 -4.964580468074701 19.69479821626691 -14.45363770753095 143.69709361711415 64.3547410190122 56.484234798399235 138.73340161021994 17.72236126625827 109.13188599712147 -179.4889112594992 1.4982198627615164 -161.1614574468902 -91.28842031209497 43.09808455290394 -90.8803914763979 150.15223505240462 62.68499313462792 62.98609479068578 4.115615727856112 30.205510148156417 8.139362952834658 1.77497288215186 -0.4161449088110775 -76.8094245423425 74.04148589548852 -49.172445631827024 -77.79046283407128 5.705558297420144 52.49911443251414 -85.46798374137096 175.88438427214388 -30.205510148156417 -171.86063704716537 106.2347015568371 -39.98549679775515 -100.59822438559688 96.687740858634 -65.49185660816325 -96.08994009728175 -17.62958997111638 34.71084552242072 -100.25719770313412
35.00258922576904 -46.11104130744934 -0.008284859359264374 0.0 0.0 0.0 101.0813413613762 20.959384071215265 94.00748982186039 101.08134136137606 20.959384071215275 94.00748982186035 101.0813413613762 20.959384071215275 94.00748982186039 101.0813413613762 20.95938407121526 94.00748982186039 -179.82531498312872 56.671546051598135 90.14595551314515 62.414025205142735 19.127273486195193 80.28523324985822 1.42464858467643 2.8323743345311945 26.715931298845717 -0.11754537527437674 -7.337193915039943 0.9203416541982907 108.52496707199886 39.95799533801175 27.553203159114673 136.20500238237136 21.677281765914536 111.069252983985 178.57535141532358 -2.8323743345311945 -153.2840687011543 -88.98295415374855 47.28241512212207 -89.25273376473349 151.93595144344596 62.18031202482829 64.75501020322858 4.369556334498572 32.540613051801294 8.08509257640415 -9.614216513772899 2.361623446732031 -76.32778729627515 73.49380366533762 -47.07198184220423 -77.75791680663588 5.521898703936849 51.64248986579233 -85.66481754552649 175.63044366550145 -32.540613051801294 -171.91490742359585 106.4634716633884 -39.037110687840055 -100.54356174710588 96.17782454418409 -65.31036178626799 -95.61686191552185 -19.171187849875807 31.16942216045466 -100.20093889092395
34.97845083475113 -46.073563396930695 -0.010894332081079483 0.0 0.0 0.0 109.40938815192233 14.428756060479571 95.01739567447933 109.4093881519222 14.428756060479577 95.01739567447929 109.4093881519224 14.428756060479577 95.01739567447935 109.4093881519222 14.428756060479577 95.01739567447929 -177.06004428431345 56.04336170552127 92.43924494553184 56.54043505433391 13.194094486669167 81.42193654203996 0.9754846278391889 1.9310595925510032 26.80745099469386 -1.9098057698658046 41.60743458964402 -2.8747637066145852 101.68858939513282 69.82763293865783 12.429382769721526 147.1879996075397 14.872434500661592 111.70687727912383 179.02451537216083 -1.9310595925510032 -153.19254900530615 -88.37044372720484 46.17646654527502 -88.8241624508155 153.4077279329762 60.27969076361464 66.50330492203516 5.178644918085397 34.64389319837196 9.0583817455501 -34.390735251536434 9.677756920719192 -76.20133627658448 72.35695029545545 -42.908367430644994 -77.7821122444042 4.904330297673381 53.91658481257218 -86.03315654998833 174.82135508191462 -34.64389319837196 -170.9416182544499 106.19845575097865 -41.15650820424487 -100.82330344610884 95.59994656310447 -65.07368099600143 -95.08118407494536 -19.46754235219596 30.33611932457407 -100.12255863488633
34.9851131439209 -46.05001509189606 -0.010030623525381088 0.0 0.0 0.0 108.59021522436028 16.162640893884916 95.34885140850004 108.59021522436015 16.162640893884923 95.3488514085 108.59021522436035 16.162640893884912 95.34885140850004 108.59021522436015 16.162640893884916 95.3488514085 -172.7368915339299 54.06042339111598 95.89132910184973 61.03661495500788 15.195172649532612 81.745691593213 2.211801056084054 4.148240896829041 28.098715492389953 -10.369815372096529 27.473401997615902 -21.6358157720231 149.04316046371247 78.02533915587352 59.59631074751256 145.75420383811243 16.160497620468814 112.23696870796631 177.78819894391594 -4.14824089682904 -151.90128450761003 -87.53579054710801 41.49391409941405 -88.36679654471435 154.39630184011642 57.01801169294829 68.10124433853055 5.389630898379847 34.44451779180237 9.46993629072151 -34.4900664060776 9.82239389876246 -76.05498378250499 71.43923586199458 -38.82682245573487 -78.11166772655653 5.080015067402542 55.34094570248145 -85.81788927164256 174.61036910162017 -34.44451779180237 -170.5300637092785 106.78532449773043 -40.11985357430467 -100.99955891075652 95.34412693225426 -63.51326283885747 -94.78595176013346 -17.765758010494142 34.15591188508269 -100.19791242505259
35.007594525814056 -46.086761355400085 -0.010549649596214294 0.0 0.0 0.0 108.38248358291351 15.796248689018787 95.16903300723975 108.3824835829136 15.796248689018785 95.16903300723976 108.38248358291338 15.796248689018798 95.1690330072397 108.38248358291352 15.796248689018782 95.16903300723975 -172.66072611939077 54.00009674193227 95.94882566659396 57.1170080098105 14.054728895819704 81.07719814814511 0.24798836427371437 0.5061798517362526 26.10166026901403 -28.386453345974356 56.15354413697818 -33.05033500069578 87.25811238784037 87.4806117027715 -2.7445364196875643 145.20024533513916 16.67099298551438 112.42905424011913 179.7520116357263 -0.5061798517362526 -153.89833973098598 -86.52719226579961 41.72528477894461 -87.68706138728797 154.46030735250739 57.79479498775692 67.98601786050341 4.898661322852546 33.11834126201148 8.915089905455565 -51.57779226709402 18.6726528516326 -75.75049357222878 72.34365232753562 -40.14692127995062 -78.4025137453651 4.593210972353948 55.31158441575284 -86.22056993684207 175.10133867714748 -33.11834126201148 -171.08491009454445 106.37756495819372 -42.14803776991784 -101.15640907164385 95.13142794795156 -64.01820551205155 -94.6151767761772 -17.754460366760803 35.26389012561889 -100.47338171249106
35.024648904800415 -46.1057648062706 -0.01040380448102951 0.0 0.0 0.0 104.55831642933387 19.952849918010727 95.06449597196755 104.55831642933393 19.952849918010738 95.06449597196756 104.55831642933393 19.95284991801072 95.06449597196756 104.55831642933387 19.95284991801074 95.06449597196755 -172.48150065201776 56.00487459731258 96.24465872912347 62.30003662699996 18.053359882530188 80.75882463995494 0.7054402184211849 1.5050527673303304 25.116817384007476 -30.36023169442192 52.81323074750715 -36.325775063019876 51.7138776836817 87.54922709147588 -38.31162375612294 139.4822017420934 20.690974744285057 112.46182627579226 179.2945597815788 -1.5050527673303304 -154.88318261599252 -86.49210867804918 41.60214729754937 -87.66929263170825 154.8427363643032 59.825199551632345 67.90217901012315 4.537235521318249 32.22258890501881 8.464985990885209 -45.049069878862966 14.878498547104837 -75.62288326465635 71.69261555079193 -37.87511523489108 -78.51774289455558 4.465414324051144 57.02863936979341 -86.25152708426897 175.46276447868178 -32.22258890501881 -171.5350140091148 106.1959127825574 -43.20900187725566 -101.24709326874157 95.16120536180875 -63.803777494039245 -94.63352432467363 -17.058468104842625 37.155547602998936 -100.49948056859593
35.03672778606415 -45.91551721096039 -0.010189227759838104 0.0 0.0 0.0 100.34523431061405 24.17275972873726 94.2749568916486 100.34523431061407 24.17275972873725 94.27495689164861 100.34523431061393 24.17275972873725 94.27495689164856 100.34523431061403 24.172759728737244 94.2749568916486 -171.8382739632657 55.98967723458009 96.77986855870152 62.50924292363294 19.621956567448922 80.08798121735919 -3.7457853357909685 -8.146257268069435 24.798259541826 -40.57129402164077 47.38320729156314 -49.32229885927736 -119.85057316553271 86.39917938285383 150.10052359575104 130.4548727780575 27.655204794270166 111.59313726451322 -176.25421466420906 8.146257268069435 -155.20174045817402 -88.42497244774886 44.54068821854516 -88.89510972906734 152.37362663694466 60.68463309423507 65.47044646176151 3.43641863387629 27.570141064554203 7.392352240235088 -41.959479129069834 13.071022819234082 -75.8811626033408 72.35564017892912 -40.16509451018745 -78.40644214172127 4.741780883519999 55.03207422339429 -86.1113246967909 176.5635813661237 -27.570141064554203 -172.60764775976492 107.07601185218658 -38.47535636678236 -100.81999095814209 95.43304949034142 -63.10989363004816 -94.84857330679077 -15.6274560414671 42.70508644071984 -100.74216079741669
35.07733345031738 -45.93527615070343 -0.00902016181498766 0.0 0.0 0.0 99.76034637119103 22.908844371255576 93.83083698975474 99.76034637119098 22.908844371255555 93.83083698975472 99.76034637119112 22.908844371255555 93.83083698975476 99.76034637119103 22.90884437125557 93.83083698975474 -171.81764477118406 51.34118040534511 96.40639580226616 55.987734417606255 15.78502583074845 79.59799823936511 -7.746659968525123 -19.793163866931103 21.886599520655615 -45.34937908531549 40.15169330031529 -57.502979647109875 -151.86165809071244 78.95697482683478 117.69533175940015 127.97920868773826 29.006809608767263 110.73529793161367 -172.25334003147486 19.793163866931103 -158.1134004793444 -89.48143582162919 44.78125221124037 -89.63471733414787 147.4608119857674 57.99784809203723 61.58353955359746 1.6812973545126626 13.490074670757648 7.171682027004367 -49.02504573833695 17.069667178278483 -75.6976616042539 73.03220219842777 -41.05299939100123 -78.66873904453175 5.177617291536654 54.533620301964966 -85.77919340540568 178.31870264548735 -13.490074670757648 -172.82831797299565 106.97619572115444 -38.40278932405199 -100.73769467162228 95.74824834636074 -63.831838691452575 -95.16243700545473 -16.181970240216437 41.87382808576664 -100.96225562631021
35.09080708026886 -45.91701328754425 -0.00917878933250904 0.0 0.0 0.0 95.81432728347517 22.647687024550876 92.24545248987373 95.8143272834753 22.64768702455088 92.2454524898738 95.81432728347517 22.647687024550866 92.24545248987373 95.81432728347517 22.64768702455088 92.24545248987373 168.83707393897419 53.43856603887051 80.99345563550453 45.483393737007205 12.036431702511091 78.41244095669416 -8.017843017353941 -35.1164972943947 13.759199041834002 -51.12723481833296 37.615537356491345 -63.801910369427695 -162.83106579137552 75.84578754611135 106.67706094013278 121.14279330634245 31.563582350203255 107.55191977015795 -171.98215698264607 35.1164972943947 -166.240800958166 -91.50303409164327 41.31039220612507 -90.99233822797261 139.31980185874772 53.40551406626439 55.39049379523216 -1.5204081861855943 -11.092264016827134 7.855031810003581 -61.08698854371187 27.490479602197446 -75.69690399234707 74.41939778960058 -44.45239015208015 -78.95054181349218 4.975983674777073 51.76558074783971 -86.08767359348894 -178.4795918138144 11.092264016827134 -172.1449681899964 107.55967664223768 -36.278170900347895 -100.6053741477925 95.95925765106168 -66.10768954143191 -95.45181825194402 -17.977327365249355 36.10653849133264 -100.82506831358288
35.200414061546326 -45.91357558965683 -0.009109266102313995 0.0 0.0 0.0 89.98547386469255 19.239233449764434 89.99521344608559 89.9854738646925 19.239233449764416 89.99521344608556 89.9854738646925 19.239233449764434 89.99521344608556 89.98547386469255 19.239233449764445 89.99521344608559 157.65822280493586 51.54380267651602 72.16009489095555 11.13016158600909 2.709908967050581 76.48723460164427 -4.991641201286358 -50.259244352594564 6.480245020138453 -59.20789044603367 38.671200696045744 -69.57623336658828 -170.29418681498436 72.86253367051738 99.28255062114286 115.08183793185113 32.868369268559434 104.25252646899017 -175.00835879871363 50.25924435259459 -173.51975497986157 -95.09954368789876 40.26259106684659 -93.30086636437221 135.26068672013503 50.29977055668153 52.67711031039542 -4.338986654278754 -32.14552097703833 8.115802352493736 -57.567811955978016 23.589353381824584 -75.733370634483 75.70505026755048 -46.79015331561393 -79.47926656644526 5.710104820860531 48.359386443771136 -85.7264413807969 -175.66101334572124 32.14552097703833 -171.88419764750628 114.90321639553383 -24.170709486904382 -100.76302172809082 96.46730349283699 -68.01179212606036 -96.0004429648978 -20.959286491270287 29.24548279655985 -100.59970100552455
35.24342626333237 -45.812903344631195 -0.00832434743642807 0.0 0.0 0.0 87.78600212175826 18.425328979982414 89.2999113976565 87.78600212175837 18.42532897998241 89.29991139765653 87.78600212175822 18.425328979982417 89.29991139765647 87.78600212175837 18.425328979982417 89.29991139765653 158.3294029740634 51.80437188737908 72.65734830347976 6.970321157032572 1.8141545542431896 75.48269150291492 -1.8470298571943633 -50.24444655371926 2.4019716404736253 -61.38654877138535 39.52151610994873 -70.85540718174505 -171.8138240423754 72.9793328102154 97.83216504783053 114.40317817979684 31.89594539255655 103.48047368681507 -178.15297014280563 50.24444655371926 -177.59802835952638 -95.78178122581653 40.28097381828569 -93.74552833569733 135.26483797910583 52.258570611943966 51.9211486672918 -4.861089912251313 -34.41491911273481 8.557424459422457 -58.09988009080853 23.823807948814665 -75.88706665319548 75.97478005955361 -46.21805405539998 -79.77677024505216 6.484585984794293 49.79222608160346 -85.03884913570174 -175.13891008774868 34.41491911273481 -171.44257554057756 135.5518734277481 -10.62918862891379 -100.64954289344425 97.08292654430157 -66.67019263703168 -96.5090174455319 -17.868835951984718 35.72167118522006 -100.65990259329533
35.29859334230423 -46.08177691698074 -0.007889233529567719 0.0 0.0 0.0 80.81077075291368 17.663973222906503 87.18977513933933 80.81077075291363 17.66397322290648 87.18977513933932 80.81077075291381 17.663973222906503 87.18977513933937 80.81077075291368 17.663973222906506 87.18977513933933 150.38582291834464 49.2945239867398 66.6891291488114 -6.977519012496845 -2.1434291263914 73.00688290896667 5.292679243143896 -55.03850953199983 -6.449187546648934 -67.13253874279604 39.77004686699046 -74.90136190296562 -173.64792993769095 70.59690362984011 95.99400696275156 109.63401669004953 32.83487097978815 100.9479970440575 174.7073207568561 55.03850953199984 173.55081245335109 -99.00773943238994 39.83501136243187 -95.79830772228833 127.99317465825895 54.65350070332013 43.759573494564144 -5.9204699029758325 -41.53082918784987 8.889407412864246 -57.71770742367468 24.776971015509147 -75.17090759118035 76.86385729525122 -45.47895115523295 -80.55294384040418 6.726366819260204 50.07496436289669 -84.83188450228079 -174.0795300970242 41.53082918784987 -171.11059258713576 126.12979792855218 -15.080374313355849 -100.75405887639866 98.51054198160725 -66.90662704586845 -97.83740205251861 -18.5501768758849 33.60575846714162 -100.52161925711408
35.33639311790466 -46.403177082538605 -0.008336920291185379 0.0 0.0 0.0 78.67822176757011 17.63512487343398 86.52892106997328 78.67822176757016 17.635124873433984 86.5289210699733 78.67822176757016 17.635124873434002 86.5289210699733 78.6782217675701 17.635124873433984 86.52892106997326 151.15337225149565 49.92843197932443 67.14427982939546 -4.279591119928881 -1.3873545470842672 72.07129682741137 7.640715249085374 -53.59036509614865 -9.463672240328622 -69.35569865548597 38.72409698381439 -76.73805420787443 -174.67143095657744 69.53017285954253 94.99386274046896 108.88377389791012 31.996016674632415 100.27300339705914 172.35928475091464 53.59036509614866 170.53632775967137 -100.21782365874724 39.86148411690803 -96.59005403277656 125.43282896473708 55.3636344841001 40.852819908949606 -5.581246856876697 -41.923503499358745 8.320961298027752 -21.93797688612314 6.32209952437387 -74.70887493707563 77.36873552868909 -46.257309107326904 -80.80354525550864 6.972772249138631 48.30114851689787 -84.78238459153107 -174.4187531431233 41.923503499358745 -171.67903870197225 118.31810202519236 -20.438285063902747 -100.65652643182933 99.6494795770303 -66.86918145437936 -98.88666831674936 -18.177494930051342 34.24948109103493 -100.46977542489054
35.34373492002487 -46.648599207401276 -0.008056778460741043 0.0 0.0 0.0 79.0350475912673 18.096263026382612 86.55608364958466 79.03504759126749 18.0962630263826 86.5560836495847 79.0350475912673 18.096263026382626 86.55608364958466 79.0350475912673 18.096263026382612 86.55608364958466 151.7426009749496 48.65463472327567 68.02529287899391 -0.8529254770945637 -0.2743364737261821 72.17133693486446 8.786442248859188 -52.95810966051903 -10.959354023893239 -68.87561180825368 40.018293146164055 -76.04791248108118 -175.34609406973968 69.94963211784383 94.37296927648062 108.6165171870705 31.792348713331666 100.06356500155069 171.21355775114083 52.95810966051903 169.04064597610676 -99.53388696465319 43.62531548580756 -96.6097157141358 125.42622983761787 59.68433213880164 39.48962999755383 -5.4800492495699 -42.621903839584014 8.063827137866726 -60.63471182066176 30.174206459082068 -74.20820292714708 78.38217851068433 -50.2599198107861 -81.01631513863252 8.410603518024008 37.00221811738163 -84.91483254721459 -174.5199507504301 42.621903839584014 -171.93617286213328 135.23495647559548 -10.724846988594825 -100.62658809940014 100.16328659042425 -67.64421215831447 -99.41362320808926 -17.756106775029945 33.418990386151904 -100.00203248476487
35.34759432077408 -47.378021478652954 -0.006895791739225388 0.0 0.0 0.0 76.48059919438451 19.731424156903216 85.35923148955025 76.48059919438447 19.731424156903216 85.35923148955025 76.48059919438447 19.73142415690321 85.35923148955025 76.48059919438451 19.731424156903223 85.35923148955025 142.8605577483537 46.05979715826268 61.39371342379073 -5.176305395848158 -1.839904692912883 70.48470723760867 17.781943526289716 -56.6039262157933 -21.01403876111561 -74.5843134021204 38.63973259722982 -80.23069951705159 179.74036042635302 70.37652660434283 89.75544011872213 104.54154076990955 34.21395925684867 98.29817939196201 162.2180564737103 56.60392621579331 158.9859612388844 -95.92851715190011 41.80253815472199 -93.95959310621124 124.46790888087897 53.220224594290194 40.598582869627414 -3.066188045206613 -46.553836318435906 4.219668911952983 -60.99381347223363 34.44704644373217 -72.5874476189015 78.72849317228557 -46.80515675083829 -81.73291163290033 8.507059524362269 41.40225951493826 -84.35059800020393 -176.93381195479338 46.553836318435906 -175.78033108804703 121.43359213544129 -18.84423800995687 -101.16761050250618 102.05695644057039 -66.68646045442665 -101.09801892872595 -54.77384206769848 5.633782448382398 -97.91507217308134
35.34551113843918 -47.80202955007553 -0.007893145084381104 0.0 0.0 0.0 73.72516326337677 17.51471899335859 84.97884561283033 73.72516326337694 17.514718993358606 84.97884561283038 73.72516326337677 17.514718993358596 84.97884561283033 73.72516326337677 17.514718993358606 84.97884561283033 143.32805380234802 46.05415081971274 61.8033379735533 -14.337455285097985 -5.335433015298967 70.00830149113177 22.58184371422237 -57.18848899347219 -26.327825304708163 -76.31277763464938 41.2857417446195 -80.87120219145635 175.68608456026647 70.67602672101577 85.92827774690129 103.62649947135493 32.667216635853585 97.4545545942966 157.41815628577763 57.18848899347219 153.67217469529186 -96.15020257360538 43.014724262986476 -94.20421075009462 125.63780026490377 53.10838589629616 41.87352459638891 -2.3867937020062584 -48.6802485427016 3.1765801783197567 -61.436031770908606 37.24245359729305 -71.76469126221673 79.54503058974909 -48.080739150892875 -82.18196943528211 8.050413123624855 45.20315420085632 -84.26865099505603 -177.61320629799374 48.6802485427016 -176.82341982168026 125.19955771676285 -17.203849351655325 -101.78517912645634 102.63553198912899 -69.47574311855782 -101.85691286054195 -14.770580393603279 26.542296987252627 -96.71958964254856
35.35039573907852 -47.68211096525192 -0.006893463432788849 0.0 0.0 0.0 74.42892562469443 16.07748144512645 85.58714404445631 74.4289256246943 16.077481445126445 85.58714404445627 74.4289256246945 16.077481445126455 85.58714404445632 74.4289256246943 16.07748144512644 85.58714404445627 147.39150559270746 46.750321708003625 65.01602042498347 -20.870872472220668 -7.621077530693254 70.82076072391145 17.921051052520813 -58.534729030855424 -20.76413165721617 -78.62290074900291 38.608845895650525 -82.84333783986803 170.69193149561178 73.06016140667167 81.08917325118833 105.3821375297938 32.666290656177054 98.44610928114503 162.0789489474792 58.534729030855424 159.23586834278385 -95.39377521037012 44.40781911693591 -93.78004806701392 129.31762983160263 59.50568632368422 43.545488137540836 -3.2281646631243532 -50.22617553304247 4.197116495110898 -53.7608990191192 25.94766688331963 -72.21911083891989 79.86244448355933 -50.782585599501644 -82.11310118512263 7.711162022518184 47.49943494534733 -84.29909816681399 -176.77183533687565 50.22617553304247 -175.8028835048891 137.11088941842522 -11.60904125682715 -102.22336274463473 102.80191116992613 -69.46260205270944 -102.01266306438414 -9.884056160393023 36.66905638356289 -95.94055977654267
35.365524888038635 -47.624143958091736 -0.0012841075658798218 0.0 0.0 0.0 76.39245046305372 16.76435559484525 86.00607375995386 76.3924504630536 16.764355594845263 86.00607375995382 76.39245046305379 16.764355594845256 86.00607375995388 76.39245046305359 16.764355594845256 86.00607375995382 148.2925483196138 44.516285759801164 66.5805588343551 -6.0859581028787675 -2.0788546043241225 71.21057306767818 16.42289234798348 -52.76147242647989 -20.31616060767336 -79.70126182926546 40.855075998735636 -83.22140195510929 170.0958711374395 76.59192838949318 80.36069191494785 107.32329420503835 30.0993009494484 98.89036898440978 163.57710765201654 52.76147242647989 159.68383939232663 -95.22246816645685 45.97468505489614 -93.7601525408165 134.14751705174064 61.70021419880333 47.78953547016661 -3.3290225531449935 -49.58400082451647 4.368923655887674 -61.01100045949103 34.660880255493836 -72.51021234544575 80.19348239357356 -53.62464375789543 -82.0771656642643 8.12560970970804 46.80587536645827 -84.05747842864358 -176.670977446855 49.58400082451647 -175.63107634411233 140.96018598139997 -10.631550647545813 -102.81697156273361 101.80989016638088 -69.69213185918689 -101.0945935635178 -10.106047910260378 34.57315813804934 -95.77534001475398
35.37716120481491 -47.53777086734772 -0.001448206603527069 0.0 0.0 0.0 81.65781812224084 16.916588376547487 87.55678107126111 81.65781812224076 16.916588376547487 87.5567810712611 81.65781812224077 16.916588376547494 87.5567810712611 81.65781812224083 16.91658837654748 87.55678107126111 168.79465738994185 48.85598175086869 81.51504849605355 12.48402266787925 4.116221630413886 72.03700815918035 5.813467880422556 -40.53826491750218 -8.9028766618567 -78.68138873421461 37.24363541660667 -83.09304551075788 174.49074500353044 80.73220885358145 84.56222668917472 115.68806753428073 26.708201273974634 102.19897355673037 174.18653211957744 40.5382649175022 171.09712333814332 -93.90426424193477 45.36044508237945 -92.78016842442356 140.42290542095344 61.6531697285414 53.9648233456397 -2.639004981473858 -38.24972556257222 4.257876390987595 -63.99212172737525 38.82538662758924 -72.99164147121357 80.22357652574082 -55.29474676354155 -81.93760185109298 9.139148000521349 40.164658146799155 -84.07606686782427 -177.36099501852615 38.24972556257222 -175.74212360901242 178.3331157364382 -0.40648753391289566 -103.7008712953535 99.7425504450711 -69.6870066896745 -99.14723623475363 -12.994451574820875 31.363904795767525 -96.84883379444076
35.370901226997375 -47.485385835170746 -0.00319555401802063 0.0 0.0 0.0 85.49541087856208 12.751148978056198 89.003807454 85.495410878562 12.751148978056195 89.00380745399997 85.49541087856224 12.7511489780562 89.00380745400004 85.49541087856208 12.751148978056195 89.003807454 -175.57417671481656 50.23654873600454 93.40486261937303 8.182421361682355 2.4858755335172185 73.21437768164539 -0.16003196573510034 -32.434224156739134 0.2983808956926116 -73.90183216708482 44.26277788623255 -78.6113739990428 17.6181250223747 87.83048623423475 -72.39372328712427 126.14199450011562 21.503542448519493 104.9872654420573 -179.83996803426493 32.434224156739134 -179.70161910430738 -92.77602970051802 43.289235264722876 -91.90426189961818 147.43944219900922 61.221227153435706 60.764878414504125 -2.2544829594696774 -29.905899626229953 4.514802564035827 -60.78994399417028 32.30764592229366 -73.36250862643539 79.97511551499711 -53.61802421975935 -81.90017491520177 8.890960323842386 42.16619897083749 -84.0052452723002 -177.74551704053033 29.905899626229953 -175.48519743596418 -169.69175264858038 2.7004750894006455 -104.52288005678552 97.25761599914526 -69.80509947162119 -96.81577752717273 -15.234072830155107 25.53731125009505 -96.69600310463355
35.368676483631134 -47.39377498626709 -0.0038876663893461227 0.0 0.0 0.0 88.8794076179918 13.167557593448988 89.74469867681938 88.87940761799156 13.167557593448981 89.74469867681933 88.8794076179918 13.167557593448974 89.74469867681938 88.8794076179918 13.16755759344898 89.74469867681938 -176.2092192115349 51.3424989293562 92.9618834911933 7.738407082667887 2.21346107489902 74.13359427482563 -2.376288071143334 -33.94610548610514 4.250061764612501 -71.43563466040544 44.836757221533894 -76.67771673605252 8.93080159521029 84.27105128788385 -81.11309168388584 126.63429966429082 22.741451924467693 106.03750578532302 -177.6237119288567 33.946105486105154 -175.7499382353875 -92.77548023798528 42.004846968502356 -91.8581356962266 148.501578111937 59.76052347401107 62.10401449093243 -1.9185995611508524 -26.135140706746487 4.348862315786579 -59.444441815720225 30.180891738104165 -73.4697117956639 79.58836753341518 -50.68222294242603 -81.90946451208104 8.642552777909513 44.21952561232687 -83.94906552260639 -178.08140043884916 26.135140706746487 -175.6511376842134 -162.2344877501395 4.723193286519178 -104.4129066874252 96.61964699272214 -69.50808705825258 -96.2041418785427 -17.718209567272087 23.12020403695318 -97.15050129203671
35.36102771759033 -47.83083498477936 -0.00634538009762764 0.0 0.0 0.0 93.59637955372071 11.372844706264681 90.71007634546237 93.59637955372071 11.372844706264686 90.71007634546237 93.59637955372071 11.37284470626469 90.71007634546237 93.59637955372071 11.372844706264694 90.71007634546237 -172.69798655222334 51.75816709075026 95.74694108163301 13.403775977715581 3.5979918725687074 75.24650802862179 -3.619329652294432 -24.64960907081794 8.623876407040797 -66.88371149972139 44.04875785924708 -73.46955653817693 8.60936552246688 85.26623803770987 -81.41956377284775 134.70005584020765 18.45399961244123 107.3929666667478 -176.3806703477056 24.649609070817917 -171.37612359295923 -90.94320191590144 42.80593275543292 -90.64095316002027 153.6189034459687 60.03230693124174 66.74765272016812 -0.884950901828691 -15.366843909995382 3.335951339268144 -58.01650692580216 28.854214317804914 -73.22940902090156 79.50653252184807 -51.405622622667146 -81.76277610187368 8.718817918524836 43.844843545901576 -83.93609475551808 -179.1150490981713 15.366843909995382 -176.66404866073188 -171.76385994737097 2.1844972981880604 -104.75331695654623 95.9395771519161 -69.1144940794493 -95.55183844948367 -17.91354998663768 27.572905067533608 -98.50981081030713
35.33460199832916 -48.14183861017227 -0.006586592644453049 0.0 0.0 0.0 96.40233493455072 13.04083750232193 91.4503910069015 96.40233493455048 13.040837502321923 91.45039100690143 96.40233493455072 13.04083750232192 91.4503910069015 96.40233493455072 13.040837502321924 91.4503910069015 -172.08170308696356 51.956343374545625 96.25107228513177 24.77794169484667 6.680450029097254 75.85488133136943 -3.814554383551248 -19.178939592251957 11.472703571429987 -64.11752553454895 44.84320016968866 -71.1118660947603 11.756964678711231 86.22522307982238 -78.26783376251954 136.52976108419756 18.667402165051143 108.65667386658724 -176.18544561644876 19.178939592251965 -168.52729642857003 -88.82426077887116 42.68448866019966 -89.20283456878089 156.45802284209208 59.153764063223115 69.49145024903271 -0.4769655830803326 -8.093277063006076 3.384036852854241 -57.40958539457897 28.10584226188957 -73.23921415410638 79.43532626542269 -52.19292538727368 -81.61749330213323 8.536269190388532 44.00896522954208 -84.04649345328211 -179.52303441691967 8.093277063006076 -176.61596314714578 -166.77033311168762 3.5666388362261476 -104.82159978470828 95.99882229533404 -66.9271464978579 -95.5220537750668 -15.805032098814932 34.285325575882034 -99.05984767051656
35.332274436950684 -48.044414818286896 -0.006638071499764919 0.0 0.0 0.0 101.40766585480927 9.41700876095592 91.89088323074172 101.40766585480938 9.417008760955923 91.89088323074175 101.40766585480938 9.417008760955923 91.89088323074175 101.40766585480927 9.417008760955932 91.89088323074172 -173.52027961567794 54.38422443650314 95.27524307133434 12.595205471856483 3.013930985114176 76.75827266463828 -4.899884827815913 -20.198453732033144 13.944058898353479 -57.69673207846 37.97776713529074 -68.7409381293844 11.097231395178094 85.3315201601844 -78.93867628623941 141.86193881072435 15.586547949876563 108.89142554029294 -175.10011517218408 20.198453732033155 -166.0559411016465 -88.05800458412334 39.058740973846504 -88.77603345246439 156.32434474705664 57.53423541670093 69.69873481433206 -0.4828271366550893 -7.627714675274289 3.6327144906039295 -34.145203966772556 11.558766348325285 -73.5403734409656 79.16014867308232 -49.967840862774494 -81.65906469338032 8.218503189919785 47.498884001219764 -83.92179542550245 -179.5171728633449 7.627714675274289 -176.36728550939608 -172.9247096747369 1.8825914097018017 -104.82500003198523 95.761714070648 -65.80099011028209 -95.25838969467218 -17.916679092505433 31.717293596789958 -99.64663529346697
35.33191680908203 -47.42296487092972 -0.0061533646658062935 0.0 0.0 0.0 96.41083485737435 13.62060449339927 91.51567619232414 96.4108348573745 13.620604493399252 91.51567619232416 96.41083485737427 13.62060449339926 91.51567619232411 96.4108348573745 13.620604493399272 91.51567619232416 -175.67460969982247 55.36170235048777 93.56092758803513 31.57558468650685 8.168293539361628 76.98356519503993 -4.779979897878138 -15.91261432962079 16.961387742335827 -58.75527729451189 41.43845519047626 -68.12375475493995 -162.6643115019894 86.74277613095418 107.30935733998858 136.08642420782894 18.62207963003595 108.34913159084653 -175.22002010212188 15.912614329620778 -163.0386122576642 -89.68408906152136 41.14154242691717 -89.7921542241254 156.34944772394687 58.408253875523165 69.5425398370627 -0.5242194571764103 -8.088113750393246 3.720770526993722 -51.61632366472487 21.628611843774486 -73.72383489205518 79.21087432686255 -48.897005009491004 -81.82846368331441 7.5413653905638665 51.90468845207819 -84.052002308893 -179.4757805428236 8.088113750393246 -176.27922947300627 147.7397625767888 -9.375444060194475 -104.47132068566145 95.65934052670988 -65.77857157963435 -95.16395273301626 -15.029497970471763 39.91687075786445 -99.77554979159451
