HIERARCHY
ROOT mixamorig:Hips
{
  OFFSET 0.000000 0.000000 0.000000
  CHANNELS 6 Xposition Yposition Zposition Xrotation Yrotation Zrotation
  JOINT mixamorig:Spine
  {
    OFFSET -2.467216 22.898095 2.652771
    CHANNELS 3 Xrotation Yrotation Zrotation
    JOINT mixamorig:Spine2
    {
      OFFSET -2.467216 22.898095 2.652771
      CHANNELS 3 Xrotation Yrotation Zrotation
      JOINT mixamorig:Neck
      {
        OFFSET 0.000000 3.505379 0.000000
        CHANNELS 3 Xrotation Yrotation Zrotation
        JOINT mixamorig:Head
        {
          OFFSET 0.000000 10.000000 0.000000
          CHANNELS 3 Xrotation Yrotation Zrotation
          End Site
          {
            OFFSET 0.000000 3.000000 0.000000
          }
        }
      }
      JOINT mixamorig:LeftShoulder
      {
        OFFSET 13.902884 1.363860 -6.934310
        CHANNELS 3 Xrotation Yrotation Zrotation
        JOINT mixamorig:LeftArm
        {
          OFFSET 10.000000 -2.000000 0.000000
          CHANNELS 3 Xrotation Yrotation Zrotation
          JOINT mixamorig:LeftForeArm
          {
            OFFSET 24.979475 0.000000 0.000000
            CHANNELS 3 Xrotation Yrotation Zrotation
            JOINT mixamorig:LeftHand
            {
              OFFSET 25.854364 0.000000 0.000000
              CHANNELS 3 Xrotation Yrotation Zrotation
              End Site
              {
                OFFSET 7.756309 0.000000 0.000000
              }
            }
          }
        }
      }
      JOINT mixamorig:RightShoulder
      {
        OFFSET -13.902884 1.363860 6.934310
        CHANNELS 3 Xrotation Yrotation Zrotation
        JOINT mixamorig:RightArm
        {
          OFFSET -10.000000 -2.000000 0.000000
          CHANNELS 3 Xrotation Yrotation Zrotation
          JOINT mixamorig:RightForeArm
          {
            OFFSET -24.979475 0.000000 0.000000
            CHANNELS 3 Xrotation Yrotation Zrotation
            JOINT mixamorig:RightHand
            {
              OFFSET -25.854364 0.000000 0.000000
              CHANNELS 3 Xrotation Yrotation Zrotation
              End Site
              {
                OFFSET -7.756309 0.000000 0.000000
              }
            }
          }
        }
      }
    }
  }
  JOINT mixamorig:LeftUpLeg
  {
    OFFSET 9.861849 0.444407 -0.976718
    CHANNELS 3 Xrotation Yrotation Zrotation
    JOINT mixamorig:LeftLeg
    {
      OFFSET 11.180432 -36.270921 -9.220837
      CHANNELS 3 Xrotation Yrotation Zrotation
      JOINT mixamorig:LeftFoot
      {
        OFFSET 17.156359 -38.964623 1.258087
        CHANNELS 3 Xrotation Yrotation Zrotation
        JOINT mixamorig:LeftToeBase
        {
          OFFSET 0.360386 -5.409297 -8.545403
          CHANNELS 3 Xrotation Yrotation Zrotation
          End Site
          {
            OFFSET 0.108116 -1.622789 -2.563621
          }
        }
      }
    }
  }
  JOINT mixamorig:RightUpLeg
  {
    OFFSET -9.861849 -0.444407 0.976718
    CHANNELS 3 Xrotation Yrotation Zrotation
    JOINT mixamorig:RightLeg
    {
      OFFSET -13.248413 -36.677920 2.194377
      CHANNELS 3 Xrotation Yrotation Zrotation
      JOINT mixamorig:RightFoot
      {
        OFFSET -4.072217 -37.392453 19.984664
        CHANNELS 3 Xrotation Yrotation Zrotation
        JOINT mixamorig:RightToeBase
        {
          OFFSET -8.423535 -3.852637 -4.076215
          CHANNELS 3 Xrotation Yrotation Zrotation
          End Site
          {
            OFFSET -2.527060 -1.155791 -1.222865
          }
        }
      }
    }
  }
}
MOTION
Frames: 192
Frame Time: 0.041667
-0.009547 0.247317 0.000000 -9.158592 -0.709899 -7.752166 -0.050048 0.012462 -0.154692 5.636492 9.004768 8.177929 1.607737 0.166192 6.641141 1.616016 -0.020343 6.649056 0.000000 0.000000 0.000000 -19.304308 24.888432 -75.243412 161.059886 46.808881 171.741572 0.000000 0.000000 0.000000 0.000000 0.000000 0.000000 -37.062944 -35.748190 92.215334 -131.691328 -27.230504 167.598296 0.000000 0.000000 0.000000 5.972230 0.761066 3.534815 -3.023316 -1.532106 -3.098950 5.910689 -6.914961 4.143236 0.000000 0.000000 0.000000 4.999028 -1.803223 -0.118089 0.689014 0.474533 1.041952 12.313500 -30.381783 0.311001 0.000000 0.000000 0.000000
-0.011898 0.247671 0.000000 -9.158335 -0.710369 -7.737509 -0.049864 0.012482 -0.154687 5.638543 8.986031 8.162381 1.552074 0.125864 6.634666 1.555927 -0.053471 6.642964 0.000000 0.000000 0.000000 -19.361345 24.964085 -75.236401 160.870069 46.596371 171.701741 0.000000 0.000000 0.000000 0.000000 0.000000 0.000000 -37.089018 -35.762249 92.234784 -131.649370 -27.207578 167.595842 0.000000 0.000000 0.000000 5.763585 0.710214 3.509761 -2.836457 -1.443482 -3.100453 5.987008 -6.986213 4.180845 0.000000 0.000000 0.000000 4.999028 -1.803223 -0.118089 0.689014 0.474533 1.041952 12.231282 -30.314699 0.392767 0.000000 0.000000 0.000000
-0.003253 0.248495 0.000000 -9.218681 -0.719288 -7.783741 -0.051567 0.012535 -0.156760 5.608106 9.262939 8.231706 0.721556 -0.350330 6.739977 0.675560 -0.432538 6.743282 0.000000 0.000000 0.000000 -19.227399 24.734321 -75.366658 160.900860 45.756400 171.874811 0.000000 0.000000 0.000000 0.000000 0.000000 0.000000 -37.033689 -35.576460 92.460441 -127.581445 -26.815255 166.638233 0.000000 0.000000 0.000000 7.224965 1.056071 3.718049 -4.125386 -2.045882 -2.973936 5.579152 -5.224774 3.197614 0.000000 0.000000 0.000000 4.999028 -1.803223 -0.118089 0.689014 0.474533 1.041952 13.284954 -31.396201 -0.524548 0.000000 0.000000 0.000000
0.046584 0.249371 0.000000 -9.447192 -0.762178 -7.695282 -0.054735 0.013111 -0.164751 5.656968 8.816327 8.145338 -0.289909 -1.161524 6.696711 -0.421824 -1.120483 6.705226 0.000000 0.000000 0.000000 -20.221115 25.695872 -75.970602 161.485721 42.530664 172.662196 0.000000 0.000000 0.000000 0.000000 0.000000 0.000000 -37.937090 -36.243202 92.801053 -120.641952 -25.116480 165.623804 0.000000 0.000000 0.000000 6.995358 0.987939 3.729359 -3.453937 -1.726881 -2.965054 5.432659 -4.590337 2.838545 0.000000 0.000000 0.000000 4.999028 -1.803223 -0.118089 0.689014 0.474533 1.041952 13.204620 -31.296047 -0.463710 0.000000 0.000000 0.000000
0.181830 0.249670 0.000000 -9.844649 -0.835640 -7.565472 -0.060409 0.014102 -0.178707 5.796747 7.537103 7.986546 -0.432937 -1.897065 6.480113 -0.643101 -1.834462 6.488840 0.000000 0.000000 0.000000 -22.774376 28.017830 -77.696011 138.165414 37.277876 147.170917 0.000000 0.000000 0.000000 0.000000 0.000000 0.000000 -39.946312 -37.888877 93.260358 -108.423598 -21.992470 164.039703 0.000000 0.000000 0.000000 6.569478 0.885496 3.674736 -2.049529 -1.071889 -3.116106 4.873696 -5.143498 3.166119 0.000000 0.000000 0.000000 4.999028 -1.803223 -0.118089 0.689014 0.474533 1.041952 12.328250 -30.038307 0.100704 0.000000 0.000000 0.000000
0.519853 0.247606 0.000000 -9.785561 -0.828910 -7.449704 -0.057687 0.014196 -0.176950 5.938510 6.226870 7.787461 0.777372 -2.374130 6.326030 0.505856 -2.447111 6.281767 0.000000 0.000000 0.000000 -25.733645 30.513095 -79.878014 20.210666 31.201502 24.756385 0.000000 0.000000 0.000000 0.000000 0.000000 0.000000 -40.951213 -38.520396 93.796604 -98.017921 -20.536393 162.102399 0.000000 0.000000 0.000000 5.941165 0.765939 3.494140 -1.197980 -0.679677 -3.336893 4.713482 -6.607322 4.016154 0.000000 0.000000 0.000000 4.999028 -1.803223 -0.118089 0.689014 0.474533 1.041952 11.279870 -28.198100 0.610187 0.000000 0.000000 0.000000
1.183925 0.244687 0.000000 -9.231155 -0.733177 -7.450147 -0.047849 0.013095 -0.158114 6.197609 3.831943 7.597314 2.045692 -3.231975 6.546963 1.647232 -3.446863 6.414877 0.000000 0.000000 0.000000 -26.209556 30.381725 -81.211705 -176.320813 28.882267 -179.066238 0.000000 0.000000 0.000000 0.000000 0.000000 0.000000 -39.868269 -37.928670 93.083776 -101.312143 -20.551854 163.131754 0.000000 0.000000 0.000000 5.274876 0.584356 3.477820 -1.183193 -0.701980 -3.954304 4.777070 -8.718201 5.246389 0.000000 0.000000 0.000000 4.999028 -1.803223 -0.118089 0.689014 0.474533 1.041952 9.984573 -25.454427 0.981822 0.000000 0.000000 0.000000
2.128112 0.243177 0.000000 -8.774009 -0.651199 -7.546310 -0.041068 0.012050 -0.142661 6.237449 3.461206 7.650439 2.858972 -4.186159 6.795063 2.319603 -4.497533 6.574896 0.000000 0.000000 0.000000 -26.253588 30.450709 -81.169511 -175.921584 26.136021 -179.148308 0.000000 0.000000 0.000000 0.000000 0.000000 0.000000 -39.225063 -37.295199 93.105862 -99.789807 -19.923430 163.326941 0.000000 0.000000 0.000000 4.722274 0.367495 3.685932 -1.159989 -0.731911 -5.031730 4.398814 -11.108172 6.687147 0.000000 0.000000 0.000000 4.999028 -1.803223 -0.118089 0.689014 0.474533 1.041952 10.440957 -24.008492 -0.502411 0.000000 0.000000 0.000000
3.132203 0.243529 0.000000 -9.519169 -0.770995 -7.827685 -0.058204 0.013001 -0.167075 6.236045 3.474318 7.963160 3.103792 -3.790421 6.607224 2.623633 -4.129072 6.391814 0.000000 0.000000 0.000000 -27.779890 32.156800 -81.255212 -145.672711 23.371858 -150.705245 0.000000 0.000000 0.000000 0.000000 0.000000 0.000000 -41.695623 -39.255221 93.753643 -81.469175 -16.383985 161.017832 0.000000 0.000000 0.000000 4.518095 0.213214 4.019964 0.109800 -0.144556 -6.092142 3.695415 -13.939110 8.427166 0.000000 0.000000 0.000000 4.999028 -1.803223 -0.118089 0.689014 0.474533 1.041952 13.253481 -25.056173 -4.072325 0.000000 0.000000 0.000000
3.978789 0.244039 0.000000 -9.729352 -0.798993 -8.128143 -0.066994 0.012885 -0.174401 6.184764 3.951533 8.298188 1.975267 -3.448804 6.115482 1.584157 -3.646431 5.987375 0.000000 0.000000 0.000000 -27.474212 31.928285 -81.030979 -28.819226 23.103012 -27.101520 0.000000 0.000000 0.000000 0.000000 0.000000 0.000000 -42.502894 -39.346419 94.811643 -76.465569 -15.512252 160.389791 0.000000 0.000000 0.000000 3.962563 -0.030769 4.336754 0.442724 -0.004778 -7.028000 4.139201 -15.355860 9.215077 0.000000 0.000000 0.000000 4.999028 -1.803223 -0.118089 0.689014 0.474533 1.041952 14.152876 -25.099153 -5.354673 0.000000 0.000000 0.000000
4.562202 0.245129 0.000000 -9.904907 -0.818721 -8.545237 -0.078105 0.012381 -0.180563 6.157607 4.204066 8.735503 0.644226 -3.323388 5.631103 0.310415 -3.372629 5.583149 0.000000 0.000000 0.000000 -27.638605 31.965926 -81.309289 172.716313 22.350959 178.586957 0.000000 0.000000 0.000000 0.000000 0.000000 0.000000 -43.204366 -39.345613 95.841627 -72.996897 -14.580585 160.386505 0.000000 0.000000 0.000000 3.719848 -0.186394 4.651480 0.654249 0.088504 -7.620070 5.112378 -15.570993 9.207702 0.000000 0.000000 0.000000 4.999028 -1.803223 -0.118089 0.689014 0.474533 1.041952 13.722192 -25.261737 -4.636344 0.000000 0.000000 0.000000
4.879116 0.247615 0.000000 -10.068151 -0.827865 -9.305591 -0.096392 0.011031 -0.186210 6.154425 4.233651 9.498521 0.047660 -3.156574 5.326099 -0.246149 -3.147322 5.315311 0.000000 0.000000 0.000000 -28.247665 32.283476 -81.997890 167.833817 20.845921 177.753781 0.000000 0.000000 0.000000 0.000000 0.000000 0.000000 -43.775547 -39.476542 96.462872 -71.427616 -13.769768 160.933123 0.000000 0.000000 0.000000 3.768177 -0.313301 5.140157 0.965524 0.248190 -7.715217 5.303680 -15.046335 8.878529 0.000000 0.000000 0.000000 4.999028 -1.803223 -0.118089 0.689014 0.474533 1.041952 13.740820 -26.015579 -4.211118 0.000000 0.000000 0.000000
4.985297 0.250367 0.000000 -10.212313 -0.836257 -10.039639 -0.115991 0.009459 -0.191198 6.150903 4.266378 10.233754 -0.012037 -3.102713 5.172908 -0.292338 -3.090061 5.165720 0.000000 0.000000 0.000000 -29.169527 32.926390 -82.718742 167.033341 19.027024 177.820445 0.000000 0.000000 0.000000 0.000000 0.000000 0.000000 -44.305746 -39.928804 96.518263 -69.491541 -13.355049 160.840464 0.000000 0.000000 0.000000 3.932402 -0.339597 5.382535 0.844369 0.199291 -7.125709 5.626987 -13.406097 7.881841 0.000000 0.000000 0.000000 4.999028 -1.803223 -0.118089 0.689014 0.474533 1.041952 13.561806 -26.555658 -3.632531 0.000000 0.000000 0.000000
4.949585 0.252588 0.000000 -10.389011 -0.859310 -10.501030 -0.132271 0.008403 -0.197519 6.184610 3.953156 10.676061 -0.744628 -3.020613 4.931247 -0.998371 -2.948303 4.966188 0.000000 0.000000 0.000000 -29.384916 32.950225 -83.113719 163.598283 17.729420 177.415937 0.000000 0.000000 0.000000 0.000000 0.000000 0.000000 -44.230986 -40.102352 96.139857 -71.719993 -13.476775 161.439201 0.000000 0.000000 0.000000 4.032738 -0.277776 5.257482 0.817207 0.210206 -6.149041 5.583359 -12.576598 7.407901 0.000000 0.000000 0.000000 4.999028 -1.803223 -0.118089 0.689014 0.474533 1.041952 13.279715 -26.634041 -3.179050 0.000000 0.000000 0.000000
4.856112 0.253460 0.000000 -10.437740 -0.863896 -10.718025 -0.139382 0.007820 -0.199219 6.208419 3.731753 10.876445 -2.081073 -3.229920 4.723833 -2.329307 -3.052691 4.842440 0.000000 0.000000 0.000000 -27.920508 31.463815 -82.855122 155.964813 17.904023 176.152686 0.000000 0.000000 0.000000 0.000000 0.000000 0.000000 -43.232007 -39.524981 95.599347 -78.712438 -14.710070 162.116734 0.000000 0.000000 0.000000 3.886870 -0.299385 5.200647 0.642256 0.133156 -5.720061 5.532547 -11.578165 6.840000 0.000000 0.000000 0.000000 4.999028 -1.803223 -0.118089 0.689014 0.474533 1.041952 12.831363 -26.314878 -2.718464 0.000000 0.000000 0.000000
4.633965 0.252647 0.000000 -10.482444 -0.867980 -10.925948 -0.146298 0.007240 -0.200769 6.220630 3.618142 11.075376 -3.493769 -3.620738 4.632171 -3.752566 -3.336653 4.859181 0.000000 0.000000 0.000000 -26.862014 30.341586 -82.741777 153.039815 18.548887 175.495623 0.000000 0.000000 0.000000 0.000000 0.000000 0.000000 -42.144708 -38.878019 95.018666 -84.569901 -15.751836 162.707844 0.000000 0.000000 0.000000 3.807842 -0.355868 5.326965 0.370077 0.005284 -5.444110 5.907377 -10.411783 6.140045 0.000000 0.000000 0.000000 4.999028 -1.803223 -0.118089 0.689014 0.474533 1.041952 12.690328 -26.197396 -2.581897 0.000000 0.000000 0.000000
4.133808 0.250224 0.000000 -10.452112 -0.857470 -11.107333 -0.149840 0.006706 -0.199495 6.235330 3.481327 11.243972 -4.078819 -4.069201 4.634652 -4.363546 -3.740083 4.927218 0.000000 0.000000 0.000000 -26.222867 29.746357 -82.500339 149.114263 19.810450 174.447453 0.000000 0.000000 0.000000 0.000000 0.000000 0.000000 -40.621323 -37.815789 94.425011 -94.866753 -17.332595 164.100509 0.000000 0.000000 0.000000 3.567121 -0.467416 5.499570 -0.082484 -0.212428 -5.196098 6.489878 -9.461529 5.557513 0.000000 0.000000 0.000000 4.999028 -1.803223 -0.118089 0.689014 0.474533 1.041952 12.320072 -25.933107 -2.196651 0.000000 0.000000 0.000000
3.216237 0.247332 0.000000 -10.385533 -0.843347 -11.132209 -0.148047 0.006614 -0.196980 6.231478 3.517137 11.269063 -3.825320 -3.983617 4.748989 -4.114347 -3.664853 5.017206 0.000000 0.000000 0.000000 -25.702247 29.513273 -81.786103 145.313664 21.531254 173.175069 0.000000 0.000000 0.000000 0.000000 0.000000 0.000000 -38.625546 -36.091504 94.176321 -103.810467 -19.007237 165.037271 0.000000 0.000000 0.000000 3.540976 -0.497401 5.581750 0.054516 -0.136640 -4.962369 6.826105 -8.857419 5.194434 0.000000 0.000000 0.000000 4.999028 -1.803223 -0.118089 0.689014 0.474533 1.041952 11.849027 -25.808056 -1.581364 0.000000 0.000000 0.000000
2.108058 0.243965 0.000000 -10.206958 -0.817102 -10.755362 -0.132605 0.007580 -0.190668 6.194947 3.856813 10.912281 -4.365882 -4.324905 4.762463 -4.672067 -3.963615 5.098402 0.000000 0.000000 0.000000 -24.841946 28.793864 -81.243340 140.882862 23.133564 171.591382 0.000000 0.000000 0.000000 0.000000 0.000000 0.000000 -38.412854 -35.478231 94.878864 -98.630921 -18.756003 163.808301 0.000000 0.000000 0.000000 3.488642 -0.475224 5.455582 -0.065168 -0.198241 -5.005546 6.534938 -9.205772 5.408812 0.000000 0.000000 0.000000 4.999028 -1.803223 -0.118089 0.689014 0.474533 1.041952 11.394358 -26.040803 -0.774319 0.000000 0.000000 0.000000
1.122955 0.240090 0.000000 -9.804716 -0.755061 -10.109618 -0.105065 0.008956 -0.176427 6.130924 4.451503 10.293457 -5.109952 -4.834988 4.881347 -5.449189 -4.405574 5.318103 0.000000 0.000000 0.000000 -23.621844 27.711006 -80.579248 134.487437 25.448134 169.135223 0.000000 0.000000 0.000000 0.000000 0.000000 0.000000 -38.817666 -35.070398 96.222737 -91.657964 -18.441070 162.002663 0.000000 0.000000 0.000000 3.509017 -0.465443 5.440402 -0.700070 -0.528043 -5.371661 5.941560 -9.550571 5.646458 0.000000 0.000000 0.000000 4.999028 -1.803223 -0.118089 0.689014 0.474533 1.041952 10.338175 -25.649906 0.569473 0.000000 0.000000 0.000000
0.493988 0.236378 0.000000 -9.470616 -0.719160 -9.148071 -0.077289 0.010669 -0.164931 6.047800 5.222448 9.371105 -5.467211 -4.874613 5.220664 -5.829821 -4.385273 5.694259 0.000000 0.000000 0.000000 -23.152979 27.307391 -80.279072 131.833881 26.622765 167.961465 0.000000 0.000000 0.000000 0.000000 0.000000 0.000000 -39.638257 -34.694325 98.161628 -81.116125 -17.624754 159.434480 0.000000 0.000000 0.000000 3.748600 -0.316989 5.138559 -1.543505 -0.962953 -5.715396 5.088116 -10.133878 6.041790 0.000000 0.000000 0.000000 4.999028 -1.803223 -0.118089 0.689014 0.474533 1.041952 9.198484 -24.592628 1.670076 0.000000 0.000000 0.000000
0.142892 0.234038 0.000000 -9.534180 -0.773107 -7.818434 -0.058827 0.012990 -0.167567 5.953041 6.095093 8.116477 -5.338920 -4.847916 5.470900 -5.720558 -4.343789 5.930577 0.000000 0.000000 0.000000 -23.041274 27.565959 -79.433488 139.024509 28.507733 169.264600 0.000000 0.000000 0.000000 0.000000 0.000000 0.000000 -40.560912 -34.468583 99.962939 -72.006903 -16.505644 157.287408 0.000000 0.000000 0.000000 3.938634 -0.039016 4.343370 -1.719794 -1.044744 -5.587330 4.353085 -9.880155 5.948849 0.000000 0.000000 0.000000 4.999028 -1.803223 -0.118089 0.689014 0.474533 1.041952 8.832958 -24.040440 1.905451 0.000000 0.000000 0.000000
0.012672 0.234484 0.000000 -9.656476 -0.840541 -6.285362 -0.040360 0.015554 -0.172295 5.707694 8.348198 6.769566 -5.316329 -4.760281 5.800404 -5.715420 -4.224982 6.251544 0.000000 0.000000 0.000000 -22.252589 27.847527 -76.849916 145.457956 31.732340 169.856743 0.000000 0.000000 0.000000 0.000000 0.000000 0.000000 -41.752518 -34.464733 101.746679 -61.856197 -15.609696 154.055061 0.000000 0.000000 0.000000 4.022425 0.247346 3.434610 -1.939025 -1.130065 -5.154142 3.985700 -8.366885 5.071241 0.000000 0.000000 0.000000 4.999028 -1.803223 -0.118089 0.689014 0.474533 1.041952 8.778446 -23.044567 1.407875 0.000000 0.000000 0.000000
0.033476 0.237678 0.000000 -9.861538 -0.916776 -4.862071 -0.027505 0.017828 -0.179820 5.461298 10.591613 5.562238 -5.300077 -4.347756 6.093327 -5.685399 -3.785190 6.509895 0.000000 0.000000 0.000000 -21.588886 28.736131 -73.381801 138.450867 33.383526 166.956488 0.000000 0.000000 0.000000 0.000000 0.000000 0.000000 -42.832752 -34.636845 103.030582 -52.649295 -14.452688 151.242462 0.000000 0.000000 0.000000 4.366154 0.599359 2.569231 -1.986751 -1.086521 -3.898281 3.163545 -4.470321 2.774447 0.000000 0.000000 0.000000 4.999028 -1.803223 -0.118089 0.689014 0.474533 1.041952 8.723469 -21.982511 0.867120 0.000000 0.000000 0.000000
0.156975 0.240509 0.000000 -9.630885 -0.920681 -3.675139 -0.016486 0.018123 -0.171961 5.302210 12.015529 4.475474 -5.110224 -3.772421 6.443988 -5.468114 -3.190433 6.795880 0.000000 0.000000 0.000000 -21.276035 30.284488 -69.440697 128.905344 34.462466 163.071829 0.000000 0.000000 0.000000 0.000000 0.000000 0.000000 -42.755824 -34.533762 103.090994 -52.070348 -14.571835 150.671227 0.000000 0.000000 0.000000 5.313097 1.088344 1.880436 -1.659351 -0.874288 -2.646088 2.018939 -0.946480 0.655431 0.000000 0.000000 0.000000 4.999028 -1.803223 -0.118089 0.689014 0.474533 1.041952 7.718742 -20.483664 1.523878 0.000000 0.000000 0.000000
0.383835 0.241629 0.000000 -9.011422 -0.880893 -2.440278 -0.007764 0.016676 -0.151242 5.094465 13.862821 3.292678 -5.561810 -3.684300 7.710280 -5.977646 -2.917211 8.096912 0.000000 0.000000 0.000000 -19.023096 29.807266 -64.269798 128.666493 38.771131 160.853630 0.000000 0.000000 0.000000 0.000000 0.000000 0.000000 -41.609051 -33.834236 102.615027 -56.846069 -15.858120 151.129851 0.000000 0.000000 0.000000 7.210814 1.881097 1.178248 -0.527310 -0.273235 -1.114874 1.561424 0.450705 -0.211751 0.000000 0.000000 0.000000 4.999028 -1.803223 -0.118089 0.689014 0.474533 1.041952 6.228699 -16.804845 1.605399 0.000000 0.000000 0.000000
0.876611 0.242358 0.000000 -8.187952 -0.818100 -1.353188 -0.002670 0.014101 -0.124211 4.983272 14.830075 2.127525 -5.951285 -4.104252 9.950452 -6.525946 -3.046251 10.416102 0.000000 0.000000 0.000000 -16.667040 29.492505 -58.236118 132.270850 43.409917 159.754426 0.000000 0.000000 0.000000 0.000000 0.000000 0.000000 -39.191193 -32.606755 101.187936 -67.743179 -18.538980 152.642667 0.000000 0.000000 0.000000 8.729842 2.499854 0.725635 -0.849493 -0.361172 0.194100 2.202663 0.656994 -0.319792 0.000000 0.000000 0.000000 4.999028 -1.803223 -0.118089 0.689014 0.474533 1.041952 5.633929 -13.582050 0.383008 0.000000 0.000000 0.000000
1.761996 0.242572 0.000000 -7.938348 -0.819868 -0.686249 -0.001739 0.013421 -0.117464 4.763945 16.640810 1.561719 -5.788242 -4.017318 11.423890 -6.425628 -2.825940 11.875045 0.000000 0.000000 0.000000 -14.465597 30.455400 -49.642957 123.790501 50.710427 150.745292 0.000000 0.000000 0.000000 0.000000 0.000000 0.000000 -37.709580 -31.570059 100.776070 -69.404970 -19.205125 152.508729 0.000000 0.000000 0.000000 8.617257 2.555465 0.459558 -1.432082 -0.587696 0.882226 2.368057 -1.740980 1.153949 0.000000 0.000000 0.000000 4.999028 -1.803223 -0.118089 0.689014 0.474533 1.041952 5.730512 -9.826101 -2.682717 0.000000 0.000000 0.000000
3.109945 0.241307 0.000000 -7.028680 -0.737638 -0.356543 -0.001291 0.010688 -0.093460 4.070254 22.373686 1.431954 -5.081153 -3.706100 12.326643 -5.725658 -2.563564 12.692747 0.000000 0.000000 0.000000 -10.462532 30.997180 -36.384298 104.847691 58.994620 130.111742 0.000000 0.000000 0.000000 0.000000 0.000000 0.000000 -34.507543 -28.812948 100.773212 -69.150967 -20.677431 150.350190 0.000000 0.000000 0.000000 7.490239 2.191430 0.481991 -1.030378 -0.451291 0.167903 0.657596 -1.841787 1.180774 0.000000 0.000000 0.000000 5.816610 -2.038217 -0.761252 -0.125857 0.900937 1.534352 3.251527 -2.634391 -3.920817 0.000000 0.000000 0.000000
4.683951 0.236848 0.000000 -5.852312 -0.641535 0.218639 -0.000759 0.007278 -0.063530 3.637033 25.820949 0.770949 -3.772884 -3.709271 12.713244 -4.477015 -2.806955 12.967972 0.000000 0.000000 0.000000 -7.212285 35.301820 -22.925492 70.467384 62.915833 93.441004 0.000000 0.000000 0.000000 0.000000 0.000000 0.000000 -31.240459 -26.805720 99.163015 -77.455526 -23.069243 151.191303 0.000000 0.000000 0.000000 5.698352 1.642740 0.428451 -2.322746 -1.167962 -1.622494 -0.888109 -1.827015 1.164517 0.000000 0.000000 0.000000 9.638776 -3.133563 -3.663875 -3.962531 2.943661 3.873415 0.519917 -2.092244 0.632204 0.000000 0.000000 0.000000
6.012497 0.230651 0.000000 -5.953874 -0.655355 0.256449 -0.000771 0.007547 -0.065858 3.968529 23.256639 0.553068 -2.730035 -4.100072 12.928502 -3.557557 -3.395288 13.118866 0.000000 0.000000 0.000000 -9.469328 47.157594 -21.159314 35.753548 56.112516 62.313020 0.000000 0.000000 0.000000 0.000000 0.000000 0.000000 -31.647279 -27.837417 97.676100 -90.259325 -24.278686 155.816593 0.000000 0.000000 0.000000 7.541543 1.889177 1.304079 -7.490781 -3.909956 -4.300398 -2.913910 -3.799681 2.424221 0.000000 0.000000 0.000000 16.181627 -5.012972 -8.369318 -10.792901 6.622917 8.021666 1.647669 -7.679127 3.182247 0.000000 0.000000 0.000000
6.848020 0.224400 0.000000 -6.427674 -0.655278 -0.638812 -0.001439 0.008755 -0.076912 4.395081 19.744102 1.310865 -3.180256 -4.498442 12.703749 -4.062790 -3.698919 12.944066 0.000000 0.000000 0.000000 -11.784732 49.706072 -25.105800 50.220281 55.263168 80.985956 0.000000 0.000000 0.000000 0.000000 0.000000 0.000000 -30.731858 -27.331648 97.001239 -76.023042 -26.583711 131.425314 0.000000 0.000000 0.000000 13.016528 2.416742 4.218920 -13.502213 -7.626074 -8.377898 -2.989946 -5.749989 3.702205 0.000000 0.000000 0.000000 16.135023 -5.053882 -7.490518 -12.018451 7.188862 8.453975 2.148666 -7.315539 1.839334 0.000000 0.000000 0.000000
7.336710 0.217143 0.000000 -7.141419 -0.648120 -2.459594 -0.005744 0.010429 -0.095404 5.151465 13.286386 2.853797 -2.140420 -4.759496 12.240012 -3.083182 -4.198367 12.398052 0.000000 0.000000 0.000000 -11.042931 45.126963 -26.673307 83.188917 62.206400 108.449441 0.000000 0.000000 0.000000 0.000000 0.000000 0.000000 -30.732278 -28.943686 93.317544 14.816637 -32.170643 16.714991 0.000000 0.000000 0.000000 18.725408 2.055877 8.987624 -16.593380 -10.454557 -14.044043 -0.240562 -9.180444 5.831156 0.000000 0.000000 0.000000 12.805447 -4.240178 -4.013707 -11.468429 5.697117 6.413944 3.453283 -3.723329 -3.309721 0.000000 0.000000 0.000000
7.688631 0.207328 0.000000 -8.101213 -0.635952 -5.345651 -0.017838 0.012168 -0.121789 5.927859 6.310764 5.547484 -1.381753 -4.889665 11.560038 -2.314589 -4.493660 11.654153 0.000000 0.000000 0.000000 -13.004397 38.044959 -37.671154 119.821069 57.334574 143.785685 0.000000 0.000000 0.000000 0.000000 0.000000 0.000000 -25.906399 -27.809408 85.404622 162.805141 -44.205487 -172.042879 0.000000 0.000000 0.000000 20.678813 0.367517 13.797191 -16.724630 -11.385490 -17.557371 3.690114 -10.239400 6.211928 0.000000 0.000000 0.000000 8.294562 -2.878564 2.450556 -10.728981 1.885278 0.981338 6.299516 -9.762459 -4.001373 0.000000 0.000000 0.000000
7.920343 0.196663 0.000000 -8.253697 -0.550575 -7.562452 -0.027017 0.011741 -0.126742 6.881703 -2.250019 7.635223 -0.580425 -6.104595 9.796904 -1.578731 -5.932982 9.825983 0.000000 0.000000 0.000000 -17.594938 31.959926 -56.942153 114.536577 39.582480 133.811737 0.000000 0.000000 0.000000 0.000000 0.000000 0.000000 -20.632843 -25.899462 75.799126 130.868527 -48.806540 -155.480736 0.000000 0.000000 0.000000 22.696475 -0.429990 16.410303 -18.807246 -12.739568 -17.595989 3.352003 -11.285301 6.909118 0.000000 0.000000 0.000000 4.686484 -1.598692 10.818589 -12.882903 -5.505752 -9.519122 4.427441 -19.273728 5.284391 0.000000 0.000000 0.000000
7.851028 0.190802 0.000000 -7.135466 -0.237177 -9.664625 -0.007481 0.010210 -0.095179 8.735267 -17.943834 9.779918 -2.254987 -9.383993 9.115769 -3.657056 -8.944572 9.356122 0.000000 0.000000 0.000000 -22.851965 29.016268 -74.534027 61.848151 26.485037 33.829418 0.000000 0.000000 0.000000 0.000000 0.000000 0.000000 -15.107670 -24.569502 61.845340 105.528577 -53.150625 -138.362835 0.000000 0.000000 0.000000 22.350183 -1.235434 18.155834 -18.851683 -12.524284 -16.708414 0.974184 -14.563702 9.395253 0.000000 0.000000 0.000000 6.534643 -2.702284 19.970836 -22.351905 -13.773651 -20.080197 -0.821208 -27.533529 18.846446 0.000000 0.000000 0.000000
7.421768 0.204662 0.000000 -6.094873 0.130435 -12.509459 0.024751 0.010565 -0.068039 11.153412 -35.986335 12.931663 -4.318617 -8.207133 8.340732 -5.342399 -7.534827 8.911735 0.000000 0.000000 0.000000 -31.108888 29.928228 -92.786566 -56.225363 15.166101 -150.653728 0.000000 0.000000 0.000000 0.000000 0.000000 0.000000 -19.412086 -29.653346 55.807271 90.259353 -57.440759 -114.252267 0.000000 0.000000 0.000000 17.758646 -2.999155 20.802673 -12.892751 -8.859839 -17.749498 -1.787067 -25.954287 17.273352 0.000000 0.000000 0.000000 10.421719 -5.099256 28.343508 -31.030340 -19.265232 -25.245791 -6.171215 -23.259030 26.482869 0.000000 0.000000 0.000000
6.711420 0.235519 0.000000 -6.079043 0.278843 -14.785571 0.035295 0.011636 -0.067422 18.811007 -45.287115 20.547094 -4.276680 -5.881206 7.720505 -4.936941 -5.281325 8.085876 0.000000 0.000000 0.000000 -31.702885 23.934531 -100.674583 -28.434558 9.730737 -127.963183 0.000000 0.000000 0.000000 0.000000 0.000000 0.000000 -45.552414 -50.942403 70.715978 36.338759 -46.770315 -47.343505 0.000000 0.000000 0.000000 13.304172 -4.631821 23.798342 -6.068033 -4.719877 -20.224079 -4.249493 -41.981962 31.339418 0.000000 0.000000 0.000000 9.707291 -4.775967 31.876939 -24.621619 -24.619135 -33.355614 -18.701244 -20.947932 48.560846 0.000000 0.000000 0.000000
6.004920 0.268734 0.000000 -6.185127 0.349635 -16.281942 0.035809 0.011945 -0.069606 53.310217 -56.955280 52.149165 -4.881790 2.065512 7.369113 -4.249097 2.653101 6.967796 0.000000 0.000000 0.000000 -24.818954 20.051225 -73.085154 -4.747075 8.939895 -59.955032 0.000000 0.000000 0.000000 0.000000 0.000000 0.000000 -62.775642 -74.640443 69.380814 -24.590932 -35.617972 31.539235 0.000000 0.000000 0.000000 10.402307 -5.901555 26.980532 -1.617554 -1.790095 -23.900778 -20.084810 -58.316303 59.223840 0.000000 0.000000 0.000000 10.201704 -5.004248 30.914814 -20.576357 -25.441964 -35.997231 -27.855964 -18.120493 65.195459 0.000000 0.000000 0.000000
5.359754 0.290529 0.000000 -6.236387 0.311871 -15.893086 0.029841 0.011438 -0.070808 124.653322 -65.189210 117.632941 -6.031704 14.188350 8.678684 -3.008553 14.888550 6.782931 0.000000 0.000000 0.000000 -1.284129 9.093276 -14.887101 4.186567 19.181998 29.641147 0.000000 0.000000 0.000000 0.000000 0.000000 0.000000 -7.933971 -61.712854 13.144942 8.861097 -18.310379 -50.222534 0.000000 0.000000 0.000000 6.053723 -6.906100 29.468148 2.934351 1.241536 -30.238802 -54.121639 -65.501825 95.752394 0.000000 0.000000 0.000000 13.315926 -6.856190 26.103574 -22.247659 -22.940592 -31.966721 -31.856980 -26.511883 71.299650 0.000000 0.000000 0.000000
4.865831 0.305381 0.000000 -6.274051 0.286458 -15.641267 0.025810 0.011104 -0.071690 170.507087 -68.518327 159.526914 -6.785293 19.226094 10.803504 -1.736602 20.033251 7.779524 0.000000 0.000000 0.000000 -0.973882 7.329244 -11.513873 4.065711 33.452168 20.610842 0.000000 0.000000 0.000000 0.000000 0.000000 0.000000 -10.097109 -54.118563 18.450989 11.708807 -16.704559 -54.752546 0.000000 0.000000 0.000000 5.188855 -7.179201 30.295005 3.301396 1.518768 -31.540746 -52.087930 -63.941120 92.417093 0.000000 0.000000 0.000000 13.461021 -6.676722 22.869498 -17.933278 -22.396913 -32.973788 -36.094659 -49.503376 75.014307 0.000000 0.000000 0.000000
4.505523 0.314988 0.000000 -6.227279 0.271511 -15.221710 0.027592 0.011180 -0.070689 173.457273 -64.775859 161.873011 -7.604734 20.899731 11.759147 -1.366304 21.834789 7.958049 0.000000 0.000000 0.000000 -1.645524 8.431261 -13.316076 -0.164118 40.307299 15.928704 0.000000 0.000000 0.000000 0.000000 0.000000 0.000000 -22.851009 -59.284037 36.969161 15.509565 -23.331289 -67.243968 0.000000 0.000000 0.000000 7.495822 -7.671147 32.032393 1.728173 0.164313 -32.884590 -31.400968 -63.951217 70.598138 0.000000 0.000000 0.000000 12.356013 -5.857840 20.906503 -15.996936 -22.390521 -33.776240 -40.115117 -64.914548 77.655654 0.000000 0.000000 0.000000
4.355179 0.321349 0.000000 -6.200979 0.257434 -14.897147 0.028172 0.011179 -0.070138 173.590348 -64.451829 162.109712 -10.599797 22.212777 13.715153 -2.278718 23.790841 8.242967 0.000000 0.000000 0.000000 -2.283750 9.553615 -15.110614 -4.076796 47.411975 11.419626 0.000000 0.000000 0.000000 0.000000 0.000000 0.000000 -39.397998 -62.341753 61.945034 -29.737567 -31.636674 -0.119620 0.000000 0.000000 0.000000 9.452702 -8.691137 35.315849 0.883023 -0.572017 -36.490940 -24.586425 -62.567294 62.802209 0.000000 0.000000 0.000000 10.768109 -4.893454 20.277563 -15.474137 -22.941715 -34.779242 -50.859894 -63.582061 91.578771 0.000000 0.000000 0.000000
4.323710 0.322377 0.000000 -6.243031 0.241064 -14.799903 0.024826 0.010928 -0.071099 170.255097 -67.704963 159.493695 -13.420538 22.105451 15.019673 -3.822679 24.438797 8.341625 0.000000 0.000000 0.000000 -2.888145 10.695126 -16.898672 -7.664218 54.715106 6.989461 0.000000 0.000000 0.000000 0.000000 0.000000 0.000000 -43.825588 -51.824725 79.540492 -137.453017 -25.794121 168.171823 0.000000 0.000000 0.000000 10.280514 -9.628487 38.107096 3.275582 1.677247 -39.704973 -36.434290 -62.264679 73.399859 0.000000 0.000000 0.000000 9.569262 -4.199097 20.344514 -14.788694 -23.456737 -35.819796 -59.256204 -51.783784 107.091299 0.000000 0.000000 0.000000
4.238593 0.315328 0.000000 -6.242466 0.299608 -15.715988 0.029190 0.011386 -0.070970 152.100207 -74.095283 142.964719 -13.746749 19.549618 13.892562 -5.506723 22.063381 7.890868 0.000000 0.000000 0.000000 -3.458269 11.854621 -18.681513 -10.849919 62.171334 2.480631 0.000000 0.000000 0.000000 0.000000 0.000000 0.000000 -41.126380 -43.100361 87.351281 -69.237362 -19.382070 145.405952 0.000000 0.000000 0.000000 11.420301 -10.517042 40.613398 6.293114 4.592484 -41.637674 -41.338639 -62.372405 78.432696 0.000000 0.000000 0.000000 8.373693 -3.540173 21.667485 -14.908324 -24.102704 -36.699245 -69.239619 -31.230878 127.688499 0.000000 0.000000 0.000000
4.197136 0.302216 0.000000 -6.179155 0.431049 -17.499771 0.044852 0.012895 -0.069350 99.657999 -77.645108 93.964429 -10.111577 13.241891 9.122968 -6.269508 14.752472 6.121408 0.000000 0.000000 0.000000 -3.993653 13.030933 -20.460474 -13.306993 69.737581 -2.509861 0.000000 0.000000 0.000000 0.000000 0.000000 0.000000 -36.957383 -35.340264 93.474467 -23.635748 -12.472271 125.134016 0.000000 0.000000 0.000000 13.887194 -10.258167 39.413746 2.785710 1.419758 -37.015723 -23.860218 -61.859351 62.521137 0.000000 0.000000 0.000000 6.982811 -2.737514 23.431050 -17.427749 -23.628652 -35.021310 -61.813014 -37.105212 114.502119 0.000000 0.000000 0.000000
4.465376 0.281853 0.000000 -6.072296 0.597598 -19.616410 0.069036 0.015217 -0.066785 27.674996 -68.452716 26.913476 -7.026806 4.131994 4.074159 -6.315942 4.593736 3.612433 0.000000 0.000000 0.000000 -4.493788 14.222898 -22.236966 -11.294664 77.332227 -11.794476 0.000000 0.000000 0.000000 0.000000 0.000000 0.000000 -25.220034 -23.875383 93.301425 -9.898285 -8.932067 105.920608 0.000000 0.000000 0.000000 18.750895 -9.723660 37.356948 -4.468721 -4.353116 -29.447697 -2.531796 -53.904708 40.001954 0.000000 0.000000 0.000000 6.141003 -2.242551 24.800392 -21.546272 -20.780057 -29.559413 -41.152402 -44.439619 83.090953 0.000000 0.000000 0.000000
5.019944 0.252743 0.000000 -6.131300 0.489674 -18.088428 0.061569 0.014627 -0.068699 14.565127 -49.373235 17.636318 -8.274242 -4.269289 1.662991 -8.179549 -4.090745 2.439588 0.000000 0.000000 0.000000 -4.958118 15.429355 -24.012481 11.777611 83.822477 -14.061646 0.000000 0.000000 0.000000 0.000000 0.000000 0.000000 -22.018290 -27.616365 79.324873 19.806338 -12.589070 14.942334 0.000000 0.000000 0.000000 21.677186 -7.731726 32.345388 -12.029171 -9.225441 -22.841189 15.952349 -43.102937 21.207253 0.000000 0.000000 0.000000 5.316915 -1.787983 22.200477 -21.889011 -17.936544 -25.636816 -26.240893 -47.707710 61.200182 0.000000 0.000000 0.000000
5.405578 0.228343 0.000000 -6.861518 0.089040 -14.577728 -0.008031 0.009214 -0.087126 10.336086 -30.325053 14.242629 -10.583711 -8.965868 2.868139 -10.538048 -8.565974 4.546796 0.000000 0.000000 0.000000 -5.386034 16.649143 -25.788587 74.512676 85.540597 41.433510 0.000000 0.000000 0.000000 0.000000 0.000000 0.000000 -26.051750 -39.039210 66.048974 70.638345 -25.643160 -143.581625 0.000000 0.000000 0.000000 21.131040 -4.676895 25.377367 -16.739893 -11.492576 -18.096338 15.174165 -35.079195 17.370918 0.000000 0.000000 0.000000 3.508730 -0.855552 16.854254 -14.935857 -14.731249 -23.028357 -19.932404 -46.411374 52.148082 0.000000 0.000000 0.000000
5.393620 0.217726 0.000000 -7.858929 -0.226554 -13.148611 -0.068011 0.005696 -0.113017 8.318747 -15.363551 12.687726 -11.335150 -7.228847 5.351914 -11.680744 -6.312678 6.851911 0.000000 0.000000 0.000000 -5.776862 17.881098 -27.566937 140.079961 79.297131 175.392253 0.000000 0.000000 0.000000 0.000000 0.000000 0.000000 -30.063714 -41.847902 70.182067 79.908757 -31.522154 -127.695378 0.000000 0.000000 0.000000 19.739018 -2.737146 20.458649 -18.015917 -11.272105 -13.663569 15.723754 -32.329281 15.859143 0.000000 0.000000 0.000000 2.104613 -0.209297 13.394720 -7.555265 -10.338957 -18.140097 -16.081105 -42.234493 45.281908 0.000000 0.000000 0.000000
5.089047 0.215240 0.000000 -7.737708 -0.215997 -12.846930 -0.060712 0.006164 -0.110234 7.031517 -3.887724 12.606773 -11.383830 -8.292041 4.622454 -11.641382 -7.541171 6.316664 0.000000 0.000000 0.000000 -6.129861 19.124054 -29.349265 140.519712 71.665662 167.713390 0.000000 0.000000 0.000000 0.000000 0.000000 0.000000 -31.531255 -40.153406 75.404031 2.951371 -32.924049 -18.938659 0.000000 0.000000 0.000000 14.466722 -2.186928 17.346762 -16.789147 -9.758791 -10.510165 17.073399 -27.114573 12.901799 0.000000 0.000000 0.000000 3.541905 -0.930488 12.507628 -7.328536 -5.625064 -10.600123 -2.964758 -29.488447 21.924770 0.000000 0.000000 0.000000
4.700495 0.209431 0.000000 -6.960353 -0.097550 -11.814028 -0.015584 0.008604 -0.088862 6.025355 5.429759 11.855005 -9.193811 -8.900800 4.330492 -9.469494 -8.369136 5.818931 0.000000 0.000000 0.000000 -6.444206 20.376836 -31.137400 138.219114 64.077266 162.617031 0.000000 0.000000 0.000000 0.000000 0.000000 0.000000 -33.353279 -37.796713 82.416165 -150.041940 -32.721817 171.081485 0.000000 0.000000 0.000000 8.767060 -2.286112 15.075037 -16.552559 -9.239756 -8.623838 13.965574 -17.521678 8.714627 0.000000 0.000000 0.000000 7.371906 -2.744325 11.305961 -8.581917 -1.251528 -3.530329 1.435109 -15.615438 8.969183 0.000000 0.000000 0.000000
4.382677 0.203763 0.000000 -7.076206 -0.217309 -10.092382 -0.016363 0.008896 -0.092118 5.926977 6.336175 10.161514 -6.179496 -7.354242 5.383095 -6.689895 -6.800312 6.174962 0.000000 0.000000 0.000000 -6.660604 21.534465 -32.603169 135.879196 57.246975 158.627673 0.000000 0.000000 0.000000 0.000000 0.000000 0.000000 -33.585852 -35.926532 85.900033 -139.012779 -30.724871 168.244706 0.000000 0.000000 0.000000 6.903323 -1.597783 11.867494 -13.747916 -7.270730 -6.233873 5.312335 -10.880426 6.243104 0.000000 0.000000 0.000000 11.603513 -4.689659 9.100496 -7.920408 1.492113 0.963747 2.476426 -12.694628 5.255889 0.000000 0.000000 0.000000
4.249430 0.198562 0.000000 -6.994182 -0.282355 -8.645920 -0.011582 0.009199 -0.090249 5.694879 8.466498 8.746595 -5.918718 -6.371331 5.808694 -6.405999 -5.783003 6.464477 0.000000 0.000000 0.000000 -6.476965 22.670020 -31.744881 133.136546 55.058638 153.748826 0.000000 0.000000 0.000000 0.000000 0.000000 0.000000 -34.015064 -35.006577 88.259004 -126.843616 -30.013317 164.712470 0.000000 0.000000 0.000000 5.957256 -1.029094 9.365731 -11.430338 -5.609859 -3.501006 -0.543898 -4.452904 2.814494 0.000000 0.000000 0.000000 11.787279 -4.715902 8.131732 -5.330456 1.603383 1.678923 2.697699 -8.937688 2.174356 0.000000 0.000000 0.000000
4.248927 0.194736 0.000000 -6.664894 -0.313605 -7.062529 -0.003419 0.009141 -0.082096 5.379642 11.276871 7.200089 -6.149833 -4.675562 6.890050 -6.535273 -3.954479 7.415248 0.000000 0.000000 0.000000 -5.459115 25.683970 -24.997258 118.388589 63.688603 134.622990 0.000000 0.000000 0.000000 0.000000 0.000000 0.000000 -34.201349 -33.714165 90.883894 -113.494168 -28.511929 161.052511 0.000000 0.000000 0.000000 5.311022 -0.540961 7.253303 -10.043499 -4.785343 -2.424713 0.825451 1.496827 -0.812873 0.000000 0.000000 0.000000 11.726922 -4.620750 6.728649 -2.882726 1.144831 1.438183 3.295139 -5.960396 -1.192934 0.000000 0.000000 0.000000
4.310162 0.194116 0.000000 -6.373272 -0.380537 -5.108838 0.000193 0.008734 -0.075201 4.786722 16.417579 5.390576 -5.079795 -1.778345 8.496497 -5.289034 -1.037153 8.673225 0.000000 0.000000 0.000000 -4.154396 34.393530 -14.293678 73.152068 77.258904 83.700547 0.000000 0.000000 0.000000 0.000000 0.000000 0.000000 -35.200598 -32.280735 95.283316 -91.937750 -25.076498 155.517311 0.000000 0.000000 0.000000 5.138742 0.049985 5.127952 -8.514569 -3.993550 -1.874996 6.240866 3.971477 -1.959699 0.000000 0.000000 0.000000 10.596470 -4.005707 4.164947 -0.982464 0.789392 1.251846 3.105620 -6.248757 -0.624548 0.000000 0.000000 0.000000
4.418131 0.196756 0.000000 -6.182730 -0.443112 -3.588129 0.000806 0.008289 -0.070790 4.149464 21.840432 4.092181 -2.793512 -2.558570 9.355537 -3.165720 -2.075830 9.480324 0.000000 0.000000 0.000000 -4.089192 44.475799 -9.984495 32.676961 76.189151 41.050928 0.000000 0.000000 0.000000 0.000000 0.000000 0.000000 -35.983851 -31.203194 98.605309 -74.386106 -22.300525 150.911445 0.000000 0.000000 0.000000 5.121905 0.384135 4.009463 -7.774408 -3.614969 -1.588789 6.120640 5.485819 -2.829068 0.000000 0.000000 0.000000 10.548763 -3.840276 1.023458 -0.489764 1.389172 2.459461 2.924221 -8.258158 1.335757 0.000000 0.000000 0.000000
4.597445 0.200872 0.000000 -6.247567 -0.525837 -2.378846 -0.000323 0.008345 -0.072327 4.232314 21.165234 2.947626 -2.152013 -3.334795 9.545975 -2.665083 -2.935860 9.666122 0.000000 0.000000 0.000000 -5.255475 45.291943 -12.946279 34.222508 67.141680 49.515106 0.000000 0.000000 0.000000 0.000000 0.000000 0.000000 -37.264077 -31.707114 99.795793 -71.803443 -20.957242 151.298446 0.000000 0.000000 0.000000 5.619191 0.848313 2.936477 -8.558403 -3.905081 -1.011549 3.971757 6.014569 -3.352131 0.000000 0.000000 0.000000 10.451762 -3.724808 -1.094823 -0.427390 1.915914 3.449868 3.489470 -8.761751 0.677645 0.000000 0.000000 0.000000
4.823865 0.206125 0.000000 -6.333888 -0.566862 -1.883933 -0.000732 0.008550 -0.074481 4.421477 19.614824 2.416892 -2.210573 -3.565095 9.894920 -2.771267 -3.140093 10.027272 0.000000 0.000000 0.000000 -6.199516 37.796627 -18.161684 53.678040 64.956575 74.429898 0.000000 0.000000 0.000000 0.000000 0.000000 0.000000 -36.416795 -30.507668 100.688596 -79.581556 -21.857971 153.709460 0.000000 0.000000 0.000000 6.155386 1.080367 2.677868 -9.394508 -4.248730 -0.714957 2.063342 5.801012 -3.437644 0.000000 0.000000 0.000000 9.151894 -3.239064 -1.884530 0.420258 1.871661 3.601369 3.168400 -6.774439 -0.331071 0.000000 0.000000 0.000000
5.195408 0.211811 0.000000 -6.789433 -0.602273 -2.265833 -0.001608 0.009828 -0.086334 4.607766 18.030984 2.814115 -2.086742 -2.428491 10.543786 -2.478726 -2.015351 10.634141 0.000000 0.000000 0.000000 -5.481039 30.183964 -20.203641 88.413208 68.047661 109.282278 0.000000 0.000000 0.000000 0.000000 0.000000 0.000000 -34.898351 -29.612068 99.905640 -95.419715 -23.524686 158.420109 0.000000 0.000000 0.000000 6.760642 1.018985 3.415544 -8.314719 -3.776057 -0.902335 1.401478 4.777272 -2.899283 0.000000 0.000000 0.000000 9.545022 -3.371526 -1.922092 -0.203267 2.500729 4.588331 3.392828 -4.019655 -3.058090 0.000000 0.000000 0.000000
5.753533 0.215775 0.000000 -7.840590 -0.723741 -2.513945 -0.004167 0.012845 -0.114778 5.016029 14.544060 3.126379 -2.451561 -1.078244 10.680515 -2.603746 -0.621115 10.741358 0.000000 0.000000 0.000000 -5.289055 26.532579 -22.577494 115.437086 66.239518 134.460233 0.000000 0.000000 0.000000 0.000000 0.000000 0.000000 -34.961835 -30.700780 97.790421 -115.283423 -26.282721 163.696201 0.000000 0.000000 0.000000 8.018405 1.099311 4.246529 -6.595774 -3.165021 -2.460873 2.735679 1.001310 -0.539787 0.000000 0.000000 0.000000 10.098612 -3.557660 -1.965057 -1.003257 3.180617 5.587704 4.835820 -2.649605 -6.925232 0.000000 0.000000 0.000000
6.469718 0.217039 0.000000 -8.716718 -0.819488 -2.973009 -0.008564 0.015376 -0.140768 5.277479 12.236292 3.626258 -3.546703 -2.515523 9.877908 -3.912391 -1.876787 10.030295 0.000000 0.000000 0.000000 -6.352956 23.517264 -29.692380 125.585794 58.605254 147.871676 0.000000 0.000000 0.000000 0.000000 0.000000 0.000000 -32.138471 -29.573725 94.906971 -140.694523 -34.002800 167.999097 0.000000 0.000000 0.000000 9.287989 0.883403 5.885392 -6.904654 -3.697399 -5.805372 4.961945 -4.591688 2.793370 0.000000 0.000000 0.000000 10.447252 -3.676988 -1.564410 -1.827215 3.255349 5.451480 7.613075 -4.057062 -10.658909 0.000000 0.000000 0.000000
7.194456 0.216258 0.000000 -8.948941 -0.806272 -4.221562 -0.017209 0.015322 -0.148448 5.541198 9.853912 4.727946 -3.195411 -5.097698 9.698469 -3.962801 -4.504138 9.972167 0.000000 0.000000 0.000000 -8.855135 25.156682 -37.328614 119.307289 51.487503 148.826175 0.000000 0.000000 0.000000 0.000000 0.000000 0.000000 -29.039734 -29.086799 89.847796 -133.125537 -41.251522 145.393796 0.000000 0.000000 0.000000 10.964666 0.356663 8.552772 -8.438330 -4.931422 -9.318187 7.600066 -8.430993 4.882613 0.000000 0.000000 0.000000 7.962470 -2.816820 0.576607 -0.527122 2.138790 3.750882 9.894551 -5.631187 -13.154676 0.000000 0.000000 0.000000
7.862937 0.211291 0.000000 -9.133006 -0.758890 -6.111456 -0.030647 0.014558 -0.154503 6.019916 5.471888 6.396079 -3.428753 -6.818208 9.012802 -4.361169 -6.224935 9.392424 0.000000 0.000000 0.000000 -12.987612 29.744456 -46.111062 106.885217 42.711104 147.726852 0.000000 0.000000 0.000000 0.000000 0.000000 0.000000 -26.169146 -29.837853 81.881723 -30.307899 -48.104387 28.939446 0.000000 0.000000 0.000000 13.398794 -0.349578 12.010028 -9.962140 -6.306395 -13.065351 8.314919 -12.214220 6.940338 0.000000 0.000000 0.000000 4.360871 -1.464753 4.582647 1.450632 -0.410127 -0.386377 11.086608 -7.512218 -13.515482 0.000000 0.000000 0.000000
8.319646 0.204892 0.000000 -8.411421 -0.562394 -7.971486 -0.034697 0.011397 -0.130979 6.869886 -2.216119 7.982493 -3.612971 -9.173443 7.963455 -4.714975 -8.615141 8.466093 0.000000 0.000000 0.000000 -16.255575 29.614774 -57.355928 87.456687 33.801434 127.928451 0.000000 0.000000 0.000000 0.000000 0.000000 0.000000 -21.290353 -28.523203 72.304576 155.039060 -54.909967 -165.505116 0.000000 0.000000 0.000000 15.039206 -1.100001 14.830158 -11.359584 -7.494191 -15.198361 6.405406 -13.933548 8.103552 0.000000 0.000000 0.000000 3.322383 -0.949099 9.923610 -1.278365 -4.461372 -7.900168 10.075349 -11.819791 -8.670377 0.000000 0.000000 0.000000
8.513081 0.202263 0.000000 -7.622033 -0.295141 -10.501492 -0.030305 0.009130 -0.107244 8.746715 -18.135280 10.267070 -3.718175 -9.612865 6.278354 -4.608286 -9.228170 6.830421 0.000000 0.000000 0.000000 -19.055666 24.151094 -74.897257 14.933487 26.822759 19.807923 0.000000 0.000000 0.000000 0.000000 0.000000 0.000000 -16.964800 -27.874141 61.350781 123.351467 -57.726698 -146.894089 0.000000 0.000000 0.000000 15.611960 -2.044727 17.573138 -13.331648 -8.729061 -15.285686 5.245815 -16.231859 9.531402 0.000000 0.000000 0.000000 4.365732 -1.314121 16.899255 -8.252635 -10.103693 -17.113167 7.663374 -21.993645 1.840983 0.000000 0.000000 0.000000
8.606331 0.210687 0.000000 -6.911901 0.022284 -13.661412 -0.012484 0.008785 -0.087531 11.321188 -36.186777 13.358911 -6.305077 -8.727343 4.023128 -6.715032 -8.391827 4.938998 0.000000 0.000000 0.000000 -27.306733 23.323890 -98.439214 -98.311848 16.090958 -162.356302 0.000000 0.000000 0.000000 0.000000 0.000000 0.000000 -24.692877 -34.539031 61.931332 90.805491 -49.060816 -121.836852 0.000000 0.000000 0.000000 14.459225 -3.268462 20.328810 -11.905528 -7.751676 -14.728054 8.202918 -22.399074 12.303799 0.000000 0.000000 0.000000 5.436790 -1.817074 23.925793 -15.719899 -15.832250 -24.530015 1.137191 -32.945124 18.004200 0.000000 0.000000 0.000000
8.721837 0.222909 0.000000 -6.520836 0.296082 -16.806011 0.008836 0.009898 -0.077158 14.340927 -49.923004 16.404344 -8.369035 -5.308198 1.785611 -8.332159 -5.112483 2.617433 0.000000 0.000000 0.000000 -35.371640 24.428021 -111.117174 -30.137487 8.352086 -140.989686 0.000000 0.000000 0.000000 0.000000 0.000000 0.000000 -52.264203 -59.721448 75.255030 40.754813 -32.900448 -56.897469 0.000000 0.000000 0.000000 14.225905 -4.562762 23.691688 -8.930934 -5.953133 -15.040781 13.380782 -32.483998 16.749410 0.000000 0.000000 0.000000 6.040394 -2.167566 27.776825 -20.433149 -18.693165 -27.172694 -9.898585 -34.352434 35.730657 0.000000 0.000000 0.000000
8.869249 0.230931 0.000000 -6.563305 0.439111 -19.330884 0.009190 0.009994 -0.077657 18.193072 -61.127469 19.089836 -7.631485 1.469086 2.088750 -7.480289 1.749847 1.911502 0.000000 0.000000 0.000000 -43.016894 27.745009 -115.870494 -6.731179 3.810031 -122.162278 0.000000 0.000000 0.000000 0.000000 0.000000 0.000000 -61.760814 -84.975538 65.391706 -11.524791 -34.303539 36.529332 0.000000 0.000000 0.000000 14.814822 -6.129583 28.078537 -7.809368 -5.612910 -17.644058 10.870220 -44.857073 25.488085 0.000000 0.000000 0.000000 6.100373 -2.206583 28.537531 -22.005713 -19.395968 -27.624773 -19.859714 -31.241450 51.009465 0.000000 0.000000 0.000000
8.994075 0.229323 0.000000 -6.561158 0.506541 -20.415765 0.011678 0.010232 -0.077386 21.174702 -66.806953 20.994934 -7.611665 4.881025 3.499756 -7.205025 5.372183 2.862987 0.000000 0.000000 0.000000 -41.196160 26.124905 -116.382625 -8.255919 6.490489 -116.364901 0.000000 0.000000 0.000000 0.000000 0.000000 0.000000 -17.594952 -86.095680 19.389494 27.416230 -32.202362 -43.718333 0.000000 0.000000 0.000000 15.237512 -7.163864 30.817197 -7.798118 -5.921980 -19.894357 -1.343643 -50.475546 34.764044 0.000000 0.000000 0.000000 6.799388 -2.672509 27.640658 -24.621539 -18.531256 -25.735526 -19.315888 -26.081182 49.636255 0.000000 0.000000 0.000000
9.186302 0.234819 0.000000 -6.484658 0.532645 -20.473041 0.021818 0.011131 -0.075661 20.685820 -65.699422 20.935872 -8.084782 4.860343 3.274038 -7.671774 5.347678 2.607030 0.000000 0.000000 0.000000 -38.178764 24.179357 -114.766034 -5.663879 12.210598 -117.885166 0.000000 0.000000 0.000000 0.000000 0.000000 0.000000 -79.210681 -79.962201 87.957724 38.625946 -32.592471 -53.782659 0.000000 0.000000 0.000000 19.262891 -7.370486 31.536872 -11.368776 -8.258066 -19.954963 1.764950 -45.378091 29.743704 0.000000 0.000000 0.000000 6.746932 -2.632728 26.961264 -24.437265 -18.454219 -25.699167 -18.696765 -26.644804 48.557965 0.000000 0.000000 0.000000
9.373877 0.248377 0.000000 -6.386042 0.571979 -20.639796 0.035010 0.012304 -0.073436 17.450957 -60.198638 19.488707 -8.243468 2.402790 1.875848 -8.109654 2.696901 1.539097 0.000000 0.000000 0.000000 -35.592277 23.708946 -108.887069 5.514404 22.488485 -122.262928 0.000000 0.000000 0.000000 0.000000 0.000000 0.000000 -100.817378 -66.476872 123.744151 -25.617049 -31.593855 78.439965 0.000000 0.000000 0.000000 23.678812 -6.974370 30.712829 -14.862460 -10.191063 -17.664816 9.745438 -37.289041 20.694491 0.000000 0.000000 0.000000 5.849094 -2.048191 27.039782 -21.937676 -18.358829 -26.305182 -16.142720 -24.206802 43.833344 0.000000 0.000000 0.000000
9.570503 0.260434 0.000000 -6.286239 0.585169 -20.387815 0.046641 0.013316 -0.071302 15.803343 -55.780967 19.017173 -8.069830 -0.373550 0.734781 -8.012183 -0.286861 0.804522 0.000000 0.000000 0.000000 -32.973675 23.483210 -103.006667 18.584222 31.654754 -129.289335 0.000000 0.000000 0.000000 0.000000 0.000000 0.000000 -65.518861 -48.084934 110.369464 -29.353334 -22.412972 99.627146 0.000000 0.000000 0.000000 21.724180 -6.438190 29.399614 -13.207372 -9.152798 -17.836099 15.564369 -33.053360 16.253267 0.000000 0.000000 0.000000 5.003112 -1.503621 26.157870 -18.727360 -18.044682 -26.816178 -14.924523 -26.865333 42.213318 0.000000 0.000000 0.000000
9.684006 0.252737 0.000000 -6.138421 0.601614 -19.971919 0.063157 0.014739 -0.068141 13.765174 -47.898081 18.735122 -8.735940 -3.490044 -0.481047 -8.576829 -3.643219 0.101510 0.000000 0.000000 0.000000 -30.345660 23.504566 -97.125745 34.298800 38.981526 -139.450270 0.000000 0.000000 0.000000 0.000000 0.000000 0.000000 -44.661393 -35.060142 102.749663 -29.278777 -16.664015 97.592812 0.000000 0.000000 0.000000 19.119264 -5.623084 27.199376 -11.850003 -8.082040 -16.893135 19.770725 -30.641762 13.726075 0.000000 0.000000 0.000000 4.404630 -1.154705 24.637645 -16.293399 -16.212420 -24.992848 -12.935383 -28.902642 39.522346 0.000000 0.000000 0.000000
9.520305 0.226801 0.000000 -6.282970 0.479067 -18.634534 0.044040 0.013094 -0.071847 10.748044 -32.974015 17.792714 -10.806652 -5.502922 -0.589797 -10.563978 -5.695456 0.442391 0.000000 0.000000 0.000000 -27.730993 23.772788 -91.245490 52.823458 43.557522 -152.707457 0.000000 0.000000 0.000000 0.000000 0.000000 0.000000 -28.444356 -30.943287 85.193551 3.376616 -23.183558 26.063837 0.000000 0.000000 0.000000 15.928568 -4.497568 23.736506 -12.823566 -8.274955 -14.581641 16.063074 -26.503284 12.887353 0.000000 0.000000 0.000000 3.578926 -0.709591 22.125993 -14.411326 -12.511697 -20.210013 -4.109079 -30.172684 24.785467 0.000000 0.000000 0.000000
9.016023 0.193128 0.000000 -6.932874 0.171634 -16.343111 -0.016898 0.008385 -0.088285 8.544403 -16.960026 16.040881 -11.174838 -4.901782 2.176748 -11.232839 -4.581304 3.159710 0.000000 0.000000 0.000000 -25.152355 24.285005 -85.366708 73.067706 44.571010 -139.830895 0.000000 0.000000 0.000000 0.000000 0.000000 0.000000 -27.677675 -35.252648 75.444116 107.786671 -34.817243 -136.534664 0.000000 0.000000 0.000000 11.207067 -3.510027 19.758666 -12.359137 -7.712818 -12.936677 13.524490 -27.704454 14.163758 0.000000 0.000000 0.000000 3.554518 -0.781043 18.327804 -13.257683 -7.579074 -13.229293 1.537534 -22.536823 12.126275 0.000000 0.000000 0.000000
8.279803 0.169109 0.000000 -7.991430 -0.187460 -14.544223 -0.087908 0.003905 -0.116241 6.855045 -2.294827 14.448109 -11.296059 -4.620176 0.737403 -11.244197 -4.564123 1.658801 0.000000 0.000000 0.000000 -22.632227 25.035770 -79.489193 92.810663 41.787522 -29.030215 0.000000 0.000000 0.000000 0.000000 0.000000 0.000000 -30.767209 -36.247976 80.116780 33.488191 -34.947921 -28.514423 0.000000 0.000000 0.000000 8.148794 -2.771307 16.292283 -10.234534 -6.153320 -11.064962 11.743537 -30.276598 15.972653 0.000000 0.000000 0.000000 5.093143 -1.658884 16.038805 -12.223944 -2.990079 -6.444947 4.817165 -13.644107 2.097574 0.000000 0.000000 0.000000
7.477619 0.162541 0.000000 -8.570755 -0.392088 -12.894852 -0.099322 0.004734 -0.134240 6.104252 4.684226 13.037136 -9.664315 -4.396902 0.634408 -9.625086 -4.361689 1.383952 0.000000 0.000000 0.000000 -20.272592 25.931035 -73.747692 108.459094 36.555759 165.938415 0.000000 0.000000 0.000000 0.000000 0.000000 0.000000 -32.421061 -35.050646 85.123312 -140.414920 -31.295431 168.777430 0.000000 0.000000 0.000000 6.309808 -2.196106 13.457329 -9.586485 -5.477779 -8.939130 11.164084 -28.131485 14.998494 0.000000 0.000000 0.000000 7.045483 -2.667093 14.283316 -10.141932 -0.757655 -2.897148 10.155522 -16.175997 -5.112697 0.000000 0.000000 0.000000
6.637909 0.169946 0.000000 -9.089305 -0.585999 -10.810706 -0.092761 0.007427 -0.151429 5.760290 7.869661 11.126965 -7.588075 -4.156223 1.191333 -7.609752 -4.046142 1.750370 0.000000 0.000000 0.000000 -18.587840 26.821441 -68.928063 117.011241 32.765111 159.498207 0.000000 0.000000 0.000000 0.000000 0.000000 0.000000 -35.900366 -36.075606 89.664501 -116.718439 -26.415465 163.680678 0.000000 0.000000 0.000000 5.219415 -1.605508 10.767466 -8.828208 -4.815529 -6.874654 11.137459 -22.059033 11.638353 0.000000 0.000000 0.000000 9.218947 -3.624722 11.511639 -8.303047 0.808916 -0.220501 11.631774 -17.228555 -6.697171 0.000000 0.000000 0.000000
5.824834 0.182184 0.000000 -9.110214 -0.689741 -8.212369 -0.059188 0.011275 -0.153066 5.921133 6.383806 8.488801 -6.491561 -4.100679 2.119893 -6.591084 -3.886862 2.590528 0.000000 0.000000 0.000000 -18.405566 27.776741 -66.469566 123.776616 34.273286 161.109610 0.000000 0.000000 0.000000 0.000000 0.000000 0.000000 -37.169085 -36.729214 90.718015 -108.645624 -22.851638 163.420585 0.000000 0.000000 0.000000 4.446993 -0.924534 7.819976 -7.028701 -3.541521 -3.974849 8.090398 -13.432029 7.597224 0.000000 0.000000 0.000000 12.903739 -4.994751 7.252030 -8.346324 2.915269 2.988113 9.525024 -15.152774 -4.806091 0.000000 0.000000 0.000000
5.125502 0.193707 0.000000 -8.695204 -0.701455 -5.902734 -0.025897 0.013382 -0.139857 5.968075 5.922623 6.155978 -6.177085 -4.638834 2.908428 -6.337763 -4.354402 3.412059 0.000000 0.000000 0.000000 -19.129516 29.152210 -65.883675 142.683412 36.759276 167.126485 0.000000 0.000000 0.000000 0.000000 0.000000 0.000000 -36.527699 -36.034092 90.822360 -107.805571 -21.831290 163.840259 0.000000 0.000000 0.000000 3.387221 -0.459840 5.298007 -6.196057 -2.900841 -1.684670 7.044583 -6.148802 3.663025 0.000000 0.000000 0.000000 17.363806 -6.578550 2.811197 -9.857984 5.829301 7.140561 6.866478 -12.948779 -2.098079 0.000000 0.000000 0.000000
4.657701 0.204440 0.000000 -8.783460 -0.778127 -4.164782 -0.013513 0.015112 -0.143139 5.277381 12.149519 4.878783 -5.738165 -5.017586 5.029715 -6.030265 -4.529033 5.547358 0.000000 0.000000 0.000000 -18.561446 29.238351 -64.136689 139.226583 40.113876 164.191165 0.000000 0.000000 0.000000 0.000000 0.000000 0.000000 -37.994007 -34.865310 95.233590 -91.258617 -21.034238 159.081919 0.000000 0.000000 0.000000 3.033400 0.045376 3.177151 -6.192026 -2.624685 1.172730 5.286442 -0.099635 0.152665 0.000000 0.000000 0.000000 14.582840 -5.419705 1.986370 -7.792816 5.563275 7.317429 6.903642 -12.368285 -2.595896 0.000000 0.000000 0.000000
4.434819 0.215670 0.000000 -9.226509 -0.895388 -2.739722 -0.009210 0.017281 -0.157820 4.357081 19.903213 4.277069 -5.869859 -3.778822 8.578067 -6.338531 -2.875993 9.002000 0.000000 0.000000 0.000000 -17.410066 28.903594 -61.231417 128.022265 43.637824 157.891471 0.000000 0.000000 0.000000 0.000000 0.000000 0.000000 -39.097212 -32.834028 100.720360 -75.295463 -20.941029 152.758062 0.000000 0.000000 0.000000 3.274898 0.662796 1.254327 -6.368437 -2.363019 4.463034 0.069849 3.728038 -2.386019 0.000000 0.000000 0.000000 9.743889 -3.583657 2.009918 -0.772827 3.417936 5.998152 7.044325 -12.474477 -2.774299 0.000000 0.000000 0.000000
4.399757 0.228416 0.000000 -8.733862 -0.887667 -1.389605 -0.004212 0.016064 -0.142609 3.250712 28.069612 3.864931 -6.470902 -4.387729 10.578390 -7.119082 -3.169221 11.114876 0.000000 0.000000 0.000000 -14.684573 25.808431 -57.954858 130.387555 48.464409 156.283396 0.000000 0.000000 0.000000 0.000000 0.000000 0.000000 -36.340748 -29.090089 103.499705 -65.704550 -21.936559 146.147689 0.000000 0.000000 0.000000 3.899870 1.369084 -0.475497 -7.818376 -2.619704 7.200019 -3.182431 6.152661 -4.344425 0.000000 0.000000 0.000000 8.344470 -3.049872 1.683107 3.024226 1.488091 3.542055 6.711837 -10.150822 -3.875443 0.000000 0.000000 0.000000
4.628747 0.240176 0.000000 -7.417502 -0.789115 -0.173997 -0.001359 0.011796 -0.103086 1.807689 37.968594 3.593831 -6.130613 -4.307596 11.792515 -6.847808 -3.043903 12.296522 0.000000 0.000000 0.000000 -10.309990 21.524778 -51.175147 128.319942 55.028206 151.651558 0.000000 0.000000 0.000000 0.000000 0.000000 0.000000 -31.398769 -24.533178 104.532646 -59.495370 -24.058815 139.112567 0.000000 0.000000 0.000000 5.169524 2.275254 -2.142114 -10.101191 -3.140837 9.956603 -7.006358 9.698928 -7.357642 0.000000 0.000000 0.000000 6.810298 -2.463220 0.724835 5.166573 0.078419 1.299688 3.747822 -9.266273 0.604388 0.000000 0.000000 0.000000
5.168573 0.246580 0.000000 -6.275583 -0.712467 0.623373 -0.000732 0.008462 -0.073718 1.285906 40.782683 2.800810 -3.408477 -3.341604 13.280350 -4.046300 -2.489730 13.531691 0.000000 0.000000 0.000000 -10.059814 25.843017 -42.927198 123.973584 56.723643 146.586355 0.000000 0.000000 0.000000 0.000000 0.000000 0.000000 -30.209001 -23.979695 103.594795 -56.282883 -22.056671 139.893946 0.000000 0.000000 0.000000 5.063128 2.445891 -2.814961 -10.415764 -3.072470 11.273526 -8.764121 13.864680 -10.675551 0.000000 0.000000 0.000000 5.984971 -2.152841 -0.512487 5.403733 -0.401818 0.360614 1.946504 -5.718908 1.039993 0.000000 0.000000 0.000000
6.002505 0.247268 0.000000 -5.535502 -0.686203 1.389997 -0.000054 0.006576 -0.056813 0.694016 43.883181 2.358183 -2.396818 0.486531 13.117662 -2.227219 1.016935 13.108166 0.000000 0.000000 0.000000 -10.146129 32.967662 -34.167556 94.745479 56.961736 123.465896 0.000000 0.000000 0.000000 0.000000 0.000000 0.000000 -30.228851 -23.784827 104.083060 -49.171559 -20.107254 137.526277 0.000000 0.000000 0.000000 4.249159 2.327704 -3.347543 -10.865461 -3.180708 11.590619 -7.367544 15.901835 -11.860051 0.000000 0.000000 0.000000 6.487970 -2.322027 -2.549172 3.658793 -0.110109 0.562188 1.176889 -1.525096 -0.965346 0.000000 0.000000 0.000000
6.911467 0.246639 0.000000 -5.507755 -0.722287 1.974576 0.000468 0.006566 -0.056232 1.019016 42.169119 1.564956 -2.980450 0.430712 12.721583 -2.813292 1.076463 12.727109 0.000000 0.000000 0.000000 -12.750833 42.509641 -31.611891 53.078536 49.409263 95.529589 0.000000 0.000000 0.000000 0.000000 0.000000 0.000000 -30.419578 -23.360739 105.507056 -50.028736 -21.186350 136.140141 0.000000 0.000000 0.000000 3.292380 1.949980 -3.187563 -10.332166 -3.261479 9.716986 -5.275687 14.521426 -10.383242 0.000000 0.000000 0.000000 7.163450 -2.514304 -5.109091 2.221968 0.559215 1.520460 0.379000 -0.693825 -0.131690 0.000000 0.000000 0.000000
7.745494 0.245156 0.000000 -5.604271 -0.726868 1.911474 0.000305 0.006778 -0.058214 1.827028 37.852298 0.823198 -3.407980 -1.283187 13.154967 -3.613052 -0.481554 13.251152 0.000000 0.000000 0.000000 -16.166259 46.003295 -37.204391 48.155109 41.048957 100.008534 0.000000 0.000000 0.000000 0.000000 0.000000 0.000000 -27.958804 -21.433677 105.518219 -60.042063 -23.850995 139.736006 0.000000 0.000000 0.000000 3.044249 1.458594 -1.778683 -10.733906 -3.829207 6.518805 -3.097421 12.666693 -8.627237 0.000000 0.000000 0.000000 8.548243 -2.844232 -7.860153 -0.023571 2.012737 3.561155 0.369551 -1.700893 0.801390 0.000000 0.000000 0.000000
8.495531 0.241388 0.000000 -5.719395 -0.692341 1.185856 -0.000174 0.007020 -0.060752 2.541900 33.170621 0.855837 -2.802209 -1.964328 14.031311 -3.193584 -1.227207 14.146850 0.000000 0.000000 0.000000 -13.221464 45.966062 -30.510917 62.853875 51.158730 100.168986 0.000000 0.000000 0.000000 0.000000 0.000000 0.000000 -27.094530 -21.058743 104.645361 -48.632258 -27.163312 117.776317 0.000000 0.000000 0.000000 3.431203 0.771262 0.856693 -10.965479 -4.595457 2.166967 -3.368204 10.252101 -7.019505 0.000000 0.000000 0.000000 11.842329 -3.704002 -10.081167 -5.321112 4.442846 6.366181 0.788596 -2.975540 1.100895 0.000000 0.000000 0.000000
9.089516 0.236477 0.000000 -6.167390 -0.632675 -0.628072 -0.001428 0.008107 -0.071314 3.876682 23.314596 1.669010 -3.475580 -2.975816 14.428952 -4.088609 -2.032432 14.639348 0.000000 0.000000 0.000000 -11.116017 37.594542 -32.265288 103.464398 57.427411 130.487333 0.000000 0.000000 0.000000 0.000000 0.000000 0.000000 -25.633877 -21.685699 99.661676 30.239518 -36.344199 8.283184 0.000000 0.000000 0.000000 6.890497 0.136681 5.689971 -13.072594 -6.662556 -3.830895 -5.653006 8.022536 -5.910637 0.000000 0.000000 0.000000 12.243525 -3.839310 -8.431263 -9.340602 5.246835 6.440334 0.484876 -1.943272 0.830625 0.000000 0.000000 0.000000
9.454973 0.227453 0.000000 -7.131364 -0.602925 -3.175517 -0.004661 0.010498 -0.094978 5.469337 10.493056 3.417020 -4.715751 -3.504088 12.878692 -5.378519 -2.389619 13.177274 0.000000 0.000000 0.000000 -11.590418 31.654279 -39.922637 131.730407 53.002115 155.253546 0.000000 0.000000 0.000000 0.000000 0.000000 0.000000 -23.517060 -23.384387 90.566168 166.928142 -49.499198 -173.737964 0.000000 0.000000 0.000000 14.646020 -0.156047 11.965800 -17.934295 -10.442510 -10.407472 -4.031350 4.552965 -3.468696 0.000000 0.000000 0.000000 7.904364 -2.636054 -3.549720 -10.100750 3.578624 3.553586 3.251465 -5.608043 -1.461537 0.000000 0.000000 0.000000
9.644993 0.217552 0.000000 -7.707126 -0.589656 -4.876237 -0.008723 0.011821 -0.110210 6.191465 3.948120 5.075089 -6.046614 -3.003085 9.999802 -6.363025 -1.946589 10.299498 0.000000 0.000000 0.000000 -13.726743 27.546709 -52.700020 96.913294 43.362324 126.945289 0.000000 0.000000 0.000000 0.000000 0.000000 0.000000 -22.732559 -26.162750 81.282691 150.089047 -52.043352 -164.859053 0.000000 0.000000 0.000000 20.167249 -0.438154 15.443005 -20.174335 -12.497587 -13.448422 1.842398 -0.353440 0.360341 0.000000 0.000000 0.000000 2.275683 -0.768704 2.252916 -9.035849 -1.168935 -3.020255 6.947229 -16.143320 -0.378113 0.000000 0.000000 0.000000
9.716895 0.213687 0.000000 -7.071383 -0.402447 -6.479601 -0.003675 0.010385 -0.093087 7.660477 -9.013925 6.707717 -7.905863 -5.812652 7.894665 -8.146937 -4.684324 8.543262 0.000000 0.000000 0.000000 -17.676315 24.673232 -69.234916 7.648068 31.624622 15.570520 0.000000 0.000000 0.000000 0.000000 0.000000 0.000000 -19.502987 -27.810117 67.908601 133.992143 -54.304977 -155.395924 0.000000 0.000000 0.000000 19.798818 -1.307417 17.409669 -19.582713 -12.484114 -14.873719 0.779076 -8.939117 6.067829 0.000000 0.000000 0.000000 3.517654 -1.263610 10.247154 -15.646546 -8.554044 -13.468760 3.826308 -25.407357 10.354177 0.000000 0.000000 0.000000
9.646199 0.223104 0.000000 -6.311123 -0.131138 -9.012454 0.006971 0.009266 -0.073459 10.117340 -28.816107 9.654418 -6.032762 -12.392735 5.586229 -6.712239 -11.866713 6.837548 0.000000 0.000000 0.000000 -26.018495 26.758348 -87.306647 -103.763816 18.726881 -163.659740 0.000000 0.000000 0.000000 0.000000 0.000000 0.000000 -26.629654 -33.516891 64.340013 101.495346 -50.002357 -129.561454 0.000000 0.000000 0.000000 15.079502 -2.797182 19.406600 -14.361041 -9.569857 -16.617185 -2.096504 -26.449019 17.804041 0.000000 0.000000 0.000000 8.157060 -3.387665 19.383636 -26.443662 -16.184216 -22.488389 -6.849523 -28.293880 29.499577 0.000000 0.000000 0.000000
9.557782 0.244174 0.000000 -6.259595 -0.001774 -11.026994 0.009490 0.009382 -0.072106 12.939091 -43.149793 12.487662 -6.007089 -8.213677 6.940408 -6.547205 -7.563594 7.857095 0.000000 0.000000 0.000000 -31.955886 26.861012 -98.049146 -32.476562 7.737219 -124.761514 0.000000 0.000000 0.000000 0.000000 0.000000 0.000000 -67.002971 -56.584229 92.419664 44.034543 -28.700232 -73.861171 0.000000 0.000000 0.000000 11.982860 -4.222722 22.132031 -9.508101 -6.991089 -19.512178 1.152549 -41.376168 26.480268 0.000000 0.000000 0.000000 8.814900 -3.857175 23.515308 -26.768136 -21.724997 -28.932072 -19.549532 -25.964059 50.626904 0.000000 0.000000 0.000000
9.521237 0.264865 0.000000 -6.679769 -0.001144 -12.465296 -0.004443 0.008990 -0.081753 17.718204 -58.089128 15.878744 -5.445867 -1.113380 7.241244 -5.636626 -0.472287 7.329614 0.000000 0.000000 0.000000 -28.023826 28.718456 -84.355823 -15.455886 1.306397 -26.713185 0.000000 0.000000 0.000000 0.000000 0.000000 0.000000 -101.512914 -78.118134 110.029425 3.935024 -17.817595 -15.166682 0.000000 0.000000 0.000000 13.758031 -5.363354 25.634835 -8.536307 -6.744369 -21.875179 12.469807 -49.260389 26.484074 0.000000 0.000000 0.000000 9.562231 -4.300758 23.896489 -28.072052 -22.935886 -29.977346 -25.817785 -25.247558 60.905879 0.000000 0.000000 0.000000
9.446498 0.274200 0.000000 -6.759028 -0.000107 -12.776378 -0.008181 0.008804 -0.083648 22.417431 -68.466254 18.991276 -7.260500 1.432276 3.460784 -7.151785 1.876296 3.295433 0.000000 0.000000 0.000000 -15.242780 38.030682 -49.256812 -7.655827 -3.393897 85.073643 0.000000 0.000000 0.000000 0.000000 0.000000 0.000000 -58.304706 -77.900380 69.367274 -20.817368 -14.454572 -16.055621 0.000000 0.000000 0.000000 16.892951 -6.296090 28.701052 -10.982391 -8.620011 -22.973699 18.336462 -50.387184 24.316364 0.000000 0.000000 0.000000 11.956938 -5.701381 22.134803 -33.401086 -21.537431 -26.603197 -24.525696 -29.898011 57.846460 0.000000 0.000000 0.000000
9.240567 0.273550 0.000000 -6.608708 0.060443 -13.234055 -0.000304 0.009227 -0.079925 20.746143 -65.988535 18.065764 -8.465782 1.737862 3.029167 -8.332973 2.195194 2.803910 0.000000 0.000000 0.000000 -36.950098 64.740066 -53.888170 11.769001 2.543403 -16.161534 0.000000 0.000000 0.000000 0.000000 0.000000 0.000000 -68.475053 -69.281191 89.047205 -93.922245 -12.334475 150.132703 0.000000 0.000000 0.000000 17.350077 -6.309473 28.774788 -11.240114 -8.707130 -22.446835 3.813581 -53.842114 34.179042 0.000000 0.000000 0.000000 11.187942 -5.300769 23.140686 -32.399936 -21.039284 -26.380972 -22.852858 -6.573476 55.708322 0.000000 0.000000 0.000000
8.815890 0.269082 0.000000 -6.414242 0.117385 -13.456821 0.010156 0.009819 -0.075243 17.950556 -61.179225 16.370117 -8.713190 -0.381167 2.210070 -8.688032 -0.045356 2.273251 0.000000 0.000000 0.000000 -66.074512 53.716755 -100.475077 20.765377 -0.757414 -130.173938 0.000000 0.000000 0.000000 0.000000 0.000000 0.000000 -71.352465 -58.585916 103.715263 -19.370014 -11.889887 118.845672 0.000000 0.000000 0.000000 17.843012 -6.322170 28.848610 -10.086292 -7.958236 -22.808521 -0.564850 -55.675075 38.167476 0.000000 0.000000 0.000000 9.446563 -4.248122 22.977020 -29.464150 -20.970646 -27.133572 -26.744051 -7.163673 64.553997 0.000000 0.000000 0.000000
8.215617 0.256221 0.000000 -6.302699 0.104043 -12.834797 0.014535 0.010005 -0.072753 15.805263 -55.561949 14.883557 -8.101218 -3.756670 2.357543 -8.210071 -3.462724 2.905244 0.000000 0.000000 0.000000 -53.995067 42.938572 -92.901615 25.967389 17.106666 -141.982168 0.000000 0.000000 0.000000 0.000000 0.000000 0.000000 -53.765900 -49.056583 95.259681 -8.818002 -8.740806 110.075826 0.000000 0.000000 0.000000 16.759552 -5.878027 27.568375 -9.541981 -7.460296 -22.103447 0.329550 -49.352094 33.411190 0.000000 0.000000 0.000000 8.217894 -3.470556 20.307846 -25.649320 -19.280291 -26.214511 -23.440587 -23.326959 57.876658 0.000000 0.000000 0.000000
7.383938 0.232786 0.000000 -6.320886 0.021834 -11.462178 0.014863 0.010164 -0.073832 13.189273 -45.161738 12.795049 -8.218607 -5.936779 4.474546 -8.528609 -5.355533 5.355420 0.000000 0.000000 0.000000 -41.960434 33.459780 -83.725894 36.375425 33.192773 -129.624302 0.000000 0.000000 0.000000 0.000000 0.000000 0.000000 -39.238567 -41.622110 85.630895 33.700749 -9.616666 17.462129 0.000000 0.000000 0.000000 14.875515 -4.637694 23.924884 -9.208306 -6.691816 -18.821555 9.210685 -41.089259 23.129176 0.000000 0.000000 0.000000 5.805007 -2.133796 15.551065 -18.942060 -15.452707 -23.061191 -14.867711 -34.577980 43.468968 0.000000 0.000000 0.000000
6.199158 0.207781 0.000000 -7.141624 -0.270673 -9.104203 -0.008189 0.010233 -0.096046 9.963610 -27.137756 9.552440 -8.963026 -6.767022 7.076221 -9.526891 -5.746882 8.207106 0.000000 0.000000 0.000000 -29.426765 25.741671 -73.300634 54.351093 45.337779 -26.729160 0.000000 0.000000 0.000000 0.000000 0.000000 0.000000 -30.971645 -35.657829 81.459445 83.749208 -21.609582 -137.310690 0.000000 0.000000 0.000000 12.200151 -2.840120 18.206134 -9.658620 -6.230734 -13.615194 11.102596 -31.683048 17.027185 0.000000 0.000000 0.000000 2.428286 -0.458142 11.166013 -9.782911 -10.950624 -18.462758 -4.942863 -34.080518 26.862755 0.000000 0.000000 0.000000
4.728078 0.191399 0.000000 -8.623381 -0.629695 -7.343417 -0.034917 0.012174 -0.137916 7.546248 -8.606159 7.135883 -10.884945 -7.791426 6.706825 -11.421300 -6.648029 8.263978 0.000000 0.000000 0.000000 -17.267206 20.393273 -62.421703 77.883314 51.435217 151.881290 0.000000 0.000000 0.000000 0.000000 0.000000 0.000000 -32.345835 -34.394651 86.309641 14.747758 -27.596762 -23.925549 0.000000 0.000000 0.000000 9.368642 -1.780277 13.831812 -8.498843 -4.894234 -8.696324 13.217145 -24.143923 12.571209 0.000000 0.000000 0.000000 2.972148 -0.829550 7.629796 -6.189418 -5.317984 -9.931729 5.317820 -24.449162 7.765658 0.000000 0.000000 0.000000
3.350600 0.186030 0.000000 -9.347759 -0.786102 -6.449844 -0.038245 0.014526 -0.161401 6.612973 -0.044342 6.416145 -10.367142 -7.567471 8.130624 -11.037019 -6.219972 9.607270 0.000000 0.000000 0.000000 -9.234181 18.121559 -53.728130 94.183078 53.410082 129.831201 0.000000 0.000000 0.000000 0.000000 0.000000 0.000000 -31.538060 -32.392885 88.424591 -159.687861 -29.180627 174.616948 0.000000 0.000000 0.000000 6.755859 -1.419066 11.197369 -7.350124 -3.705103 -4.152254 16.050856 -15.636979 7.795764 0.000000 0.000000 0.000000 4.410799 -1.471598 7.018638 -4.887164 -2.809349 -5.695565 11.016265 -24.407049 -1.172774 0.000000 0.000000 0.000000
2.322713 0.186107 0.000000 -9.391607 -0.826706 -5.457143 -0.028539 0.015779 -0.163079 6.145141 4.316894 5.653640 -8.392954 -5.748374 9.357293 -9.077171 -4.409076 10.282807 0.000000 0.000000 0.000000 -8.815607 18.537705 -50.571533 94.054158 57.057718 126.226855 0.000000 0.000000 0.000000 0.000000 0.000000 0.000000 -30.635276 -30.561616 90.139021 -146.197505 -29.642573 170.872492 0.000000 0.000000 0.000000 5.928516 -1.057446 9.450541 -8.052212 -3.729213 -1.598505 17.236690 -10.870523 5.564215 0.000000 0.000000 0.000000 4.997642 -1.733132 6.070971 -4.133935 -1.578085 -3.480150 10.101969 -23.050822 -0.592113 0.000000 0.000000 0.000000
1.611712 0.186418 0.000000 -9.202895 -0.810272 -5.081232 -0.023323 0.015610 -0.156694 5.930058 6.310737 5.382964 -7.091481 -4.294444 10.278420 -7.671798 -3.013483 10.880633 0.000000 0.000000 0.000000 -8.813964 18.579154 -50.471482 103.676147 58.860389 131.643970 0.000000 0.000000 0.000000 0.000000 0.000000 0.000000 -30.019465 -29.776454 90.494050 -161.617397 -31.240054 174.765461 0.000000 0.000000 0.000000 5.980120 -0.889542 8.935008 -10.402244 -4.642168 -0.285687 19.114095 -5.859418 3.176523 0.000000 0.000000 0.000000 5.590558 -1.985881 4.362698 -2.456929 -0.316472 -0.966523 8.275020 -21.853681 1.492240 0.000000 0.000000 0.000000
1.129556 0.185082 0.000000 -8.925592 -0.768553 -5.067107 -0.020772 0.014817 -0.147432 5.807549 7.438004 5.404958 -6.491955 -2.809199 10.708572 -6.878425 -1.578604 11.090719 0.000000 0.000000 0.000000 -8.712571 17.946462 -51.510199 128.978163 60.429764 148.406584 0.000000 0.000000 0.000000 0.000000 0.000000 0.000000 -29.139250 -28.374124 91.657287 -145.152126 -32.254071 150.399606 0.000000 0.000000 0.000000 8.102043 -0.547143 9.324291 -13.470210 -6.026315 -0.198043 16.647407 -3.215700 2.055072 0.000000 0.000000 0.000000 6.949317 -2.519133 2.569055 -0.242473 0.872141 1.535507 6.842324 -19.482791 2.312793 0.000000 0.000000 0.000000
0.909766 0.183392 0.000000 -8.694168 -0.722272 -5.360152 -0.020993 0.013910 -0.139799 5.661814 8.772110 5.742454 -6.333454 -2.383955 10.619880 -6.646961 -1.195641 10.942434 0.000000 0.000000 0.000000 -9.088991 18.163642 -52.826419 147.854838 59.796669 161.267962 0.000000 0.000000 0.000000 0.000000 0.000000 0.000000 -25.267519 -24.335570 92.224736 -28.872402 -40.298719 27.567042 0.000000 0.000000 0.000000 13.327512 0.100177 10.691951 -20.369754 -9.440945 -1.131144 14.168898 -1.057856 1.030878 0.000000 0.000000 0.000000 9.370763 -3.432217 1.897162 -2.699728 2.072862 3.029554 6.518455 -18.460818 2.201914 0.000000 0.000000 0.000000
0.994547 0.181311 0.000000 -8.721770 -0.697608 -6.108119 -0.027094 0.013338 -0.140606 5.542053 9.861942 6.545142 -6.628901 -1.605783 10.661022 -6.804895 -0.366616 10.918725 0.000000 0.000000 0.000000 -10.140989 19.606842 -54.306353 139.465437 56.472771 157.830162 0.000000 0.000000 0.000000 0.000000 0.000000 0.000000 -24.771594 -24.296129 91.147335 174.161318 -44.963376 -177.550903 0.000000 0.000000 0.000000 18.270609 0.102053 13.286693 -23.348979 -11.890223 -4.932716 8.811462 -1.862913 1.510105 0.000000 0.000000 0.000000 11.910972 -4.396457 1.857066 -6.946985 3.537147 4.450425 7.674713 -18.207155 0.189534 0.000000 0.000000 0.000000
1.231279 0.179407 0.000000 -8.727184 -0.661535 -7.031719 -0.034580 0.012532 -0.140688 5.581846 9.486601 7.448366 -6.853254 -2.485979 10.081092 -7.130034 -1.279968 10.450322 0.000000 0.000000 0.000000 -11.282130 20.648750 -56.897083 130.199815 49.644833 155.604533 0.000000 0.000000 0.000000 0.000000 0.000000 0.000000 -24.176151 -25.139602 87.512956 170.205562 -48.844896 -175.249805 0.000000 0.000000 0.000000 21.912323 -0.175006 15.543656 -23.131655 -13.206866 -10.000814 5.813826 -9.941665 5.856943 0.000000 0.000000 0.000000 11.733652 -4.381383 3.228300 -8.482593 3.126000 3.401619 9.147056 -18.523050 -1.961316 0.000000 0.000000 0.000000
1.642714 0.178628 0.000000 -8.377517 -0.564814 -7.873946 -0.034745 0.011256 -0.129812 6.198103 3.865754 8.078126 -7.214579 -5.506238 8.171880 -7.698399 -4.508383 8.927233 0.000000 0.000000 0.000000 -13.154372 21.613113 -61.522942 112.312727 42.682117 134.716763 0.000000 0.000000 0.000000 0.000000 0.000000 0.000000 -20.857397 -24.690500 79.793207 154.614706 -54.096524 -165.718049 0.000000 0.000000 0.000000 22.638937 -0.743708 17.073218 -21.131619 -13.057635 -13.427325 7.223942 -15.600505 8.906856 0.000000 0.000000 0.000000 9.416880 -3.569677 6.819423 -9.096132 0.301896 -0.990302 7.726195 -20.546443 1.343136 0.000000 0.000000 0.000000
2.322540 0.182792 0.000000 -7.684070 -0.375128 -9.118672 -0.024094 0.010088 -0.109696 7.733805 -9.791655 9.113302 -7.927322 -11.740566 7.181856 -8.757084 -10.840494 8.782528 0.000000 0.000000 0.000000 -18.756167 25.663645 -70.166780 24.991575 34.641113 23.272781 0.000000 0.000000 0.000000 0.000000 0.000000 0.000000 -17.231714 -24.988280 68.295939 124.727232 -58.211031 -146.096117 0.000000 0.000000 0.000000 20.986930 -1.586673 18.409348 -19.862139 -12.585407 -14.637640 9.395844 -18.927853 10.560416 0.000000 0.000000 0.000000 7.870973 -3.079336 13.657970 -12.199945 -5.929402 -10.386272 3.319894 -26.398940 11.026218 0.000000 0.000000 0.000000
3.285141 0.194228 0.000000 -6.726960 -0.067697 -11.413184 -0.002563 0.009373 -0.083312 9.809389 -27.091872 11.460901 -8.349986 -13.974574 6.274193 -9.081135 -13.197952 8.235932 0.000000 0.000000 0.000000 -27.419773 28.842351 -86.588745 -109.925300 22.599707 -163.898869 0.000000 0.000000 0.000000 0.000000 0.000000 0.000000 -17.671181 -28.711385 59.079877 88.373009 -56.458883 -108.085245 0.000000 0.000000 0.000000 18.181562 -2.803246 20.477188 -17.128220 -11.014960 -15.532619 10.210043 -26.029622 14.577085 0.000000 0.000000 0.000000 7.856178 -3.308844 21.368093 -17.119367 -14.478773 -22.098018 -3.168102 -35.310568 25.574787 0.000000 0.000000 0.000000
4.319664 0.212933 0.000000 -6.349808 0.144850 -13.673079 0.013808 0.010035 -0.073697 12.398273 -38.920367 14.412691 -8.000625 -9.834105 6.531765 -8.714900 -8.995831 7.914407 0.000000 0.000000 0.000000 -30.009826 23.747576 -97.318939 -45.340282 12.225814 -136.409031 0.000000 0.000000 0.000000 0.000000 0.000000 0.000000 -30.608000 -44.278280 62.600232 37.497554 -39.789087 -31.343099 0.000000 0.000000 0.000000 13.288612 -4.213872 22.482897 -11.606816 -8.111757 -17.935434 10.533032 -38.842713 21.301429 0.000000 0.000000 0.000000 9.369412 -4.300714 25.863470 -20.796603 -20.505406 -29.463160 -10.648721 -32.739358 36.182259 0.000000 0.000000 0.000000
5.304306 0.229583 0.000000 -6.470518 0.229363 -15.507803 0.010492 0.009970 -0.076234 20.229205 -54.580358 20.403352 -7.146583 -2.422966 5.315739 -7.231844 -1.787885 5.781180 0.000000 0.000000 0.000000 -19.297896 14.309621 -71.026146 -18.021751 5.908434 -68.557576 0.000000 0.000000 0.000000 0.000000 0.000000 0.000000 -40.425918 -68.239706 57.468702 -30.796759 -18.145478 54.009520 0.000000 0.000000 0.000000 16.169611 -4.901202 24.959639 -13.423760 -9.357119 -18.134684 15.227797 -39.338903 19.896370 0.000000 0.000000 0.000000 9.290791 -4.212627 25.386210 -20.629503 -21.318255 -30.613959 -15.884524 -37.920301 45.320043 0.000000 0.000000 0.000000
6.278354 0.237207 0.000000 -6.563791 0.274577 -16.642729 0.004527 0.009555 -0.078233 36.718271 -76.733116 32.607048 -5.549082 5.736599 5.160144 -4.876519 6.226196 4.583297 0.000000 0.000000 0.000000 -0.466059 3.308729 -18.171588 -0.189551 2.337761 34.127312 0.000000 0.000000 0.000000 0.000000 0.000000 0.000000 -13.862339 -74.228596 18.432956 9.909831 -13.718185 -71.980376 0.000000 0.000000 0.000000 18.369780 -6.330338 28.870078 -14.110188 -10.445848 -21.112151 4.751754 -45.456825 28.660120 0.000000 0.000000 0.000000 11.150879 -5.283590 23.243059 -24.425879 -19.601187 -27.100238 -17.776265 -47.398918 49.062721 0.000000 0.000000 0.000000
7.415564 0.250421 0.000000 -6.707449 0.274487 -17.254220 -0.007162 0.008664 -0.081488 47.947283 -80.789313 42.657703 -5.993920 8.579527 6.241908 -4.809862 9.204892 5.282397 0.000000 0.000000 0.000000 -2.222220 9.727243 -15.151992 -3.418367 8.320831 21.900156 0.000000 0.000000 0.000000 0.000000 0.000000 0.000000 -18.956127 -69.671338 27.445825 -4.426307 -11.102815 -58.166110 0.000000 0.000000 0.000000 22.045601 -6.810526 30.327183 -16.589758 -12.113603 -20.952141 -12.172500 -49.268767 40.360732 0.000000 0.000000 0.000000 11.574340 -5.484942 22.250829 -24.582472 -19.022636 -26.354698 -22.125264 -55.473777 55.622653 0.000000 0.000000 0.000000
8.667448 0.275320 0.000000 -6.646921 0.310884 -17.590700 -0.001121 0.009146 -0.079990 44.508873 -79.520471 39.717702 -6.924246 8.888772 6.255893 -5.620650 9.621853 5.116066 0.000000 0.000000 0.000000 -4.678908 10.610871 -21.792397 -10.146195 22.965194 13.828431 0.000000 0.000000 0.000000 0.000000 0.000000 0.000000 -34.560805 -62.834150 53.400185 -50.782035 -15.014643 17.487847 0.000000 0.000000 0.000000 25.371354 -6.466074 29.721159 -17.299319 -12.579761 -20.909726 -18.781765 -45.761095 41.715021 0.000000 0.000000 0.000000 10.190505 -4.642454 21.967465 -20.758505 -19.070807 -27.601141 -27.892765 -56.024992 63.189469 0.000000 0.000000 0.000000
9.764940 0.293566 0.000000 -6.526083 0.397207 -18.461350 0.013020 0.010336 -0.077033 34.416330 -73.851384 31.600493 -7.139330 6.611616 5.119233 -6.171520 7.251284 4.228806 0.000000 0.000000 0.000000 -7.023388 11.767828 -28.412041 -15.272416 38.343608 6.569440 0.000000 0.000000 0.000000 0.000000 0.000000 0.000000 -51.717137 -55.093370 86.930854 -101.400966 -23.100010 150.924364 0.000000 0.000000 0.000000 23.100655 -6.137288 28.795180 -12.359798 -9.436876 -21.998233 0.088681 -47.853073 31.830550 0.000000 0.000000 0.000000 8.187418 -3.434615 21.905831 -15.180490 -19.048058 -29.446634 -30.818704 -54.659194 67.046163 0.000000 0.000000 0.000000
10.636536 0.291892 0.000000 -6.383187 0.516897 -19.743713 0.032651 0.012065 -0.073589 18.576826 -59.857712 20.231139 -6.602098 -0.043603 2.908907 -6.534059 0.282985 2.923808 0.000000 0.000000 0.000000 -9.226841 13.181860 -35.011189 -18.368091 54.150122 -1.152318 0.000000 0.000000 0.000000 0.000000 0.000000 0.000000 -48.722928 -39.582834 102.788887 -17.980275 -18.712466 92.117077 0.000000 0.000000 0.000000 18.699005 -5.487376 26.863599 -8.972075 -6.828003 -20.615434 8.441335 -48.104284 27.923152 0.000000 0.000000 0.000000 5.727714 -1.976576 22.892101 -9.032427 -18.469225 -30.816135 -25.790980 -49.146069 60.599353 0.000000 0.000000 0.000000
11.287868 0.275772 0.000000 -6.437017 0.545308 -20.435670 0.029055 0.011816 -0.074828 12.617396 -40.999901 19.196215 -6.892694 -7.104717 3.233806 -7.258983 -6.761911 4.061395 0.000000 0.000000 0.000000 -11.262173 14.833531 -41.594218 -8.480674 69.368898 -20.903778 0.000000 0.000000 0.000000 0.000000 0.000000 0.000000 -40.503275 -34.075948 98.281882 51.101216 -21.278693 -19.100031 0.000000 0.000000 0.000000 16.375747 -4.689273 24.505221 -9.610121 -6.656574 -17.454507 12.567098 -37.425587 19.710036 0.000000 0.000000 0.000000 4.897641 -1.469294 23.523331 -5.108866 -16.707481 -29.467605 -20.405494 -44.628375 52.685111 0.000000 0.000000 0.000000
11.653710 0.248440 0.000000 -7.065277 0.321740 -19.662148 -0.043245 0.005714 -0.089873 8.765216 -18.897087 18.936585 -7.530794 -12.089850 5.591334 -8.202162 -11.466581 7.113130 0.000000 0.000000 0.000000 -13.103836 16.700626 -48.170059 39.555583 79.461953 -50.353757 0.000000 0.000000 0.000000 0.000000 0.000000 0.000000 -28.317416 -35.607942 76.364911 139.795356 -37.406874 -166.262566 0.000000 0.000000 0.000000 15.393055 -3.380168 20.808354 -14.800555 -9.258640 -13.745235 12.615649 -24.975056 12.957255 0.000000 0.000000 0.000000 5.057497 -1.571847 22.589276 -4.694454 -13.305107 -23.988160 -6.305119 -40.994015 30.564426 0.000000 0.000000 0.000000
11.685597 0.217258 0.000000 -7.802926 0.017136 -17.802009 -0.110288 0.000723 -0.109786 7.338052 -6.767738 17.545625 -8.562822 -10.279208 4.406912 -8.892204 -9.739045 5.965005 0.000000 0.000000 0.000000 -14.727444 18.758510 -54.752488 118.951696 76.295437 -13.703759 0.000000 0.000000 0.000000 0.000000 0.000000 0.000000 -28.889306 -37.803551 73.913317 153.919353 -45.245632 -169.010869 0.000000 0.000000 0.000000 12.831472 -2.314178 17.063668 -17.945407 -10.687177 -11.604592 11.410030 -24.597474 13.086634 0.000000 0.000000 0.000000 5.709330 -1.973216 19.853108 -7.483595 -8.809961 -15.787858 7.312368 -29.462137 7.048259 0.000000 0.000000 0.000000
11.497923 0.192545 0.000000 -8.592584 -0.239337 -16.797241 -0.170756 -0.003262 -0.132370 6.824689 -2.016665 16.632684 -6.920789 -7.262673 4.301961 -7.270357 -6.786197 5.230887 0.000000 0.000000 0.000000 -16.109226 20.980395 -61.360277 130.034659 60.546358 172.261462 0.000000 0.000000 0.000000 0.000000 0.000000 0.000000 -28.533737 -37.666191 73.419103 170.099029 -46.245950 -175.716925 0.000000 0.000000 0.000000 9.797196 -2.034827 14.835239 -16.203787 -9.529444 -10.950025 8.368737 -27.245444 15.287484 0.000000 0.000000 0.000000 6.673184 -2.521986 18.318261 -9.130493 -4.797944 -9.219421 9.113088 -26.048481 2.627093 0.000000 0.000000 0.000000
11.182859 0.176512 0.000000 -8.875507 -0.344284 -16.013066 -0.179754 -0.003207 -0.141412 6.438271 1.588176 15.991383 -4.011756 -4.574385 3.586087 -4.238325 -4.324432 3.980684 0.000000 0.000000 0.000000 -17.288223 23.347891 -67.390081 128.323221 45.868850 164.847704 0.000000 0.000000 0.000000 0.000000 0.000000 0.000000 -26.906036 -35.207386 74.042918 177.556664 -44.995461 -179.000143 0.000000 0.000000 0.000000 6.144962 -2.124098 13.138068 -12.132059 -7.205040 -10.945885 6.669026 -29.384339 16.984502 0.000000 0.000000 0.000000 6.694885 -2.529875 17.527770 -9.887843 -1.780231 -4.464372 7.929165 -24.668442 3.639745 0.000000 0.000000 0.000000
10.772369 0.165366 0.000000 -8.756551 -0.358077 -14.932626 -0.149445 -0.000237 -0.138513 6.302977 2.850474 14.971724 0.215596 -2.743525 3.074132 0.062441 -2.719238 3.087197 0.000000 0.000000 0.000000 -18.248758 25.529062 -70.692031 127.987392 37.271241 161.338866 0.000000 0.000000 0.000000 0.000000 0.000000 0.000000 -26.180495 -33.529507 75.323052 149.361313 -42.774695 -150.936867 0.000000 0.000000 0.000000 5.415812 -1.858110 11.781642 -9.977732 -5.930281 -10.590557 7.204854 -29.675238 17.045515 0.000000 0.000000 0.000000 6.169264 -2.240863 17.096349 -8.347741 -0.660747 -2.548335 7.738226 -22.616145 2.754555 0.000000 0.000000 0.000000
10.138657 0.161316 0.000000 -8.589283 -0.363921 -13.801492 -0.118174 0.002659 -0.134053 6.202605 3.777346 13.880534 2.996588 -2.512966 2.209407 2.883408 -2.630064 2.074217 0.000000 0.000000 0.000000 -18.460092 26.425997 -69.338035 133.586644 39.154147 162.748480 0.000000 0.000000 0.000000 0.000000 0.000000 0.000000 -27.194670 -33.054341 78.208525 30.214370 -39.693038 -27.635080 0.000000 0.000000 0.000000 5.126389 -1.432823 10.118538 -9.476495 -5.483995 -9.412847 11.087019 -28.347875 15.328034 0.000000 0.000000 0.000000 4.933636 -1.550598 17.251977 -5.054438 -1.191392 -3.122878 8.028550 -20.563901 1.082201 0.000000 0.000000 0.000000
9.194523 0.163061 0.000000 -8.613627 -0.416278 -12.600146 -0.098554 0.004967 -0.135545 5.831438 7.201448 12.836905 2.618373 -3.367043 2.391829 2.459370 -3.476968 2.223647 0.000000 0.000000 0.000000 -17.310990 25.361292 -68.121058 141.502306 42.124511 164.659144 0.000000 0.000000 0.000000 0.000000 0.000000 0.000000 -30.906372 -34.329781 83.523606 -156.632639 -35.182325 172.789140 0.000000 0.000000 0.000000 4.467158 -1.043413 8.266194 -8.525709 -4.763375 -7.748736 18.322060 -25.004527 11.653263 0.000000 0.000000 0.000000 2.048774 0.083932 18.772829 -0.508514 -3.517381 -6.840408 7.381227 -18.727542 0.979407 0.000000 0.000000 0.000000
7.903051 0.169534 0.000000 -9.032827 -0.553063 -11.404456 -0.099092 0.006495 -0.149334 5.458717 10.617131 11.842470 1.655854 -2.246118 2.704517 1.548480 -2.324778 2.639748 0.000000 0.000000 0.000000 -17.584453 25.407090 -68.773110 147.578962 42.376804 166.922224 0.000000 0.000000 0.000000 0.000000 0.000000 0.000000 -34.047657 -34.525841 89.130461 -135.581697 -30.755274 167.329211 0.000000 0.000000 0.000000 3.704748 -0.678392 6.359114 -6.266295 -3.372035 -5.928855 19.894708 -23.647696 10.705065 0.000000 0.000000 0.000000 -0.155547 1.372941 19.891083 3.367110 -5.165912 -9.747156 6.512651 -17.465261 1.561782 0.000000 0.000000 0.000000
6.495968 0.175488 0.000000 -9.272165 -0.647314 -10.140937 -0.087052 0.008784 -0.157815 5.431098 10.866204 10.652198 1.975104 -1.612465 3.792290 1.868961 -1.749854 3.742496 0.000000 0.000000 0.000000 -19.626870 25.931482 -73.814063 158.490000 39.419126 172.197998 0.000000 0.000000 0.000000 0.000000 0.000000 0.000000 -35.386694 -34.300932 91.901297 -122.336215 -27.388185 164.764587 0.000000 0.000000 0.000000 3.354228 -0.389345 5.027598 -4.195163 -2.240093 -4.980206 20.280825 -22.593944 10.173318 0.000000 0.000000 0.000000 0.544832 0.963832 19.796748 3.214884 -4.887864 -9.197316 6.462895 -15.238301 0.165320 0.000000 0.000000 0.000000
5.221472 0.180174 0.000000 -9.431395 -0.709876 -9.208897 -0.077103 0.010532 -0.163558 5.447669 10.716446 9.754602 2.785326 -0.880059 5.137989 2.697436 -1.130263 5.103079 0.000000 0.000000 0.000000 -20.418301 25.478939 -77.090585 141.267038 39.433988 148.357730 0.000000 0.000000 0.000000 0.000000 0.000000 0.000000 -36.100295 -33.975948 93.696536 -115.193473 -26.039850 163.308107 0.000000 0.000000 0.000000 3.455994 -0.204553 4.468187 -2.335084 -1.305724 -4.544098 19.572678 -24.490713 11.165128 0.000000 0.000000 0.000000 1.001097 0.729789 20.184705 3.232031 -4.544292 -8.512039 7.485757 -14.104095 -2.297722 0.000000 0.000000 0.000000
4.297813 0.186634 0.000000 -9.470514 -0.751803 -8.137068 -0.061629 0.012418 -0.165261 5.497096 10.270540 8.681705 3.337667 -0.334226 5.954656 3.286524 -0.682339 5.946600 0.000000 0.000000 0.000000 -20.392515 25.208765 -77.637269 29.083938 42.286833 27.629016 0.000000 0.000000 0.000000 0.000000 0.000000 0.000000 -37.230302 -34.864671 94.005355 -117.140836 -26.581674 163.572476 0.000000 0.000000 0.000000 3.557103 0.041554 3.701052 0.447449 0.091466 -3.488727 17.298133 -26.050235 12.344451 0.000000 0.000000 0.000000 -0.517440 1.633595 20.563241 5.790730 -5.332823 -10.154027 7.995639 -16.275564 -1.667900 0.000000 0.000000 0.000000
3.709339 0.195303 0.000000 -9.550249 -0.798224 -7.129690 -0.049505 0.014092 -0.168293 5.503329 10.213845 7.701306 3.776928 -0.145134 6.762314 3.731488 -0.589407 6.766445 0.000000 0.000000 0.000000 -21.115364 26.521295 -76.717186 -174.130210 43.011130 -177.685167 0.000000 0.000000 0.000000 0.000000 0.000000 0.000000 -39.226692 -36.349156 94.684030 -112.743143 -25.905624 162.617403 0.000000 0.000000 0.000000 3.987254 0.350976 3.049763 1.948083 0.823406 -2.457995 15.234954 -23.257094 11.483058 0.000000 0.000000 0.000000 -2.356464 2.717911 20.725953 8.395414 -6.188501 -12.154368 7.633396 -19.753463 1.183135 0.000000 0.000000 0.000000
3.408849 0.204625 0.000000 -9.565203 -0.829656 -6.213603 -0.038339 0.015394 -0.169010 5.558127 9.717530 6.770351 3.925867 -0.475200 7.300427 3.833176 -0.970735 7.284209 0.000000 0.000000 0.000000 -22.096612 28.494906 -75.130826 -147.332351 42.678482 -150.192638 0.000000 0.000000 0.000000 0.000000 0.000000 0.000000 -40.855437 -37.686640 95.003100 -108.596433 -24.838331 162.009956 0.000000 0.000000 0.000000 4.905492 0.789836 2.451233 2.974068 1.307168 -1.861918 13.891527 -18.877993 9.613975 0.000000 0.000000 0.000000 -3.541451 3.420705 20.945574 10.657468 -6.975127 -14.087795 7.815011 -22.981415 2.897733 0.000000 0.000000 0.000000
3.349375 0.211801 0.000000 -9.550276 -0.844252 -5.673107 -0.032229 0.016012 -0.168575 5.568019 9.627628 6.231269 3.919582 -0.443703 7.677004 3.824880 -0.963886 7.664160 0.000000 0.000000 0.000000 -21.892710 29.224314 -73.143948 -27.412112 42.783695 -26.977263 0.000000 0.000000 0.000000 0.000000 0.000000 0.000000 -41.082597 -38.062125 94.737190 -109.247702 -24.665195 162.350898 0.000000 0.000000 0.000000 5.571891 1.096783 2.077119 2.261201 0.980386 -1.562840 12.905258 -15.354461 8.042221 0.000000 0.000000 0.000000 -2.646394 2.902235 21.266202 10.180790 -7.241662 -14.621274 10.426629 -25.860713 0.566073 0.000000 0.000000 0.000000
3.471993 0.217091 0.000000 -9.492457 -0.847178 -5.298716 -0.027855 0.016264 -0.166625 5.491281 10.319996 5.903661 3.876159 -0.360808 7.951425 3.787436 -0.892175 7.945776 0.000000 0.000000 0.000000 -21.284142 29.467380 -71.075925 171.908004 43.101173 176.818237 0.000000 0.000000 0.000000 0.000000 0.000000 0.000000 -41.051975 -37.971294 94.838551 -107.963325 -24.940672 161.729551 0.000000 0.000000 0.000000 5.204648 1.090533 1.742462 0.665516 0.246414 -1.653055 12.882388 -9.659330 5.223396 0.000000 0.000000 0.000000 -1.748820 2.388836 21.594764 9.701345 -7.503770 -15.157289 12.092862 -28.219614 -0.562632 0.000000 0.000000 0.000000
3.657319 0.220300 0.000000 -9.291286 -0.816098 -5.297576 -0.025887 0.015674 -0.159663 5.342961 11.648050 5.962587 3.323473 -0.727358 8.325989 3.182421 -1.200791 8.296741 0.000000 0.000000 0.000000 -20.349929 29.038852 -69.437528 159.477453 42.236935 172.045736 0.000000 0.000000 0.000000 0.000000 0.000000 0.000000 -39.762673 -36.836535 94.724470 -109.064039 -26.384053 160.989957 0.000000 0.000000 0.000000 4.510441 0.898755 1.695094 -2.469974 -1.196424 -1.842403 12.303332 -1.236356 1.069490 0.000000 0.000000 0.000000 -0.848614 1.880649 21.931223 9.219155 -7.761409 -15.695824 12.179702 -29.257605 -0.110899 0.000000 0.000000 0.000000
3.838816 0.224058 0.000000 -9.122187 -0.781502 -5.547993 -0.026504 0.014935 -0.153857 5.134880 13.509158 6.308677 2.645333 -0.724802 8.469287 2.509164 -1.107014 8.442920 0.000000 0.000000 0.000000 -20.011408 29.298270 -68.031860 146.093812 40.639465 167.136458 0.000000 0.000000 0.000000 0.000000 0.000000 0.000000 -38.021955 -35.094589 94.911345 -106.523871 -27.612289 159.211846 0.000000 0.000000 0.000000 3.973749 0.688871 1.866727 -4.047244 -1.921847 -1.827488 10.972363 2.717940 -0.940631 0.000000 0.000000 0.000000 0.054334 1.377815 22.275542 8.734244 -8.014533 -16.236862 10.800851 -28.420371 1.459368 0.000000 0.000000 0.000000
4.196254 0.227780 0.000000 -9.158724 -0.779622 -5.768414 -0.028906 0.014815 -0.155084 5.172014 13.180217 6.506299 2.392698 -0.538370 8.501772 2.286603 -0.886513 8.485638 0.000000 0.000000 0.000000 -20.786938 30.152007 -68.474387 142.549771 39.064214 166.300370 0.000000 0.000000 0.000000 0.000000 0.000000 0.000000 -37.646968 -34.779140 94.851592 -106.737102 -26.928121 159.818861 0.000000 0.000000 0.000000 3.643499 0.549529 2.012144 -3.788186 -1.808672 -1.919977 9.550625 2.973626 -1.155141 0.000000 0.000000 0.000000 0.912399 0.904274 22.594933 8.263886 -8.239003 -16.722274 8.051688 -25.001822 3.740748 0.000000 0.000000 0.000000
4.916406 0.230049 0.000000 -9.285106 -0.793893 -5.931087 -0.031812 0.014995 -0.159384 5.248042 12.505222 6.643815 2.293389 -0.549498 8.533044 2.185591 -0.883936 8.517091 0.000000 0.000000 0.000000 -22.268595 31.282604 -70.152473 140.115344 36.959057 166.183842 0.000000 0.000000 0.000000 0.000000 0.000000 0.000000 -37.838042 -35.000021 94.779788 -106.023668 -25.766872 160.449329 0.000000 0.000000 0.000000 3.295790 0.422521 2.100420 -3.467840 -1.692384 -2.379316 7.882692 1.654333 -0.570349 0.000000 0.000000 0.000000 1.510308 0.571985 22.770174 7.866692 -8.369209 -16.989698 4.451788 -19.653353 6.290502 0.000000 0.000000 0.000000
5.966443 0.228948 0.000000 -9.055809 -0.752650 -6.056322 -0.030225 0.014313 -0.151997 5.340262 11.680021 6.670501 2.199318 -1.061596 8.533526 2.013633 -1.376106 8.496621 0.000000 0.000000 0.000000 -23.949594 32.019032 -72.939637 140.622719 34.290604 167.370949 0.000000 0.000000 0.000000 0.000000 0.000000 0.000000 -36.908507 -34.066362 94.895802 -107.706524 -25.314919 161.334689 0.000000 0.000000 0.000000 3.233417 0.368952 2.224558 -3.222137 -1.634726 -3.213613 6.827476 1.122846 -0.343292 0.000000 0.000000 0.000000 1.512362 0.566422 22.694079 7.712880 -8.427143 -17.096522 4.675812 -18.645040 5.292735 0.000000 0.000000 0.000000
7.125313 0.225361 0.000000 -8.314096 -0.629914 -6.146154 -0.021975 0.012462 -0.128214 5.481312 10.407810 6.557050 2.148927 -1.805297 8.663039 1.849072 -2.109124 8.595627 0.000000 0.000000 0.000000 -24.662901 31.610280 -75.409227 147.811033 32.844956 170.153964 0.000000 0.000000 0.000000 0.000000 0.000000 0.000000 -34.823302 -32.061176 94.986361 -113.726808 -25.207683 163.335884 0.000000 0.000000 0.000000 3.537025 0.424818 2.337006 -3.194206 -1.689913 -4.219494 5.974901 1.364210 -0.516126 0.000000 0.000000 0.000000 1.115751 0.800089 22.580471 7.929542 -8.697374 -17.752915 5.056833 -15.844949 2.850876 0.000000 0.000000 0.000000
8.222995 0.222755 0.000000 -7.730583 -0.532356 -6.223485 -0.015288 0.011140 -0.110493 5.658263 8.806130 6.460571 2.137195 -1.732100 8.342782 1.860665 -2.025227 8.278969 0.000000 0.000000 0.000000 -24.644860 30.458427 -77.468864 163.813420 31.965384 175.308282 0.000000 0.000000 0.000000 0.000000 0.000000 0.000000 -33.666975 -31.082898 94.799767 -117.368835 -24.151799 165.266544 0.000000 0.000000 0.000000 4.522667 0.693219 2.398979 -3.260170 -1.794889 -5.267791 4.616875 0.299466 0.019930 0.000000 0.000000 0.000000 0.934503 0.896499 22.335674 8.335761 -8.939692 -18.378267 5.552943 -12.229669 -0.377364 0.000000 0.000000 0.000000
9.113456 0.221931 0.000000 -7.713745 -0.525995 -6.299954 -0.015428 0.011070 -0.110019 5.687775 8.536793 6.523855 1.974306 -1.887670 7.912704 1.692678 -2.142409 7.847122 0.000000 0.000000 0.000000 -26.131593 32.045290 -77.886707 165.688404 29.542363 176.206385 0.000000 0.000000 0.000000 0.000000 0.000000 0.000000 -35.353787 -31.897805 96.222874 -105.457415 -21.311689 163.723519 0.000000 0.000000 0.000000 5.572794 1.012261 2.355798 -3.421952 -1.938576 -6.172343 3.057741 -0.216353 0.263007 0.000000 0.000000 0.000000 1.544965 0.499519 21.747677 7.624797 -8.730910 -17.765748 5.556194 -12.035699 -0.523007 0.000000 0.000000 0.000000
9.696134 0.220954 0.000000 -7.732853 -0.521519 -6.450697 -0.016189 0.011056 -0.110622 5.703076 8.396814 6.671424 1.810450 -2.112830 7.693045 1.508767 -2.337742 7.624865 0.000000 0.000000 0.000000 -26.101481 31.974038 -77.949464 166.088404 28.612420 176.430117 0.000000 0.000000 0.000000 0.000000 0.000000 0.000000 -35.915816 -31.819160 97.336705 -99.494482 -20.351871 162.749837 0.000000 0.000000 0.000000 6.345597 1.228903 2.387069 -3.850688 -2.197664 -6.731594 1.755744 -0.685456 0.487100 0.000000 0.000000 0.000000 2.539570 -0.119075 21.132182 6.837475 -8.404189 -16.903511 5.685181 -12.543574 -0.376401 0.000000 0.000000 0.000000
9.977882 0.218984 0.000000 -7.361719 -0.447460 -6.702740 -0.011923 0.010332 -0.100354 5.742471 8.036409 6.860737 1.502434 -2.496451 7.298830 1.168578 -2.667998 7.227914 0.000000 0.000000 0.000000 -25.258970 30.942330 -77.961308 165.863383 28.959794 176.302742 0.000000 0.000000 0.000000 0.000000 0.000000 0.000000 -34.878303 -30.999973 97.107302 -105.371885 -21.936201 163.317660 0.000000 0.000000 0.000000 5.464040 0.926851 2.534946 -6.058259 -3.307802 -6.493478 1.466234 1.444689 -0.803998 0.000000 0.000000 0.000000 3.691144 -0.801775 20.849536 4.904077 -8.262276 -16.297113 6.090252 -12.780032 -0.897874 0.000000 0.000000 0.000000
10.020378 0.217000 0.000000 -6.905702 -0.356895 -6.977076 -0.005990 0.009560 -0.088125 5.769029 7.792833 7.069715 1.288644 -2.533232 6.966750 0.967404 -2.671864 6.903618 0.000000 0.000000 0.000000 -23.393371 29.215126 -76.899562 161.006123 30.625192 174.714286 0.000000 0.000000 0.000000 0.000000 0.000000 0.000000 -33.413213 -30.083253 96.321675 -115.699073 -24.916194 164.197420 0.000000 0.000000 0.000000 4.385911 0.543444 2.770952 -9.581089 -5.089042 -6.260241 3.213545 3.301977 -1.827031 0.000000 0.000000 0.000000 5.093371 -1.622922 20.574875 2.685876 -8.127568 -15.702127 6.463758 -12.807956 -1.511112 0.000000 0.000000 0.000000
9.923090 0.215963 0.000000 -6.742746 -0.319017 -7.161731 -0.003673 0.009331 -0.083974 5.808383 7.431543 7.227122 1.121826 -2.533680 6.765408 0.811633 -2.648576 6.709404 0.000000 0.000000 0.000000 -22.181504 28.672694 -74.938370 154.122528 31.753173 172.484848 0.000000 0.000000 0.000000 0.000000 0.000000 0.000000 -33.406973 -30.285526 95.910209 -117.309730 -25.785063 164.124639 0.000000 0.000000 0.000000 4.051926 0.399849 2.934633 -9.687218 -5.139747 -6.233017 4.125759 3.300701 -1.757138 0.000000 0.000000 0.000000 5.215605 -1.697367 20.257929 2.332012 -7.901237 -15.200579 6.668482 -13.344416 -1.470747 0.000000 0.000000 0.000000
9.737188 0.216219 0.000000 -6.786218 -0.308701 -7.482610 -0.004854 0.009329 -0.085070 5.847076 7.075572 7.545279 1.302675 -2.710326 6.969380 0.959416 -2.848534 6.900513 0.000000 0.000000 0.000000 -21.200677 28.342400 -73.090499 150.066425 32.869660 170.982343 0.000000 0.000000 0.000000 0.000000 0.000000 0.000000 -33.468375 -30.527946 95.547644 -116.715357 -25.954843 163.820276 0.000000 0.000000 0.000000 4.168010 0.346626 3.228138 -9.268336 -4.917462 -6.176666 4.737425 2.683029 -1.351483 0.000000 0.000000 0.000000 4.932119 -1.529611 20.598584 2.592928 -7.890030 -15.209808 6.757974 -13.598565 -1.439766 0.000000 0.000000 0.000000
9.436282 0.217334 0.000000 -7.018777 -0.324745 -7.923824 -0.009689 0.009481 -0.090911 5.875495 6.812856 8.004367 1.354196 -2.842679 7.083575 0.987395 -2.988215 7.007473 0.000000 0.000000 0.000000 -21.835763 29.240653 -72.943750 149.579691 32.600028 170.904770 0.000000 0.000000 0.000000 0.000000 0.000000 0.000000 -33.840234 -31.051892 95.205812 -116.635273 -25.487666 164.058167 0.000000 0.000000 0.000000 4.494031 0.316885 3.641411 -8.931549 -4.737112 -6.115139 4.924445 2.412329 -1.182310 0.000000 0.000000 0.000000 4.825880 -1.456939 21.347931 2.912274 -7.961195 -15.392541 6.776409 -13.658750 -1.427876 0.000000 0.000000 0.000000
8.923559 0.218882 0.000000 -7.234407 -0.343377 -8.301073 -0.015267 0.009563 -0.096858 5.950548 6.121388 8.391799 1.446425 -3.181002 7.185110 1.029879 -3.337239 7.094204 0.000000 0.000000 0.000000 -22.891561 30.231042 -73.705333 150.380825 32.170546 171.293847 0.000000 0.000000 0.000000 0.000000 0.000000 0.000000 -34.741389 -32.224612 94.551952 -118.585241 -24.754296 165.140430 0.000000 0.000000 0.000000 4.650623 0.248912 4.018206 -8.555773 -4.532655 -6.010905 4.929439 2.395306 -1.172037 0.000000 0.000000 0.000000 4.802237 -1.432070 22.183613 3.158288 -8.067695 -15.638876 6.691158 -13.400606 -1.468305 0.000000 0.000000 0.000000
8.241767 0.220344 0.000000 -7.812459 -0.441404 -8.451236 -0.029175 0.009973 -0.113493 5.841526 7.125994 8.628424 1.368813 -3.032015 7.483163 0.954592 -3.185605 7.400700 0.000000 0.000000 0.000000 -23.586204 31.089758 -73.770517 147.350666 31.362337 170.632435 0.000000 0.000000 0.000000 0.000000 0.000000 0.000000 -36.052155 -33.182342 95.031050 -109.483119 -23.780874 163.076196 0.000000 0.000000 0.000000 4.877061 0.274962 4.138373 -7.836569 -4.137063 -5.750935 5.072600 2.125523 -1.007825 0.000000 0.000000 0.000000 5.155089 -1.639701 22.661447 3.360919 -8.071079 -15.671278 6.943727 -13.385683 -1.901086 0.000000 0.000000 0.000000
7.524725 0.221763 0.000000 -8.672298 -0.588845 -8.652907 -0.050105 0.010600 -0.138613 5.734196 8.112176 8.956854 1.596416 -3.217354 8.149854 1.115366 -3.411398 8.048624 0.000000 0.000000 0.000000 -24.742329 32.255088 -74.372118 147.031186 31.028166 170.666246 0.000000 0.000000 0.000000 0.000000 0.000000 0.000000 -38.073401 -34.857283 95.404500 -101.835560 -22.758999 161.435798 0.000000 0.000000 0.000000 5.110919 0.294880 4.286254 -6.707882 -3.521706 -5.335645 5.071070 1.107101 -0.426396 0.000000 0.000000 0.000000 5.765493 -2.003117 23.357785 3.759039 -8.007955 -15.594978 7.416166 -13.558827 -2.566304 0.000000 0.000000 0.000000
6.907683 0.223730 0.000000 -8.872655 -0.624556 -8.683820 -0.055301 0.010811 -0.145360 5.686751 8.545703 9.036765 1.782568 -3.087784 8.289944 1.307893 -3.311559 8.185193 0.000000 0.000000 0.000000 -24.684613 31.685477 -75.254887 153.354292 32.597761 172.075108 0.000000 0.000000 0.000000 0.000000 0.000000 0.000000 -38.608497 -35.529275 95.102259 -101.517349 -23.098627 161.025989 0.000000 0.000000 0.000000 4.586435 0.162032 4.253594 -5.924288 -3.080386 -4.826479 5.237102 0.344641 0.016921 0.000000 0.000000 0.000000 5.855901 -2.057854 23.922332 4.030493 -8.101664 -15.822565 7.673900 -13.772046 -2.841805 0.000000 0.000000 0.000000
6.462523 0.226379 0.000000 -9.522003 -0.743093 -8.708345 -0.071176 0.011586 -0.167098 5.616350 9.188462 9.181671 2.066187 -2.171901 7.895673 1.739222 -2.434021 7.817274 0.000000 0.000000 0.000000 -25.889474 32.782247 -76.004732 153.865261 32.026074 172.368530 0.000000 0.000000 0.000000 0.000000 0.000000 0.000000 -40.855465 -37.584509 95.171620 -93.353847 -22.058050 159.173461 0.000000 0.000000 0.000000 4.047220 0.031786 4.198175 -4.746601 -2.467952 -4.473561 5.341056 -1.192075 0.900979 0.000000 0.000000 0.000000 6.253781 -2.303857 24.144929 4.777938 -7.913476 -15.529211 7.916391 -14.575017 -2.670632 0.000000 0.000000 0.000000
6.220952 0.228450 0.000000 -9.890906 -0.812089 -8.672913 -0.079516 0.012164 -0.180020 5.593769 9.393980 9.211593 2.335572 -1.238605 7.524259 2.151570 -1.534445 7.477377 0.000000 0.000000 0.000000 -26.454080 33.053595 -76.764978 155.138685 31.248335 172.947351 0.000000 0.000000 0.000000 0.000000 0.000000 0.000000 -41.616349 -38.499665 94.836262 -92.570449 -21.868805 159.075835 0.000000 0.000000 0.000000 3.777777 -0.017951 4.116657 -3.743623 -1.959721 -4.257688 5.153682 -2.243911 1.495847 0.000000 0.000000 0.000000 6.194874 -2.266979 24.207407 5.544860 -7.817564 -15.429391 7.974271 -15.311137 -2.247664 0.000000 0.000000 0.000000
6.139884 0.229459 0.000000 -9.753238 -0.788680 -8.609795 -0.075150 0.012078 -0.175129 5.565579 9.649843 9.147103 2.376733 -1.304397 7.536212 2.182659 -1.605252 7.485961 0.000000 0.000000 0.000000 -26.682893 33.146553 -77.097667 154.214482 31.184654 172.686615 0.000000 0.000000 0.000000 0.000000 0.000000 0.000000 -40.665305 -37.942531 94.291751 -98.831514 -23.134556 160.115467 0.000000 0.000000 0.000000 3.605288 -0.033134 4.006066 -3.573912 -1.863722 -4.068173 5.448969 -2.192255 1.471365 0.000000 0.000000 0.000000 5.438569 -1.796155 24.290185 6.207269 -7.972367 -15.852739 7.623863 -15.403293 -1.612585 0.000000 0.000000 0.000000
6.140269 0.229650 0.000000 -9.474334 -0.738710 -8.575513 -0.068041 0.011728 -0.165357 5.530600 9.966412 9.092951 2.121351 -1.735942 7.879160 1.856825 -2.006218 7.819292 0.000000 0.000000 0.000000 -25.906662 32.397766 -76.735115 155.164884 32.078514 172.740840 0.000000 0.000000 0.000000 0.000000 0.000000 0.000000 -39.084025 -36.751356 93.781399 -104.997437 -24.296904 161.245542 0.000000 0.000000 0.000000 3.720986 0.021334 3.927090 -3.260954 -1.698840 -3.867007 5.607328 -1.840158 1.272670 0.000000 0.000000 0.000000 4.710761 -1.342081 24.302404 6.722334 -8.132629 -16.280596 7.360067 -15.742002 -0.947005 0.000000 0.000000 0.000000
6.158169 0.229018 0.000000 -9.134648 -0.678795 -8.516882 -0.059408 0.011358 -0.153979 5.498012 10.261426 9.003729 1.386081 -2.517278 8.677260 0.980239 -2.687060 8.616940 0.000000 0.000000 0.000000 -24.438953 30.792974 -76.379769 154.418831 33.739577 172.162442 0.000000 0.000000 0.000000 0.000000 0.000000 0.000000 -36.833837 -34.995729 93.093091 -113.437010 -25.724584 162.926393 0.000000 0.000000 0.000000 4.186339 0.184184 3.804925 -2.899385 -1.509885 -3.658775 5.118855 -1.509166 1.074532 0.000000 0.000000 0.000000 3.805179 -0.776724 24.317953 7.229442 -8.380083 -16.905247 6.904458 -15.701706 -0.226646 0.000000 0.000000 0.000000
6.188124 0.227952 0.000000 -8.562087 -0.579266 -8.395675 -0.044995 0.010768 -0.135251 5.567264 9.634532 8.759768 0.425329 -3.332134 9.665442 -0.143536 -3.354804 9.624975 0.000000 0.000000 0.000000 -22.804599 28.581391 -76.736613 159.611049 35.086918 173.490014 0.000000 0.000000 0.000000 0.000000 0.000000 0.000000 -34.080809 -33.041440 91.875052 -124.561559 -26.964496 165.641215 0.000000 0.000000 0.000000 4.382348 0.276782 3.673131 -3.680617 -1.879894 -3.587860 5.183097 -0.576320 0.542213 0.000000 0.000000 0.000000 3.067813 -0.317728 24.290858 7.046750 -8.691803 -17.566728 6.611865 -15.638925 0.213979 0.000000 0.000000 0.000000
6.268062 0.226970 0.000000 -8.146342 -0.511673 -8.220385 -0.034387 0.010472 -0.122694 5.588835 9.438056 8.518822 0.012560 -3.601896 10.004182 -0.614244 -3.549151 9.984608 0.000000 0.000000 0.000000 -22.224528 28.031269 -76.394691 161.405121 34.850526 174.108186 0.000000 0.000000 0.000000 0.000000 0.000000 0.000000 -33.080190 -32.351034 91.337606 -129.468277 -27.448426 166.842348 0.000000 0.000000 0.000000 4.332778 0.326225 3.457156 -4.517843 -2.277919 -3.538568 5.136998 0.417162 -0.028554 0.000000 0.000000 0.000000 2.748563 -0.124310 24.142339 6.764013 -8.971894 -18.131072 6.271647 -15.378766 0.603571 0.000000 0.000000 0.000000
6.399004 0.225871 0.000000 -7.601364 -0.420040 -8.085665 -0.021956 0.009968 -0.106632 5.655437 8.831706 8.284309 -0.373560 -3.770161 10.074006 -1.026114 -3.647126 10.077970 0.000000 0.000000 0.000000 -21.993251 27.819770 -76.237507 164.510190 34.488930 175.164319 0.000000 0.000000 0.000000 0.000000 0.000000 0.000000 -31.964364 -31.674051 90.550160 -136.552703 -27.741863 168.757761 0.000000 0.000000 0.000000 4.136060 0.315013 3.307351 -5.380629 -2.695345 -3.576045 4.889546 1.115624 -0.440472 0.000000 0.000000 0.000000 2.522065 0.012939 24.049047 6.092552 -9.229666 -18.563329 5.833605 -14.661788 0.850026 0.000000 0.000000 0.000000
6.549687 0.224553 0.000000 -7.418942 -0.392672 -7.980905 -0.017728 0.009843 -0.101578 5.691207 8.505396 8.145753 -0.298405 -3.834922 10.115504 -0.966980 -3.723098 10.113798 0.000000 0.000000 0.000000 -21.974703 27.788277 -76.254701 165.032355 34.374357 175.347087 0.000000 0.000000 0.000000 0.000000 0.000000 0.000000 -31.553657 -31.319367 90.450163 -137.058454 -27.108906 169.166171 0.000000 0.000000 0.000000 3.980513 0.299387 3.211058 -6.037580 -3.018485 -3.651739 4.714269 1.494858 -0.667298 0.000000 0.000000 0.000000 2.815937 -0.171692 24.003771 5.443693 -9.410788 -18.822322 5.720933 -14.365073 0.836988 0.000000 0.000000 0.000000
6.675649 0.223585 0.000000 -7.351456 -0.380938 -7.975702 -0.016356 0.009778 -0.099733 5.664683 8.747466 8.138300 -0.320004 -3.430940 9.898214 -0.905147 -3.325320 9.899863 0.000000 0.000000 0.000000 -21.963274 27.704832 -76.397106 163.382319 34.242284 174.851454 0.000000 0.000000 0.000000 0.000000 0.000000 0.000000 -31.249104 -30.797761 90.872153 -135.746900 -27.251796 168.743281 0.000000 0.000000 0.000000 3.896214 0.275831 3.210519 -6.975574 -3.470833 -3.657049 4.968900 2.109016 -1.004534 0.000000 0.000000 0.000000 3.192645 -0.401504 24.119887 4.853257 -9.530742 -18.955890 5.757672 -14.112549 0.601984 0.000000 0.000000 0.000000
6.772554 0.223437 0.000000 -7.549893 -0.414091 -8.022900 -0.020688 0.009962 -0.105392 5.631069 9.053786 8.220578 -0.541585 -3.022076 9.536273 -1.035653 -2.892147 9.551668 0.000000 0.000000 0.000000 -22.804732 28.633865 -76.613780 160.790414 33.328753 174.234630 0.000000 0.000000 0.000000 0.000000 0.000000 0.000000 -32.246761 -31.171700 92.011342 -130.508138 -26.466736 167.667263 0.000000 0.000000 0.000000 4.040664 0.301660 3.260862 -7.148175 -3.555536 -3.672581 5.250914 2.452569 -1.182988 0.000000 0.000000 0.000000 3.387657 -0.515766 24.342313 4.756749 -9.617245 -19.118358 5.826416 -14.029702 0.429105 0.000000 0.000000 0.000000
6.842054 0.223958 0.000000 -8.092486 -0.505509 -8.153117 -0.033062 0.010494 -0.121652 5.616445 9.186923 8.426376 -0.910091 -2.703807 8.873851 -1.328455 -2.534653 8.901066 0.000000 0.000000 0.000000 -24.779879 30.725025 -77.189279 158.760746 30.273112 174.257901 0.000000 0.000000 0.000000 0.000000 0.000000 0.000000 -34.737635 -32.616266 93.755321 -120.610670 -24.485155 165.992479 0.000000 0.000000 0.000000 4.384481 0.355036 3.406658 -6.652316 -3.331485 -3.826247 5.145809 2.102936 -0.989328 0.000000 0.000000 0.000000 3.710838 -0.711433 24.567787 4.942887 -9.593346 -19.106838 6.045611 -14.146462 0.140837 0.000000 0.000000 0.000000
6.893147 0.224464 0.000000 -9.017602 -0.663200 -8.360609 -0.054779 0.011407 -0.150025 5.671034 8.689909 8.740555 -1.374138 -1.517858 7.741760 -1.566081 -1.320785 7.777392 0.000000 0.000000 0.000000 -28.684933 34.586310 -78.776599 157.996126 24.342504 175.101522 0.000000 0.000000 0.000000 0.000000 0.000000 0.000000 -38.382581 -35.301756 95.131427 -112.457228 -22.022060 165.174438 0.000000 0.000000 0.000000 4.913508 0.431324 3.649262 -5.666883 -2.883399 -4.119423 4.878941 1.298693 -0.545338 0.000000 0.000000 0.000000 4.069504 -0.928650 24.828817 5.537537 -9.486705 -19.008121 6.411774 -14.297666 -0.370097 0.000000 0.000000 0.000000
6.927089 0.225037 0.000000 -9.319749 -0.711190 -8.547604 -0.063918 0.011560 -0.159993 5.682705 8.583284 8.958790 -1.386306 -1.510570 7.236717 -1.564644 -1.324930 7.271521 0.000000 0.000000 0.000000 -29.506149 34.433467 -80.718651 163.662182 21.805497 176.825153 0.000000 0.000000 0.000000 0.000000 0.000000 0.000000 -38.711810 -35.421896 95.453218 -112.428194 -22.031314 165.161820 0.000000 0.000000 0.000000 4.911157 0.378261 3.825122 -4.645173 -2.396266 -4.227160 4.912222 0.663242 -0.179863 0.000000 0.000000 0.000000 3.592638 -0.615246 25.229515 6.339749 -9.582885 -19.386301 6.585449 -14.496702 -0.522432 0.000000 0.000000 0.000000
6.946922 0.225648 0.000000 -9.210454 -0.685193 -8.726956 -0.063971 0.011118 -0.156207 5.721260 8.230565 9.100624 -0.948903 -1.929959 7.289738 -1.184673 -1.794562 7.318838 0.000000 0.000000 0.000000 -29.635258 34.094998 -81.561528 166.955235 21.462144 177.480918 0.000000 0.000000 0.000000 0.000000 0.000000 0.000000 -38.404915 -35.282566 95.205478 -114.528354 -22.325522 165.539604 0.000000 0.000000 0.000000 4.822763 0.299636 4.006515 -3.988560 -2.077644 -4.242082 5.352848 0.326070 0.033237 0.000000 0.000000 0.000000 3.025302 -0.235677 25.751917 6.498079 -9.750610 -19.791420 6.847948 -14.288213 -1.104231 0.000000 0.000000 0.000000
6.963516 0.226162 0.000000 -9.338915 -0.704579 -8.851924 -0.068872 0.011079 -0.160514 5.773406 7.753081 9.212304 -0.853439 -2.145690 7.266317 -1.117021 -2.021386 7.293617 0.000000 0.000000 0.000000 -30.366976 34.396732 -82.487534 173.313134 20.517512 178.782626 0.000000 0.000000 0.000000 0.000000 0.000000 0.000000 -38.803390 -35.867335 94.838433 -114.638355 -21.980505 165.798956 0.000000 0.000000 0.000000 4.932365 0.285998 4.153319 -3.560672 -1.873390 -4.299907 5.522335 -0.249713 0.368577 0.000000 0.000000 0.000000 2.360624 0.202929 26.019225 7.189596 -9.870561 -20.221313 6.977711 -14.576095 -1.119997 0.000000 0.000000 0.000000
6.977442 0.226512 0.000000 -9.352783 -0.703778 -8.953362 -0.070765 0.010924 -0.160964 5.780851 7.684705 9.310181 -0.682421 -2.287787 7.359493 -0.969029 -2.182207 7.381202 0.000000 0.000000 0.000000 -30.506157 34.355258 -82.833174 175.627356 20.622359 179.194218 0.000000 0.000000 0.000000 0.000000 0.000000 0.000000 -38.873190 -35.963449 94.786269 -114.568178 -22.302975 165.574485 0.000000 0.000000 0.000000 4.922883 0.237379 4.307645 -3.084144 -1.649570 -4.425867 5.410439 -0.886052 0.725533 0.000000 0.000000 0.000000 1.942839 0.482474 26.222064 7.943939 -9.953453 -20.591204 7.052381 -15.042079 -0.920509 0.000000 0.000000 0.000000
6.992042 0.226921 0.000000 -9.430893 -0.713221 -9.112529 -0.075328 0.010733 -0.163624 5.732557 8.127391 9.502937 -1.004111 -1.951859 7.121628 -1.237592 -1.814454 7.152614 0.000000 0.000000 0.000000 -30.582929 34.472999 -82.776184 172.152428 21.117592 178.534942 0.000000 0.000000 0.000000 0.000000 0.000000 0.000000 -38.644941 -35.619867 95.007558 -115.570553 -23.420369 165.115473 0.000000 0.000000 0.000000 4.953714 0.172226 4.553944 -2.748578 -1.497374 -4.607259 5.568159 -1.327553 0.980910 0.000000 0.000000 0.000000 1.977677 0.469568 26.413777 8.067694 -9.964781 -20.648434 7.174458 -15.291659 -0.950462 0.000000 0.000000 0.000000
7.004592 0.227462 0.000000 -9.634175 -0.745789 -9.290881 -0.083705 0.010623 -0.170616 5.693819 8.481803 9.725131 -1.626954 -1.817001 6.779037 -1.827334 -1.614827 6.832024 0.000000 0.000000 0.000000 -30.986647 34.835761 -82.926185 170.579722 21.135557 178.237859 0.000000 0.000000 0.000000 0.000000 0.000000 0.000000 -38.666664 -35.543070 95.173949 -114.596823 -23.869778 164.539722 0.000000 0.000000 0.000000 5.034690 0.131866 4.762254 -2.444783 -1.352702 -4.676003 5.643504 -1.685335 1.185735 0.000000 0.000000 0.000000 2.000684 0.461661 26.551431 8.324658 -9.929585 -20.634138 7.336823 -15.593297 -1.011369 0.000000 0.000000 0.000000
7.016480 0.227927 0.000000 -9.745197 -0.761606 -9.463201 -0.089843 0.010397 -0.174475 5.668374 8.714325 9.923702 -2.200588 -2.001251 6.590109 -2.411934 -1.737530 6.668551 0.000000 0.000000 0.000000 -31.122356 34.736429 -83.360047 170.550241 21.267329 178.221771 0.000000 0.000000 0.000000 0.000000 0.000000 0.000000 -38.674641 -35.396505 95.437733 -112.968628 -23.819339 164.097286 0.000000 0.000000 0.000000 5.052613 0.083531 4.940099 -2.136568 -1.201384 -4.674550 5.591806 -1.857754 1.282749 0.000000 0.000000 0.000000 1.853280 0.558300 26.562540 8.689754 -9.828949 -20.495729 7.483805 -15.950883 -1.008800 0.000000 0.000000 0.000000
7.038242 0.228823 0.000000 -9.855904 -0.779335 -9.579616 -0.095185 0.010264 -0.178396 5.667087 8.726069 10.053518 -2.275327 -1.965148 6.571735 -2.481766 -1.694084 6.651206 0.000000 0.000000 0.000000 -31.390400 34.735601 -83.873693 145.000240 21.093367 150.712190 0.000000 0.000000 0.000000 0.000000 0.000000 0.000000 -38.792932 -35.428836 95.570240 -111.509860 -23.296097 164.030794 0.000000 0.000000 0.000000 5.116870 0.070477 5.040785 -1.836484 -1.053329 -4.658911 5.378860 -2.047789 1.387078 0.000000 0.000000 0.000000 1.741026 0.616514 26.277262 9.083374 -9.566838 -19.985626 7.636054 -16.238359 -1.062436 0.000000 0.000000 0.000000
7.074808 0.230035 0.000000 -10.011526 -0.808400 -9.608166 -0.100290 0.010353 -0.184021 5.649753 8.884273 10.112318 -2.486528 -1.639963 6.543584 -2.654165 -1.347762 6.619048 0.000000 0.000000 0.000000 -31.781988 34.959385 -84.228552 23.046407 20.579474 25.994180 0.000000 0.000000 0.000000 0.000000 0.000000 0.000000 -38.926202 -35.393173 95.842957 -106.541781 -22.337177 163.246039 0.000000 0.000000 0.000000 5.255130 0.107381 5.039679 -1.449654 -0.863222 -4.651842 5.283043 -2.238662 1.494383 0.000000 0.000000 0.000000 1.787223 0.552388 25.629239 9.478269 -9.128083 -19.053077 8.055731 -16.870876 -1.318680 0.000000 0.000000 0.000000
7.115582 0.231084 0.000000 -10.155314 -0.836214 -9.601063 -0.104364 0.010513 -0.189295 5.647351 8.906165 10.125523 -2.587016 -1.574369 6.714603 -2.750304 -1.262658 6.790669 0.000000 0.000000 0.000000 -32.052268 34.905035 -84.839052 -175.719533 20.181090 -179.230492 0.000000 0.000000 0.000000 0.000000 0.000000 0.000000 -38.991932 -35.438195 95.869320 -102.284003 -21.474193 162.628444 0.000000 0.000000 0.000000 5.347286 0.145791 4.993042 -0.980601 -0.633838 -4.659830 5.365251 -2.471801 1.628625 0.000000 0.000000 0.000000 1.854813 0.476880 25.011259 9.970410 -8.754285 -18.276005 8.552186 -17.909447 -1.424799 0.000000 0.000000 0.000000
7.143258 0.231647 0.000000 -10.222383 -0.849896 -9.570436 -0.105688 0.010656 -0.191799 5.644359 8.933343 10.106319 -2.786185 -1.382705 6.818766 -2.928420 -1.043991 6.893328 0.000000 0.000000 0.000000 -31.820273 34.386898 -85.305430 -173.938650 20.407762 -178.904071 0.000000 0.000000 0.000000 0.000000 0.000000 0.000000 -39.072239 -35.461639 95.955078 -100.162078 -21.052636 162.322536 0.000000 0.000000 0.000000 5.293989 0.168521 4.870533 -0.351142 -0.322473 -4.577640 5.386448 -2.851022 1.844756 0.000000 0.000000 0.000000 1.888285 0.420325 24.302227 10.369164 -8.332805 -17.346458 8.803889 -18.289482 -1.575604 0.000000 0.000000 0.000000
7.153039 0.232104 0.000000 -10.236778 -0.853090 -9.553781 -0.105758 0.010711 -0.192345 5.610120 9.245400 10.114735 -2.750851 -1.244713 6.784982 -2.876838 -0.912903 6.852209 0.000000 0.000000 0.000000 -32.168954 34.847540 -85.151609 -176.995704 20.578947 -179.457746 0.000000 0.000000 0.000000 0.000000 0.000000 0.000000 -39.328846 -35.541097 96.223975 -98.434066 -20.980626 161.851006 0.000000 0.000000 0.000000 5.221642 0.200244 4.700720 -0.189144 -0.235068 -4.354027 5.615431 -3.175719 2.030959 0.000000 0.000000 0.000000 2.145805 0.231138 23.708008 10.679573 -7.939487 -16.459250 8.937862 -18.390587 -1.721702 0.000000 0.000000 0.000000
7.143746 0.232473 0.000000 -10.155734 -0.838959 -9.502028 -0.102373 0.010738 -0.189354 5.597683 9.358249 10.061053 -3.261679 -1.416486 6.833079 -3.403656 -1.023320 6.925412 0.000000 0.000000 0.000000 -31.737901 34.407807 -85.100990 -151.138582 21.862867 -151.906307 0.000000 0.000000 0.000000 0.000000 0.000000 0.000000 -38.954773 -35.170048 96.274420 -100.442370 -21.475349 162.056309 0.000000 0.000000 0.000000 5.061736 0.196140 4.570924 -0.268868 -0.269052 -4.222828 5.933256 -3.303601 2.104428 0.000000 0.000000 0.000000 2.601360 -0.060692 23.446837 10.382667 -7.789962 -16.051760 9.070850 -18.160789 -2.082729 0.000000 0.000000 0.000000
7.098061 0.232789 0.000000 -10.053010 -0.825902 -9.271586 -0.095107 0.011114 -0.185710 5.558120 9.717118 9.846019 -4.056795 -1.717317 6.580237 -4.220553 -1.246800 6.717113 0.000000 0.000000 0.000000 -30.471768 33.456934 -84.329270 -32.734341 23.842422 -28.118572 0.000000 0.000000 0.000000 0.000000 0.000000 0.000000 -38.389285 -34.516608 96.513986 -101.501182 -21.991837 161.954300 0.000000 0.000000 0.000000 4.837342 0.202415 4.345241 -0.607569 -0.432166 -4.190445 6.349056 -3.208408 2.051283 0.000000 0.000000 0.000000 3.108755 -0.384665 23.036511 9.746971 -7.657373 -15.645332 9.342922 -17.815408 -2.743447 0.000000 0.000000 0.000000
7.010079 0.232596 0.000000 -9.786501 -0.791827 -8.744531 -0.079016 0.011798 -0.176380 5.500513 10.239513 9.325661 -4.203132 -2.124224 6.411321 -4.405600 -1.648749 6.581752 0.000000 0.000000 0.000000 -28.308423 32.022734 -82.583756 162.293324 27.208208 175.562316 0.000000 0.000000 0.000000 0.000000 0.000000 0.000000 -37.378314 -33.489574 96.693318 -103.597015 -22.783115 161.968635 0.000000 0.000000 0.000000 4.427002 0.224881 3.888981 -1.169951 -0.704909 -4.190268 6.152516 -2.927525 1.889591 0.000000 0.000000 0.000000 3.808726 -0.834086 22.197265 8.711271 -7.435800 -14.994848 9.182847 -17.038458 -3.013700 0.000000 0.000000 0.000000
6.879622 0.231816 0.000000 -9.197929 -0.713043 -7.975575 -0.056241 0.011997 -0.156539 5.483654 10.390325 8.480487 -4.413902 -2.411467 6.496447 -4.650165 -1.903698 6.700804 0.000000 0.000000 0.000000 -25.989636 30.433210 -80.428905 155.252489 30.639879 173.003186 0.000000 0.000000 0.000000 0.000000 0.000000 0.000000 -36.286774 -32.753086 96.231085 -108.281332 -23.673995 162.763569 0.000000 0.000000 0.000000 3.873144 0.247091 3.278411 -1.985517 -1.095647 -4.121502 5.126206 -1.881308 1.281381 0.000000 0.000000 0.000000 4.245007 -1.121185 21.103511 7.148457 -7.222208 -14.318467 8.621720 -15.781864 -2.969726 0.000000 0.000000 0.000000
6.768021 0.231197 0.000000 -8.388722 -0.630690 -6.571359 -0.029481 0.012004 -0.131351 5.389264 11.239729 7.007490 -4.923468 -3.422796 7.143734 -5.293666 -2.791834 7.463879 0.000000 0.000000 0.000000 -21.968101 27.553177 -76.473257 152.572790 34.728765 171.411415 0.000000 0.000000 0.000000 0.000000 0.000000 0.000000 -34.981107 -31.527497 96.293437 -107.654299 -24.437993 161.997734 0.000000 0.000000 0.000000 3.257237 0.411256 2.091374 -2.907293 -1.515850 -3.770863 4.341113 0.481561 -0.103541 0.000000 0.000000 0.000000 4.269670 -1.167793 19.444148 6.129600 -7.147508 -14.049545 7.897595 -14.913664 -2.396592 0.000000 0.000000 0.000000
6.747620 0.234122 0.000000 -7.648942 -0.578289 -4.898247 -0.008336 0.011690 -0.108718 5.365335 11.445083 5.252322 -5.944587 -4.670939 8.314728 -6.494937 -3.790149 8.822192 0.000000 0.000000 0.000000 -18.622309 25.614060 -71.786381 160.084844 38.422423 172.949495 0.000000 0.000000 0.000000 0.000000 0.000000 0.000000 -33.885031 -30.553912 96.219953 -106.110019 -24.032245 161.697554 0.000000 0.000000 0.000000 2.919092 0.739857 0.604415 -4.294694 -2.113815 -2.850302 4.162320 4.430180 -2.414215 0.000000 0.000000 0.000000 4.545590 -1.353350 17.593329 4.994648 -7.100294 -13.836412 7.256426 -13.426517 -2.395085 0.000000 0.000000 0.000000
6.852898 0.242239 0.000000 -8.429412 -0.765360 -3.230473 -0.007387 0.014499 -0.132080 5.319228 11.832785 3.843733 -7.159142 -4.396531 9.090188 -7.700585 -3.256260 9.700280 0.000000 0.000000 0.000000 -18.794059 28.949475 -65.574154 154.419748 41.389406 170.010103 0.000000 0.000000 0.000000 0.000000 0.000000 0.000000 -37.216426 -33.010272 97.176672 -92.606904 -21.038115 159.257381 0.000000 0.000000 0.000000 3.609086 1.429748 -1.031416 -4.638639 -2.153222 -1.240946 4.294012 7.827974 -4.344992 0.000000 0.000000 0.000000 4.743921 -1.498618 15.715775 5.596361 -7.006880 -13.693505 8.032519 -13.115959 -3.907077 0.000000 0.000000 0.000000
7.148595 0.251918 0.000000 -9.064489 -0.898614 -2.009834 -0.005381 0.017067 -0.152365 4.742866 16.811659 3.190312 -7.754273 -4.973548 9.734786 -8.397097 -3.656248 10.473019 0.000000 0.000000 0.000000 -17.299400 32.030509 -55.883111 141.705306 45.332266 162.979544 0.000000 0.000000 0.000000 0.000000 0.000000 0.000000 -40.995887 -34.822898 100.019099 -63.810658 -17.705270 151.886164 0.000000 0.000000 0.000000 4.380989 2.160288 -2.626132 -3.930352 -1.640959 1.791859 5.271042 11.424615 -6.294489 0.000000 0.000000 0.000000 3.440630 -0.878819 14.105319 7.752830 -6.961323 -13.797538 8.580345 -12.510027 -5.267624 0.000000 0.000000 0.000000
7.806276 0.255706 0.000000 -8.781629 -0.898191 -1.209651 -0.003451 0.016384 -0.144655 4.003320 22.592495 2.961007 -7.189757 -4.865065 10.973298 -7.913521 -3.473884 11.644774 0.000000 0.000000 0.000000 -14.448780 34.020721 -44.257662 126.207268 52.726827 149.664858 0.000000 0.000000 0.000000 0.000000 0.000000 0.000000 -40.662522 -34.469125 100.125451 -57.462188 -16.949802 149.528060 0.000000 0.000000 0.000000 4.707526 2.680866 -3.972905 -2.036948 -0.620696 5.746252 4.259216 16.562049 -9.615550 0.000000 0.000000 0.000000 0.446242 0.519265 12.227727 10.799975 -6.774941 -13.653166 7.597305 -10.044946 -5.488283 0.000000 0.000000 0.000000
8.943919 0.253888 0.000000 -7.280826 -0.759537 -0.446772 -0.001401 0.011510 -0.100659 2.697275 32.404500 2.814181 -5.527530 -4.755549 11.719717 -6.310256 -3.579611 12.228143 0.000000 0.000000 0.000000 -10.551181 34.561893 -33.175962 90.902506 56.496900 120.263327 0.000000 0.000000 0.000000 0.000000 0.000000 0.000000 -36.445031 -30.936495 99.855754 -56.715561 -19.055205 145.423447 0.000000 0.000000 0.000000 4.023084 2.613651 -4.546295 -0.992025 -0.089806 8.139925 -0.782981 20.985762 -13.525709 0.000000 0.000000 0.000000 -1.152836 1.081865 8.557098 12.745247 -5.845520 -11.665427 4.338194 -6.061686 -3.005795 0.000000 0.000000 0.000000
10.388816 0.250918 0.000000 -5.961355 -0.634991 -0.063966 -0.000804 0.007547 -0.065894 2.055167 36.522998 2.389034 -4.224541 -3.043728 12.114873 -4.751917 -2.103338 12.369772 0.000000 0.000000 0.000000 -12.559639 43.371216 -31.367930 46.557539 48.449449 83.736692 0.000000 0.000000 0.000000 0.000000 0.000000 0.000000 -35.078627 -29.716495 99.912424 -56.257890 -19.914062 143.363901 0.000000 0.000000 0.000000 3.278309 2.182668 -4.002934 -2.719604 -0.688296 8.698251 -1.718072 23.112931 -15.178590 0.000000 0.000000 0.000000 0.673475 -0.004140 3.251283 9.103812 -3.531375 -6.218759 2.510477 -6.116927 0.375025 0.000000 0.000000 0.000000
11.162875 0.250133 0.000000 -5.986901 -0.642832 0.016925 -0.000813 0.007612 -0.066459 1.762248 38.281266 2.608414 -3.477709 -1.728271 11.932837 -3.760864 -0.974491 12.058998 0.000000 0.000000 0.000000 -14.096427 54.039149 -27.288130 25.262695 39.027377 64.736905 0.000000 0.000000 0.000000 0.000000 0.000000 0.000000 -37.094070 -30.296217 102.201849 -46.448263 -17.817608 139.913649 0.000000 0.000000 0.000000 3.314312 1.897072 -2.976722 -2.998463 -0.859550 7.477509 -1.223708 22.002982 -14.297098 0.000000 0.000000 0.000000 3.767311 -1.356809 -2.297052 4.653893 -0.184890 0.395853 1.554645 -7.223965 3.084519 0.000000 0.000000 0.000000
