HIERARCHY
ROOT mixamorig:Hips
{
  OFFSET 0.000000 0.000000 0.000000
  CHANNELS 6 Xposition Yposition Zposition Xrotation Yrotation Zrotation
  JOINT mixamorig:Spine
  {
    OFFSET 0.391229 23.748969 -6.654046
    CHANNELS 3 Xrotation Yrotation Zrotation
    JOINT mixamorig:Spine2
    {
      OFFSET 0.391229 23.748969 -6.654046
      CHANNELS 3 Xrotation Yrotation Zrotation
      JOINT mixamorig:Neck
      {
        OFFSET 0.000000 3.197322 0.000000
        CHANNELS 3 Xrotation Yrotation Zrotation
        JOINT mixamorig:Head
        {
          OFFSET 0.000000 10.000000 0.000000
          CHANNELS 3 Xrotation Yrotation Zrotation
          End Site
          {
            OFFSET 0.000000 3.000000 0.000000
          }
        }
      }
      JOINT mixamorig:LeftShoulder
      {
        OFFSET 16.111384 1.874518 -2.260760
        CHANNELS 3 Xrotation Yrotation Zrotation
        JOINT mixamorig:LeftArm
        {
          OFFSET 10.000000 -2.000000 0.000000
          CHANNELS 3 Xrotation Yrotation Zrotation
          JOINT mixamorig:LeftForeArm
          {
            OFFSET 24.544675 0.000000 0.000000
            CHANNELS 3 Xrotation Yrotation Zrotation
            JOINT mixamorig:LeftHand
            {
              OFFSET 25.104951 0.000000 0.000000
              CHANNELS 3 Xrotation Yrotation Zrotation
              End Site
              {
                OFFSET 7.531485 0.000000 0.000000
              }
            }
          }
        }
      }
      JOINT mixamorig:RightShoulder
      {
        OFFSET -16.111384 1.874518 2.260760
        CHANNELS 3 Xrotation Yrotation Zrotation
        JOINT mixamorig:RightArm
        {
          OFFSET -10.000000 -2.000000 0.000000
          CHANNELS 3 Xrotation Yrotation Zrotation
          JOINT mixamorig:RightForeArm
          {
            OFFSET -24.544675 0.000000 0.000000
            CHANNELS 3 Xrotation Yrotation Zrotation
            JOINT mixamorig:RightHand
            {
              OFFSET -25.104951 0.000000 0.000000
              CHANNELS 3 Xrotation Yrotation Zrotation
              End Site
              {
                OFFSET -7.531485 0.000000 0.000000
              }
            }
          }
        }
      }
    }
  }
  JOINT mixamorig:LeftUpLeg
  {
    OFFSET 8.635911 0.170833 1.127908
    CHANNELS 3 Xrotation Yrotation Zrotation
    JOINT mixamorig:LeftLeg
    {
      OFFSET 6.997395 -36.028311 -8.791602
      CHANNELS 3 Xrotation Yrotation Zrotation
      JOINT mixamorig:LeftFoot
      {
        OFFSET 3.686508 -40.421684 12.320321
        CHANNELS 3 Xrotation Yrotation Zrotation
        JOINT mixamorig:LeftToeBase
        {
          OFFSET 3.864903 -5.928231 -8.540897
          CHANNELS 3 Xrotation Yrotation Zrotation
          End Site
          {
            OFFSET 1.159471 -1.778469 -2.562269
          }
        }
      }
    }
  }
  JOINT mixamorig:RightUpLeg
  {
    OFFSET -8.635911 -0.170833 -1.127908
    CHANNELS 3 Xrotation Yrotation Zrotation
    JOINT mixamorig:RightLeg
    {
      OFFSET -2.459540 -37.604333 2.039564
      CHANNELS 3 Xrotation Yrotation Zrotation
      JOINT mixamorig:RightFoot
      {
        OFFSET -2.969057 -39.552203 15.036660
        CHANNELS 3 Xrotation Yrotation Zrotation
        JOINT mixamorig:RightToeBase
        {
          OFFSET -8.393352 -1.096435 -7.167831
          CHANNELS 3 Xrotation Yrotation Zrotation
          End Site
          {
            OFFSET -2.518006 -0.328930 -2.150349
          }
        }
      }
    }
  }
}
MOTION
Frames: 192
Frame Time: 0.041667
0.458302 0.140511 0.000000 14.187472 -0.229924 -0.019338 0.000246 0.014956 0.053393 -15.529404 7.678879 0.200031 -0.564174 -4.106518 9.201302 -1.208680 -3.960994 9.235425 0.000000 0.000000 0.000000 -10.515329 17.931573 -60.496615 -156.749627 74.411635 -162.296062 0.000000 0.000000 0.000000 0.000000 0.000000 0.000000 -25.415467 -27.757230 84.771721 8.210274 -56.124289 -4.436254 0.000000 0.000000 0.000000 -11.998760 -2.245256 -0.232927 -4.855655 0.068339 1.412566 -2.222562 4.793634 -4.462137 0.000000 0.000000 0.000000 -13.180412 0.832383 -0.230083 -1.490948 -0.222989 -0.819470 -0.574395 -3.038047 1.108153 0.000000 0.000000 0.000000
1.175636 0.141614 0.000000 14.180721 -0.230246 -0.022191 0.000246 0.014942 0.053344 -15.529345 7.682204 0.204362 -0.780501 -4.252127 9.216427 -1.444626 -4.070063 9.265160 0.000000 0.000000 0.000000 -10.352868 17.706142 -60.375468 -128.433218 74.158289 -134.074756 0.000000 0.000000 0.000000 0.000000 0.000000 0.000000 -25.414614 -27.781606 84.718429 -17.708117 -56.089376 21.817105 0.000000 0.000000 0.000000 -12.707391 -2.388569 -0.153771 -3.732591 0.182822 1.494825 -2.306891 5.245485 -4.872710 0.000000 0.000000 0.000000 -13.543829 0.850554 -0.257282 -1.017484 -0.226733 -0.755961 -0.727415 -2.826631 1.253254 0.000000 0.000000 0.000000
2.865920 0.145459 0.000000 14.420218 -0.236528 -0.040022 0.000252 0.015447 0.055147 -15.545701 6.667420 0.171915 0.592590 -3.959012 8.918593 -0.032401 -4.002994 8.858781 0.000000 0.000000 0.000000 -11.725459 20.264788 -59.778214 -28.480055 74.713425 -27.992822 0.000000 0.000000 0.000000 0.000000 0.000000 0.000000 -25.337342 -28.065727 83.938094 174.314984 -55.214967 -177.073681 0.000000 0.000000 0.000000 -13.259210 -2.474675 -0.240364 -6.791819 0.484945 3.147394 -7.162676 13.042830 -13.133823 0.000000 0.000000 0.000000 -13.928109 0.834381 -0.472158 -1.399692 -0.678223 -2.016119 -2.408722 -6.277700 3.684743 0.000000 0.000000 0.000000
5.020874 0.150238 0.000000 14.582564 -0.257988 -0.169862 0.000245 0.015795 0.056388 -15.563994 5.526569 0.266011 0.030404 -4.756078 8.795961 -0.697677 -4.705485 8.768982 0.000000 0.000000 0.000000 -11.979944 21.161413 -58.652644 157.073778 73.805305 162.564274 0.000000 0.000000 0.000000 0.000000 0.000000 0.000000 -25.272897 -28.697950 82.482348 164.207454 -53.780435 -172.018593 0.000000 0.000000 0.000000 -17.349720 -3.292979 0.265713 -2.536888 1.596064 5.649043 -11.926152 22.877240 -23.226829 0.000000 0.000000 0.000000 -17.099981 0.985084 -0.730745 1.451618 -1.119394 -2.788834 -4.788556 -7.743328 6.629408 0.000000 0.000000 0.000000
7.247402 0.153706 0.000000 14.720184 -0.302601 -0.463051 0.000207 0.016093 0.057451 -15.590822 3.845923 0.524587 -0.832852 -5.476893 8.690486 -1.640291 -5.291754 8.735869 0.000000 0.000000 0.000000 -12.512480 22.216247 -58.344479 142.952949 72.422240 152.402675 0.000000 0.000000 0.000000 0.000000 0.000000 0.000000 -25.266937 -29.792600 80.270525 150.890783 -52.131599 -165.498750 0.000000 0.000000 0.000000 -18.033462 -3.467312 0.871682 -0.775060 2.466880 8.175917 -14.029434 26.802771 -27.526656 0.000000 0.000000 0.000000 -20.252750 1.166307 -0.780281 3.161582 -1.482135 -3.587034 -6.358725 -8.074503 8.495738 0.000000 0.000000 0.000000
9.361078 0.155217 0.000000 14.860764 -0.354429 -0.809783 0.019453 0.016134 0.058767 -15.624688 1.718285 0.835583 -1.237502 -6.021413 8.375358 -2.083512 -5.780765 8.465208 0.000000 0.000000 0.000000 -12.960436 22.933510 -58.490446 142.162154 68.138859 153.935480 0.000000 0.000000 0.000000 0.000000 0.000000 0.000000 -25.178513 -31.132637 77.432654 138.010644 -51.528708 -158.991475 0.000000 0.000000 0.000000 -17.581847 -3.476714 1.995240 -0.022945 2.847592 9.408078 -12.313951 20.268067 -21.576156 0.000000 0.000000 0.000000 -22.052389 1.223396 -1.022172 2.684860 -1.647920 -4.120138 -7.367947 -7.089695 9.559427 0.000000 0.000000 0.000000
11.451038 0.156343 0.000000 14.928588 -0.410664 -1.195290 0.118697 0.014913 0.060452 -15.642500 0.596285 1.205004 -1.206705 -6.562215 7.875645 -2.069437 -6.335847 7.966204 0.000000 0.000000 0.000000 -12.700343 22.607459 -58.219039 137.910410 64.819177 152.622468 0.000000 0.000000 0.000000 0.000000 0.000000 0.000000 -24.553180 -31.605625 75.126029 134.173662 -51.763948 -156.816805 0.000000 0.000000 0.000000 -17.371837 -3.595765 3.894823 1.402927 2.989321 9.874786 -12.854956 14.467888 -17.816509 0.000000 0.000000 0.000000 -18.766161 0.924408 -1.772519 -1.399389 -1.294939 -3.679301 -7.701163 -7.434457 9.987420 0.000000 0.000000 0.000000
13.685961 0.156077 0.000000 15.000000 -0.452628 -1.481862 0.336395 0.012069 0.063559 -15.640600 0.716054 1.485936 -0.898656 -7.198018 6.665934 -1.697198 -7.047288 6.725929 0.000000 0.000000 0.000000 -13.063418 23.336552 -58.020851 132.720215 60.518602 151.472240 0.000000 0.000000 0.000000 0.000000 0.000000 0.000000 -24.445681 -32.243375 73.692329 134.946580 -51.756071 -157.234689 0.000000 0.000000 0.000000 -16.708444 -3.644391 5.504018 1.335376 2.862107 9.487526 -14.972864 15.442789 -20.038648 0.000000 0.000000 0.000000 -9.846987 0.240298 -3.831639 -11.142314 -0.349228 -2.655534 -8.583133 -8.053828 11.085436 0.000000 0.000000 0.000000
16.103064 0.153351 0.000000 15.000000 -0.464689 -1.565883 0.507933 0.009717 0.065630 -15.626716 1.591249 1.569903 -0.909285 -8.345405 5.756998 -1.720493 -8.216404 5.828498 0.000000 0.000000 0.000000 -13.342118 23.418771 -58.891250 125.977889 57.812860 148.584872 0.000000 0.000000 0.000000 0.000000 0.000000 0.000000 -23.599026 -31.226624 73.529763 138.342144 -51.567428 -159.176061 0.000000 0.000000 0.000000 -13.715541 -3.326402 6.225576 -1.584324 2.435840 8.314853 -14.116805 17.758030 -21.188911 0.000000 0.000000 0.000000 -1.314892 -0.381321 -6.913714 -21.032317 1.083483 -1.065367 -8.728402 -8.672904 11.310835 0.000000 0.000000 0.000000
18.406892 0.146593 0.000000 15.000000 -0.485392 -1.714425 0.627952 0.008108 0.067217 -15.630097 1.378359 1.714114 -1.353037 -7.876966 5.616719 -2.083621 -7.712457 5.754446 0.000000 0.000000 0.000000 -13.859023 22.619251 -62.473235 126.495876 57.779926 148.946771 0.000000 0.000000 0.000000 0.000000 0.000000 0.000000 -21.693153 -28.877464 73.311795 143.149693 -52.081454 -161.463184 0.000000 0.000000 0.000000 -8.155972 -2.685886 6.933425 -8.663705 1.587678 6.146404 -10.049883 16.253495 -17.199945 0.000000 0.000000 0.000000 -3.929631 -0.696485 -9.693828 -21.913661 2.378904 1.032962 -6.369649 -8.070212 8.450689 0.000000 0.000000 0.000000
20.162930 0.138931 0.000000 15.000000 -0.526356 -2.011706 0.601531 0.008579 0.067293 -15.630432 1.357237 2.012050 -1.333994 -7.921782 5.542466 -2.058543 -7.761825 5.679229 0.000000 0.000000 0.000000 -15.463929 22.859317 -67.782076 123.869533 53.577126 149.768149 0.000000 0.000000 0.000000 0.000000 0.000000 0.000000 -22.024250 -28.692840 74.524301 126.286584 -51.906857 -139.156530 0.000000 0.000000 0.000000 0.391303 -1.517873 6.575421 -17.626307 1.493723 6.551500 -5.373137 15.140940 -13.336655 0.000000 0.000000 0.000000 -12.603201 -1.307583 -12.518493 -16.978526 3.681066 4.254313 -3.287740 -2.181584 4.173678 0.000000 0.000000 0.000000
21.122115 0.132392 0.000000 15.000000 -0.575880 -2.369344 0.569832 0.009128 0.067324 -15.636851 0.952697 2.370753 -1.532256 -8.500143 5.486666 -2.293605 -8.322181 5.658701 0.000000 0.000000 0.000000 -16.400483 22.303446 -72.291837 126.710164 49.432101 153.997677 0.000000 0.000000 0.000000 0.000000 0.000000 0.000000 -22.979271 -28.243656 77.828140 18.769972 -50.913184 -22.810867 0.000000 0.000000 0.000000 6.764554 -0.628089 6.396953 -23.611451 1.711904 7.385828 2.164825 17.236892 -9.895560 0.000000 0.000000 0.000000 -21.023321 -1.960022 -13.865705 -9.311452 3.726598 6.286567 -1.651697 -2.586367 2.311611 0.000000 0.000000 0.000000
21.297072 0.128659 0.000000 15.000000 -0.629263 -2.751470 0.502563 0.010142 0.066836 -15.640875 0.699002 2.754463 -1.792335 -8.807004 5.334016 -2.546728 -8.621697 5.553206 0.000000 0.000000 0.000000 -17.195152 22.618982 -74.177578 126.715865 46.997050 155.398177 0.000000 0.000000 0.000000 0.000000 0.000000 0.000000 -24.264982 -28.216249 81.087720 -177.098122 -49.670921 178.657609 0.000000 0.000000 0.000000 6.175739 -0.750392 6.540623 -20.545855 1.862879 7.533252 2.749519 17.983623 -9.983899 0.000000 0.000000 0.000000 -23.872874 -2.087721 -13.724648 -4.969181 3.261765 6.630392 -1.661134 -2.813854 2.355887 0.000000 0.000000 0.000000
20.914414 0.126252 0.000000 15.000000 -0.706153 -3.300375 0.448101 0.011002 0.066587 -15.647534 0.279185 3.303216 -3.162355 -8.776135 4.481130 -3.732797 -8.556384 4.926812 0.000000 0.000000 0.000000 -17.137256 22.607553 -74.015126 129.139530 47.909565 156.116972 0.000000 0.000000 0.000000 0.000000 0.000000 0.000000 -24.643698 -28.282868 81.851062 -176.907023 -48.904582 178.583268 0.000000 0.000000 0.000000 3.973037 -1.099286 6.735973 -16.600107 1.936089 7.500236 0.668776 16.425288 -10.343702 0.000000 0.000000 0.000000 -23.445590 -1.774564 -12.632781 -2.963777 2.696313 6.000187 -2.821091 -1.397392 3.514116 0.000000 0.000000 0.000000
20.253894 0.126245 0.000000 15.000000 -0.807716 -4.020300 0.390011 0.011897 0.066238 -15.666865 -0.939377 4.020433 -5.678167 -8.788109 3.466243 -6.002447 -8.483511 4.320026 0.000000 0.000000 0.000000 -17.906252 23.447775 -74.379665 133.471514 46.936049 158.802544 0.000000 0.000000 0.000000 0.000000 0.000000 0.000000 -25.370163 -29.332497 81.390452 -151.147550 -49.376435 151.680682 0.000000 0.000000 0.000000 1.915904 -1.530790 7.365438 -14.835615 1.929156 7.405282 3.289429 16.519389 -8.813134 0.000000 0.000000 0.000000 -22.777638 -1.460196 -11.519067 -2.892202 2.562816 5.714004 -3.523584 -1.580153 4.359582 0.000000 0.000000 0.000000
19.696673 0.128407 0.000000 15.000000 -0.940285 -4.947523 0.287885 0.013298 0.065011 -15.669129 -1.082058 4.948883 -6.311546 -8.507291 3.573397 -6.620552 -8.160020 4.499506 0.000000 0.000000 0.000000 -19.030369 24.603256 -75.077750 138.526058 46.659134 161.368656 0.000000 0.000000 0.000000 0.000000 0.000000 0.000000 -24.930268 -29.386351 80.258321 -29.264368 -52.905232 28.179219 0.000000 0.000000 0.000000 -0.757739 -2.028900 8.108191 -11.392844 2.097408 7.610764 3.471177 16.500131 -8.716157 0.000000 0.000000 0.000000 -22.031956 -0.981045 -9.764549 -4.088273 2.303266 4.710756 -4.422077 -3.946616 5.729964 0.000000 0.000000 0.000000
19.099530 0.132674 0.000000 14.997887 -1.031493 -5.560505 0.133966 0.015157 0.062251 -15.652112 -0.009878 5.572125 -6.398221 -7.674028 4.075684 -6.754352 -7.259642 4.928035 0.000000 0.000000 0.000000 -19.184056 25.851432 -72.599577 134.251411 48.013267 158.314265 0.000000 0.000000 0.000000 0.000000 0.000000 0.000000 -24.560004 -29.601110 78.963694 169.825605 -56.926668 -174.466666 0.000000 0.000000 0.000000 -5.104749 -2.676390 8.828484 -4.164605 2.178073 7.482627 -0.341757 17.215824 -11.511671 0.000000 0.000000 0.000000 -22.873688 -0.747828 -8.809967 -3.838359 2.090287 4.278254 -6.011722 -4.734527 7.696681 0.000000 0.000000 0.000000
18.314465 0.136429 0.000000 14.989987 -1.074932 -5.842590 0.044547 0.016161 0.060389 -15.614120 2.382965 5.873820 -6.266230 -6.710194 4.188142 -6.612887 -6.283948 4.922878 0.000000 0.000000 0.000000 -17.247839 25.602317 -67.493699 123.872121 52.617691 150.429679 0.000000 0.000000 0.000000 0.000000 0.000000 0.000000 -24.590137 -29.713678 78.797175 168.426120 -58.315091 -173.509651 0.000000 0.000000 0.000000 -8.829231 -3.163606 9.322859 2.159927 2.408823 7.855898 -4.863170 18.185914 -14.977494 0.000000 0.000000 0.000000 -25.174704 -0.668499 -8.407044 -1.702958 1.874163 4.375146 -6.735608 -2.377904 8.257556 0.000000 0.000000 0.000000
17.414497 0.137901 0.000000 14.977895 -1.053605 -5.678010 -0.006002 0.016694 0.059216 -15.586109 4.142900 5.718960 -5.985714 -6.623805 4.135067 -6.328973 -6.220200 4.826377 0.000000 0.000000 0.000000 -16.695259 26.189129 -64.421987 119.835686 54.060870 147.160636 0.000000 0.000000 0.000000 0.000000 0.000000 0.000000 -23.436264 -28.903360 77.592838 165.971718 -59.612295 -171.892893 0.000000 0.000000 0.000000 -10.676742 -3.366825 9.420354 4.452298 2.615124 8.467224 -4.596830 19.378835 -15.571066 0.000000 0.000000 0.000000 -26.306300 -0.756604 -8.680867 -0.567577 1.728919 4.342846 -7.313746 0.635443 8.558102 0.000000 0.000000 0.000000
16.650598 0.137640 0.000000 14.977797 -0.980696 -5.171860 0.010982 0.016489 0.059520 -15.558876 5.835096 5.208226 -5.528274 -6.378017 4.631938 -5.916593 -5.957818 5.247537 0.000000 0.000000 0.000000 -14.745319 24.089686 -62.303324 125.052095 59.508723 146.919275 0.000000 0.000000 0.000000 0.000000 0.000000 0.000000 -20.962778 -26.418711 76.502443 163.753193 -61.155946 -170.359050 0.000000 0.000000 0.000000 -9.194272 -3.131579 8.993029 1.963940 2.740241 8.964738 -2.860614 21.040246 -15.460901 0.000000 0.000000 0.000000 -26.083473 -1.221316 -10.352176 -1.070198 2.108770 5.101596 -7.034505 2.492770 7.979963 0.000000 0.000000 0.000000
15.766852 0.137282 0.000000 14.969989 -0.827012 -4.104064 0.087618 0.015507 0.060679 -15.499057 9.524948 4.118825 -4.610288 -5.394767 6.197856 -5.079929 -4.929248 6.648946 0.000000 0.000000 0.000000 -12.337192 21.410268 -59.323748 125.090806 67.029483 141.582692 0.000000 0.000000 0.000000 0.000000 0.000000 0.000000 -19.607869 -24.244047 77.643474 142.658996 -61.255325 -146.344101 0.000000 0.000000 0.000000 -3.786640 -2.293129 7.818546 -5.214842 2.909125 9.504195 0.130013 22.588803 -14.404757 0.000000 0.000000 0.000000 -24.731700 -2.269720 -14.297104 -3.038211 3.572718 8.029586 -6.134267 1.896602 6.982301 0.000000 0.000000 0.000000
14.287596 0.137564 0.000000 15.000000 -0.623625 -2.692913 0.226327 0.013733 0.062791 -15.437421 13.278101 2.673322 -2.661909 -3.765065 8.513218 -3.136676 -3.360317 8.724469 0.000000 0.000000 0.000000 -10.385370 19.407032 -55.938393 119.543848 75.147639 131.275560 0.000000 0.000000 0.000000 0.000000 0.000000 0.000000 -19.825492 -23.505595 80.115273 28.187995 -59.123832 -27.451777 0.000000 0.000000 0.000000 2.479347 -1.129185 6.270911 -12.819777 3.374342 10.569239 0.748502 24.094297 -14.872295 0.000000 0.000000 0.000000 -22.891496 -3.265882 -18.607567 -4.323328 5.235439 11.377855 -5.727726 1.214425 6.591379 0.000000 0.000000 0.000000
11.945353 0.138675 0.000000 15.000000 -0.392034 -1.052180 0.262792 0.013012 0.062431 -15.410980 14.841587 1.061226 -0.928362 -1.346799 9.535210 -1.138642 -1.178308 9.557290 0.000000 0.000000 0.000000 -9.444875 18.427120 -53.911155 126.099494 83.824363 131.058780 0.000000 0.000000 0.000000 0.000000 0.000000 0.000000 -19.574754 -21.980030 83.200926 -167.354535 -57.748420 173.025904 0.000000 0.000000 0.000000 6.917803 -0.091308 4.688225 -17.271060 4.287936 12.570658 2.010405 28.129982 -16.376014 0.000000 0.000000 0.000000 -19.907347 -3.771533 -22.069871 -6.267408 6.772811 13.952169 -5.053473 1.600969 5.731240 0.000000 0.000000 0.000000
8.786147 0.141233 0.000000 15.000000 -0.158625 0.597221 0.248204 0.013016 0.061555 -15.371283 17.142674 -0.525224 -0.093306 -1.318958 10.040391 -0.325269 -1.283958 10.034654 0.000000 0.000000 0.000000 -8.305130 16.291689 -53.815581 133.143897 85.338093 133.825390 0.000000 0.000000 0.000000 0.000000 0.000000 0.000000 -20.587200 -21.719163 86.864088 -158.105928 -56.620496 168.158237 0.000000 0.000000 0.000000 4.920275 -0.085038 3.602458 -13.836782 5.369323 15.220473 -0.525300 33.875417 -21.457109 0.000000 0.000000 0.000000 -15.249711 -3.558526 -24.154075 -8.569458 7.720108 14.809874 -5.001508 2.602421 5.523415 0.000000 0.000000 0.000000
5.096753 0.147319 0.000000 15.000000 0.073847 2.221177 0.148161 0.014361 0.060264 -15.320553 19.991779 -2.020947 -0.105218 -1.596532 10.516023 -0.393741 -1.550573 10.508114 0.000000 0.000000 0.000000 -8.259912 15.606663 -55.649308 43.809396 82.026135 38.515947 0.000000 0.000000 0.000000 0.000000 0.000000 0.000000 -21.332061 -21.353761 89.897960 -141.862228 -54.726641 159.764036 0.000000 0.000000 0.000000 3.274442 -0.109935 2.739611 -11.956655 6.012264 16.964406 -2.601139 34.142223 -23.165120 0.000000 0.000000 0.000000 -8.802055 -2.735964 -25.323754 -13.727720 9.133922 15.092479 -5.178264 0.044296 6.067044 0.000000 0.000000 0.000000
1.397990 0.158976 0.000000 15.000000 0.269454 3.584294 0.089247 0.015169 0.059563 -15.259303 23.359938 -3.241132 -1.401067 -1.194682 10.334094 -1.587883 -0.932940 10.371651 0.000000 0.000000 0.000000 -7.935318 14.464758 -57.308164 -121.793187 72.023773 -135.941265 0.000000 0.000000 0.000000 0.000000 0.000000 0.000000 -22.477911 -21.929561 91.457245 -130.590387 -52.917805 154.189575 0.000000 0.000000 0.000000 1.247770 -0.571620 3.275991 -9.588506 5.356529 15.679233 -4.616342 30.574635 -22.556253 0.000000 0.000000 0.000000 -1.377348 -1.646079 -26.046681 -20.650194 10.724886 14.723955 -5.181793 -6.671619 6.943405 0.000000 0.000000 0.000000
-1.789307 0.172676 0.000000 15.000000 0.384767 4.408851 0.138763 0.014283 0.059410 -15.236049 24.586570 -3.996014 -2.841502 -1.857053 9.481347 -3.105801 -1.383699 9.586180 0.000000 0.000000 0.000000 -8.371189 15.036169 -58.003841 -123.031634 67.855537 -139.750934 0.000000 0.000000 0.000000 0.000000 0.000000 0.000000 -23.027185 -22.797601 90.635276 -130.703706 -53.526608 153.996672 0.000000 0.000000 0.000000 -1.308270 -1.396675 5.067432 -7.466894 3.794272 11.851367 -7.155842 26.029277 -21.656683 0.000000 0.000000 0.000000 0.406924 -1.181450 -24.313407 -21.887381 11.051924 14.626134 -4.846935 -9.082425 6.821369 0.000000 0.000000 0.000000
-4.389297 0.183480 0.000000 15.000000 0.449050 4.838441 0.082438 0.015230 0.059366 -15.226586 25.078240 -4.357338 -4.975256 -1.923171 8.594662 -5.200719 -1.176982 8.791777 0.000000 0.000000 0.000000 -9.010351 15.985559 -58.658501 -136.461869 66.503307 -150.735884 0.000000 0.000000 0.000000 0.000000 0.000000 0.000000 -24.586186 -25.032237 89.003846 -143.311758 -55.573848 160.226000 0.000000 0.000000 0.000000 -4.550318 -2.021019 5.743968 -5.129241 2.816150 9.329360 -8.544320 23.578436 -21.113383 0.000000 0.000000 0.000000 -4.532777 -1.259776 -19.048059 -14.779673 8.333718 12.572069 -3.531827 -2.263883 4.378081 0.000000 0.000000 0.000000
-6.730529 0.189139 0.000000 15.000000 0.469705 4.975466 0.064229 0.015545 0.059384 -15.242029 24.270215 -4.500326 -6.115980 -1.838115 8.078833 -6.304675 -0.973603 8.320143 0.000000 0.000000 0.000000 -9.560449 17.452568 -57.181415 -134.331495 69.003551 -139.854342 0.000000 0.000000 0.000000 0.000000 0.000000 0.000000 -26.997473 -28.053860 87.733521 -159.900705 -56.441852 168.615156 0.000000 0.000000 0.000000 -5.428454 -1.975463 4.851425 -4.921625 2.422839 8.224465 -10.612755 24.579625 -23.332036 0.000000 0.000000 0.000000 -11.661854 -0.829189 -11.056306 -4.901447 3.681132 7.153568 -2.402425 6.878295 1.736177 0.000000 0.000000 0.000000
-8.983271 0.192776 0.000000 15.000000 0.485434 5.077218 0.044499 0.015890 0.059419 -15.261919 23.226475 -4.618109 -5.261108 -1.832387 8.025155 -5.457635 -1.089662 8.225901 0.000000 0.000000 0.000000 -9.577663 17.870253 -56.095401 -31.544342 68.948689 -29.773707 0.000000 0.000000 0.000000 0.000000 0.000000 0.000000 -28.160617 -29.489609 87.241955 -170.455449 -50.696926 175.484034 0.000000 0.000000 0.000000 -7.015439 -1.900029 3.002803 -5.540956 1.652594 6.070297 -14.121792 25.997205 -27.127500 0.000000 0.000000 0.000000 -15.966648 -0.028997 -5.564847 1.414032 1.175928 3.499809 -2.585695 9.227386 1.557854 0.000000 0.000000 0.000000
-11.108843 0.195639 0.000000 15.000000 0.491242 5.134745 0.084543 0.015174 0.059294 -15.259202 23.370856 -4.682402 -4.738827 -1.736002 8.049716 -4.927795 -1.062879 8.219410 0.000000 0.000000 0.000000 -9.357291 17.740775 -55.360990 169.618650 65.404302 173.264974 0.000000 0.000000 0.000000 0.000000 0.000000 0.000000 -28.908065 -29.882345 87.988164 -167.405287 -47.791052 174.558878 0.000000 0.000000 0.000000 -9.317095 -1.739173 -0.602298 -5.153251 2.109686 7.413529 -19.216842 32.851733 -36.209605 0.000000 0.000000 0.000000 -16.147129 0.156275 -4.634893 1.917014 1.573454 4.745076 -2.711639 8.328872 1.867473 0.000000 0.000000 0.000000
-13.141119 0.198257 0.000000 15.000000 0.475528 5.080509 0.216409 0.012828 0.058922 -15.253661 23.664506 -4.673192 -4.688652 -1.327948 8.439399 -4.825573 -0.629581 8.574090 0.000000 0.000000 0.000000 -9.564819 18.688470 -54.002029 177.227963 64.357927 178.234822 0.000000 0.000000 0.000000 0.000000 0.000000 0.000000 -30.749321 -30.879109 89.661330 -158.592670 -43.606537 171.873324 0.000000 0.000000 0.000000 -13.598354 -2.125253 -4.065493 -1.973325 3.029166 10.059571 -24.408635 36.062053 -43.145287 0.000000 0.000000 0.000000 -15.709692 0.016023 -5.290881 2.343547 2.067635 6.242589 -4.047870 8.139652 3.512624 0.000000 0.000000 0.000000
-15.170163 0.199447 0.000000 15.000000 0.452568 4.995283 0.397614 0.009615 0.058451 -15.243539 24.192017 -4.649879 -4.932524 -0.953112 9.278632 -5.020770 -0.151589 9.394681 0.000000 0.000000 0.000000 -10.409975 21.105203 -52.157572 176.340541 63.799967 177.670068 0.000000 0.000000 0.000000 0.000000 0.000000 0.000000 -33.639939 -32.248397 92.558013 -143.001813 -36.591042 167.346982 0.000000 0.000000 0.000000 -17.336209 -2.747291 -6.685030 2.167649 3.541993 11.920973 -26.293729 38.819992 -46.912356 0.000000 0.000000 0.000000 -16.689124 -0.177536 -6.308770 3.076303 2.132169 6.673286 -4.124999 10.007711 3.275248 0.000000 0.000000 0.000000
-17.335144 0.200853 0.000000 15.000000 0.418523 4.742808 0.372646 0.010110 0.058705 -15.212423 25.789705 -4.370279 -4.631792 -1.205408 10.012733 -4.768820 -0.387494 10.141474 0.000000 0.000000 0.000000 -10.404857 21.735853 -50.722005 145.907147 65.502396 148.096970 0.000000 0.000000 0.000000 0.000000 0.000000 0.000000 -34.000714 -31.096548 95.404088 -133.253081 -37.589129 163.432146 0.000000 0.000000 0.000000 -23.525481 -4.200929 -7.592851 7.319845 3.650354 12.774415 -26.740546 39.711366 -48.024447 0.000000 0.000000 0.000000 -20.298232 -0.207942 -6.648434 6.733372 1.332254 5.706332 -4.547667 12.812141 3.300126 0.000000 0.000000 0.000000
-19.555083 0.203385 0.000000 15.000000 0.350372 4.223150 0.284086 0.011767 0.059252 -15.163515 28.224805 -3.809957 -4.154426 -1.623646 10.144639 -4.370724 -0.872065 10.288052 0.000000 0.000000 0.000000 -9.347890 19.788636 -50.229434 24.942649 65.977904 25.560059 0.000000 0.000000 0.000000 0.000000 0.000000 0.000000 -32.496491 -29.090954 96.644890 -131.349867 -43.926696 160.144059 0.000000 0.000000 0.000000 -23.586600 -4.236823 -7.055715 9.718371 3.725532 13.459485 -20.476962 41.407750 -43.223990 0.000000 0.000000 0.000000 -22.939250 -0.081926 -6.230372 9.839795 0.532279 4.364481 -5.237320 12.188327 4.260068 0.000000 0.000000 0.000000
-21.689859 0.207802 0.000000 15.000000 0.252086 3.508033 0.232032 0.012780 0.059712 -15.109862 30.795695 -3.100527 -3.385406 -1.640754 9.969942 -3.614075 -1.031386 10.083876 0.000000 0.000000 0.000000 -8.412935 17.857211 -50.161886 -176.026431 67.102756 -177.316148 0.000000 0.000000 0.000000 0.000000 0.000000 0.000000 -29.606949 -26.273427 97.148091 -137.287482 -55.814218 156.615283 0.000000 0.000000 0.000000 -21.842319 -3.830764 -6.338921 9.990747 4.130493 15.680953 -13.388985 44.360637 -38.468253 0.000000 0.000000 0.000000 -23.342403 0.029018 -5.821853 10.007161 0.534686 4.438045 -4.867359 14.015032 3.419937 0.000000 0.000000 0.000000
-24.112047 0.213507 0.000000 15.000000 0.169281 2.910596 0.193575 0.013507 0.059971 -15.073715 32.464789 -2.536728 -2.580711 -1.490761 9.456418 -2.788238 -1.045959 9.535600 0.000000 0.000000 0.000000 -8.117268 17.367733 -49.826931 -147.308968 70.887282 -148.623356 0.000000 0.000000 0.000000 0.000000 0.000000 0.000000 -28.583405 -24.646750 98.759353 -125.640728 -54.279158 150.496155 0.000000 0.000000 0.000000 -20.581810 -3.542385 -6.029452 13.661581 4.609268 19.275577 -20.705745 47.460450 -47.308685 0.000000 0.000000 0.000000 -22.907942 -0.021867 -5.986568 9.490721 1.389243 7.224394 -3.758861 19.401815 0.929728 0.000000 0.000000 0.000000
-27.166470 0.217763 0.000000 15.000000 0.068368 2.192157 0.171001 0.013960 0.060218 -15.064998 32.854393 -1.911920 -1.476682 -1.023374 9.085407 -1.620558 -0.774011 9.118459 0.000000 0.000000 0.000000 -8.323152 17.299323 -51.085162 -25.692177 76.459122 -25.909983 0.000000 0.000000 0.000000 0.000000 0.000000 0.000000 -27.180435 -23.776441 97.857918 -122.762273 -54.798535 148.422842 0.000000 0.000000 0.000000 -18.915611 -3.169596 -5.734268 13.369063 5.582183 24.337434 -28.616449 54.634181 -59.687123 0.000000 0.000000 0.000000 -21.885315 0.129389 -5.319483 9.884467 2.385370 10.761971 -2.547764 21.720560 -1.127852 0.000000 0.000000 0.000000
-30.243755 0.218423 0.000000 15.000000 -0.123994 0.834434 0.177116 0.014032 0.060851 -15.060668 33.044771 -0.766953 -0.830701 -0.310313 8.560810 -0.868342 -0.184628 8.567552 0.000000 0.000000 0.000000 -9.051405 17.566831 -54.283118 168.733750 76.051896 171.232753 0.000000 0.000000 0.000000 0.000000 0.000000 0.000000 -25.235722 -22.690919 96.188551 -124.392707 -56.990861 148.079412 0.000000 0.000000 0.000000 -17.628089 -2.940931 -4.744401 11.717879 6.577556 28.400090 -32.839628 56.908885 -65.484885 0.000000 0.000000 0.000000 -21.330963 0.834952 -2.485423 9.298916 2.754339 11.615811 -2.419373 19.315968 -0.730131 0.000000 0.000000 0.000000
-32.719804 0.216723 0.000000 15.000000 -0.287966 -0.317661 0.223868 0.013469 0.061690 -15.068532 32.686850 0.186095 -1.274625 0.175960 8.074096 -1.232327 0.341045 8.082515 0.000000 0.000000 0.000000 -9.553208 17.167338 -57.890508 164.329934 73.648964 168.120747 0.000000 0.000000 0.000000 0.000000 0.000000 0.000000 -23.775313 -22.188271 94.062121 -128.401109 -59.433320 149.126761 0.000000 0.000000 0.000000 -16.688324 -2.727664 -4.600542 11.114594 7.250968 31.220155 -30.759755 54.645668 -61.895592 0.000000 0.000000 0.000000 -21.979183 2.003820 2.149864 11.316957 1.382245 7.869242 -3.303603 15.214005 1.253363 0.000000 0.000000 0.000000
-34.775423 0.215451 0.000000 15.000000 -0.337315 -0.664443 0.249933 0.013134 0.062084 -15.099201 31.304654 0.490496 -2.989606 -0.736564 7.125773 -3.051143 -0.375837 7.191270 0.000000 0.000000 0.000000 -10.202004 17.490494 -60.258075 142.478309 70.098785 145.187221 0.000000 0.000000 0.000000 0.000000 0.000000 0.000000 -23.994992 -22.584880 93.550684 -132.800330 -58.976248 152.233653 0.000000 0.000000 0.000000 -15.418754 -2.203484 -6.947661 10.465379 7.809813 33.266409 -28.817922 53.189745 -58.940182 0.000000 0.000000 0.000000 -20.476597 2.685573 5.575435 12.848490 0.130275 4.084817 -3.385002 10.177403 2.355422 0.000000 0.000000 0.000000
-36.612506 0.215570 0.000000 14.999932 -0.381918 -0.984312 0.187219 0.014072 0.061614 -15.117606 30.449191 0.814571 -5.149433 -1.894033 6.465141 -5.316452 -1.318316 6.682274 0.000000 0.000000 0.000000 -10.233987 17.025840 -61.789611 25.365299 66.966585 25.747855 0.000000 0.000000 0.000000 0.000000 0.000000 0.000000 -23.189710 -22.235815 92.471316 -135.079902 -57.971705 154.180941 0.000000 0.000000 0.000000 -14.870283 -1.745035 -9.887323 8.310487 7.979875 32.046594 -30.000726 50.128952 -58.228078 0.000000 0.000000 0.000000 -16.240629 2.454918 6.876588 9.783469 0.614522 4.471134 -3.579526 8.804628 2.836149 0.000000 0.000000 0.000000
-38.353706 0.216840 0.000000 14.988513 -0.429478 -1.320388 0.139780 0.014731 0.061082 -15.139310 29.415168 1.155641 -7.062350 -3.360892 6.433437 -7.358165 -2.578930 6.897555 0.000000 0.000000 0.000000 -10.040429 16.516085 -62.365599 -143.779022 66.737800 -146.615765 0.000000 0.000000 0.000000 0.000000 0.000000 0.000000 -23.066780 -22.479314 91.519431 -139.981067 -57.659785 157.314994 0.000000 0.000000 0.000000 -14.037650 -1.283599 -11.861352 7.175331 7.061022 26.977503 -31.333917 46.608834 -57.309757 0.000000 0.000000 0.000000 -9.903857 1.625164 6.820081 3.859333 1.741573 5.879257 -3.196548 7.944057 2.519162 0.000000 0.000000 0.000000
-40.100844 0.218836 0.000000 14.929516 -0.479587 -1.674001 -0.000359 0.016557 0.059070 -15.170939 27.882895 1.595493 -7.786934 -4.662165 6.855905 -8.212063 -3.752854 7.536935 0.000000 0.000000 0.000000 -10.558475 17.245695 -62.715433 -22.802754 68.179010 -24.174899 0.000000 0.000000 0.000000 0.000000 0.000000 0.000000 -22.836094 -22.750064 90.214405 -146.260709 -57.933365 160.944508 0.000000 0.000000 0.000000 -13.490145 -0.899457 -13.654025 8.576805 5.395909 20.707150 -29.888430 42.243686 -52.861612 0.000000 0.000000 0.000000 -10.064873 1.587568 6.419101 2.064249 2.247201 6.640518 -2.397497 6.239167 1.844684 0.000000 0.000000 0.000000
-41.795820 0.218185 0.000000 14.794695 -0.552206 -2.175858 -0.000948 0.016267 0.057999 -15.195703 26.654675 2.127892 -8.304580 -4.491696 7.151827 -8.724361 -3.482295 7.860356 0.000000 0.000000 0.000000 -11.373713 18.596230 -62.610760 171.321291 69.830989 173.876069 0.000000 0.000000 0.000000 0.000000 0.000000 0.000000 -22.237950 -22.714860 88.745162 -151.087051 -58.619776 163.538365 0.000000 0.000000 0.000000 -13.245348 -0.545760 -15.817239 9.564020 4.883455 18.854692 -30.749706 39.156726 -51.623898 0.000000 0.000000 0.000000 -10.662229 1.673644 6.491614 1.401209 2.356543 6.708293 -2.018080 7.310054 1.199604 0.000000 0.000000 0.000000
-43.390568 0.215653 0.000000 14.669803 -0.620720 -2.641080 -0.001821 0.016004 0.057009 -15.207379 26.061861 2.612372 -8.605208 -3.676818 7.229557 -8.949704 -2.617100 7.847800 0.000000 0.000000 0.000000 -11.960586 19.478024 -62.797707 162.591364 70.478672 167.580190 0.000000 0.000000 0.000000 0.000000 0.000000 0.000000 -21.724006 -22.821393 87.099611 -153.521284 -59.519934 164.689254 0.000000 0.000000 0.000000 -13.199966 -0.168050 -18.585034 9.677707 5.177758 20.269826 -31.871759 37.677435 -51.723253 0.000000 0.000000 0.000000 -11.915026 1.874366 6.746848 0.130407 1.846457 4.910481 -1.933389 10.471199 0.522132 0.000000 0.000000 0.000000
-45.116861 0.212821 0.000000 14.573694 -0.714190 -3.273755 -0.003171 0.015809 0.056231 -15.211217 25.864006 3.224792 -8.655175 -2.224826 6.871528 -8.840443 -1.205163 7.285031 0.000000 0.000000 0.000000 -12.037027 19.702411 -62.521434 158.577799 70.928267 164.425494 0.000000 0.000000 0.000000 0.000000 0.000000 0.000000 -21.336171 -22.992813 85.620263 -154.941744 -60.625095 165.198754 0.000000 0.000000 0.000000 -12.866046 0.158473 -20.079377 9.916903 5.517575 21.867393 -31.203641 35.390914 -49.397859 0.000000 0.000000 0.000000 -14.747486 2.236263 6.762453 -0.475285 0.723421 1.718140 -2.515783 14.951481 0.377985 0.000000 0.000000 0.000000
-46.928153 0.211602 0.000000 14.586659 -0.798491 -3.848663 -0.004341 0.015847 0.056296 -15.191206 26.878860 3.708472 -7.889698 -1.978424 6.834001 -8.055961 -1.048389 7.170612 0.000000 0.000000 0.000000 -11.546805 19.113692 -61.963005 157.966439 70.995140 163.545883 0.000000 0.000000 0.000000 0.000000 0.000000 0.000000 -21.395789 -22.989389 85.801510 -152.150980 -59.992506 164.027935 0.000000 0.000000 0.000000 -12.176130 0.599134 -21.324729 8.645023 6.813374 27.079735 -34.107195 37.324076 -53.808610 0.000000 0.000000 0.000000 -15.987880 2.240616 6.032683 1.447105 -0.248134 -0.351445 -4.311363 18.454433 1.864256 0.000000 0.000000 0.000000
-48.336726 0.209882 0.000000 14.585297 -0.810634 -3.931051 -0.004563 0.015846 0.056280 -15.174146 27.697972 3.751701 -6.962253 -2.004775 6.721103 -7.136336 -1.190714 7.019271 0.000000 0.000000 0.000000 -11.178366 18.967144 -60.742299 151.545368 72.111853 158.329118 0.000000 0.000000 0.000000 0.000000 0.000000 0.000000 -21.301073 -22.096753 87.821158 -144.139186 -55.241888 161.918015 0.000000 0.000000 0.000000 -11.109084 1.064413 -21.632692 8.187877 7.386686 29.419110 -35.636586 37.846899 -55.839037 0.000000 0.000000 0.000000 -18.593966 2.179154 4.292880 3.654719 0.110918 1.185995 -4.491966 20.152080 1.715163 0.000000 0.000000 0.000000
-49.178437 0.207775 0.000000 14.540405 -0.848418 -4.181940 -0.005401 0.015758 0.055914 -15.116511 30.467482 3.897456 -5.956366 -1.870433 6.272410 -6.113098 -1.221478 6.499713 0.000000 0.000000 0.000000 -11.419116 19.603628 -60.097923 164.663898 65.843487 170.016227 0.000000 0.000000 0.000000 0.000000 0.000000 0.000000 -22.118088 -22.029987 90.242261 -126.177430 -45.973847 155.626655 0.000000 0.000000 0.000000 -10.573933 1.273063 -21.592841 10.849406 7.341986 31.436663 -37.181045 38.160651 -57.729595 0.000000 0.000000 0.000000 -21.755921 2.318879 3.415357 6.262632 0.684241 3.567653 -4.218186 20.096938 1.380056 0.000000 0.000000 0.000000
-49.658359 0.205395 0.000000 14.508102 -0.839719 -4.119073 0.002878 0.015590 0.055819 -15.069438 32.655664 3.766253 -6.252837 -2.528797 6.046040 -6.466465 -1.874400 6.354807 0.000000 0.000000 0.000000 -12.171912 20.140619 -61.874037 164.038628 62.048326 170.479203 0.000000 0.000000 0.000000 0.000000 0.000000 0.000000 -22.378188 -21.676916 91.842885 -123.507013 -49.564057 152.197543 0.000000 0.000000 0.000000 -9.303942 1.784272 -21.658155 10.968130 7.444325 32.050732 -33.837872 39.883103 -55.364540 0.000000 0.000000 0.000000 -19.892227 1.914236 2.526990 5.639572 1.640709 6.273502 -3.237503 17.758788 0.672887 0.000000 0.000000 0.000000
-50.064960 0.202982 0.000000 14.702282 -0.832681 -4.109526 0.085292 0.015001 0.058741 -15.066111 32.801634 3.597090 -6.767553 -2.663375 6.076320 -6.989791 -1.954627 6.429624 0.000000 0.000000 0.000000 -13.511959 21.193360 -64.618558 158.760921 57.925206 168.180156 0.000000 0.000000 0.000000 0.000000 0.000000 0.000000 -23.414021 -22.171670 93.122435 -120.578676 -49.225989 150.908369 0.000000 0.000000 0.000000 -9.076509 1.692597 -20.623594 10.268696 7.286750 30.579774 -30.682688 42.072154 -53.576921 0.000000 0.000000 0.000000 -17.857463 1.763427 2.708030 4.253768 2.464535 8.134092 -2.218720 15.843437 -0.178530 0.000000 0.000000 0.000000
-50.284119 0.202016 0.000000 15.000000 -0.809169 -4.026353 0.351917 0.012363 0.065610 -15.062938 32.941296 3.210701 -7.084185 -2.842195 6.114924 -7.320940 -2.097402 6.507894 0.000000 0.000000 0.000000 -14.360610 21.757606 -66.493992 158.742307 54.963646 168.821188 0.000000 0.000000 0.000000 0.000000 0.000000 0.000000 -25.020244 -23.326636 94.106194 -115.266386 -45.348851 150.391861 0.000000 0.000000 0.000000 -8.848127 1.581178 -19.505631 11.169717 6.812215 29.120788 -29.856186 42.643139 -53.118032 0.000000 0.000000 0.000000 -15.406209 1.612755 3.088209 2.341652 3.124841 9.162247 -1.632806 15.046698 -0.738915 0.000000 0.000000 0.000000
-50.293730 0.202888 0.000000 15.000000 -0.787374 -3.919707 0.701418 0.008022 0.071481 -15.086363 31.896992 2.986003 -7.351946 -2.759138 6.225898 -7.582883 -1.973192 6.626581 0.000000 0.000000 0.000000 -13.535521 20.406568 -66.761715 163.600431 55.479317 171.323151 0.000000 0.000000 0.000000 0.000000 0.000000 0.000000 -23.627215 -22.579072 92.650778 -121.711288 -48.208261 152.000240 0.000000 0.000000 0.000000 -8.417482 1.457003 -17.898657 11.223370 6.305140 26.741818 -28.750212 43.704331 -52.698735 0.000000 0.000000 0.000000 -13.620155 1.472962 3.281327 1.304400 3.435149 9.545571 -1.320350 12.929789 -0.703140 0.000000 0.000000 0.000000
-50.220247 0.205928 0.000000 15.000000 -0.758692 -3.715524 0.744315 0.007393 0.071863 -15.098810 31.326463 2.821882 -7.368785 -2.876443 6.210715 -7.609467 -2.091291 6.626801 0.000000 0.000000 0.000000 -12.300211 18.837655 -66.010438 164.949105 57.291053 171.729431 0.000000 0.000000 0.000000 0.000000 0.000000 0.000000 -22.861536 -22.220980 91.684555 -125.660871 -48.795548 153.748728 0.000000 0.000000 0.000000 -8.550156 0.992337 -15.507412 10.207582 5.856753 23.791190 -29.372825 46.145489 -54.981641 0.000000 0.000000 0.000000 -11.107928 1.316466 3.818289 0.831726 3.263162 8.875787 -1.220562 9.243969 -0.096465 0.000000 0.000000 0.000000
-50.106989 0.208368 0.000000 15.000000 -0.698065 -3.273915 0.776044 0.006780 0.071604 -15.118293 30.408585 2.473758 -7.287872 -3.033483 6.199950 -7.542849 -2.258669 6.630451 0.000000 0.000000 0.000000 -12.002218 18.657614 -65.239671 168.447155 56.697980 173.767130 0.000000 0.000000 0.000000 0.000000 0.000000 0.000000 -23.946383 -23.631610 90.870735 -129.017366 -45.356513 157.388870 0.000000 0.000000 0.000000 -9.221277 0.358701 -13.027921 10.188274 5.510099 22.118685 -29.734086 48.015427 -56.591134 0.000000 0.000000 0.000000 -11.017179 1.437393 4.642043 0.584332 2.943289 7.935032 -1.039405 8.770044 -0.227762 0.000000 0.000000 0.000000
-50.013906 0.208939 0.000000 15.000000 -0.614223 -2.663711 0.822175 0.005906 0.071289 -15.159199 28.457457 2.011320 -7.062592 -2.849316 6.279371 -7.304838 -2.087615 6.676137 0.000000 0.000000 0.000000 -11.813143 18.742314 -64.127062 168.589746 56.890032 173.843993 0.000000 0.000000 0.000000 0.000000 0.000000 0.000000 -26.066360 -26.700419 88.609270 -133.408278 -40.696798 162.002059 0.000000 0.000000 0.000000 -10.322713 -0.280591 -11.221585 10.692683 5.387276 21.820727 -26.183044 49.517017 -53.927291 0.000000 0.000000 0.000000 -12.190109 1.726368 5.617643 0.132932 2.580745 6.800033 -0.492246 9.088903 -0.944638 0.000000 0.000000 0.000000
-49.907506 0.206483 0.000000 14.983171 -0.518706 -1.965312 0.694028 0.007317 0.068463 -15.196452 26.610786 1.527595 -6.320349 -2.411357 6.452716 -6.533189 -1.706210 6.755782 0.000000 0.000000 0.000000 -11.136513 18.031012 -63.137101 168.862698 59.130641 173.498167 0.000000 0.000000 0.000000 0.000000 0.000000 0.000000 -25.615704 -27.555243 85.651734 -145.212615 -45.908357 165.368842 0.000000 0.000000 0.000000 -9.473896 -0.136084 -10.557095 11.613208 5.421981 22.545393 -22.689827 49.888763 -50.671175 0.000000 0.000000 0.000000 -14.669861 2.103797 6.109861 0.777974 1.725676 4.721342 -0.166675 8.176334 -1.170992 0.000000 0.000000 0.000000
-49.783431 0.202208 0.000000 14.913473 -0.420958 -1.277424 0.384607 0.011299 0.063781 -15.227850 24.995003 1.106612 -5.282786 -2.424078 6.612636 -5.511454 -1.810222 6.852203 0.000000 0.000000 0.000000 -12.367619 20.154344 -62.666725 154.003206 60.744020 164.266131 0.000000 0.000000 0.000000 0.000000 0.000000 0.000000 -24.456291 -26.599423 85.032582 -157.523213 -54.401218 168.531429 0.000000 0.000000 0.000000 -7.285123 0.508874 -10.569442 12.562216 5.484981 23.437044 -19.604365 49.759858 -47.561166 0.000000 0.000000 0.000000 -19.116974 2.562359 5.832533 3.956093 0.905312 3.478795 0.991942 4.956069 -1.978803 0.000000 0.000000 0.000000
-49.480207 0.199274 0.000000 14.793286 -0.279116 -0.294537 0.000236 0.016252 0.058019 -15.248444 23.924516 0.456130 -4.240382 -3.240829 6.343111 -4.552824 -2.760923 6.595192 0.000000 0.000000 0.000000 -14.751811 23.591077 -63.561273 131.175118 59.779939 150.779842 0.000000 0.000000 0.000000 0.000000 0.000000 0.000000 -24.292235 -25.814112 86.367807 -161.676194 -57.602923 169.931173 0.000000 0.000000 0.000000 -4.959482 1.307704 -11.234126 12.593555 5.407488 23.049536 -19.396972 49.453394 -47.186796 0.000000 0.000000 0.000000 -24.760855 2.915926 4.516543 7.444866 0.346455 2.866150 2.539398 2.216105 -3.336908 0.000000 0.000000 0.000000
-48.988081 0.198764 0.000000 14.771866 -0.231022 0.033939 0.004655 0.016141 0.057891 -15.208601 25.994161 0.159628 -3.533503 -3.091962 5.893292 -3.816262 -2.720450 6.088536 0.000000 0.000000 0.000000 -15.751997 24.218754 -65.505845 129.060688 55.108832 152.162865 0.000000 0.000000 0.000000 0.000000 0.000000 0.000000 -25.413237 -26.022779 88.620951 -154.390469 -55.191080 166.481500 0.000000 0.000000 0.000000 -5.345667 1.218706 -11.378332 14.307123 5.240610 23.308760 -23.038636 50.264601 -51.274856 0.000000 0.000000 0.000000 -27.832335 3.065821 3.840378 10.960815 -0.122964 2.437254 1.853856 6.731696 -3.330929 0.000000 0.000000 0.000000
-48.226579 0.199119 0.000000 14.759157 -0.193428 0.296597 0.041430 0.015570 0.058089 -15.177139 27.567071 -0.096200 -3.389779 -3.437264 5.720536 -3.694917 -3.090846 5.925078 0.000000 0.000000 0.000000 -17.846607 25.878935 -68.624696 127.082858 45.517981 156.089409 0.000000 0.000000 0.000000 0.000000 0.000000 0.000000 -25.418066 -24.857946 91.261629 -143.606623 -52.567198 161.904752 0.000000 0.000000 0.000000 -7.096278 0.765913 -11.706393 15.460042 5.101920 23.335928 -26.865713 51.515728 -55.884363 0.000000 0.000000 0.000000 -27.354571 2.752428 2.974580 11.380033 -0.100281 2.637408 0.974008 12.079587 -3.334147 0.000000 0.000000 0.000000
-47.438229 0.198936 0.000000 15.000000 -0.217814 0.171335 0.165258 0.014274 0.061000 -15.144943 29.155292 -0.159871 -3.125874 -4.121320 5.782155 -3.499028 -3.798342 6.004947 0.000000 0.000000 0.000000 -19.454467 27.252872 -70.523721 135.252965 35.356394 164.725457 0.000000 0.000000 0.000000 0.000000 0.000000 0.000000 -27.163191 -24.809967 95.290360 -127.593754 -46.007945 157.070819 0.000000 0.000000 0.000000 -8.641526 0.157750 -10.821716 14.166058 5.020272 21.939435 -28.224404 51.464124 -57.264423 0.000000 0.000000 0.000000 -26.702653 2.320259 1.737131 9.693651 0.591390 4.489626 -0.019618 17.678677 -3.312610 0.000000 0.000000 0.000000
-46.686905 0.198898 0.000000 15.000000 -0.256452 -0.081532 0.365027 0.011381 0.062834 -15.146090 29.100174 -0.034308 -2.537032 -3.871838 6.648480 -2.950006 -3.561030 6.815760 0.000000 0.000000 0.000000 -19.485578 26.785585 -71.623776 153.541240 34.386250 171.835601 0.000000 0.000000 0.000000 0.000000 0.000000 0.000000 -28.278381 -24.853824 97.648946 -114.840299 -38.939464 154.625650 0.000000 0.000000 0.000000 -11.299984 -0.740903 -9.881743 13.062651 4.825913 20.202115 -31.845237 49.718086 -59.896852 0.000000 0.000000 0.000000 -24.894511 2.008230 1.196359 7.500681 1.336315 6.065672 -0.766096 18.851187 -2.666169 0.000000 0.000000 0.000000
-46.001063 0.198468 0.000000 15.000000 -0.317351 -0.502566 0.514673 0.009291 0.064497 -15.154416 28.698381 0.268203 -2.396185 -4.148136 7.705833 -2.917004 -3.792709 7.874634 0.000000 0.000000 0.000000 -17.782386 24.458545 -71.656242 163.011767 37.337334 174.153956 0.000000 0.000000 0.000000 0.000000 0.000000 0.000000 -26.118799 -23.001544 97.457086 -120.825435 -43.056943 154.890701 0.000000 0.000000 0.000000 -13.652959 -1.566945 -8.625275 12.204077 4.508881 18.084795 -32.170515 49.394464 -60.031918 0.000000 0.000000 0.000000 -21.130643 1.747078 1.336889 3.417641 2.241016 7.053457 -0.758318 17.236473 -2.292944 0.000000 0.000000 0.000000
-45.291165 0.197798 0.000000 15.000000 -0.326431 -0.560912 0.611421 0.007913 0.065481 -15.160340 28.411799 0.278236 -2.951797 -5.512393 8.220639 -3.670761 -5.046674 8.485935 0.000000 0.000000 0.000000 -17.592051 25.015374 -69.771556 152.011205 38.632101 169.923091 0.000000 0.000000 0.000000 0.000000 0.000000 0.000000 -24.446514 -21.969729 96.262583 -127.029552 -47.543381 155.253681 0.000000 0.000000 0.000000 -15.129553 -1.957824 -8.634954 11.077322 4.500041 17.596939 -32.714256 49.350466 -60.582183 0.000000 0.000000 0.000000 -16.039850 1.295552 1.183946 -1.092693 3.408046 8.422078 -0.478644 16.620765 -2.503711 0.000000 0.000000 0.000000
-44.551089 0.197265 0.000000 15.000000 -0.341520 -0.663245 0.712694 0.006490 0.066586 -15.155125 28.666584 0.313890 -3.342852 -6.166106 8.320312 -4.144792 -5.636518 8.655187 0.000000 0.000000 0.000000 -16.470532 24.468899 -67.281680 142.537735 40.744586 165.591572 0.000000 0.000000 0.000000 0.000000 0.000000 0.000000 -23.318835 -21.224452 95.473292 -128.242076 -49.604853 154.772674 0.000000 0.000000 0.000000 -16.173186 -2.236525 -8.620528 10.894725 4.408345 17.068109 -32.377478 49.185390 -60.125363 0.000000 0.000000 0.000000 -13.607933 1.154804 1.457620 -2.145370 3.889560 9.202767 -0.143367 14.099201 -2.371946 0.000000 0.000000 0.000000
-43.602400 0.196468 0.000000 15.000000 -0.336642 -0.622262 0.784647 0.005431 0.067200 -15.158493 28.502064 0.246554 -3.704506 -6.455449 8.285858 -4.529786 -5.878205 8.676891 0.000000 0.000000 0.000000 -13.913765 21.839844 -64.534425 143.265491 45.838462 164.119665 0.000000 0.000000 0.000000 0.000000 0.000000 0.000000 -21.787769 -20.232485 94.339331 -131.394145 -53.666839 154.247431 0.000000 0.000000 0.000000 -15.889574 -2.133925 -8.878719 11.135044 4.287184 16.551638 -29.884044 48.497007 -57.053244 0.000000 0.000000 0.000000 -13.056427 1.161362 1.750857 -1.306228 3.736263 9.166737 0.096253 10.919556 -2.007485 0.000000 0.000000 0.000000
-42.488963 0.197600 0.000000 15.000000 -0.268545 -0.123536 0.774479 0.005345 0.066248 -15.172426 27.820172 -0.173780 -4.285860 -6.371522 8.236155 -5.078925 -5.721611 8.695273 0.000000 0.000000 0.000000 -12.257000 19.977575 -62.711236 150.340018 48.735200 166.316726 0.000000 0.000000 0.000000 0.000000 0.000000 0.000000 -22.995384 -21.304129 94.409275 -132.654302 -51.689393 156.248953 0.000000 0.000000 0.000000 -14.682716 -1.720681 -9.582139 10.770857 4.257854 16.296164 -27.586588 48.695229 -54.827629 0.000000 0.000000 0.000000 -13.393298 1.208609 1.868280 -0.084320 3.214485 8.341913 0.496688 9.402454 -2.192612 0.000000 0.000000 0.000000
-41.405305 0.199125 0.000000 15.000000 -0.129832 0.886249 0.740770 0.005404 0.064362 -15.187947 27.039056 -1.048008 -4.886896 -6.629388 8.388756 -5.709973 -5.885599 8.938587 0.000000 0.000000 0.000000 -11.742432 19.709949 -61.246855 152.584520 49.729936 167.114127 0.000000 0.000000 0.000000 0.000000 0.000000 0.000000 -25.620323 -23.241384 95.538782 -128.439029 -45.831335 157.698205 0.000000 0.000000 0.000000 -11.681000 -0.707369 -10.811673 10.971346 4.289629 16.515690 -23.015469 50.098720 -51.157105 0.000000 0.000000 0.000000 -14.635126 1.247646 1.528646 1.371783 2.428651 6.814289 1.274071 9.771357 -3.199486 0.000000 0.000000 0.000000
-40.476542 0.196584 0.000000 15.000000 0.006622 1.846889 0.597839 0.007279 0.062333 -15.218465 25.476056 -1.845783 -4.429773 -7.147852 8.892803 -5.381981 -6.417905 9.418276 0.000000 0.000000 0.000000 -12.051623 20.596469 -60.301553 157.418557 52.429977 168.759571 0.000000 0.000000 0.000000 0.000000 0.000000 0.000000 -28.668869 -25.265956 97.459690 -122.851833 -39.472096 158.414515 0.000000 0.000000 0.000000 -7.178170 0.751035 -11.751174 11.681528 4.447466 17.456496 -17.554959 49.747148 -45.629605 0.000000 0.000000 0.000000 -17.322318 1.357033 0.991399 4.265709 1.396328 4.886682 1.662923 8.748755 -3.479459 0.000000 0.000000 0.000000
-39.544684 0.193182 0.000000 15.000000 0.089413 2.360466 0.251577 0.012648 0.060433 -15.250987 23.802563 -2.166866 -4.002054 -6.885998 9.452982 -4.997128 -6.166161 9.902707 0.000000 0.000000 0.000000 -12.676722 21.960540 -59.560944 157.104248 58.314516 167.046017 0.000000 0.000000 0.000000 0.000000 0.000000 0.000000 -26.972541 -23.933712 97.051399 -135.408403 -45.627430 160.451990 0.000000 0.000000 0.000000 -5.424512 1.304560 -11.895316 8.948578 5.030217 19.342364 -13.935812 48.027648 -41.127615 0.000000 0.000000 0.000000 -22.223121 1.699111 0.832906 8.752581 0.066067 2.250551 1.155426 6.036601 -2.357238 0.000000 0.000000 0.000000
-38.521838 0.193556 0.000000 15.000000 0.109241 2.453970 0.071018 0.015554 0.059830 -15.233577 24.716874 -2.172961 -4.067276 -6.634668 9.510701 -5.030265 -5.901820 9.955768 0.000000 0.000000 0.000000 -11.779315 21.427448 -57.125547 157.246318 60.571482 166.585377 0.000000 0.000000 0.000000 0.000000 0.000000 0.000000 -27.620261 -24.143864 97.950347 -128.374431 -44.148271 157.797029 0.000000 0.000000 0.000000 -5.426520 1.127839 -11.016811 9.779598 5.581093 22.191225 -14.760688 46.741267 -41.101647 0.000000 0.000000 0.000000 -26.485848 1.981332 0.666324 11.959795 -0.863679 0.000439 -0.272269 8.102048 -1.026131 0.000000 0.000000 0.000000
-37.291752 0.196998 0.000000 15.000000 0.101495 2.413776 0.125970 0.014668 0.060011 -15.233552 24.715596 -2.157720 -4.004141 -6.050929 9.497714 -4.884146 -5.333409 9.902264 0.000000 0.000000 0.000000 -10.382034 19.755619 -55.007646 167.030266 61.062798 172.358202 0.000000 0.000000 0.000000 0.000000 0.000000 0.000000 -27.418204 -23.805238 98.344939 -124.776392 -44.060045 156.109659 0.000000 0.000000 0.000000 -5.734416 0.704724 -9.328830 9.675621 6.064959 24.428346 -14.420032 45.781223 -40.186845 0.000000 0.000000 0.000000 -26.357797 1.883309 0.394047 12.253408 -1.175451 -1.104460 -2.625891 13.069213 0.888349 0.000000 0.000000 0.000000
-35.691647 0.199001 0.000000 15.000000 0.070581 2.206024 0.164075 0.014072 0.060198 -15.254081 23.639158 -1.993082 -3.967212 -5.195196 9.416431 -4.718035 -4.496762 9.768776 0.000000 0.000000 0.000000 -9.147713 18.246157 -52.920829 176.450858 62.460003 177.829548 0.000000 0.000000 0.000000 0.000000 0.000000 0.000000 -26.641410 -23.040970 98.554881 -127.013404 -45.545237 156.406633 0.000000 0.000000 0.000000 -6.062740 0.100648 -6.638468 10.954414 5.824196 24.112172 -16.616700 43.221237 -40.632968 0.000000 0.000000 0.000000 -26.613020 1.754416 -0.049349 12.164162 -1.157630 -1.059207 -4.493794 17.866932 2.210956 0.000000 0.000000 0.000000
-33.683549 0.200928 0.000000 15.000000 0.030502 1.924659 0.170576 0.014001 0.060343 -15.271947 22.689908 -1.743291 -3.671457 -4.748141 9.151068 -4.343673 -4.117270 9.450264 0.000000 0.000000 0.000000 -8.825429 18.092052 -51.703610 172.691089 63.605909 175.578876 0.000000 0.000000 0.000000 0.000000 0.000000 0.000000 -26.237361 -22.628981 98.705241 -130.995593 -48.076715 157.027925 0.000000 0.000000 0.000000 -7.024226 -0.520134 -4.585666 11.870357 5.676248 23.984051 -18.637488 43.640518 -42.767159 0.000000 0.000000 0.000000 -26.869215 1.627501 -0.493287 12.074903 -1.139879 -1.013928 -4.099807 20.493442 1.137475 0.000000 0.000000 0.000000
-31.457995 0.203128 0.000000 15.000000 -0.009028 1.655609 0.216236 0.013313 0.060661 -15.281884 22.154534 -1.513487 -2.604528 -4.763517 8.722352 -3.272284 -4.315734 8.929264 0.000000 0.000000 0.000000 -9.660590 19.465290 -52.395127 162.723620 60.723560 170.237340 0.000000 0.000000 0.000000 0.000000 0.000000 0.000000 -27.091178 -23.360576 98.742308 -132.483143 -47.619412 158.077313 0.000000 0.000000 0.000000 -7.932517 -0.933634 -3.396252 10.839952 5.662398 23.234386 -19.463275 42.475489 -42.805966 0.000000 0.000000 0.000000 -27.126372 1.502576 -0.937761 11.985630 -1.122200 -0.968621 -3.911794 21.767410 0.592202 0.000000 0.000000 0.000000
-29.117275 0.203814 0.000000 15.000000 -0.061012 1.295273 0.255569 0.012753 0.061056 -15.291687 21.623373 -1.193994 -1.494216 -4.250293 8.034167 -2.062854 -4.001672 8.129725 0.000000 0.000000 0.000000 -11.025789 21.279928 -54.152766 148.658114 55.015561 163.473312 0.000000 0.000000 0.000000 0.000000 0.000000 0.000000 -28.725200 -24.954452 98.350413 -128.674363 -43.562954 158.389349 0.000000 0.000000 0.000000 -9.220497 -1.310972 -2.840973 10.880453 5.522621 22.578395 -22.519163 42.152117 -45.482661 0.000000 0.000000 0.000000 -27.384476 1.379650 -1.382767 11.896343 -1.104591 -0.923287 -3.531450 22.982393 -0.191555 0.000000 0.000000 0.000000
-26.731455 0.198901 0.000000 15.000000 -0.145731 0.698217 0.280447 0.012471 0.061567 -15.297856 21.286023 -0.644987 -0.861986 -4.211394 7.854023 -1.424368 -4.056128 7.896641 0.000000 0.000000 0.000000 -13.267353 23.469729 -58.359034 142.855123 51.938208 161.408665 0.000000 0.000000 0.000000 0.000000 0.000000 0.000000 -29.990948 -26.518356 97.297980 -125.736535 -41.080410 158.337875 0.000000 0.000000 0.000000 -9.030721 -1.293561 -2.695876 10.397425 5.402084 21.733830 -22.113634 42.186375 -45.138582 0.000000 0.000000 0.000000 -27.643514 1.258733 -1.828300 11.807044 -1.087052 -0.877926 -3.054529 22.560294 -0.697563 0.000000 0.000000 0.000000
-24.601244 0.189636 0.000000 15.000000 -0.220533 0.169858 0.304375 0.012205 0.062079 -15.307267 20.769340 -0.157668 -0.760327 -5.009076 7.866538 -1.429164 -4.861819 7.909088 0.000000 0.000000 0.000000 -15.032201 24.253302 -63.065746 142.996811 50.611437 162.019756 0.000000 0.000000 0.000000 0.000000 0.000000 0.000000 -28.320241 -25.944663 95.150047 -135.279289 -44.705593 160.933807 0.000000 0.000000 0.000000 -9.257972 -1.380200 -2.450892 9.489248 5.254152 20.573165 -18.603957 41.209681 -41.219646 0.000000 0.000000 0.000000 -27.903474 1.139835 -2.274357 11.717731 -1.069584 -0.832538 -2.751358 20.657441 -0.618022 0.000000 0.000000 0.000000
-22.843999 0.182148 0.000000 15.000000 -0.281615 -0.263675 0.315786 0.012119 0.062467 -15.315432 20.318176 0.247855 -1.604151 -5.753367 7.398950 -2.304571 -5.512744 7.535788 0.000000 0.000000 0.000000 -16.325951 24.569461 -66.694980 142.290584 49.438998 162.147533 0.000000 0.000000 0.000000 0.000000 0.000000 0.000000 -25.953966 -24.618234 93.068087 -142.869721 -49.577981 162.432136 0.000000 0.000000 0.000000 -10.243483 -1.610567 -2.269192 8.646691 5.053296 19.266053 -14.045231 40.694776 -36.686208 0.000000 0.000000 0.000000 -28.164341 1.022965 -2.720931 11.628404 -1.052187 -0.787123 -3.126051 18.551260 0.355342 0.000000 0.000000 0.000000
-21.391456 0.178206 0.000000 15.000000 -0.378379 -0.952449 0.311803 0.012301 0.062880 -15.324155 19.829449 0.902397 -2.885973 -6.393832 6.614335 -3.538854 -6.048313 6.925359 0.000000 0.000000 0.000000 -17.576863 25.478444 -68.701344 138.501027 48.143325 160.767670 0.000000 0.000000 0.000000 0.000000 0.000000 0.000000 -24.126364 -23.627937 91.228737 -147.454913 -52.141812 163.798057 0.000000 0.000000 0.000000 -11.959376 -2.057351 -1.582722 8.833455 4.521031 16.983152 -13.505678 41.040458 -36.418697 0.000000 0.000000 0.000000 -28.426103 0.908132 -3.168017 11.539065 -1.034861 -0.741681 -3.597744 18.026134 1.055916 0.000000 0.000000 0.000000
-20.095092 0.176023 0.000000 15.000000 -0.468119 -1.592565 0.285566 0.012790 0.063032 -15.347999 18.486703 1.531619 -4.340011 -7.275137 5.889627 -4.962663 -6.822896 6.417009 0.000000 0.000000 0.000000 -17.956125 25.756222 -69.259449 132.531513 48.219300 157.652624 0.000000 0.000000 0.000000 0.000000 0.000000 0.000000 -24.341949 -24.154029 90.445855 -148.201739 -49.902786 165.152017 0.000000 0.000000 0.000000 -13.978529 -2.533882 -0.990899 8.089634 4.092828 14.822733 -13.872260 43.707889 -38.423409 0.000000 0.000000 0.000000 -28.236307 0.819223 -3.466143 11.106994 -0.911845 -0.429780 -3.269922 16.104744 1.069385 0.000000 0.000000 0.000000
-19.045340 0.174872 0.000000 15.000000 -0.513367 -1.914529 0.294118 0.012731 0.063343 -15.373971 17.004262 1.855245 -4.701894 -7.182990 5.857455 -5.303309 -6.701098 6.427894 0.000000 0.000000 0.000000 -16.753275 24.860079 -67.461412 125.037093 49.115020 153.234545 0.000000 0.000000 0.000000 0.000000 0.000000 0.000000 -25.432099 -25.036260 90.927985 -141.312695 -43.942304 163.893987 0.000000 0.000000 0.000000 -15.379015 -2.831141 -0.768259 8.184109 3.784577 13.498268 -15.273404 46.165922 -41.248505 0.000000 0.000000 0.000000 -26.118173 0.863473 -2.962309 9.138154 -0.333629 0.954718 -1.828249 15.008953 -0.501589 0.000000 0.000000 0.000000
-18.198725 0.174979 0.000000 15.000000 -0.548303 -2.163277 0.312493 0.012525 0.063732 -15.393388 15.880319 2.103395 -4.928571 -7.200231 5.789326 -5.516416 -6.704763 6.392123 0.000000 0.000000 0.000000 -15.673540 24.203927 -65.349389 122.641067 50.166137 151.293348 0.000000 0.000000 0.000000 0.000000 0.000000 0.000000 -25.818643 -25.480319 90.780934 -143.649137 -43.353135 165.177429 0.000000 0.000000 0.000000 -15.611371 -2.876140 -0.764867 7.253936 3.746747 13.186134 -17.694322 48.040298 -44.653360 0.000000 0.000000 0.000000 -21.613715 1.228138 -0.764435 5.137110 0.737900 3.326971 -1.160636 10.460770 -0.426948 0.000000 0.000000 0.000000
-17.324988 0.176129 0.000000 15.000000 -0.581527 -2.399072 0.284970 0.012937 0.063525 -15.409182 14.952567 2.349187 -5.049665 -7.471396 5.731036 -5.645748 -6.971391 6.370672 0.000000 0.000000 0.000000 -14.645571 23.524564 -63.332800 125.841991 52.036681 152.012487 0.000000 0.000000 0.000000 0.000000 0.000000 0.000000 -25.827381 -25.683355 90.333486 -153.137916 -44.924327 168.689416 0.000000 0.000000 0.000000 -15.163773 -2.794901 -0.712943 6.679685 3.789647 13.286811 -17.045111 48.662475 -44.435831 0.000000 0.000000 0.000000 -20.067942 1.905872 2.318625 3.371775 0.727019 2.715590 -1.191154 5.834898 0.470379 0.000000 0.000000 0.000000
-16.263942 0.178061 0.000000 15.000000 -0.558947 -2.237652 0.237162 0.013554 0.062812 -15.432369 13.577130 2.219133 -4.963262 -7.831243 5.726762 -5.585638 -7.339779 6.381504 0.000000 0.000000 0.000000 -14.322193 23.508697 -62.221353 130.796163 53.992241 153.682814 0.000000 0.000000 0.000000 0.000000 0.000000 0.000000 -26.469561 -26.349850 90.272370 -161.970716 -44.716083 172.451138 0.000000 0.000000 0.000000 -14.460462 -2.628915 -0.984678 7.087766 3.823519 13.491379 -14.837803 48.924447 -42.565711 0.000000 0.000000 0.000000 -21.935406 2.706252 4.877227 5.282723 -0.845057 -1.495533 -1.853386 5.709018 1.282171 0.000000 0.000000 0.000000
-15.169329 0.179713 0.000000 15.000000 -0.463278 -1.558530 0.195083 0.014022 0.061916 -15.457491 12.077346 1.580250 -4.906095 -8.150662 5.728578 -5.550986 -7.664135 6.398308 0.000000 0.000000 0.000000 -14.653190 24.001312 -62.285969 127.064304 54.649656 150.801480 0.000000 0.000000 0.000000 0.000000 0.000000 0.000000 -27.512298 -27.209589 90.659045 -167.770243 -43.237254 175.262702 0.000000 0.000000 0.000000 -13.732137 -2.412602 -1.609013 7.608321 3.881243 13.817071 -9.025528 49.446932 -37.514414 0.000000 0.000000 0.000000 -23.057586 3.126185 6.014820 7.149059 -2.200156 -5.464196 -1.456686 5.255439 0.883907 0.000000 0.000000 0.000000
-14.163556 0.178859 0.000000 15.000000 -0.302873 -0.420567 0.225664 0.013432 0.061666 -15.464123 11.676369 0.459917 -4.774814 -8.487834 5.541855 -5.419866 -8.029649 6.215209 0.000000 0.000000 0.000000 -13.268761 22.561837 -60.408947 114.547156 57.409463 141.056028 0.000000 0.000000 0.000000 0.000000 0.000000 0.000000 -27.716665 -26.797887 91.997112 -157.636964 -40.446278 172.007439 0.000000 0.000000 0.000000 -12.690313 -2.133226 -2.197984 7.327728 4.032895 14.409833 -6.587256 48.718573 -34.894638 0.000000 0.000000 0.000000 -23.953434 3.058218 5.367575 8.865028 -2.669601 -6.903990 -1.119098 4.717164 0.570884 0.000000 0.000000 0.000000
-13.187848 0.174555 0.000000 15.000000 -0.171598 0.516050 0.287651 0.012389 0.061712 -15.475723 10.973971 -0.471904 -4.363157 -8.897300 5.345287 -5.021781 -8.491877 5.982808 0.000000 0.000000 0.000000 -11.676098 20.632785 -58.659005 110.791322 61.017813 135.863320 0.000000 0.000000 0.000000 0.000000 0.000000 0.000000 -27.676632 -26.401378 92.796702 -147.372830 -36.821335 168.909584 0.000000 0.000000 0.000000 -11.773479 -2.015628 -1.729631 6.456568 4.176235 14.871000 -6.821065 41.529235 -30.786707 0.000000 0.000000 0.000000 -24.958019 2.773573 3.909567 9.608639 -2.726775 -7.090328 -1.415832 5.392515 0.812819 0.000000 0.000000 0.000000
-12.215960 0.169404 0.000000 15.000000 -0.130909 0.808824 0.310895 0.011985 0.061683 -15.484438 10.443138 -0.765237 -4.287537 -9.000599 5.599079 -4.993845 -8.579211 6.228665 0.000000 0.000000 0.000000 -10.611933 18.663265 -58.956019 117.484549 65.782115 137.107729 0.000000 0.000000 0.000000 0.000000 0.000000 0.000000 -26.206677 -25.266834 92.162309 -150.900429 -40.379049 169.165095 0.000000 0.000000 0.000000 -10.310820 -2.006186 0.170061 5.556234 3.946265 13.791784 -7.062801 26.682055 -21.879761 0.000000 0.000000 0.000000 -25.532983 2.499725 2.734150 9.236037 -2.804330 -7.396310 -2.258116 6.875126 1.571024 0.000000 0.000000 0.000000
-11.219345 0.166485 0.000000 15.000000 -0.146833 0.699964 0.342153 0.011535 0.061981 -15.496854 9.683291 -0.664328 -4.223330 -9.085634 5.853747 -4.976119 -8.647578 6.475935 0.000000 0.000000 0.000000 -10.373131 18.417252 -58.504019 113.159477 67.002083 132.802903 0.000000 0.000000 0.000000 0.000000 0.000000 0.000000 -25.850773 -25.438159 90.951159 -155.637719 -43.938573 170.078108 0.000000 0.000000 0.000000 -8.805854 -2.106748 2.627922 5.091295 3.625934 12.434583 -8.790305 19.875919 -18.806685 0.000000 0.000000 0.000000 -25.590195 1.745221 0.060874 8.561912 -1.760790 -3.971518 -2.787071 7.988331 2.016167 0.000000 0.000000 0.000000
-10.222070 0.165623 0.000000 15.000000 -0.229433 0.114602 0.365712 0.011298 0.062576 -15.517608 8.406796 -0.090804 -4.194619 -8.896502 5.846496 -4.934091 -8.461573 6.452598 0.000000 0.000000 0.000000 -10.095732 19.206870 -55.279681 102.513344 64.839172 125.784246 0.000000 0.000000 0.000000 0.000000 0.000000 0.000000 -25.764653 -26.013212 89.477812 -133.076151 -45.108932 144.058843 0.000000 0.000000 0.000000 -8.119617 -2.292321 4.410655 5.568856 3.707329 12.816050 -9.999748 23.893526 -22.393598 0.000000 0.000000 0.000000 -24.813624 0.567780 -4.100175 6.209860 0.389926 2.303020 -3.724478 9.901081 2.816804 0.000000 0.000000 0.000000
-9.293962 0.164638 0.000000 14.994032 -0.397596 -1.081528 0.312038 0.012241 0.062681 -15.543227 6.815010 1.102770 -4.411068 -8.438471 5.927346 -5.121149 -7.976763 6.535957 0.000000 0.000000 0.000000 -8.757021 21.904436 -45.831828 83.666909 61.603257 108.528057 0.000000 0.000000 0.000000 0.000000 0.000000 0.000000 -26.636403 -27.993223 87.181534 -15.710588 -44.710494 22.048755 0.000000 0.000000 0.000000 -6.428281 -2.364466 6.057570 4.010412 3.668372 12.517598 -9.708209 27.043850 -24.282486 0.000000 0.000000 0.000000 -22.326446 -0.439445 -7.832015 0.566493 2.840290 7.258182 -5.405451 8.884197 4.990258 0.000000 0.000000 0.000000
-8.519710 0.163281 0.000000 14.957483 -0.671832 -3.005923 0.160136 0.014395 0.061126 -15.581007 4.462704 3.037845 -5.160544 -7.706257 6.137050 -5.825917 -7.158584 6.796563 0.000000 0.000000 0.000000 -5.378681 30.008903 -24.670877 40.465266 53.668208 60.336926 0.000000 0.000000 0.000000 0.000000 0.000000 0.000000 -27.788302 -31.000648 83.429555 146.590704 -45.044914 -149.774023 0.000000 0.000000 0.000000 -2.019865 -2.306807 8.359814 -0.454673 3.676964 12.080896 -5.656626 26.872404 -21.160070 0.000000 0.000000 0.000000 -19.655256 -0.958022 -9.915401 -7.855213 4.861956 9.207535 -7.992893 2.629022 9.059084 0.000000 0.000000 0.000000
-7.934698 0.162072 0.000000 14.876950 -1.042275 -5.571274 -0.007154 0.016484 0.058400 -15.579693 4.542709 5.619519 -6.684194 -6.950383 5.790003 -7.206940 -6.304529 6.606579 0.000000 0.000000 0.000000 -0.250023 39.972475 -0.741940 2.687934 42.556214 5.979277 0.000000 0.000000 0.000000 0.000000 0.000000 0.000000 -26.817212 -31.265747 80.808620 22.453008 -48.030369 -24.970011 0.000000 0.000000 0.000000 4.506592 -2.171036 10.717093 -5.118601 3.868137 12.343546 2.971261 27.653547 -15.516315 0.000000 0.000000 0.000000 -21.932173 -0.849672 -9.226938 -9.771205 4.664393 8.050692 -9.809842 -3.283430 12.009144 0.000000 0.000000 0.000000
-7.557181 0.160537 0.000000 14.844597 -1.261948 -7.086268 -0.011379 0.016435 0.057965 -15.562810 5.599157 7.137002 -7.096919 -7.032830 5.182006 -7.541973 -6.434719 6.065196 0.000000 0.000000 0.000000 -0.234740 41.402093 -0.668720 5.161614 35.281173 12.139233 0.000000 0.000000 0.000000 0.000000 0.000000 0.000000 -28.362156 -31.973322 82.615934 -167.697247 -49.746809 174.615264 0.000000 0.000000 0.000000 10.072028 -1.909352 11.593785 -9.827707 3.845370 11.934967 8.769534 24.960248 -10.131708 0.000000 0.000000 0.000000 -24.241701 -1.013487 -9.634678 -6.947767 4.131883 7.904230 -9.559921 -5.137842 11.921630 0.000000 0.000000 0.000000
-7.425508 0.157739 0.000000 14.930818 -1.346716 -7.703883 -0.007299 0.016570 0.058696 -15.601027 3.203764 7.742131 -7.762061 -7.420236 4.807624 -8.166418 -6.828453 5.822501 0.000000 0.000000 0.000000 -5.412839 40.372527 -16.136519 23.538476 40.727299 49.951537 0.000000 0.000000 0.000000 0.000000 0.000000 0.000000 -31.797282 -33.049043 87.654947 -149.560232 -45.009946 167.301909 0.000000 0.000000 0.000000 10.678368 -2.051381 12.186211 -9.869460 3.825196 11.880859 10.387041 24.702910 -8.982727 0.000000 0.000000 0.000000 -26.063900 -1.338024 -10.661214 -7.399323 3.686587 6.834551 -7.843313 -6.438531 10.033094 0.000000 0.000000 0.000000
-7.585883 0.150846 0.000000 14.986720 -1.392885 -8.059353 0.026961 0.016357 0.060021 -15.656536 -0.285936 8.073615 -8.000439 -7.069074 4.311573 -8.328243 -6.533033 5.313641 0.000000 0.000000 0.000000 -12.350304 33.737128 -40.618891 58.643643 40.045477 108.032218 0.000000 0.000000 0.000000 0.000000 0.000000 0.000000 -32.145124 -32.932146 88.516695 -141.255637 -40.964341 165.135726 0.000000 0.000000 0.000000 9.713666 -2.170782 12.301985 -9.901593 4.172512 12.756264 5.315323 25.424225 -12.656144 0.000000 0.000000 0.000000 -22.146315 -1.184103 -10.404264 -12.768560 3.947585 5.774664 -8.908466 -0.243076 10.618527 0.000000 0.000000 0.000000
-8.061891 0.138619 0.000000 15.000000 -1.419955 -8.292644 0.126421 0.015424 0.062752 -15.709402 -3.609097 8.263246 -8.562029 -7.485997 3.585278 -8.783965 -7.036261 4.727387 0.000000 0.000000 0.000000 -16.506587 27.711748 -60.692812 95.127638 35.435102 146.121635 0.000000 0.000000 0.000000 0.000000 0.000000 0.000000 -30.446561 -32.274942 86.419009 -143.739951 -39.921292 166.648727 0.000000 0.000000 0.000000 8.913574 -2.175726 12.094995 -9.191273 4.483210 13.616984 -0.920334 26.646130 -17.576445 0.000000 0.000000 0.000000 -14.698147 -0.811999 -9.682795 -22.130327 4.946768 4.997074 -12.835384 4.907052 14.706313 0.000000 0.000000 0.000000
-9.142541 0.126976 0.000000 15.000000 -1.383555 -8.088172 0.257922 0.014129 0.066157 -15.728347 -4.795533 8.032361 -9.267342 -8.941143 3.332721 -9.433187 -8.522536 4.791175 0.000000 0.000000 0.000000 -19.850513 26.341370 -73.661251 126.305721 39.214063 160.650851 0.000000 0.000000 0.000000 0.000000 0.000000 0.000000 -26.973267 -30.090859 83.399495 -163.629823 -46.651120 172.985641 0.000000 0.000000 0.000000 7.394647 -1.984868 11.020381 -8.409652 4.988372 15.025485 -8.889773 24.759425 -22.206304 0.000000 0.000000 0.000000 -14.515315 -0.790758 -9.596541 -21.640464 5.462613 5.963286 -12.948135 6.109182 14.693126 0.000000 0.000000 0.000000
-10.932879 0.122218 0.000000 15.000000 -1.315300 -7.628070 0.319166 0.013459 0.067511 -15.649770 0.128535 7.614979 -9.320288 -8.902593 3.500623 -9.484757 -8.472181 4.979987 0.000000 0.000000 0.000000 -19.647054 24.185464 -77.837231 142.793738 50.191014 162.015974 0.000000 0.000000 0.000000 0.000000 0.000000 0.000000 -22.777267 -26.354459 81.213801 -141.874327 -55.771592 146.947530 0.000000 0.000000 0.000000 4.619058 -1.795610 9.457893 -7.966865 5.713467 16.946008 -15.924032 22.824406 -26.232435 0.000000 0.000000 0.000000 -16.089995 -0.753971 -9.239708 -17.916666 5.180390 6.499208 -10.854833 7.030957 12.012344 0.000000 0.000000 0.000000
-12.944076 0.122832 0.000000 15.000000 -1.203774 -6.835491 0.313712 0.013403 0.066977 -15.538935 7.025084 6.799288 -7.575241 -7.105082 4.787116 -7.893151 -6.599215 5.814118 0.000000 0.000000 0.000000 -17.415868 22.187255 -75.822669 135.999179 52.018327 157.465791 0.000000 0.000000 0.000000 0.000000 0.000000 0.000000 -20.550399 -25.734518 76.871199 -31.616169 -59.126804 29.494138 0.000000 0.000000 0.000000 3.199938 -1.419855 7.486682 -9.961720 6.271884 17.994585 -18.807559 20.084634 -26.475931 0.000000 0.000000 0.000000 -15.921150 -0.730260 -9.130384 -15.137124 4.983292 6.986181 -9.021012 6.173133 9.920601 0.000000 0.000000 0.000000
-14.567687 0.125047 0.000000 15.000000 -0.960388 -5.077448 0.246808 0.013756 0.064130 -15.410863 14.737946 4.955260 -4.200787 -4.431825 6.598688 -4.625796 -3.952151 6.953623 0.000000 0.000000 0.000000 -14.841162 20.501836 -71.218269 124.025201 54.435231 149.177730 0.000000 0.000000 0.000000 0.000000 0.000000 0.000000 -21.745117 -26.805709 77.640068 143.099373 -56.860055 -146.324923 0.000000 0.000000 0.000000 2.186776 -0.610042 3.949069 -12.199595 6.658201 18.439401 -18.403423 17.196941 -23.871721 0.000000 0.000000 0.000000 -16.416766 -0.833814 -9.610064 -9.756622 4.627123 7.979900 -3.869409 4.622252 3.857859 0.000000 0.000000 0.000000
-15.756067 0.129846 0.000000 15.000000 -0.615954 -2.641730 0.359732 0.011931 0.064495 -15.281773 22.023841 2.440050 -2.734090 -2.463468 7.268649 -3.010513 -2.100449 7.382332 0.000000 0.000000 0.000000 -11.889240 18.146604 -65.762638 111.348123 56.429576 139.498144 0.000000 0.000000 0.000000 0.000000 0.000000 0.000000 -24.027015 -27.395790 82.130418 41.541383 -49.349146 -31.674420 0.000000 0.000000 0.000000 1.800626 0.628237 -1.152866 -14.479012 7.550771 20.012896 -19.427529 18.509690 -25.604799 0.000000 0.000000 0.000000 -17.533931 -0.916370 -9.907508 -4.975254 4.017538 8.374448 -2.728550 8.389031 1.868202 0.000000 0.000000 0.000000
-16.593247 0.135874 0.000000 15.000000 -0.290246 -0.324092 0.430383 0.010544 0.063838 -15.159000 28.379825 0.197875 -2.837082 -1.250251 7.618826 -2.976005 -0.865524 7.688811 0.000000 0.000000 0.000000 -9.255593 16.348985 -58.775245 100.989301 58.803633 129.949300 0.000000 0.000000 0.000000 0.000000 0.000000 0.000000 -25.968126 -26.795403 88.244578 -132.184767 -40.376665 161.042767 0.000000 0.000000 0.000000 -0.370879 1.317057 -5.999502 -12.545512 9.124828 24.391328 -21.041509 27.279311 -33.901891 0.000000 0.000000 0.000000 -19.042069 -1.099647 -10.457024 -0.652819 3.576491 9.149955 -4.679494 14.173833 3.192924 0.000000 0.000000 0.000000
-17.063747 0.141759 0.000000 15.000000 0.063504 2.179352 0.290518 0.012118 0.060914 -15.062563 32.866582 -1.934499 -2.205956 -1.340464 7.906224 -2.367400 -1.024838 7.962442 0.000000 0.000000 0.000000 -8.198165 16.863696 -51.677706 95.613820 60.457857 124.293947 0.000000 0.000000 0.000000 0.000000 0.000000 0.000000 -25.191367 -24.116237 92.690781 -117.856271 -44.334416 152.114966 0.000000 0.000000 0.000000 -4.977026 1.058042 -10.317243 -6.599281 9.964854 29.150471 -28.155183 29.592485 -42.123810 0.000000 0.000000 0.000000 -22.317719 -1.822968 -12.918099 4.384523 3.520234 11.311761 -6.728978 19.726454 4.586333 0.000000 0.000000 0.000000
-17.228073 0.147198 0.000000 15.000000 0.296196 3.792993 0.156742 0.014025 0.059583 -14.987260 36.175049 -3.192722 -2.369037 -1.170239 8.817703 -2.511378 -0.789735 8.870920 0.000000 0.000000 0.000000 -7.946757 17.779613 -47.894250 100.053711 58.481281 129.648732 0.000000 0.000000 0.000000 0.000000 0.000000 0.000000 -23.450623 -21.186239 96.188708 -109.247132 -48.205665 144.714242 0.000000 0.000000 0.000000 -9.947106 0.091838 -12.940312 -0.265443 10.390283 33.971411 -33.946043 31.027663 -48.928117 0.000000 0.000000 0.000000 -26.988789 -2.285953 -13.773169 10.673204 2.228249 10.748527 -8.106200 26.166244 4.943383 0.000000 0.000000 0.000000
-17.157596 0.152597 0.000000 15.000000 0.461316 4.973639 0.197657 0.013162 0.058983 -14.982368 36.366724 -4.176276 -2.972377 -0.345672 9.988072 -2.971726 0.172096 10.016987 0.000000 0.000000 0.000000 -8.530557 19.420716 -47.062165 106.472201 60.675367 132.641050 0.000000 0.000000 0.000000 0.000000 0.000000 0.000000 -21.108490 -17.764151 100.170137 -107.350713 -51.682980 140.726901 0.000000 0.000000 0.000000 -11.036493 0.050504 -14.826043 1.791888 10.835324 37.046588 -36.866362 33.625854 -54.013621 0.000000 0.000000 0.000000 -26.202191 -2.141625 -13.426145 10.736258 1.375322 7.774664 -8.925363 25.680132 6.142228 0.000000 0.000000 0.000000
-16.932472 0.157555 0.000000 15.000000 0.504874 5.330254 0.310914 0.011085 0.058439 -14.959481 37.300610 -4.502665 -3.121127 0.935943 10.878562 -2.886670 1.509522 10.839611 0.000000 0.000000 0.000000 -11.037431 24.552915 -47.686167 88.474971 55.428837 123.302778 0.000000 0.000000 0.000000 0.000000 0.000000 0.000000 -19.550971 -15.715730 102.600189 -105.118441 -53.212875 138.017266 0.000000 0.000000 0.000000 -10.553719 0.358668 -15.803267 3.514073 11.098227 39.534955 -39.335536 37.089930 -59.282515 0.000000 0.000000 0.000000 -25.072723 -1.822560 -12.537177 10.381962 0.721436 5.275749 -9.673374 24.249555 7.473153 0.000000 0.000000 0.000000
-16.699146 0.163563 0.000000 15.000000 0.535310 5.558069 0.337244 0.010566 0.058180 -14.981599 36.401745 -4.733733 -3.420194 0.865901 10.980031 -3.190866 1.502324 10.943950 0.000000 0.000000 0.000000 -13.175577 27.637628 -50.237052 87.834867 52.227287 125.967300 0.000000 0.000000 0.000000 0.000000 0.000000 0.000000 -20.241582 -16.023428 103.480725 -110.544885 -53.814576 141.176212 0.000000 0.000000 0.000000 -10.146253 0.441350 -15.473417 5.603301 10.653089 40.050519 -38.903952 40.798565 -61.488925 0.000000 0.000000 0.000000 -25.168355 -1.515273 -11.451992 10.120103 0.041746 2.732101 -9.725872 23.134803 7.790036 0.000000 0.000000 0.000000
-16.406721 0.168862 0.000000 15.000000 0.475254 5.126275 0.325812 0.010861 0.058545 -15.012815 35.112739 -4.415217 -3.465462 0.606362 10.881059 -3.288187 1.250210 10.860024 0.000000 0.000000 0.000000 -13.238684 26.899663 -51.398218 89.782306 52.959682 126.848881 0.000000 0.000000 0.000000 0.000000 0.000000 0.000000 -21.359051 -16.894033 103.566542 -115.812096 -53.574222 144.855364 0.000000 0.000000 0.000000 -9.758520 0.183656 -13.170525 5.996102 10.064491 38.212967 -36.540653 43.935280 -61.183584 0.000000 0.000000 0.000000 -26.234442 -1.039846 -9.656503 10.626768 -0.737484 0.131898 -9.860054 21.575046 8.297692 0.000000 0.000000 0.000000
-15.854745 0.170910 0.000000 15.000000 0.384868 4.472222 0.298141 0.011485 0.059097 -15.049079 33.463064 -3.877526 -3.635247 1.217087 10.671509 -3.341307 1.870618 10.605194 0.000000 0.000000 0.000000 -9.781911 20.950958 -48.568230 96.031236 64.253036 120.968911 0.000000 0.000000 0.000000 0.000000 0.000000 0.000000 -21.943841 -17.669945 102.606567 -121.539169 -55.922204 147.056100 0.000000 0.000000 0.000000 -8.690632 -0.351998 -8.078418 5.796839 8.127848 30.533465 -29.440663 41.075899 -51.683597 0.000000 0.000000 0.000000 -27.636662 -0.777087 -8.719069 11.017461 -0.940115 -0.494642 -8.773857 18.354734 7.562106 0.000000 0.000000 0.000000
-15.082998 0.163448 0.000000 15.000000 0.177242 2.989145 0.288777 0.011969 0.060271 -15.149512 28.545708 -2.613284 -3.832482 1.145279 9.808223 -3.535304 1.774410 9.745678 0.000000 0.000000 0.000000 -5.709854 13.305877 -46.327835 121.251430 74.716385 132.183751 0.000000 0.000000 0.000000 0.000000 0.000000 0.000000 -22.776289 -19.366377 99.757121 -113.478126 -62.194798 128.849700 0.000000 0.000000 0.000000 -7.223455 -1.347587 -0.508807 5.307750 5.235512 18.765221 -22.995202 30.960793 -38.108747 0.000000 0.000000 0.000000 -31.021281 -0.552738 -7.954827 11.181761 -0.744942 0.187587 -5.553506 12.548566 4.604093 0.000000 0.000000 0.000000
-14.150517 0.152088 0.000000 15.000000 -0.228522 0.115752 0.346350 0.011607 0.062501 -15.347723 18.340866 -0.068591 -4.031196 -1.619997 7.793336 -4.145201 -1.091797 7.946327 0.000000 0.000000 0.000000 -7.173769 14.187210 -51.918704 146.782715 73.265754 155.394292 0.000000 0.000000 0.000000 0.000000 0.000000 0.000000 -23.822886 -23.071371 91.898196 -29.476017 -69.107135 29.499388 0.000000 0.000000 0.000000 -4.480143 -2.458035 7.538862 5.074329 2.420749 7.765873 -18.080549 15.704996 -22.489998 0.000000 0.000000 0.000000 -33.755106 -0.153608 -6.750434 7.752314 -0.219921 0.954184 -2.206838 4.561649 1.862563 0.000000 0.000000 0.000000
-13.038485 0.141966 0.000000 15.000000 -0.652923 -2.914023 0.374709 0.011865 0.065179 -15.512852 8.589263 2.885573 -4.959254 -4.621775 5.235776 -5.261039 -4.178846 5.648960 0.000000 0.000000 0.000000 -12.632035 20.881653 -59.907217 111.994666 62.060227 135.596303 0.000000 0.000000 0.000000 0.000000 0.000000 0.000000 -20.959858 -25.654876 77.941600 132.521237 -75.327437 -137.230332 0.000000 0.000000 0.000000 0.237727 -2.893303 12.028581 3.190968 1.241431 3.467911 -13.285557 5.188142 -11.093138 0.000000 0.000000 0.000000 -34.708965 -0.056325 -6.478543 2.626347 0.591116 2.303238 -2.701522 -2.017351 3.473823 0.000000 0.000000 0.000000
-11.841585 0.138048 0.000000 14.991080 -1.056085 -5.785825 0.368167 0.012509 0.067117 -15.712788 -3.710337 5.664508 -5.450791 -6.659352 2.674220 -5.601675 -6.447825 3.304914 0.000000 0.000000 0.000000 -21.099234 27.990293 -72.038265 95.153030 40.790687 124.993361 0.000000 0.000000 0.000000 0.000000 0.000000 0.000000 -21.559159 -29.126029 69.187576 32.839247 -75.034905 -26.998106 0.000000 0.000000 0.000000 2.457671 -3.496089 15.077635 -1.554447 1.286347 4.217968 -5.122318 2.261587 -4.175888 0.000000 0.000000 0.000000 -32.482917 0.546818 -4.742671 -0.814127 -0.095195 -0.292036 -7.574382 -3.612076 9.360858 0.000000 0.000000 0.000000
-10.742760 0.137084 0.000000 14.943416 -1.457669 -8.560159 0.284922 0.013483 0.065541 -15.916090 -15.939886 7.950345 -6.651840 -7.217226 0.597903 -6.615677 -7.214525 1.352115 0.000000 0.000000 0.000000 -31.195849 33.174889 -85.159942 28.301871 21.470159 20.366796 0.000000 0.000000 0.000000 0.000000 0.000000 0.000000 -43.214749 -41.337703 81.541583 -116.868346 -53.923592 148.733026 0.000000 0.000000 0.000000 4.381654 -3.958419 17.186233 -8.074952 2.124727 7.247426 -0.084498 -0.901465 0.886912 0.000000 0.000000 0.000000 -31.759157 1.161498 -2.882289 -3.776216 -1.460714 -4.082725 -11.460355 -9.848414 14.560785 0.000000 0.000000 0.000000
-9.628100 0.140115 0.000000 14.844335 -1.892083 -11.420419 -0.030615 0.016461 0.056891 -16.099041 -25.952634 9.824739 -8.651704 -2.845115 -0.528231 -8.566793 -2.949321 -0.124989 0.000000 0.000000 0.000000 -39.891116 33.148719 -101.176113 -60.558303 9.623463 -159.891592 0.000000 0.000000 0.000000 0.000000 0.000000 0.000000 -90.258030 -60.586731 118.494654 -40.415438 -20.439061 105.871474 0.000000 0.000000 0.000000 4.586812 -4.224041 18.203147 -12.375097 3.029598 9.837937 -4.224967 -9.558436 5.984676 0.000000 0.000000 0.000000 -31.151965 2.270124 0.450343 -5.373912 -3.278814 -8.510502 -16.524499 -17.002261 21.077511 0.000000 0.000000 0.000000
-8.492965 0.142380 0.000000 14.808600 -2.080661 -12.696382 -0.035572 0.016369 0.056262 -16.232924 -32.530017 10.226946 -9.830067 -1.269499 -0.305620 -9.790303 -1.344748 -0.070350 0.000000 0.000000 0.000000 -41.770831 30.722736 -108.554358 -27.814507 7.619739 -149.843430 0.000000 0.000000 0.000000 0.000000 0.000000 0.000000 -110.577142 -68.030408 129.046145 -13.188320 -14.237476 75.661072 0.000000 0.000000 0.000000 2.087728 -4.448980 18.782754 -10.360594 2.474977 8.443703 -9.277941 -16.871122 10.232073 0.000000 0.000000 0.000000 -30.812129 2.769315 2.001019 -4.821012 -4.116137 -10.545223 -20.112675 -19.336219 25.366808 0.000000 0.000000 0.000000
-7.443831 0.141444 0.000000 14.886751 -1.954678 -11.900544 0.009242 0.016216 0.058449 -16.247436 -33.132347 9.462490 -10.651456 -3.900747 -0.758022 -10.487497 -4.105936 -0.040018 0.000000 0.000000 0.000000 -38.801726 28.424030 -108.512729 -44.232374 11.124215 -152.574919 0.000000 0.000000 0.000000 0.000000 0.000000 0.000000 -82.970613 -65.587950 107.742080 -22.693166 -13.537654 119.552619 0.000000 0.000000 0.000000 -0.773690 -4.244077 17.647805 -7.589447 1.924167 6.969759 -10.180325 -15.181712 8.364473 0.000000 0.000000 0.000000 -29.938574 2.534572 1.504413 -2.201484 -4.497559 -11.661542 -19.520703 -17.971647 24.575824 0.000000 0.000000 0.000000
-6.834591 0.134182 0.000000 15.000000 -1.811891 -11.055493 0.151552 0.015327 0.063961 -16.141253 -28.194192 9.430003 -10.260750 -5.524946 -1.742240 -9.939839 -5.915536 -0.766961 0.000000 0.000000 0.000000 -36.379548 28.548201 -104.319226 -78.346688 17.065934 -160.280714 0.000000 0.000000 0.000000 0.000000 0.000000 0.000000 -70.022298 -59.869226 100.251576 -9.584689 -10.471899 115.809199 0.000000 0.000000 0.000000 -2.016729 -3.855152 15.684306 -7.765139 1.635588 6.209556 -14.056947 -13.957015 5.894748 0.000000 0.000000 0.000000 -26.667941 2.059284 0.818743 -3.324945 -4.018176 -10.554843 -16.650358 -10.785623 20.769410 0.000000 0.000000 0.000000
-6.729759 0.124838 0.000000 15.000000 -1.689197 -10.311642 0.367209 0.013516 0.070684 -16.025774 -22.150143 9.359131 -8.577240 -5.285736 -1.882269 -8.285638 -5.617728 -1.114060 0.000000 0.000000 0.000000 -31.786926 28.023941 -97.391672 -122.061995 32.406823 -146.195030 0.000000 0.000000 0.000000 0.000000 0.000000 0.000000 -54.174111 -51.101034 89.512264 46.645660 -16.821422 17.208622 0.000000 0.000000 0.000000 -3.058661 -3.486608 13.717152 -7.060064 1.470963 5.717969 -16.086662 -8.257777 -0.599180 0.000000 0.000000 0.000000 -23.351289 1.448948 -0.513597 -8.076426 -1.918890 -5.864066 -13.453996 -6.972489 16.693130 0.000000 0.000000 0.000000
-6.953759 0.118356 0.000000 15.000000 -1.602493 -9.745493 0.484124 0.012298 0.073524 -15.865346 -13.080628 9.377286 -6.130447 -6.109164 -1.877095 -5.819067 -6.365547 -1.219076 0.000000 0.000000 0.000000 -27.939927 29.405371 -86.544251 -51.939869 45.032373 -40.630202 0.000000 0.000000 0.000000 0.000000 0.000000 0.000000 -26.107591 -37.427350 68.759222 123.786904 -39.103865 -158.674204 0.000000 0.000000 0.000000 -3.528666 -3.226582 12.226180 -6.618713 1.988481 7.079163 -19.248117 -2.252228 -7.651736 0.000000 0.000000 0.000000 -19.207124 0.921972 -1.800567 -12.323379 2.153045 2.098101 -10.683916 -4.563460 13.181303 0.000000 0.000000 0.000000
-7.150277 0.117121 0.000000 15.000000 -1.357302 -8.046174 0.632811 0.010374 0.075788 -15.707152 -3.459510 7.976422 -3.142767 -6.179119 -0.452633 -3.048442 -6.216395 -0.112260 0.000000 0.000000 0.000000 -22.543416 29.046726 -74.678038 115.040040 49.948916 147.302136 0.000000 0.000000 0.000000 0.000000 0.000000 0.000000 -24.982155 -34.418909 71.036168 146.282039 -43.551770 -165.929471 0.000000 0.000000 0.000000 -5.166119 -2.806612 9.323079 -6.354933 2.897469 9.569314 -17.420917 4.941750 -13.154723 0.000000 0.000000 0.000000 -13.314057 0.283657 -3.582018 -14.345164 6.177703 9.383257 -9.069257 -2.397794 11.016994 0.000000 0.000000 0.000000
-7.197583 0.120207 0.000000 15.000000 -1.167471 -6.698744 0.705455 0.009162 0.075907 -15.551790 6.179623 6.598930 -2.697336 -6.583379 2.408053 -2.903243 -6.501163 2.711772 0.000000 0.000000 0.000000 -17.355957 26.223012 -65.675082 105.505955 42.988949 146.100734 0.000000 0.000000 0.000000 0.000000 0.000000 0.000000 -26.863586 -34.137143 75.930815 140.538964 -44.286503 -147.368450 0.000000 0.000000 0.000000 -6.974359 -2.447252 6.157501 -5.662352 4.358794 13.814221 -18.149501 13.906796 -21.094018 0.000000 0.000000 0.000000 -9.922199 -0.002698 -4.636528 -13.560153 8.184620 13.481865 -6.698076 0.673004 7.796944 0.000000 0.000000 0.000000
-7.099197 0.126811 0.000000 15.000000 -0.983644 -5.333242 0.581740 0.010078 0.071529 -15.386467 16.116035 5.067395 -1.744519 -5.684425 6.000733 -2.272162 -5.489629 6.153718 0.000000 0.000000 0.000000 -11.804158 20.929361 -57.519059 86.364577 57.495949 113.475810 0.000000 0.000000 0.000000 0.000000 0.000000 0.000000 -25.279231 -29.791472 80.337372 24.427743 -46.148012 -25.831885 0.000000 0.000000 0.000000 -8.523122 -2.102493 2.897543 -3.020244 6.051923 19.249522 -21.833999 29.465840 -35.877193 0.000000 0.000000 0.000000 -9.274084 -0.042623 -4.828209 -10.358782 7.862393 14.210524 -5.030912 5.038037 5.194168 0.000000 0.000000 0.000000
-6.970897 0.133623 0.000000 15.000000 -0.703954 -3.298745 0.420412 0.011509 0.066729 -15.249196 23.839011 2.970519 -1.576393 -3.579210 7.833479 -2.035228 -3.329589 7.893893 0.000000 0.000000 0.000000 -7.456061 14.949947 -52.148260 1.509298 66.155029 10.165560 0.000000 0.000000 0.000000 0.000000 0.000000 0.000000 -25.343858 -27.506387 85.268018 -162.011727 -47.057739 171.560530 0.000000 0.000000 0.000000 -7.824560 -1.496233 0.150663 -0.332508 7.425513 24.386833 -23.540550 43.496203 -47.175607 0.000000 0.000000 0.000000 -10.611492 0.032997 -4.610697 -7.109885 6.037281 11.650640 -3.988201 8.031875 3.441508 0.000000 0.000000 0.000000
-6.786201 0.138489 0.000000 15.000000 -0.433969 -1.349291 0.220136 0.013636 0.062062 -15.171867 27.820437 1.178875 -2.560087 -2.164068 8.763299 -2.864368 -1.755143 8.862204 0.000000 0.000000 0.000000 -5.937521 12.204020 -51.187251 -175.553964 66.374030 -177.253061 0.000000 0.000000 0.000000 0.000000 0.000000 0.000000 -25.244360 -24.711591 91.359393 -138.664541 -49.419527 160.261773 0.000000 0.000000 0.000000 -4.329300 -0.551594 -1.347466 1.785150 8.183164 28.071256 -24.555894 54.552087 -55.443973 0.000000 0.000000 0.000000 -17.959392 0.257129 -4.267192 2.283794 3.107297 8.755357 -4.329596 13.408343 2.888098 0.000000 0.000000 0.000000
-6.418015 0.142596 0.000000 15.000000 -0.264241 -0.136334 0.292251 0.012378 0.061957 -15.122103 30.211567 0.041613 -2.570182 -3.110991 10.115314 -3.067798 -2.606918 10.267031 0.000000 0.000000 0.000000 -7.450352 13.923472 -56.168108 -167.227595 61.751712 -172.703463 0.000000 0.000000 0.000000 0.000000 0.000000 0.000000 -23.748844 -22.153003 94.182841 -127.312229 -48.987630 154.470601 0.000000 0.000000 0.000000 -2.039724 0.072507 -2.058030 6.061638 7.674621 28.895794 -27.166925 54.899806 -58.302795 0.000000 0.000000 0.000000 -25.749326 0.199765 -5.320419 11.570252 1.080825 7.119596 -5.572088 19.356441 3.260066 0.000000 0.000000 0.000000
-5.768144 0.146027 0.000000 15.000000 -0.093859 1.091779 0.418587 0.010272 0.062119 -15.081347 32.120762 -1.106773 -4.074744 -4.068436 10.765825 -4.731137 -3.256394 11.072598 0.000000 0.000000 0.000000 -7.528737 13.491467 -58.142615 -152.955729 57.108442 -165.151645 0.000000 0.000000 0.000000 0.000000 0.000000 0.000000 -22.491816 -20.331918 95.913401 -120.371253 -49.351544 150.497951 0.000000 0.000000 0.000000 -1.244124 0.400388 -2.745822 6.175583 7.401794 27.947167 -27.714891 52.146136 -57.144943 0.000000 0.000000 0.000000 -26.890425 -0.191689 -6.749910 12.300702 0.719106 6.137226 -5.888907 21.105790 3.276007 0.000000 0.000000 0.000000
-4.825972 0.148808 0.000000 15.000000 -0.025639 1.576978 0.399737 0.010439 0.061562 -15.101397 31.168407 -1.509941 -5.179505 -4.918298 10.359037 -5.913643 -3.956670 10.828307 0.000000 0.000000 0.000000 -8.321912 14.500384 -59.488487 -123.699855 55.526698 -137.461229 0.000000 0.000000 0.000000 0.000000 0.000000 0.000000 -22.981232 -20.948774 95.429038 -121.187894 -48.285620 151.675182 0.000000 0.000000 0.000000 -0.944431 0.483011 -2.816764 3.790696 7.502281 26.743136 -26.475812 49.699869 -54.331449 0.000000 0.000000 0.000000 -27.760358 -0.183735 -6.746638 12.437146 0.219100 4.275972 -5.288830 21.065254 2.511312 0.000000 0.000000 0.000000
-3.653972 0.150929 0.000000 15.000000 -0.029826 1.533392 0.332030 0.011505 0.061250 -15.174110 27.603988 -1.440839 -6.016677 -5.781726 8.699809 -6.725116 -4.847584 9.321215 0.000000 0.000000 0.000000 -9.573507 16.647247 -59.464096 -17.529260 58.308021 -24.564299 0.000000 0.000000 0.000000 0.000000 0.000000 0.000000 -23.108781 -21.776556 93.422421 -131.495765 -49.787448 156.713263 0.000000 0.000000 0.000000 -1.400347 0.221110 -2.129637 4.571041 6.952600 25.159418 -24.184541 47.406764 -50.580854 0.000000 0.000000 0.000000 -29.431453 -0.138819 -6.638296 13.213249 -0.180306 3.064054 -4.748238 22.273792 1.540915 0.000000 0.000000 0.000000
-2.346305 0.152055 0.000000 15.000000 -0.067670 1.237571 0.204339 0.013562 0.060831 -15.293915 21.385287 -1.112974 -5.546885 -6.875540 7.707035 -6.292905 -6.119546 8.366113 0.000000 0.000000 0.000000 -10.431398 18.446837 -58.439325 134.211903 66.404664 148.207863 0.000000 0.000000 0.000000 0.000000 0.000000 0.000000 -21.876516 -21.913262 89.926170 -150.422771 -55.410040 164.163538 0.000000 0.000000 0.000000 -1.209217 -0.175968 -0.270860 4.244740 6.088196 21.826817 -19.817052 43.891135 -44.073097 0.000000 0.000000 0.000000 -29.546211 -0.102977 -6.534293 12.749251 -0.472160 1.753874 -5.000741 21.069504 2.144463 0.000000 0.000000 0.000000
-0.905557 0.152007 0.000000 15.000000 -0.172630 0.505949 0.277938 0.012548 0.061692 -15.405792 15.111717 -0.446922 -5.701139 -8.332605 7.037207 -6.501249 -7.636709 7.840957 0.000000 0.000000 0.000000 -9.523307 17.710541 -56.156470 95.118058 63.705606 120.657388 0.000000 0.000000 0.000000 0.000000 0.000000 0.000000 -22.020308 -22.979965 87.497843 -166.914451 -56.579190 173.127548 0.000000 0.000000 0.000000 -0.648572 -0.705558 2.434310 2.676400 5.218366 17.947824 -15.006162 37.926737 -35.888283 0.000000 0.000000 0.000000 -30.220504 0.077962 -6.010247 11.785619 -0.613376 0.918971 -4.732268 18.466426 2.372810 0.000000 0.000000 0.000000
0.499559 0.150346 0.000000 15.000000 -0.340251 -0.682054 0.301903 0.012396 0.062613 -15.483210 10.502479 0.706288 -6.229218 -8.913723 6.206681 -6.936720 -8.274700 7.152580 0.000000 0.000000 0.000000 -11.518562 20.549288 -58.056637 87.884948 60.690972 117.275001 0.000000 0.000000 0.000000 0.000000 0.000000 0.000000 -21.744671 -23.824204 84.651280 -173.644492 -59.330341 176.353357 0.000000 0.000000 0.000000 0.089361 -0.938320 3.910411 2.063673 4.986587 16.950930 -7.522154 35.327818 -27.906883 0.000000 0.000000 0.000000 -31.087186 0.401630 -5.078562 9.721345 -0.645822 0.242768 -4.171567 14.122086 2.583807 0.000000 0.000000 0.000000
1.681569 0.147915 0.000000 15.000000 -0.477189 -1.655102 0.277277 0.012894 0.062898 -15.537370 7.181483 1.676737 -7.569064 -9.098689 5.472438 -8.117584 -8.443478 6.672493 0.000000 0.000000 0.000000 -13.294709 22.047788 -61.518123 95.515946 55.533416 128.676543 0.000000 0.000000 0.000000 0.000000 0.000000 0.000000 -22.275549 -24.855112 83.572247 -160.551508 -59.223185 168.723041 0.000000 0.000000 0.000000 1.244898 -0.994703 4.854367 1.241577 4.898891 16.456619 0.390740 34.317315 -21.085094 0.000000 0.000000 0.000000 -31.329851 0.615354 -4.471074 8.136777 -0.793107 -0.653996 -4.255729 12.505180 2.998939 0.000000 0.000000 0.000000
2.554386 0.145559 0.000000 15.000000 -0.625488 -2.703308 0.199421 0.014074 0.062370 -15.569902 5.158249 2.728949 -8.266414 -9.238125 5.606951 -8.806069 -8.514546 6.942544 0.000000 0.000000 0.000000 -15.618773 24.237939 -65.134901 101.189405 46.251263 141.271979 0.000000 0.000000 0.000000 0.000000 0.000000 0.000000 -22.647277 -25.542185 82.919450 -137.712410 -58.920478 155.257009 0.000000 0.000000 0.000000 2.276066 -1.020055 5.555520 -0.839206 4.970565 16.247266 5.344376 33.221370 -16.761955 0.000000 0.000000 0.000000 -30.864144 0.655836 -4.346285 5.905687 -0.440720 -0.104724 -4.074236 12.370281 2.797840 0.000000 0.000000 0.000000
2.957580 0.144711 0.000000 15.000000 -0.732435 -3.453991 0.111669 0.015302 0.061410 -15.574530 4.865065 3.483005 -7.832400 -8.186965 6.230459 -8.436707 -7.394469 7.359481 0.000000 0.000000 0.000000 -15.851416 23.833582 -66.809529 110.262140 47.953467 145.554901 0.000000 0.000000 0.000000 0.000000 0.000000 0.000000 -22.128496 -24.887324 83.068774 -131.075796 -58.930810 151.116552 0.000000 0.000000 0.000000 2.506633 -0.951111 5.422030 -2.176594 5.042023 16.190204 3.958949 33.860037 -18.137458 0.000000 0.000000 0.000000 -28.154842 0.188548 -5.608732 4.240312 0.888423 3.512133 -3.899441 14.312058 2.208785 0.000000 0.000000 0.000000
2.875891 0.148390 0.000000 15.000000 -0.780966 -3.802877 0.167692 0.014634 0.062441 -15.530579 7.574212 3.806253 -7.155746 -7.391842 6.790657 -7.798001 -6.583190 7.729779 0.000000 0.000000 0.000000 -14.985707 22.939341 -65.763839 110.346554 48.895870 144.826374 0.000000 0.000000 0.000000 0.000000 0.000000 0.000000 -22.917253 -25.378038 83.903923 -143.694227 -58.663564 158.834668 0.000000 0.000000 0.000000 2.128729 -0.740744 4.381972 -2.435399 5.334725 17.066143 1.056393 39.813481 -23.635221 0.000000 0.000000 0.000000 -25.634621 -0.168991 -6.639060 3.839641 2.383962 7.765452 -3.214307 16.186272 0.982383 0.000000 0.000000 0.000000
2.655842 0.158121 0.000000 15.000000 -0.819723 -4.085048 0.233896 0.013842 0.063651 -15.432306 13.469135 3.996558 -6.072744 -6.053307 7.444497 -6.695457 -5.265302 8.095822 0.000000 0.000000 0.000000 -12.842456 20.965863 -62.438402 109.764416 52.018738 141.987985 0.000000 0.000000 0.000000 0.000000 0.000000 0.000000 -24.891652 -26.231844 86.878893 -154.415251 -54.687607 166.302362 0.000000 0.000000 0.000000 0.207003 -0.778445 3.272525 -0.455225 5.630795 18.656508 -5.523589 45.334877 -32.310775 0.000000 0.000000 0.000000 -26.249457 -0.087572 -6.411143 5.319085 3.735157 12.525787 -1.816554 17.656621 -1.090854 0.000000 0.000000 0.000000
2.674831 0.170141 0.000000 15.000000 -0.801080 -3.954675 0.268760 0.013362 0.064070 -15.293912 21.234115 3.658836 -5.811098 -3.323731 7.621506 -6.154312 -2.549267 7.988396 0.000000 0.000000 0.000000 -11.115562 19.773275 -58.325858 124.943525 56.943729 147.476919 0.000000 0.000000 0.000000 0.000000 0.000000 0.000000 -26.012621 -26.054007 89.759689 -157.412343 -49.011678 170.026418 0.000000 0.000000 0.000000 -2.216723 -0.658078 0.903789 4.432400 6.143593 22.525630 -17.726390 49.568549 -46.094308 0.000000 0.000000 0.000000 -29.495230 0.114534 -5.979007 10.375507 3.698010 15.442228 -2.133650 21.167453 -1.542387 0.000000 0.000000 0.000000
2.898707 0.180469 0.000000 15.000000 -0.683141 -3.134220 0.487407 0.010409 0.066867 -15.121734 30.058113 2.548777 -5.145095 -0.675060 7.891013 -5.188405 0.027599 7.986685 0.000000 0.000000 0.000000 -10.370323 19.104247 -56.621502 154.898293 56.800448 166.235372 0.000000 0.000000 0.000000 0.000000 0.000000 0.000000 -28.970866 -27.152849 93.819195 -134.955763 -43.481048 161.301568 0.000000 0.000000 0.000000 -5.138849 -0.628644 -1.952187 11.782609 6.279741 27.479212 -33.384535 50.491351 -62.194517 0.000000 0.000000 0.000000 -34.658471 0.583909 -4.802404 18.196680 1.544713 13.529979 -3.818984 25.990159 -0.626504 0.000000 0.000000 0.000000
3.204397 0.187533 0.000000 15.000000 -0.434290 -1.344804 0.576689 0.008687 0.066144 -14.971120 36.650223 0.751675 -3.252536 -0.902284 8.325595 -3.356048 -0.428330 8.364582 0.000000 0.000000 0.000000 -9.782804 19.063880 -54.230343 164.026644 58.115481 170.876301 0.000000 0.000000 0.000000 0.000000 0.000000 0.000000 -30.887521 -27.303712 97.287966 -115.511786 -41.005670 153.131068 0.000000 0.000000 0.000000 -7.081426 -0.403898 -5.427626 16.177522 6.448797 32.629222 -41.076876 50.767944 -70.657264 0.000000 0.000000 0.000000 -33.494672 0.799073 -4.117132 19.152542 0.646835 9.936411 -4.103516 26.194753 -0.313948 0.000000 0.000000 0.000000
3.589735 0.191363 0.000000 15.000000 -0.203751 0.329653 0.588499 0.007894 0.063986 -14.811535 42.480787 -0.729841 -1.897307 -2.762132 8.914230 -2.300968 -2.438207 8.999068 0.000000 0.000000 0.000000 -11.460731 24.034744 -50.832539 152.579239 61.255795 162.571427 0.000000 0.000000 0.000000 0.000000 0.000000 0.000000 -32.761016 -27.167148 101.039742 -100.607684 -42.731916 143.325401 0.000000 0.000000 0.000000 -9.438207 -0.637932 -7.490444 18.761574 6.364741 36.062442 -43.178798 52.600340 -74.241954 0.000000 0.000000 0.000000 -32.570091 1.136202 -3.098733 20.555356 -0.444978 5.225141 -5.153091 27.675368 0.643941 0.000000 0.000000 0.000000
4.004470 0.192870 0.000000 15.000000 -0.019359 1.680789 0.664040 0.006227 0.062598 -14.590455 48.956854 -1.892512 -1.481306 -3.822937 9.443684 -2.082594 -3.530105 9.531772 0.000000 0.000000 0.000000 -17.878982 35.312585 -50.702520 102.955680 60.894134 119.458328 0.000000 0.000000 0.000000 0.000000 0.000000 0.000000 -34.002869 -26.214505 105.567375 -86.420423 -46.605351 130.430900 0.000000 0.000000 0.000000 -11.677662 -0.994563 -8.965824 21.898768 6.002198 39.208414 -50.599438 54.688233 -84.227024 0.000000 0.000000 0.000000 -33.062133 1.307289 -2.667938 22.493528 -1.348061 1.463577 -6.560779 28.661736 2.218534 0.000000 0.000000 0.000000
4.353174 0.193966 0.000000 15.000000 0.075736 2.391654 0.739452 0.004726 0.061798 -14.256464 56.095692 -2.582435 -1.176316 -4.346220 9.726926 -1.882775 -4.085936 9.809504 0.000000 0.000000 0.000000 -30.484837 47.506926 -60.146788 10.875403 50.129608 12.244002 0.000000 0.000000 0.000000 0.000000 0.000000 0.000000 -31.141124 -22.414843 108.250278 -73.369246 -44.933993 120.566770 0.000000 0.000000 0.000000 -12.446387 -1.129998 -9.503540 23.194834 5.817968 40.944031 -58.455563 53.378175 -93.023992 0.000000 0.000000 0.000000 -33.119795 0.878037 -3.847026 23.404266 -1.530939 0.848473 -7.296039 29.889833 2.840606 0.000000 0.000000 0.000000
4.870471 0.194751 0.000000 15.000000 0.075790 2.416493 0.830498 0.003236 0.062007 -13.790347 63.571942 -2.916996 0.006075 -2.807953 9.302300 -0.450904 -2.766390 9.293260 0.000000 0.000000 0.000000 -44.078955 55.072007 -75.199111 -86.095723 43.647421 -132.633957 0.000000 0.000000 0.000000 0.000000 0.000000 0.000000 -35.597256 -22.089285 112.490073 -60.098555 -41.458106 108.377425 0.000000 0.000000 0.000000 -13.037642 -1.282019 -9.569082 25.195280 5.398072 42.514047 -64.640472 53.667630 -100.956923 0.000000 0.000000 0.000000 -34.633354 0.462953 -5.130461 25.585215 -1.508445 1.985602 -7.125148 30.157320 2.533219 0.000000 0.000000 0.000000
5.593171 0.196011 0.000000 15.000000 0.080738 2.460734 0.859246 0.002745 0.061998 -13.479556 67.246677 -3.154482 0.352332 -1.884959 8.618565 0.067411 -1.915781 8.599392 0.000000 0.000000 0.000000 -34.738154 48.247371 -68.282929 -105.199414 41.301512 -145.167241 0.000000 0.000000 0.000000 0.000000 0.000000 0.000000 -45.335069 -22.592665 118.680208 -55.820172 -35.802453 101.513296 0.000000 0.000000 0.000000 -13.446251 -1.484002 -8.850050 26.282381 5.051348 42.158882 -66.539422 55.626138 -104.375816 0.000000 0.000000 0.000000 -35.400957 0.359667 -5.466037 25.183785 -1.415148 1.986378 -6.615803 29.354485 2.094500 0.000000 0.000000 0.000000
6.577142 0.197985 0.000000 15.000000 0.079358 2.436761 0.805820 0.003620 0.061876 -13.599618 65.870817 -3.004159 -0.320890 -0.997270 8.850883 -0.470411 -0.934646 8.865239 0.000000 0.000000 0.000000 -22.465397 39.975084 -57.313102 -144.599673 43.003807 -165.674416 0.000000 0.000000 0.000000 0.000000 0.000000 0.000000 -55.031558 -24.056186 124.733413 -51.040844 -30.589382 94.597646 0.000000 0.000000 0.000000 -13.855205 -1.612855 -8.674137 26.934913 4.823628 41.472471 -64.578105 57.669755 -102.854324 0.000000 0.000000 0.000000 -34.834074 0.315809 -5.576522 21.624866 -0.962856 2.106104 -5.363114 28.006012 0.818179 0.000000 0.000000 0.000000
7.717529 0.198895 0.000000 15.000000 0.008500 1.904794 0.767471 0.004516 0.062775 -13.946999 61.692198 -2.525090 -1.333433 -1.783709 9.087181 -1.594290 -1.555267 9.130835 0.000000 0.000000 0.000000 -20.826543 36.533350 -58.238382 -135.491303 43.054738 -145.510634 0.000000 0.000000 0.000000 0.000000 0.000000 0.000000 -64.660712 -26.432898 130.519909 -45.813687 -25.902275 87.541790 0.000000 0.000000 0.000000 -14.380364 -1.835805 -7.966604 28.305359 4.331137 39.991887 -59.826848 59.327785 -98.002714 0.000000 0.000000 0.000000 -34.267279 0.270860 -5.686566 18.065374 -0.518868 2.253664 -5.221500 26.700872 0.988744 0.000000 0.000000 0.000000
9.167259 0.204368 0.000000 15.000000 0.013363 1.917041 0.671333 0.006044 0.062387 -14.241148 56.213014 -2.279643 0.863335 -3.854576 10.605714 -1.076758 -4.106026 9.448203 0.000000 0.000000 0.000000 -20.520345 35.967091 -58.771551 -83.978620 37.403820 -67.475638 0.000000 0.000000 0.000000 0.000000 0.000000 0.000000 -74.225426 -29.649734 135.916705 -40.179797 -21.825771 80.294337 0.000000 0.000000 0.000000 -14.653690 -2.014665 -6.560499 27.415935 4.273915 36.075036 -32.602527 62.462329 -70.897037 0.000000 0.000000 0.000000 -33.700574 0.224824 -5.796161 14.504899 -0.084898 2.428500 -4.593220 25.541991 0.143445 0.000000 0.000000 0.000000
11.622444 0.206660 0.000000 14.997823 -0.028502 1.565979 0.367228 0.010782 0.060797 -14.666514 45.979599 -1.435462 9.069715 -10.263502 15.283157 1.358765 -12.321284 9.857178 0.000000 0.000000 0.000000 -18.681729 31.399277 -61.787885 18.464475 30.105644 38.432398 0.000000 0.000000 0.000000 0.000000 0.000000 0.000000 -83.770086 -33.613126 140.802903 -34.182747 -18.443085 72.834971 0.000000 0.000000 0.000000 -16.086214 -2.724378 -2.184330 23.923916 4.459544 27.904371 37.186609 69.500834 -4.424349 0.000000 0.000000 0.000000 -33.133959 0.177707 -5.905294 10.943064 0.337374 2.629952 -3.945024 29.712978 -3.033302 0.000000 0.000000 0.000000
14.154112 0.198712 0.000000 14.990244 -0.372270 -0.914742 0.172625 0.014224 0.061273 -14.984224 34.330318 0.804808 16.792015 -17.272149 18.615368 3.893209 -21.070472 9.518801 0.000000 0.000000 0.000000 -11.977750 16.915917 -65.552146 18.473405 45.997404 -14.639672 0.000000 0.000000 0.000000 0.000000 0.000000 0.000000 -93.394516 -38.213953 145.046043 -27.877618 -15.831555 65.172114 0.000000 0.000000 0.000000 -15.491487 -3.371995 4.551704 20.636784 3.960145 19.774714 93.243215 73.994224 47.400423 0.000000 0.000000 0.000000 -32.567436 0.129513 -6.013956 7.379528 0.746311 2.857264 -4.760598 34.569938 -4.348316 0.000000 0.000000 0.000000
15.400791 0.183491 0.000000 14.983914 -0.658874 -2.959975 0.226234 0.013896 0.063401 -15.291049 21.043755 2.818825 4.845722 -4.416918 10.772143 3.773177 -5.394570 10.353651 0.000000 0.000000 0.000000 -7.711321 14.381923 -54.287056 91.507533 66.888718 114.626209 0.000000 0.000000 0.000000 0.000000 0.000000 0.000000 -103.275074 -43.329729 148.475735 -21.335627 -14.056932 57.340849 0.000000 0.000000 0.000000 -7.872435 -2.366026 4.769828 11.680687 4.131866 16.526503 7.162141 54.254759 -25.957095 0.000000 0.000000 0.000000 -32.001007 0.080247 -6.122136 3.813993 1.140326 3.109587 -6.368130 16.144797 4.936953 0.000000 0.000000 0.000000
15.162033 0.176855 0.000000 15.000000 -0.844964 -4.306769 0.522829 0.010328 0.068775 -15.543560 6.787986 4.219938 1.812496 -3.242565 5.690617 1.464579 -3.416003 5.571044 0.000000 0.000000 0.000000 -16.670680 27.509550 -60.413404 96.901841 54.087105 128.515131 0.000000 0.000000 0.000000 0.000000 0.000000 0.000000 -113.703643 -48.821483 150.836604 -14.644276 -13.167315 49.398826 0.000000 0.000000 0.000000 -2.735980 -1.933377 6.510689 6.131555 3.835986 13.225285 4.472415 42.484246 -22.278979 0.000000 0.000000 0.000000 -31.434672 0.029915 -6.229823 0.246207 1.517882 3.385972 -7.556815 16.661149 6.332330 0.000000 0.000000 0.000000
14.855079 0.177812 0.000000 14.972662 -1.000471 -5.373577 0.405476 0.011776 0.066788 -15.723675 -4.268189 5.122865 0.714858 -2.749111 4.162204 0.474780 -2.821593 4.085202 0.000000 0.000000 0.000000 -25.037181 32.408133 -73.341801 105.237613 45.752962 121.847078 0.000000 0.000000 0.000000 0.000000 0.000000 0.000000 -125.219543 -54.796239 152.316681 -8.327799 -13.337611 40.888343 0.000000 0.000000 0.000000 -1.955700 -1.826028 6.483932 2.149200 4.744669 15.534150 3.607580 36.949467 -19.999753 0.000000 0.000000 0.000000 -31.032736 0.019117 -6.227381 -3.089577 1.811367 3.556048 -7.656746 14.053474 6.930219 0.000000 0.000000 0.000000
14.599120 0.181236 0.000000 14.851364 -1.286173 -7.264529 0.061202 0.015666 0.059641 -15.968565 -19.102280 6.535883 -1.960804 -1.475622 3.065693 -2.036446 -1.362499 3.138700 0.000000 0.000000 0.000000 -34.136520 35.293367 -87.803278 47.367025 26.605302 30.831430 0.000000 0.000000 0.000000 0.000000 0.000000 0.000000 -135.961642 -60.583566 153.676196 -3.922524 -13.873164 32.375865 0.000000 0.000000 0.000000 0.372392 -1.581653 6.737748 -5.111815 6.523388 19.781565 1.929622 34.929467 -20.208877 0.000000 0.000000 0.000000 -31.388053 0.194485 -5.729536 -5.271931 1.745383 3.085950 -6.175460 7.211068 6.205218 0.000000 0.000000 0.000000
14.187366 0.180950 0.000000 14.663318 -1.519978 -8.787164 -0.021885 0.016104 0.056147 -16.032784 -22.702203 7.693650 -3.868629 -2.480530 3.414909 -3.999599 -2.249998 3.593498 0.000000 0.000000 0.000000 -38.454541 35.367760 -95.084430 -102.508363 18.772633 -166.800590 0.000000 0.000000 0.000000 0.000000 0.000000 0.000000 -136.465858 -62.092598 153.427065 -2.633716 -11.477413 31.860600 0.000000 0.000000 0.000000 3.225912 -1.305739 7.133222 -9.518161 7.616639 21.415588 8.597008 36.506020 -16.237352 0.000000 0.000000 0.000000 -32.878068 0.631322 -4.560852 -5.422152 1.119098 1.604195 -7.159925 0.079256 8.416476 0.000000 0.000000 0.000000
13.624353 0.177962 0.000000 14.727652 -1.656764 -9.750601 -0.025005 0.016240 0.056443 -15.971033 -19.305080 8.901422 -3.946931 -2.710291 3.225542 -4.083857 -2.483616 3.425145 0.000000 0.000000 0.000000 -41.455029 37.155918 -96.736384 -55.778363 7.502276 -166.377930 0.000000 0.000000 0.000000 0.000000 0.000000 0.000000 -115.817703 -54.312952 144.243375 -1.723431 -3.717381 54.842563 0.000000 0.000000 0.000000 8.341527 -0.603860 7.047655 -15.349884 8.644837 22.121092 17.604234 36.418891 -9.786991 0.000000 0.000000 0.000000 -33.538571 0.833810 -4.045127 -5.659455 0.755142 0.718490 -6.841348 -7.155781 8.948020 0.000000 0.000000 0.000000
12.880725 0.174128 0.000000 14.868194 -1.671439 -9.934074 0.017220 0.016139 0.058666 -15.913978 -16.077485 9.366821 -2.748694 -2.471025 2.609279 -2.850908 -2.347396 2.723734 0.000000 0.000000 0.000000 -41.923807 37.854480 -96.198651 -40.351618 4.216472 -167.272467 0.000000 0.000000 0.000000 0.000000 0.000000 0.000000 -91.464204 -50.078798 130.012623 -7.875768 -3.364766 89.583398 0.000000 0.000000 0.000000 11.731698 -0.023863 6.650974 -18.887589 9.145192 22.155777 15.600781 34.941189 -10.625415 0.000000 0.000000 0.000000 -31.626801 0.545867 -4.751667 -7.742732 1.382786 1.676412 -6.372316 -9.938279 8.730806 0.000000 0.000000 0.000000
11.977458 0.168664 0.000000 14.997620 -1.546858 -9.212016 0.206429 0.014648 0.064913 -15.896853 -15.059382 8.785083 -2.497053 -4.075247 2.630430 -2.652410 -3.963927 2.816720 0.000000 0.000000 0.000000 -35.519254 34.858014 -90.621178 -90.789752 15.153559 -145.944775 0.000000 0.000000 0.000000 0.000000 0.000000 0.000000 -67.416898 -48.592540 110.321357 -40.853016 -10.870402 128.449038 0.000000 0.000000 0.000000 7.895333 -0.432734 6.281835 -12.990407 7.956644 21.068993 3.725853 35.624672 -19.631225 0.000000 0.000000 0.000000 -26.543569 0.127637 -5.831135 -11.027153 2.152716 2.521344 -9.239429 -5.325452 11.626827 0.000000 0.000000 0.000000
10.667735 0.162380 0.000000 15.000000 -1.395474 -8.285671 0.537485 0.011423 0.073661 -15.857300 -12.627152 7.998057 -3.295300 -6.198730 2.342712 -3.478752 -6.074443 2.707598 0.000000 0.000000 0.000000 -27.960592 31.949826 -80.624355 -22.762383 29.407155 -29.145004 0.000000 0.000000 0.000000 0.000000 0.000000 0.000000 -46.459771 -45.173327 90.992062 -111.589296 -25.323920 164.255117 0.000000 0.000000 0.000000 1.632188 -1.223435 5.963595 -3.640361 6.266056 19.487049 -12.399993 35.387008 -31.975792 0.000000 0.000000 0.000000 -19.109019 -0.373141 -7.377238 -14.291348 3.509279 4.456033 -14.609061 -0.337970 17.442440 0.000000 0.000000 0.000000
8.926058 0.158845 0.000000 15.000000 -1.260590 -7.343122 0.623672 0.010232 0.074696 -15.719608 -4.233332 7.288220 -4.107475 -7.985725 2.354374 -4.317982 -7.835065 2.911686 0.000000 0.000000 0.000000 -18.442239 25.627126 -70.920317 138.473612 41.751528 163.649338 0.000000 0.000000 0.000000 0.000000 0.000000 0.000000 -32.959131 -36.624852 83.467277 -137.802135 -37.856784 147.340071 0.000000 0.000000 0.000000 -1.705844 -1.554042 5.406627 -0.937285 5.568214 18.121256 -18.210979 35.634270 -37.110623 0.000000 0.000000 0.000000 -13.839589 -0.486013 -7.990396 -14.535616 4.436869 6.200232 -13.966986 1.770555 16.433998 0.000000 0.000000 0.000000
6.754515 0.158690 0.000000 15.000000 -1.123047 -6.359740 0.661354 0.009492 0.074353 -15.600714 3.198014 6.326142 -3.785052 -8.694794 3.188772 -4.130032 -8.505132 3.743363 0.000000 0.000000 0.000000 -16.202566 24.666517 -65.938492 116.345443 41.072202 153.051475 0.000000 0.000000 0.000000 0.000000 0.000000 0.000000 -29.408303 -34.747220 79.929672 -21.807287 -43.890261 25.016155 0.000000 0.000000 0.000000 -4.617463 -1.921912 5.215565 0.530619 5.102609 16.910591 -17.815339 35.515773 -36.683680 0.000000 0.000000 0.000000 -14.155814 -0.571440 -8.532940 -10.189110 5.436387 9.523855 -10.326129 4.689389 11.625392 0.000000 0.000000 0.000000
4.686784 0.159615 0.000000 15.000000 -1.043099 -5.749424 0.545310 0.010585 0.071108 -15.489670 10.028840 5.628478 -3.058112 -8.046366 5.247632 -3.633632 -7.780938 5.672218 0.000000 0.000000 0.000000 -13.696202 22.930351 -61.140313 103.407759 48.879195 139.926210 0.000000 0.000000 0.000000 0.000000 0.000000 0.000000 -27.096281 -32.310367 79.525788 147.081027 -48.469645 -149.797907 0.000000 0.000000 0.000000 -6.077209 -2.152473 5.322439 4.235148 4.530532 15.794792 -16.641216 34.028429 -34.635065 0.000000 0.000000 0.000000 -19.399019 -0.278245 -7.105859 -1.808468 4.401619 10.549298 -6.159421 9.845742 5.740080 0.000000 0.000000 0.000000
3.187167 0.162982 0.000000 15.000000 -0.948124 -5.026341 0.374536 0.012350 0.066925 -15.361978 17.632628 4.782367 -1.836699 -4.810935 7.013653 -2.376614 -4.558773 7.149149 0.000000 0.000000 0.000000 -11.691461 21.476388 -56.494941 93.872921 53.462329 129.712982 0.000000 0.000000 0.000000 0.000000 0.000000 0.000000 -26.995430 -31.185220 81.427704 26.021780 -49.591242 -26.308169 0.000000 0.000000 0.000000 -6.645134 -2.082008 4.510417 7.527315 4.457776 16.289788 -17.201458 33.383003 -34.689956 0.000000 0.000000 0.000000 -25.244086 0.197793 -5.427628 7.511076 2.738416 10.436129 -4.431086 16.271432 2.461123 0.000000 0.000000 0.000000
2.361042 0.167700 0.000000 15.000000 -0.764331 -3.697304 0.313647 0.012747 0.064601 -15.272792 22.593127 3.405642 -1.517609 -1.878767 7.681264 -1.743232 -1.667154 7.735738 0.000000 0.000000 0.000000 -9.341307 18.376381 -53.301874 104.759458 60.271286 131.716890 0.000000 0.000000 0.000000 0.000000 0.000000 0.000000 -26.930514 -29.843172 83.883846 -168.411373 -48.499366 174.817240 0.000000 0.000000 0.000000 -5.967238 -1.503470 2.274568 7.585652 4.907589 18.042793 -18.014053 32.290410 -34.640020 0.000000 0.000000 0.000000 -28.989755 0.456750 -4.769637 14.678092 1.221680 9.454195 -4.309980 19.860344 1.546822 0.000000 0.000000 0.000000
1.964676 0.172578 0.000000 15.000000 -0.489542 -1.741916 0.412181 0.011052 0.064548 -15.193867 26.691956 1.478467 -0.827965 -0.783066 8.705872 -0.934023 -0.652135 8.720827 0.000000 0.000000 0.000000 -7.545442 15.836356 -50.760097 123.621362 65.844266 140.939390 0.000000 0.000000 0.000000 0.000000 0.000000 0.000000 -26.843039 -28.747960 85.972978 -157.519470 -48.318847 169.613441 0.000000 0.000000 0.000000 -2.090630 0.087998 -1.808575 4.430461 6.117039 21.682914 -20.837031 29.271773 -34.985160 0.000000 0.000000 0.000000 -27.066776 0.134301 -5.703563 14.414420 1.072619 8.665810 -3.818651 21.050015 0.652644 0.000000 0.000000 0.000000
1.812463 0.176393 0.000000 15.000000 -0.200300 0.342213 0.476307 0.009543 0.063037 -15.117879 30.398461 -0.459893 -0.370642 0.038115 9.332623 -0.357778 0.100396 9.334238 0.000000 0.000000 0.000000 -7.326446 15.033855 -51.763644 145.772056 66.285184 157.209512 0.000000 0.000000 0.000000 0.000000 0.000000 0.000000 -25.638257 -26.222237 88.834299 -146.738513 -51.920742 163.087978 0.000000 0.000000 0.000000 1.123462 1.760475 -6.034465 1.875110 7.439623 25.548308 -24.052447 26.336524 -35.742229 0.000000 0.000000 0.000000 -25.224839 -0.272734 -7.004288 14.884991 0.620880 7.114510 -4.579068 21.202415 1.589894 0.000000 0.000000 0.000000
1.852011 0.182467 0.000000 15.000000 0.078043 2.367607 0.578402 0.007322 0.061280 -15.052800 33.362076 -2.258859 -0.641623 0.544122 10.127255 -0.548084 0.661250 10.129368 0.000000 0.000000 0.000000 -7.289607 14.942269 -51.814340 136.988506 66.334720 151.121661 0.000000 0.000000 0.000000 0.000000 0.000000 0.000000 -24.923266 -23.142453 94.495248 -130.709770 -54.261017 153.427834 0.000000 0.000000 0.000000 -0.073024 2.305045 -9.422545 3.253160 8.346103 29.445993 -27.285920 27.882323 -39.896706 0.000000 0.000000 0.000000 -24.701970 -0.481952 -7.743111 14.464402 0.196232 5.098090 -6.619691 22.354207 3.934714 0.000000 0.000000 0.000000
2.169928 0.191205 0.000000 15.000000 0.368590 4.490911 0.627588 0.005670 0.058302 -14.996430 35.707548 -4.010341 -1.141365 -0.972698 11.255850 -1.310233 -0.731953 11.267097 0.000000 0.000000 0.000000 -7.241723 15.685465 -49.835986 136.989140 66.125629 151.368538 0.000000 0.000000 0.000000 0.000000 0.000000 0.000000 -25.003758 -21.074234 99.968652 -116.590450 -52.748933 146.014243 0.000000 0.000000 0.000000 -1.326633 2.754768 -12.712689 3.104517 9.473224 33.451065 -30.142668 32.033940 -45.811005 0.000000 0.000000 0.000000 -25.469864 -0.738802 -8.620563 15.443683 -0.318972 3.345820 -8.000279 24.548983 5.203703 0.000000 0.000000 0.000000
2.733657 0.200993 0.000000 15.000000 0.639300 6.479537 0.694046 0.003717 0.055291 -14.913454 39.090409 -5.585188 -0.474468 -2.292479 11.473633 -0.923620 -2.153701 11.481375 0.000000 0.000000 0.000000 -7.573846 19.049623 -44.226803 127.214730 62.680229 146.819387 0.000000 0.000000 0.000000 0.000000 0.000000 0.000000 -26.647483 -20.796470 104.383848 -105.090987 -47.275544 143.158929 0.000000 0.000000 0.000000 -2.421125 2.933740 -14.930380 5.277048 9.695873 36.208413 -33.434181 36.400817 -52.488634 0.000000 0.000000 0.000000 -27.839602 -1.084782 -9.650748 17.640169 -0.916387 1.409025 -8.118492 25.824892 5.039273 0.000000 0.000000 0.000000
3.711614 0.208792 0.000000 15.000000 0.787730 7.529130 0.643871 0.004216 0.054010 -14.865046 40.710407 -6.294400 -0.164065 -2.589723 12.010966 -0.695454 -2.498828 12.005623 0.000000 0.000000 0.000000 -8.549454 24.609716 -36.718052 103.236694 52.946557 137.494987 0.000000 0.000000 0.000000 0.000000 0.000000 0.000000 -28.710375 -21.586721 106.603324 -94.927836 -39.364436 143.983998 0.000000 0.000000 0.000000 -5.235005 2.104338 -15.424239 10.313085 8.788938 37.881809 -38.347903 40.938733 -61.068639 0.000000 0.000000 0.000000 -32.773250 -1.293703 -10.002091 22.011675 -1.607364 -0.342867 -8.206605 27.225120 4.786036 0.000000 0.000000 0.000000
4.983926 0.217195 0.000000 15.000000 0.815638 7.686427 0.572249 0.005555 0.054463 -14.675012 46.285709 -6.034036 -0.110691 -1.233051 12.395924 -0.366495 -1.180622 12.411989 0.000000 0.000000 0.000000 -11.976239 28.530977 -41.154324 90.596413 36.162492 123.564720 0.000000 0.000000 0.000000 0.000000 0.000000 0.000000 -29.964848 -21.991224 107.970504 -74.959087 -32.073957 138.194685 0.000000 0.000000 0.000000 -10.969807 0.097702 -14.920345 16.378666 7.547263 39.571393 -41.614976 48.428453 -69.795901 0.000000 0.000000 0.000000 -34.441987 -1.426386 -10.238694 21.960715 -1.571234 -0.209980 -7.889562 25.745141 4.710426 0.000000 0.000000 0.000000
6.117592 0.226396 0.000000 15.000000 0.839201 7.748198 0.385649 0.009114 0.055901 -14.347033 54.512557 -5.504231 1.438514 1.656100 12.355656 1.743321 1.335319 12.443459 0.000000 0.000000 0.000000 -19.013568 34.524893 -56.577384 63.419118 4.796702 59.362008 0.000000 0.000000 0.000000 0.000000 0.000000 0.000000 -33.438458 -23.940397 109.887886 -63.829271 -33.002211 129.362893 0.000000 0.000000 0.000000 -16.727423 -1.877415 -13.954040 19.131766 6.723615 38.942532 -35.831666 55.768374 -68.010747 0.000000 0.000000 0.000000 -34.850553 -2.105369 -11.961473 20.607708 -0.862155 3.358405 -6.225216 20.983530 3.728189 0.000000 0.000000 0.000000
7.003492 0.232773 0.000000 15.000000 0.709718 6.792437 0.328602 0.010462 0.057278 -14.195697 57.461943 -4.678307 4.028408 3.773125 11.615766 4.656401 2.918614 11.924212 0.000000 0.000000 0.000000 -14.465318 24.296620 -56.738939 51.817249 2.808997 -11.528900 0.000000 0.000000 0.000000 0.000000 0.000000 0.000000 -34.754876 -25.471732 109.128021 -62.787665 -31.557711 130.931567 0.000000 0.000000 0.000000 -17.102322 -2.252606 -11.291363 19.918464 6.095680 35.810215 -33.373203 59.246633 -67.578690 0.000000 0.000000 0.000000 -38.676479 -2.589862 -12.760101 21.249262 -0.327329 6.578821 -4.551157 22.572484 1.183362 0.000000 0.000000 0.000000
8.185445 0.227933 0.000000 15.000000 0.601587 6.048450 0.384747 0.009619 0.057678 -14.571356 48.968968 -4.565232 4.406282 5.862354 11.364287 5.397166 4.933588 11.839810 0.000000 0.000000 0.000000 -4.839194 11.281900 -42.138748 105.388006 25.841354 164.081511 0.000000 0.000000 0.000000 0.000000 0.000000 0.000000 -36.111335 -26.986550 108.318846 -61.807832 -30.090045 132.446020 0.000000 0.000000 0.000000 -15.401970 -2.039915 -9.067737 19.103068 5.462835 29.803963 -25.468100 59.967955 -59.664380 0.000000 0.000000 0.000000 -41.484660 -2.631388 -12.505607 19.903523 -0.362006 5.571904 -4.142752 24.336653 0.218880 0.000000 0.000000 0.000000
9.672680 0.212265 0.000000 15.000000 0.391466 4.583490 0.495455 0.008133 0.059111 -14.938466 37.487062 -3.877306 1.498739 3.809275 11.957039 2.200369 3.443181 12.192862 0.000000 0.000000 0.000000 -1.778035 5.878976 -33.719877 122.689196 55.593523 147.748387 0.000000 0.000000 0.000000 0.000000 0.000000 0.000000 -37.510883 -28.483474 107.457829 -60.886641 -28.601010 133.909846 0.000000 0.000000 0.000000 -10.843965 -1.469000 -4.945656 17.066276 4.349611 20.270599 -20.599645 54.971339 -51.932821 0.000000 0.000000 0.000000 -41.871108 -2.452593 -12.062282 17.656986 -0.494138 3.606533 -3.993501 20.257490 1.037609 0.000000 0.000000 0.000000
11.125442 0.196777 0.000000 15.000000 0.075938 2.375743 0.693594 0.005521 0.061858 -15.185084 26.987878 -2.312144 -1.309100 -2.130752 11.696563 -1.674897 -1.838138 11.753708 0.000000 0.000000 0.000000 -4.651745 12.926264 -36.551650 116.556007 59.558720 141.010584 0.000000 0.000000 0.000000 0.000000 0.000000 0.000000 -38.956718 -29.961016 106.542263 -60.021131 -27.092264 135.326493 0.000000 0.000000 0.000000 -3.167608 -0.335892 -1.469694 12.370805 3.540342 13.585918 -8.786725 49.686533 -37.814776 0.000000 0.000000 0.000000 -42.359611 -2.274261 -11.609893 15.031587 -0.207674 3.692403 -2.875794 15.595432 0.682477 0.000000 0.000000 0.000000
12.308960 0.190448 0.000000 15.000000 -0.139659 0.824361 0.780119 0.004797 0.064589 -15.340579 18.743998 -0.908305 -2.013763 -4.547932 10.174472 -2.759866 -4.127223 10.310751 0.000000 0.000000 0.000000 -9.291736 18.762492 -50.194119 100.378698 54.687855 133.939009 0.000000 0.000000 0.000000 0.000000 0.000000 0.000000 -42.130374 -32.007501 106.685388 -56.234421 -24.689355 135.089971 0.000000 0.000000 0.000000 0.124415 -0.167075 0.801706 6.746142 3.082134 10.342021 5.506505 48.506770 -24.614260 0.000000 0.000000 0.000000 -41.318022 -2.128159 -11.341685 12.947019 -0.086369 3.380007 -3.383241 14.189084 1.597448 0.000000 0.000000 0.000000
13.236260 0.189915 0.000000 15.000000 -0.367695 -0.849436 0.754391 0.005946 0.067193 -15.510077 8.654097 0.783078 -3.105152 -5.426152 9.201950 -3.878254 -4.901715 9.490720 0.000000 0.000000 0.000000 -15.298578 24.152602 -63.425336 97.783398 45.428838 139.754578 0.000000 0.000000 0.000000 0.000000 0.000000 0.000000 -51.729450 -36.566053 110.626276 -43.809745 -20.144509 129.564551 0.000000 0.000000 0.000000 -0.325434 -0.579326 2.135656 5.935061 3.151565 10.596035 8.986883 47.705563 -21.368694 0.000000 0.000000 0.000000 -38.161793 -1.535097 -10.088178 8.176280 0.015767 2.213504 -3.912060 12.807447 2.495196 0.000000 0.000000 0.000000
13.960176 0.188656 0.000000 15.000000 -0.650945 -2.930238 0.732384 0.007241 0.070567 -15.719891 -4.258588 2.914659 -6.531822 -6.038961 8.060691 -7.137410 -5.200375 8.825300 0.000000 0.000000 0.000000 -20.520007 26.969846 -73.717789 115.840287 46.629802 149.688696 0.000000 0.000000 0.000000 0.000000 0.000000 0.000000 -68.067105 -44.241378 117.996564 -28.222489 -16.216674 120.268326 0.000000 0.000000 0.000000 0.593911 -0.666578 3.135785 6.029040 3.523858 12.110190 5.509805 47.554591 -24.076315 0.000000 0.000000 0.000000 -33.358801 -0.541438 -7.818230 -0.433494 0.318063 0.772968 -2.636116 7.535371 1.912662 0.000000 0.000000 0.000000
14.729153 0.184480 0.000000 15.000000 -0.864230 -4.493279 0.781423 0.007270 0.073737 -15.784989 -8.326951 4.448854 -9.397658 -7.656987 5.500552 -9.855608 -6.862287 6.775495 0.000000 0.000000 0.000000 -24.662051 30.337717 -77.746894 116.796090 39.368676 155.210524 0.000000 0.000000 0.000000 0.000000 0.000000 0.000000 -72.357184 -47.867442 117.437803 -40.272488 -21.835363 124.036707 0.000000 0.000000 0.000000 1.515553 -0.639779 3.639093 5.862920 3.788038 13.163585 4.338006 47.318066 -24.890202 0.000000 0.000000 0.000000 -32.077509 -0.142199 -6.709948 -2.042874 0.167035 0.033873 -2.670400 7.886172 1.891085 0.000000 0.000000 0.000000
15.571570 0.176473 0.000000 15.000000 -0.954524 -5.139264 0.695191 0.008607 0.073235 -15.794178 -8.889818 5.068108 -10.570573 -6.759371 4.115502 -10.813158 -6.117805 5.401898 0.000000 0.000000 0.000000 -25.494281 30.849174 -78.707939 117.728364 45.997120 150.480063 0.000000 0.000000 0.000000 0.000000 0.000000 0.000000 -68.066653 -45.998553 115.418718 -47.502129 -22.554999 129.131340 0.000000 0.000000 0.000000 1.609139 -0.509220 3.180807 5.883458 3.840469 13.368837 3.220870 43.039577 -23.548016 0.000000 0.000000 0.000000 -31.545356 -0.207674 -6.888344 -1.456949 0.379515 0.686417 -3.091818 10.581286 1.928603 0.000000 0.000000 0.000000
16.262828 0.166047 0.000000 15.000000 -0.943157 -5.044712 0.642140 0.009193 0.072059 -15.805048 -9.556637 4.955596 -10.660875 -6.574039 3.655112 -10.850558 -6.008733 4.911478 0.000000 0.000000 0.000000 -23.765392 28.206778 -79.765945 104.417934 67.278915 121.564175 0.000000 0.000000 0.000000 0.000000 0.000000 0.000000 -56.604868 -42.908878 107.423393 -71.902185 -27.409397 142.655497 0.000000 0.000000 0.000000 0.272252 -0.528757 2.368106 7.033066 3.750272 13.126849 0.530768 39.839814 -23.970580 0.000000 0.000000 0.000000 -30.415340 -0.217121 -6.885453 -0.253314 0.405124 1.010076 -4.424106 13.323915 3.050807 0.000000 0.000000 0.000000
16.595503 0.157265 0.000000 15.000000 -0.951794 -5.102270 0.621239 0.009450 0.071703 -15.766972 -7.205435 5.051615 -9.580352 -7.408488 3.755285 -9.808739 -6.882888 5.008673 0.000000 0.000000 0.000000 -18.118712 22.237960 -77.487855 54.054884 78.500342 60.538705 0.000000 0.000000 0.000000 0.000000 0.000000 0.000000 -44.376222 -36.658710 100.468312 -100.596677 -35.205661 152.008039 0.000000 0.000000 0.000000 -2.146087 -0.912300 2.230080 9.027467 3.541073 12.515385 -2.038569 38.686432 -25.362137 0.000000 0.000000 0.000000 -28.856101 -0.048881 -6.336971 0.607984 0.480765 1.408942 -4.547681 12.308005 3.380281 0.000000 0.000000 0.000000
16.615259 0.152902 0.000000 14.990673 -0.966865 -5.165283 0.431190 0.011640 0.067884 -15.711958 -3.770357 5.148272 -8.861940 -8.378551 4.262460 -9.177028 -7.815108 5.571930 0.000000 0.000000 0.000000 -12.849805 17.410901 -71.809179 -6.332505 78.676200 -8.462909 0.000000 0.000000 0.000000 0.000000 0.000000 0.000000 -29.195841 -29.375484 89.073530 -138.244360 -49.138179 160.540432 0.000000 0.000000 0.000000 -2.785610 -0.977980 2.029261 7.376063 3.613827 12.618229 -0.667485 38.960922 -24.426750 0.000000 0.000000 0.000000 -28.361280 0.058910 -5.976084 1.015723 0.883146 2.596253 -4.584869 8.575630 4.090841 0.000000 0.000000 0.000000
16.508923 0.154126 0.000000 14.922717 -1.003060 -5.339064 0.102414 0.015349 0.061018 -15.624020 1.730495 5.359428 -8.897177 -8.046079 5.613266 -9.373392 -7.261324 6.886911 0.000000 0.000000 0.000000 -9.332053 14.357159 -66.277576 -9.141272 79.035415 -12.386475 0.000000 0.000000 0.000000 0.000000 0.000000 0.000000 -22.176674 -24.374735 84.409827 -153.690477 -54.270482 166.214397 0.000000 0.000000 0.000000 -3.094251 -0.964800 1.709167 5.809754 3.838074 13.340952 0.123988 39.782996 -24.254092 0.000000 0.000000 0.000000 -28.281592 0.165308 -5.630092 1.416380 1.695809 4.914268 -4.198182 5.968737 4.055230 0.000000 0.000000 0.000000
16.363516 0.157803 0.000000 14.762327 -0.972977 -5.074062 -0.006298 0.016237 0.057570 -15.500831 9.357045 5.126810 -8.643409 -7.385109 6.415995 -9.200229 -6.481014 7.555725 0.000000 0.000000 0.000000 -11.334012 18.450433 -62.997108 44.130082 78.138145 52.816198 0.000000 0.000000 0.000000 0.000000 0.000000 0.000000 -21.184902 -23.777290 83.232038 -146.264072 -56.155510 161.574455 0.000000 0.000000 0.000000 -3.778383 -0.847207 0.538960 5.136542 4.207937 14.753567 0.161817 42.186941 -25.563273 0.000000 0.000000 0.000000 -28.301615 0.136969 -5.742295 2.505451 2.358788 7.083580 -3.232856 5.090848 3.029740 0.000000 0.000000 0.000000
16.218938 0.162060 0.000000 14.694185 -0.883953 -4.443774 -0.001783 0.016040 0.057141 -15.387761 16.192912 4.464227 -7.779209 -7.727763 6.818150 -8.400818 -6.870975 7.879161 0.000000 0.000000 0.000000 -12.849563 21.476312 -61.380310 100.925566 64.080842 117.592571 0.000000 0.000000 0.000000 0.000000 0.000000 0.000000 -21.838468 -24.693018 82.779362 -148.341737 -57.293888 162.325627 0.000000 0.000000 0.000000 -5.049195 -0.719180 -1.331234 6.498646 4.627154 16.820050 -1.899600 45.344162 -29.075577 0.000000 0.000000 0.000000 -30.342865 0.320091 -5.350628 6.186798 1.809040 6.798515 -3.160247 8.068103 2.434934 0.000000 0.000000 0.000000
16.139166 0.163613 0.000000 14.937328 -0.745495 -3.523681 0.021299 0.016279 0.059397 -15.338328 19.017988 3.459849 -5.369497 -7.553651 8.549661 -6.147534 -6.828716 9.316380 0.000000 0.000000 0.000000 -12.236138 20.925523 -60.174888 155.436732 56.044743 166.692860 0.000000 0.000000 0.000000 0.000000 0.000000 0.000000 -23.210341 -26.328837 82.507674 -160.531099 -56.345933 169.522732 0.000000 0.000000 0.000000 -6.883563 -0.792517 -2.956507 9.335365 4.931969 19.076347 -8.562426 48.205705 -36.425617 0.000000 0.000000 0.000000 -34.915415 0.717791 -4.472617 13.316348 0.239794 4.698370 -4.185189 14.269604 2.557248 0.000000 0.000000 0.000000
