HIERARCHY
ROOT mixamorig:Hips
{
  OFFSET 0.000000 0.000000 0.000000
  CHANNELS 6 Xposition Yposition Zposition Xrotation Yrotation Zrotation
  JOINT mixamorig:Spine
  {
    OFFSET 1.732926 25.370933 -4.249398
    CHANNELS 3 Xrotation Yrotation Zrotation
    JOINT mixamorig:Spine2
    {
      OFFSET 1.732926 25.370933 -4.249398
      CHANNELS 3 Xrotation Yrotation Zrotation
      JOINT mixamorig:Neck
      {
        OFFSET 0.000000 4.323645 0.000000
        CHANNELS 3 Xrotation Yrotation Zrotation
        JOINT mixamorig:Head
        {
          OFFSET 0.000000 4.969105 0.000000
          CHANNELS 3 Xrotation Yrotation Zrotation
          End Site
          {
            OFFSET 0.000000 1.490731 0.000000
          }
        }
      }
      JOINT mixamorig:LeftShoulder
      {
        OFFSET 15.875986 2.816427 -1.102538
        CHANNELS 3 Xrotation Yrotation Zrotation
        JOINT mixamorig:LeftArm
        {
          OFFSET 10.000000 -2.000000 0.000000
          CHANNELS 3 Xrotation Yrotation Zrotation
          JOINT mixamorig:LeftForeArm
          {
            OFFSET 23.483627 0.000000 0.000000
            CHANNELS 3 Xrotation Yrotation Zrotation
            JOINT mixamorig:LeftHand
            {
              OFFSET 28.348658 0.000000 0.000000
              CHANNELS 3 Xrotation Yrotation Zrotation
              End Site
              {
                OFFSET 8.504597 0.000000 0.000000
              }
            }
          }
        }
      }
      JOINT mixamorig:RightShoulder
      {
        OFFSET -15.875986 2.816427 1.102538
        CHANNELS 3 Xrotation Yrotation Zrotation
        JOINT mixamorig:RightArm
        {
          OFFSET -10.000000 -2.000000 0.000000
          CHANNELS 3 Xrotation Yrotation Zrotation
          JOINT mixamorig:RightForeArm
          {
            OFFSET -23.483627 0.000000 0.000000
            CHANNELS 3 Xrotation Yrotation Zrotation
            JOINT mixamorig:RightHand
            {
              OFFSET -28.348658 0.000000 0.000000
              CHANNELS 3 Xrotation Yrotation Zrotation
              End Site
              {
                OFFSET -8.504597 0.000000 0.000000
              }
            }
          }
        }
      }
    }
  }
  JOINT mixamorig:LeftUpLeg
  {
    OFFSET 9.009130 0.240009 2.918148
    CHANNELS 3 Xrotation Yrotation Zrotation
    JOINT mixamorig:LeftLeg
    {
      OFFSET 0.809956 -37.788772 -1.789155
      CHANNELS 3 Xrotation Yrotation Zrotation
      JOINT mixamorig:LeftFoot
      {
        OFFSET -0.901959 -37.488174 20.026946
        CHANNELS 3 Xrotation Yrotation Zrotation
        JOINT mixamorig:LeftToeBase
        {
          OFFSET 4.525492 -4.437166 -6.277901
          CHANNELS 3 Xrotation Yrotation Zrotation
          End Site
          {
            OFFSET 1.357648 -1.331150 -1.883370
          }
        }
      }
    }
  }
  JOINT mixamorig:RightUpLeg
  {
    OFFSET -9.009130 -0.240009 -2.918148
    CHANNELS 3 Xrotation Yrotation Zrotation
    JOINT mixamorig:RightLeg
    {
      OFFSET 3.877963 -37.466685 3.613488
      CHANNELS 3 Xrotation Yrotation Zrotation
      JOINT mixamorig:RightFoot
      {
        OFFSET -3.942954 -38.810233 16.895983
        CHANNELS 3 Xrotation Yrotation Zrotation
        JOINT mixamorig:RightToeBase
        {
          OFFSET -3.665792 -0.881179 -8.084928
          CHANNELS 3 Xrotation Yrotation Zrotation
          End Site
          {
            OFFSET -1.099738 -0.264354 -2.425478
          }
        }
      }
    }
  }
}
MOTION
Frames: 192
Frame Time: 0.041667
0.040865 0.272236 0.000000 8.728084 -0.592999 -0.035869 0.001004 0.014709 0.088230 -9.028446 7.072501 0.055451 5.234776 -1.068782 7.970860 5.032921 -1.787250 7.904350 0.000000 0.000000 0.000000 -0.920238 23.041683 -3.036759 73.900048 52.562250 115.523546 0.000000 0.000000 0.000000 0.000000 0.000000 0.000000 -5.949296 -37.969623 11.976335 51.473638 -37.593677 -114.083732 0.000000 0.000000 0.000000 -8.831273 -0.194071 -0.144810 0.413955 0.404262 0.786259 -0.165122 0.465846 -0.448129 0.000000 0.000000 0.000000 -8.399726 -0.835068 0.245260 0.221974 0.288488 0.722568 -1.268031 1.447702 0.402920 0.000000 0.000000 0.000000
0.079981 0.273074 0.000000 8.759386 -0.595128 -0.036273 0.001013 0.014830 0.088953 -9.047514 6.792388 0.047690 5.242112 -0.895178 7.927197 5.065850 -1.612221 7.876523 0.000000 0.000000 0.000000 -0.981549 23.161876 -1.873202 70.162055 52.399429 112.607136 0.000000 0.000000 0.000000 0.000000 0.000000 0.000000 -6.865870 -38.516409 13.157408 48.540006 -37.996061 -110.508006 0.000000 0.000000 0.000000 -8.841564 -0.194521 -0.137067 0.360271 0.406505 0.788142 -0.194368 0.527658 -0.513478 0.000000 0.000000 0.000000 -8.444032 -0.838191 0.254561 0.186317 0.275903 0.685541 -1.110867 1.501897 0.325179 0.000000 0.000000 0.000000
0.153567 0.274981 0.000000 9.369184 -0.633317 -0.004544 0.001163 0.016990 0.101915 -8.826841 10.011158 -0.092628 4.966294 -1.095233 7.739642 4.767314 -1.757095 7.668823 0.000000 0.000000 0.000000 1.260469 13.594867 15.643719 31.826687 16.000167 119.213967 0.000000 0.000000 0.000000 0.000000 0.000000 0.000000 1.401630 -20.488476 -11.285284 16.235801 -6.268496 -123.508264 0.000000 0.000000 0.000000 -9.567729 -0.229133 -0.634813 0.876923 0.880396 1.717684 -0.792357 0.683764 -1.062271 0.000000 0.000000 0.000000 -8.712390 -0.905626 0.027651 0.779681 0.482215 1.312602 -3.073189 2.177293 1.109717 0.000000 0.000000 0.000000
0.212106 0.276531 0.000000 10.190556 -0.680041 0.107245 0.001392 0.020070 0.120397 -8.817022 10.151793 -0.341771 4.980085 -0.462012 7.467315 4.877315 -1.106516 7.453792 0.000000 0.000000 0.000000 2.511761 7.576729 37.960783 -12.815946 -11.443488 102.663415 0.000000 0.000000 0.000000 0.000000 0.000000 0.000000 2.243842 -10.414178 -26.839980 -16.153941 11.805212 -107.491291 0.000000 0.000000 0.000000 -10.334396 -0.271772 -1.141843 0.761336 1.350485 2.598676 -1.596801 1.199693 -2.021961 0.000000 0.000000 0.000000 -9.029343 -0.966899 -0.131729 0.334410 0.601573 1.470200 -3.083424 3.169691 0.985465 0.000000 0.000000 0.000000
0.248349 0.276343 0.000000 10.788125 -0.704247 0.326652 0.001600 0.022434 0.134597 -8.872909 9.347010 -0.631758 5.250423 -0.543976 7.613151 5.131501 -1.235842 7.593783 0.000000 0.000000 0.000000 3.319217 6.534133 52.602815 -18.086989 -18.663387 86.443590 0.000000 0.000000 0.000000 0.000000 0.000000 0.000000 3.171711 -8.139107 -40.889907 -11.015422 9.854340 -90.731343 0.000000 0.000000 0.000000 -10.895140 -0.315094 -1.707163 0.412462 1.744360 3.309095 -2.098244 1.714615 -2.759333 0.000000 0.000000 0.000000 -8.697514 -0.969870 -0.356757 -1.300668 0.771814 1.418852 -2.065334 3.793617 0.462530 0.000000 0.000000 0.000000
0.293045 0.275313 0.000000 10.586660 -0.680577 0.452883 0.001565 0.021704 0.130220 -8.789938 10.521655 -0.749128 5.221237 -0.605969 7.925809 5.083446 -1.320691 7.901194 0.000000 0.000000 0.000000 4.515889 7.611125 61.281400 -10.368278 -12.728733 76.007684 0.000000 0.000000 0.000000 0.000000 0.000000 0.000000 6.666857 -13.626288 -48.435670 1.582596 -3.785870 -78.765310 0.000000 0.000000 0.000000 -11.058019 -0.334760 -1.993531 0.790110 1.881714 3.608740 -2.077897 2.811770 -3.520376 0.000000 0.000000 0.000000 -7.890525 -0.948879 -0.757879 -2.328458 0.976501 1.602254 -1.913155 3.700787 0.411425 0.000000 0.000000 0.000000
0.341750 0.275948 0.000000 9.463978 -0.599146 0.475247 0.001185 0.017542 0.105219 -8.540514 14.034333 -0.635511 5.142093 -1.294390 8.493642 4.885527 -2.043888 8.404784 0.000000 0.000000 0.000000 4.060725 6.294657 66.366708 -5.098558 -7.643252 67.910177 0.000000 0.000000 0.000000 0.000000 0.000000 0.000000 14.075709 -24.950878 -57.038022 13.295811 -21.405143 -64.662784 0.000000 0.000000 0.000000 -11.496717 -0.340169 -1.821355 2.839079 1.600904 3.277834 -3.231721 4.450580 -5.570615 0.000000 0.000000 0.000000 -7.215825 -0.954337 -1.255774 -1.457922 1.017447 1.922788 -3.612674 3.216076 1.215023 0.000000 0.000000 0.000000
0.372325 0.277910 0.000000 7.958979 -0.498959 0.411617 0.000732 0.012252 0.073446 -8.308687 17.261249 -0.293932 5.221058 -2.134231 8.661239 4.830360 -2.905138 8.495609 0.000000 0.000000 0.000000 1.995787 2.838514 69.445501 -5.670552 -9.021827 60.432157 0.000000 0.000000 0.000000 0.000000 0.000000 0.000000 19.884799 -30.398373 -65.583094 12.854330 -27.835246 -49.950705 0.000000 0.000000 0.000000 -12.695253 -0.337716 -1.090991 6.537004 0.876821 2.190782 -5.374777 5.957716 -8.329265 0.000000 0.000000 0.000000 -6.726670 -0.946210 -1.566010 0.294925 0.857644 2.048032 -5.907739 2.115386 2.376231 0.000000 0.000000 0.000000
0.521473 0.278600 0.000000 7.532147 -0.490341 0.187354 0.000707 0.010973 0.065804 -8.379552 16.292478 0.049264 5.491115 -1.968540 8.266451 5.145046 -2.751339 8.124570 0.000000 0.000000 0.000000 2.941317 3.873411 73.044103 -2.227803 -3.344248 49.544887 0.000000 0.000000 0.000000 0.000000 0.000000 0.000000 21.923859 -30.300464 -71.094782 11.332311 -33.514605 -37.658323 0.000000 0.000000 0.000000 -13.292752 -0.284482 -0.006899 8.103764 0.136373 0.718416 -6.803032 7.251195 -10.393784 0.000000 0.000000 0.000000 -6.380524 -0.942783 -1.831297 0.549399 0.998433 2.437006 -7.047490 1.218501 3.021931 0.000000 0.000000 0.000000
0.757849 0.276072 0.000000 7.259075 -0.458031 0.318395 0.000598 0.010201 0.061151 -8.481233 14.889114 -0.002647 6.956220 -0.913528 8.659874 6.737671 -1.960232 8.637474 0.000000 0.000000 0.000000 4.507433 5.681991 75.586072 0.169216 2.929890 40.296384 0.000000 0.000000 0.000000 0.000000 0.000000 0.000000 22.849649 -30.241831 -73.510851 8.580678 -36.633589 -26.857070 0.000000 0.000000 0.000000 -13.420749 -0.269692 0.242436 8.420508 -0.225927 -0.079551 -7.029971 8.875261 -11.701648 0.000000 0.000000 0.000000 -6.066198 -1.110070 -3.189593 0.079571 1.519990 3.483280 -8.679211 1.248964 3.757888 0.000000 0.000000 0.000000
0.945938 0.271901 0.000000 7.278916 -0.448178 0.434631 0.000558 0.010258 0.061471 -8.573979 13.601502 -0.117356 8.188822 0.627257 8.963742 8.173256 -0.640925 9.158711 0.000000 0.000000 0.000000 6.150601 7.739909 76.925632 2.405557 8.613732 32.348506 0.000000 0.000000 0.000000 0.000000 0.000000 0.000000 22.735422 -29.575897 -74.561227 5.806665 -37.013362 -16.833522 0.000000 0.000000 0.000000 -13.064565 -0.255048 0.363916 8.483660 -0.453760 -0.581076 -7.663355 10.468537 -13.348528 0.000000 0.000000 0.000000 -5.897981 -1.472283 -5.702915 -0.398407 2.482298 5.502066 -9.860269 -0.240346 4.565240 0.000000 0.000000 0.000000
1.017496 0.267700 0.000000 7.658011 -0.464923 0.535861 0.000592 0.011334 0.067908 -8.577605 13.543283 -0.311673 8.652323 1.598677 9.244104 8.765893 0.220589 9.596820 0.000000 0.000000 0.000000 7.110814 9.155271 75.408526 3.081230 12.345342 27.811959 0.000000 0.000000 0.000000 0.000000 0.000000 0.000000 21.506917 -28.769196 -73.073071 2.538224 -34.283062 -8.416265 0.000000 0.000000 0.000000 -11.926700 -0.239632 0.269135 8.034342 -0.429510 -0.544504 -8.944083 11.989621 -15.496355 0.000000 0.000000 0.000000 -5.777773 -2.051778 -9.719324 -0.896533 3.966437 8.621947 -10.252755 -2.984367 5.241311 0.000000 0.000000 0.000000
1.092803 0.265067 0.000000 7.721014 -0.455583 0.676762 0.000512 0.011527 0.069029 -8.422595 15.706917 -0.464985 8.169659 -0.482633 9.716581 7.970906 -1.854406 9.742795 0.000000 0.000000 0.000000 5.702964 7.818910 71.897811 2.618746 11.174145 24.704483 0.000000 0.000000 0.000000 0.000000 0.000000 0.000000 21.164563 -29.825432 -69.921930 0.632213 -35.113656 -1.996593 0.000000 0.000000 0.000000 -10.964471 -0.228415 0.119713 7.248989 -0.320322 -0.335889 -10.106788 13.502098 -17.552113 0.000000 0.000000 0.000000 -5.023333 -2.327577 -12.649391 -1.528146 4.852371 10.275359 -10.582268 -1.970984 5.216247 0.000000 0.000000 0.000000
1.142537 0.263015 0.000000 7.804581 -0.440921 0.888825 0.000361 0.011788 0.070525 -8.395262 16.081379 -0.694408 7.970558 -0.671958 9.909618 7.735762 -2.035184 9.906297 0.000000 0.000000 0.000000 3.964918 5.670947 69.534664 0.973265 5.197588 17.213037 0.000000 0.000000 0.000000 0.000000 0.000000 0.000000 18.477866 -29.216484 -63.376937 0.664315 -31.721957 -2.845173 0.000000 0.000000 0.000000 -10.491768 -0.232360 -0.198701 6.315891 -0.148231 -0.002683 -11.375054 15.180140 -19.831494 0.000000 0.000000 0.000000 -3.744112 -2.405696 -15.433023 -2.340998 5.408128 11.082884 -11.005752 1.549635 4.750626 0.000000 0.000000 0.000000
1.139734 0.261610 0.000000 7.864320 -0.419454 1.154398 0.000099 0.011986 0.071598 -8.411224 15.858420 -0.965851 7.719307 -0.417090 10.317231 7.517318 -1.788842 10.352374 0.000000 0.000000 0.000000 2.720767 4.016013 65.975233 0.114048 0.963477 7.761930 0.000000 0.000000 0.000000 0.000000 0.000000 0.000000 14.485634 -28.305270 -53.612610 2.492243 -28.288778 -9.743957 0.000000 0.000000 0.000000 -9.883540 -0.234908 -0.622457 6.230659 0.017473 0.350879 -12.778149 17.319572 -22.537623 0.000000 0.000000 0.000000 -1.858216 -2.373596 -18.872781 -2.368913 5.473066 11.187873 -12.479640 4.851347 4.757379 0.000000 0.000000 0.000000
1.028427 0.260328 0.000000 7.860890 -0.386858 1.485861 -0.000338 0.012004 0.071528 -8.291112 17.494880 -1.294034 7.064291 -1.039643 10.914860 6.736351 -2.359789 10.865969 0.000000 0.000000 0.000000 0.329749 0.334467 59.474667 -0.024630 -1.116009 3.632759 0.000000 0.000000 0.000000 0.000000 0.000000 0.000000 13.455860 -30.149506 -47.149630 1.782002 -25.767737 -7.920540 0.000000 0.000000 0.000000 -9.447091 -0.238022 -1.014837 6.795694 0.038522 0.428802 -13.137103 20.002628 -24.570281 0.000000 0.000000 0.000000 -1.131745 -2.484015 -21.519062 -1.115154 4.094433 8.795106 -12.039572 9.775288 3.556039 0.000000 0.000000 0.000000
0.726545 0.258314 0.000000 7.897804 -0.362178 1.772382 -0.000738 0.012147 0.072219 -8.248949 18.061458 -1.583365 5.796668 -1.328371 11.023414 5.424871 -2.431705 10.934811 0.000000 0.000000 0.000000 -1.667747 -3.783444 51.746721 0.020692 -0.487197 2.748351 0.000000 0.000000 0.000000 0.000000 0.000000 0.000000 9.990184 -30.017730 -35.367037 2.355760 -22.459194 -12.630375 0.000000 0.000000 0.000000 -9.599008 -0.251932 -1.273773 6.755951 -0.014379 0.312954 -12.289043 23.463712 -25.877975 0.000000 0.000000 0.000000 -1.118040 -2.787199 -24.178799 -0.455373 2.716585 6.024254 -11.346282 10.182138 3.189550 0.000000 0.000000 0.000000
0.135856 0.255387 0.000000 8.123347 -0.352886 2.066681 -0.000916 0.012867 0.076439 -8.376726 16.332851 -1.916829 3.966976 -0.733642 9.875248 3.755370 -1.416952 9.814253 0.000000 0.000000 0.000000 -2.693077 -7.293408 41.242949 0.106107 2.044163 5.532248 0.000000 0.000000 0.000000 0.000000 0.000000 0.000000 4.623052 -28.488088 -17.680523 4.397463 -19.480078 -25.442565 0.000000 0.000000 0.000000 -9.756767 -0.255195 -1.225109 6.394089 -0.326686 -0.380388 -11.269116 25.307915 -25.989883 0.000000 0.000000 0.000000 -1.008574 -3.161054 -27.721789 0.357840 2.445329 5.720171 -11.348332 7.986047 3.650763 0.000000 0.000000 0.000000
-0.935697 0.253415 0.000000 8.395781 -0.357308 2.265697 -0.000832 0.013720 0.081569 -8.496477 14.683154 -2.177225 2.402448 1.317797 8.793020 2.566991 0.932373 8.850436 0.000000 0.000000 0.000000 -2.353131 -8.913560 30.338750 0.208357 3.152218 7.297748 0.000000 0.000000 0.000000 0.000000 0.000000 0.000000 1.213184 -26.786048 -4.923624 4.929693 -17.826895 -30.776625 0.000000 0.000000 0.000000 -9.803927 -0.228805 -0.447686 6.251592 -1.076901 -1.987178 -8.743282 24.832803 -23.305615 0.000000 0.000000 0.000000 -0.724833 -3.361459 -30.331440 0.724477 2.783949 6.629091 -12.313428 6.948969 4.262747 0.000000 0.000000 0.000000
-2.488270 0.249651 0.000000 8.228037 -0.325440 2.447057 -0.001498 0.013233 0.078386 -8.613272 13.042835 -2.315742 1.569098 2.356363 7.921478 1.870005 2.103635 7.981680 0.000000 0.000000 0.000000 -1.976278 -11.017711 20.975793 0.352121 4.686741 8.151167 0.000000 0.000000 0.000000 0.000000 0.000000 0.000000 -1.180036 -24.965339 5.834445 5.127483 -17.473214 -32.522737 0.000000 0.000000 0.000000 -9.470180 -0.153233 1.436931 5.679194 -2.500751 -4.975628 -5.050864 22.695161 -18.679602 0.000000 0.000000 0.000000 -0.493298 -3.370740 -31.185209 0.398112 3.424880 7.966759 -12.553004 4.254558 4.918600 0.000000 0.000000 0.000000
-4.331164 0.241035 0.000000 7.916090 -0.274267 2.688415 -0.002793 0.012335 0.072495 -8.746409 11.165137 -2.487924 0.165732 2.736835 6.708942 0.481541 2.696666 6.707829 0.000000 0.000000 0.000000 -1.576131 -13.402774 13.625449 0.533269 7.123849 8.614991 0.000000 0.000000 0.000000 0.000000 0.000000 0.000000 -2.185362 -20.980653 11.838980 5.466172 -18.816505 -32.109990 0.000000 0.000000 0.000000 -9.231586 -0.054524 4.507734 4.263739 -4.518822 -8.987888 -0.327214 21.088995 -13.528075 0.000000 0.000000 0.000000 -0.505995 -3.422875 -31.592125 0.333985 4.234962 9.776025 -11.804182 3.776718 4.693471 0.000000 0.000000 0.000000
-6.294310 0.230214 0.000000 7.804942 -0.216272 3.177260 -0.004532 0.012111 0.070443 -8.705991 11.739569 -2.941427 -0.220507 3.264569 6.102401 0.128896 3.268998 6.078205 0.000000 0.000000 0.000000 -1.245656 -15.423728 9.363358 0.404452 7.387328 6.200090 0.000000 0.000000 0.000000 0.000000 0.000000 0.000000 -2.951692 -20.292233 16.373333 5.859563 -19.317322 -33.462435 0.000000 0.000000 0.000000 -7.644695 -0.073065 7.939299 0.546093 -6.436888 -12.063350 0.589493 20.388906 -12.354056 0.000000 0.000000 0.000000 -0.466637 -3.466559 -32.116978 0.044243 4.948565 11.235535 -11.029531 5.741781 3.964978 0.000000 0.000000 0.000000
-8.289214 0.221407 0.000000 7.757892 -0.161764 3.684025 -0.006557 0.012104 0.069567 -8.620926 12.944920 -3.414189 -0.289106 3.866810 6.074055 0.124321 3.874741 6.041855 0.000000 0.000000 0.000000 -1.004441 -17.461629 6.580255 0.247152 6.915953 3.856434 0.000000 0.000000 0.000000 0.000000 0.000000 0.000000 -3.503663 -20.275325 19.451847 5.936635 -19.523162 -33.512782 0.000000 0.000000 0.000000 -2.179698 -0.525495 11.987343 -7.673918 -8.149872 -13.497145 -2.873943 24.247963 -17.625930 0.000000 0.000000 0.000000 0.037639 -3.348195 -32.905898 -0.640501 5.866943 12.909677 -10.776880 6.427669 3.722240 0.000000 0.000000 0.000000
-10.079435 0.211676 0.000000 7.722329 -0.101108 4.259370 -0.009269 0.012179 0.068895 -8.549770 13.943822 -3.955014 0.302845 4.244278 6.242664 0.760111 4.186601 6.251813 0.000000 0.000000 0.000000 -0.819049 -18.749917 5.008580 0.053894 5.841926 1.013655 0.000000 0.000000 0.000000 0.000000 0.000000 0.000000 -3.798403 -19.882463 21.418511 6.206537 -20.168062 -33.895005 0.000000 0.000000 0.000000 6.838560 -1.585097 15.638931 -19.848217 -8.532897 -11.638779 -9.116205 28.888599 -25.961666 0.000000 0.000000 0.000000 1.179909 -2.924396 -33.395934 -2.353838 6.657790 13.721245 -10.620508 4.714993 3.991870 0.000000 0.000000 0.000000
-11.322754 0.199555 0.000000 7.681934 -0.027452 4.957057 -0.013053 0.012311 0.068129 -8.496052 14.694087 -4.615254 0.898345 5.027447 6.295717 1.434915 4.900559 6.355195 0.000000 0.000000 0.000000 -0.587059 -19.906168 3.323953 -0.045476 5.455974 -1.117519 0.000000 0.000000 0.000000 0.000000 0.000000 0.000000 -3.951289 -20.409689 21.699320 5.821654 -20.039788 -32.118028 0.000000 0.000000 0.000000 9.709322 -2.358665 19.198083 -22.849848 -7.732380 -10.100047 -11.109904 22.903434 -24.443877 0.000000 0.000000 0.000000 2.582835 -2.377313 -33.869532 -4.659502 7.141338 13.528626 -11.086795 3.473234 4.429662 0.000000 0.000000 0.000000
-11.896281 0.187610 0.000000 7.656144 0.038946 5.591469 -0.017071 0.012504 0.067631 -8.513369 14.452127 -5.233308 1.183227 6.159534 6.497964 1.858813 5.989503 6.589757 0.000000 0.000000 0.000000 -0.190998 -19.441965 1.056546 -0.121145 4.701641 -2.889352 0.000000 0.000000 0.000000 0.000000 0.000000 0.000000 -3.879129 -19.900831 21.876391 5.723746 -20.707886 -30.601366 0.000000 0.000000 0.000000 9.606130 -2.800934 22.675512 -20.094247 -6.011609 -8.199074 -4.928111 12.356582 -12.203724 0.000000 0.000000 0.000000 4.433919 -1.636591 -34.446275 -7.961863 7.769047 13.088968 -11.529794 4.337443 4.446884 0.000000 0.000000 0.000000
-11.929770 0.179139 0.000000 7.587508 0.102342 6.140366 -0.021575 0.012606 0.066387 -8.573466 13.612229 -5.773522 1.155885 7.148129 7.048993 2.004488 6.955353 7.144659 0.000000 0.000000 0.000000 0.245101 -18.639266 -1.504868 -0.174088 5.084657 -3.678316 0.000000 0.000000 0.000000 0.000000 0.000000 0.000000 -3.796247 -18.808661 22.631258 6.042410 -21.954099 -30.459325 0.000000 0.000000 0.000000 8.112556 -2.867921 25.580750 -14.542117 -3.158614 -4.885792 -0.893368 2.623635 -2.478743 0.000000 0.000000 0.000000 4.884754 -1.517159 -35.624496 -10.076055 8.651171 13.650472 -12.962125 5.922690 4.756773 0.000000 0.000000 0.000000
-11.653231 0.175787 0.000000 7.500728 0.160365 6.609896 -0.026150 0.012661 0.064832 -8.629436 12.826635 -6.234514 1.494619 8.171888 7.499659 2.510093 7.914426 7.645403 0.000000 0.000000 0.000000 0.378498 -18.183763 -2.356999 -0.276158 6.426164 -4.914035 0.000000 0.000000 0.000000 0.000000 0.000000 0.000000 -3.571334 -18.175591 22.055681 6.000734 -22.714357 -29.226270 0.000000 0.000000 0.000000 4.561719 -2.345527 28.009047 -8.050998 -1.439184 -2.577408 0.652893 -2.354785 2.253868 0.000000 0.000000 0.000000 4.996421 -1.585584 -37.532337 -12.778205 10.138567 14.933257 -14.738134 5.399084 5.642357 0.000000 0.000000 0.000000
-11.288190 0.176611 0.000000 7.518300 0.190028 6.923848 -0.028516 0.012872 0.065117 -8.639389 12.686042 -6.550959 1.806969 8.607828 7.882826 2.918619 8.290061 8.076480 0.000000 0.000000 0.000000 0.270839 -17.653225 -1.731068 -0.284731 6.423848 -5.063120 0.000000 0.000000 0.000000 0.000000 0.000000 0.000000 -3.269648 -18.147472 20.258621 5.488778 -22.072846 -27.600029 0.000000 0.000000 0.000000 -0.316776 -1.347606 29.639006 0.969195 -0.987951 -1.675265 0.306244 -8.293320 6.396567 0.000000 0.000000 0.000000 4.739684 -1.821977 -39.201012 -13.618395 11.206206 16.305469 -17.029761 5.164799 6.681999 0.000000 0.000000 0.000000
-10.420105 0.178880 0.000000 7.538526 0.224313 7.287686 -0.031395 0.013125 0.065447 -8.647429 12.572461 -6.916341 1.934255 8.882792 8.436580 3.158179 8.515990 8.649435 0.000000 0.000000 0.000000 0.149322 -17.164240 -0.989761 -0.297893 6.541814 -5.200587 0.000000 0.000000 0.000000 0.000000 0.000000 0.000000 -3.059361 -18.053833 19.085852 5.165015 -21.443328 -26.798322 0.000000 0.000000 0.000000 -3.033097 -0.696574 29.692771 6.840031 0.054453 0.472569 0.329787 -10.336809 8.054183 0.000000 0.000000 0.000000 3.525295 -2.500537 -40.655626 -13.207529 11.639651 17.218132 -16.970224 6.661457 6.284321 0.000000 0.000000 0.000000
-8.471501 0.180940 0.000000 7.565279 0.276502 7.837929 -0.035961 0.013513 0.065880 -8.630892 12.805905 -7.455806 2.205843 9.278561 8.950711 3.546775 8.841692 9.209098 0.000000 0.000000 0.000000 0.090512 -17.161310 -0.598821 -0.242235 6.287707 -4.372274 0.000000 0.000000 0.000000 0.000000 0.000000 0.000000 -2.993259 -18.312856 18.416019 5.101640 -21.075296 -26.942048 0.000000 0.000000 0.000000 -4.206255 -0.403472 28.989649 8.503571 0.019127 0.487242 -0.665525 -10.976021 7.957785 0.000000 0.000000 0.000000 5.000299 -1.917088 -43.866861 -14.464924 12.021167 17.216268 -18.796215 6.769122 7.031208 0.000000 0.000000 0.000000
-5.608823 0.182424 0.000000 7.604163 0.325508 8.375290 -0.040289 0.013920 0.066532 -8.598056 13.267205 -7.977294 2.423740 9.351941 9.126991 3.789752 8.872641 9.424276 0.000000 0.000000 0.000000 0.036190 -17.128152 -0.243045 -0.173945 5.577121 -3.526341 0.000000 0.000000 0.000000 0.000000 0.000000 0.000000 -3.104690 -19.013142 18.371791 5.123446 -20.557366 -27.719040 0.000000 0.000000 0.000000 -4.495997 -0.325605 27.975723 8.609182 -0.355514 -0.350503 -0.844656 -8.826347 6.065189 0.000000 0.000000 0.000000 9.292034 0.256429 -47.605064 -16.951527 11.723292 15.573153 -22.087379 6.322864 8.598088 0.000000 0.000000 0.000000
-2.610165 0.182566 0.000000 7.666732 0.335800 8.565381 -0.040779 0.014138 0.067627 -8.532702 14.181924 -8.147787 2.603427 10.114598 8.913089 4.032464 9.616469 9.256914 0.000000 0.000000 0.000000 -0.016151 -17.385172 0.100782 -0.115804 4.415345 -2.874345 0.000000 0.000000 0.000000 0.000000 0.000000 0.000000 -3.416789 -20.143451 19.030185 5.372392 -20.491748 -29.100318 0.000000 0.000000 0.000000 -4.201078 -0.399490 28.019508 7.799024 -0.843786 -1.416343 -2.090700 -8.168211 4.727566 0.000000 0.000000 0.000000 13.379236 2.575251 -49.178256 -18.758511 10.329863 12.560686 -22.727719 2.755000 9.887951 0.000000 0.000000 0.000000
0.140979 0.181967 0.000000 7.752808 0.325313 8.583921 -0.039004 0.014273 0.069161 -8.477100 14.956708 -8.160849 2.251182 10.410244 8.695266 3.704077 9.973602 8.980970 0.000000 0.000000 0.000000 -0.011088 -17.374119 0.059620 -0.057206 2.667782 -2.031158 0.000000 0.000000 0.000000 0.000000 0.000000 0.000000 -3.875262 -21.189358 20.499371 5.715615 -20.525405 -30.805411 0.000000 0.000000 0.000000 -1.855482 -0.975920 28.988313 4.495616 -1.846722 -3.465838 -2.444980 -6.769548 3.371913 0.000000 0.000000 0.000000 13.195229 2.504202 -49.856535 -16.614275 9.589209 12.294256 -22.632036 3.326143 9.683825 0.000000 0.000000 0.000000
2.568387 0.181477 0.000000 7.846047 0.310811 8.572606 -0.036783 0.014401 0.070837 -8.500413 14.631662 -8.181912 1.942628 10.171889 8.632029 3.370663 9.783521 8.856904 0.000000 0.000000 0.000000 0.032136 -15.998656 -0.222535 -0.000769 0.046148 -1.264117 0.000000 0.000000 0.000000 0.000000 0.000000 0.000000 -4.239911 -21.037262 22.576070 6.121436 -21.003149 -32.179264 0.000000 0.000000 0.000000 2.614563 -2.090014 29.921847 -0.836136 -2.987120 -5.504783 -2.365860 -5.110983 2.117282 0.000000 0.000000 0.000000 16.080848 4.327473 -51.192740 -14.705023 7.861583 10.308657 -22.954636 0.370886 10.658008 0.000000 0.000000 0.000000
4.558178 0.180819 0.000000 7.890306 0.299839 8.525708 -0.035376 0.014439 0.071643 -8.572163 13.631131 -8.175613 1.897467 9.742266 8.651710 3.272751 9.362579 8.863876 0.000000 0.000000 0.000000 0.002538 -14.705623 -0.010330 0.017615 -1.555025 -1.273617 0.000000 0.000000 0.000000 0.000000 0.000000 0.000000 -4.370470 -20.217816 24.176871 6.280253 -21.131919 -32.774110 0.000000 0.000000 0.000000 5.867069 -2.939244 30.429693 -4.665247 -3.536233 -6.237018 -2.914555 -2.959489 0.076045 0.000000 0.000000 0.000000 19.791299 6.756960 -52.914293 -13.180379 6.101845 7.982534 -24.035707 -4.724636 12.597409 0.000000 0.000000 0.000000
6.131780 0.179912 0.000000 7.921652 0.286895 8.439620 -0.033957 0.014438 0.072221 -8.632999 12.774722 -8.121969 1.963564 9.280009 8.619163 3.267453 8.896953 8.838255 0.000000 0.000000 0.000000 -0.037967 -13.733393 0.323362 0.021465 -1.864445 -1.297538 0.000000 0.000000 0.000000 0.000000 0.000000 0.000000 -4.436326 -19.588948 25.299858 6.476423 -21.193322 -33.654399 0.000000 0.000000 0.000000 9.423183 -3.857074 30.586549 -9.127318 -3.574419 -5.901099 -3.334920 -0.357446 -2.176759 0.000000 0.000000 0.000000 21.248373 7.806945 -54.012538 -12.284820 5.129351 6.635344 -25.233140 -8.738462 14.324838 0.000000 0.000000 0.000000
7.280174 0.179212 0.000000 7.937399 0.262656 8.216172 -0.031781 0.014339 0.072523 -8.704976 11.754973 -7.933365 2.039217 8.561461 8.443619 3.217015 8.183903 8.666393 0.000000 0.000000 0.000000 -0.067601 -12.829781 0.609632 0.012113 -1.582836 -0.836500 0.000000 0.000000 0.000000 0.000000 0.000000 0.000000 -4.451319 -19.217398 25.858296 6.424932 -20.747928 -34.083046 0.000000 0.000000 0.000000 11.483874 -4.443537 30.971928 -12.890918 -4.512691 -7.012622 -3.290998 2.065359 -3.908445 0.000000 0.000000 0.000000 20.830205 7.577343 -54.321882 -11.506668 4.691855 6.132262 -25.888670 -11.026419 15.307700 0.000000 0.000000 0.000000
8.008489 0.178714 0.000000 7.897372 0.219795 7.723162 -0.028810 0.014017 0.071823 -8.772095 10.797155 -7.464003 2.184407 7.620623 8.204572 3.198699 7.244358 8.434914 0.000000 0.000000 0.000000 -0.093978 -12.113499 0.887090 -0.001619 -1.456120 0.118964 0.000000 0.000000 0.000000 0.000000 0.000000 0.000000 -4.361681 -19.101905 25.504204 6.024850 -19.719276 -33.661694 0.000000 0.000000 0.000000 12.187423 -4.785579 31.918786 -14.742985 -5.625963 -8.427737 -3.642231 3.581662 -5.271164 0.000000 0.000000 0.000000 19.398787 6.584923 -53.691179 -10.811529 4.594788 6.184334 -25.952915 -12.977166 15.876212 0.000000 0.000000 0.000000
8.437045 0.177972 0.000000 7.884713 0.137649 6.870122 -0.022873 0.013578 0.071650 -8.832742 9.926144 -6.638820 2.349309 6.957183 8.033220 3.252010 6.573339 8.272256 0.000000 0.000000 0.000000 -0.110399 -11.857052 1.064913 -0.011275 -1.474157 0.884282 0.000000 0.000000 0.000000 0.000000 0.000000 0.000000 -4.213712 -18.905890 24.914125 5.510302 -18.673395 -32.617479 0.000000 0.000000 0.000000 13.190058 -5.276906 33.187696 -16.131898 -6.125636 -8.961185 -5.207353 3.288927 -6.300378 0.000000 0.000000 0.000000 18.133267 5.657423 -52.426570 -10.690828 4.414325 5.901616 -26.892994 -14.872706 16.940644 0.000000 0.000000 0.000000
8.696718 0.176783 0.000000 7.876320 0.045116 5.918719 -0.016771 0.013143 0.071563 -8.890882 9.087263 -5.713401 2.390170 6.010918 7.865809 3.153989 5.637736 8.083825 0.000000 0.000000 0.000000 -0.125675 -11.509484 1.251294 -0.014287 -1.368054 1.197864 0.000000 0.000000 0.000000 0.000000 0.000000 0.000000 -4.017079 -18.367074 24.471679 5.177780 -18.031732 -31.798130 0.000000 0.000000 0.000000 14.123898 -5.755340 34.352802 -17.382482 -6.144911 -8.839183 -6.291529 3.912074 -7.616793 0.000000 0.000000 0.000000 17.099083 4.919189 -51.238204 -10.388039 4.432694 6.035964 -27.387786 -16.264965 17.613668 0.000000 0.000000 0.000000
8.897216 0.175299 0.000000 7.838524 -0.026897 5.141142 -0.012732 0.012758 0.070930 -8.933408 8.470444 -4.948735 2.476920 4.730288 7.761526 3.065484 4.360525 7.947514 0.000000 0.000000 0.000000 -0.149900 -11.100873 1.547130 -0.010308 -1.040718 1.149159 0.000000 0.000000 0.000000 0.000000 0.000000 0.000000 -3.795667 -17.960416 23.673376 4.816865 -17.144722 -31.151817 0.000000 0.000000 0.000000 15.218531 -6.280978 35.369721 -19.091462 -5.889260 -8.328747 -7.148046 5.736662 -9.626503 0.000000 0.000000 0.000000 15.789807 4.070575 -50.428834 -9.600811 4.651214 6.699195 -27.691397 -15.730847 17.645479 0.000000 0.000000 0.000000
9.052856 0.173886 0.000000 7.804695 -0.080503 4.557540 -0.010038 0.012476 0.070355 -8.977448 7.830594 -4.377184 2.541668 3.094255 7.872586 2.930904 2.721589 8.008909 0.000000 0.000000 0.000000 -0.176468 -10.792981 1.868982 -0.003912 -0.381976 1.166563 0.000000 0.000000 0.000000 0.000000 0.000000 0.000000 -3.523633 -17.707291 22.336881 4.382395 -15.973700 -30.508637 0.000000 0.000000 0.000000 17.155495 -7.053222 36.211453 -22.089687 -5.147814 -7.076819 -8.383868 8.051914 -12.322577 0.000000 0.000000 0.000000 14.165810 3.067415 -49.880879 -8.563396 4.897871 7.509951 -28.258955 -12.705760 17.152344 0.000000 0.000000 0.000000
9.210518 0.172964 0.000000 7.814394 -0.112462 4.243385 -0.008536 0.012406 0.070551 -8.983440 7.743271 -4.067277 2.481582 2.604429 7.817323 2.805293 2.246292 7.931264 0.000000 0.000000 0.000000 -0.184696 -10.604920 1.990098 -0.002225 -0.225341 1.124117 0.000000 0.000000 0.000000 0.000000 0.000000 0.000000 -3.336667 -17.599970 21.309977 4.305880 -15.846555 -30.233653 0.000000 0.000000 0.000000 18.697795 -7.726265 37.028919 -24.249232 -4.867713 -6.546858 -10.093195 8.931592 -14.425015 0.000000 0.000000 0.000000 13.423532 2.612164 -49.459601 -8.289504 4.935774 7.679445 -28.829356 -12.025404 17.295382 0.000000 0.000000 0.000000
9.383686 0.172280 0.000000 7.827177 -0.135997 4.017610 -0.007487 0.012374 0.070796 -8.989555 7.654141 -3.845761 2.527765 2.183237 7.797176 2.795339 1.823125 7.896879 0.000000 0.000000 0.000000 -0.185106 -10.435316 2.026477 -0.000763 -0.097581 1.073910 0.000000 0.000000 0.000000 0.000000 0.000000 0.000000 -3.202182 -17.550509 20.525609 4.195450 -15.391736 -30.330577 0.000000 0.000000 0.000000 19.466198 -8.148232 37.755861 -25.440698 -5.037724 -6.654519 -10.768427 9.523504 -15.438120 0.000000 0.000000 0.000000 12.882827 2.284003 -49.127934 -8.208568 4.798696 7.451731 -29.151533 -11.868535 17.439194 0.000000 0.000000 0.000000
9.567160 0.171611 0.000000 7.840584 -0.143105 3.959219 -0.007179 0.012394 0.071043 -8.998631 7.521713 -3.791877 2.621738 1.858218 7.746021 2.844388 1.490594 7.836237 0.000000 0.000000 0.000000 -0.175188 -10.108695 1.978664 -0.001340 -0.288380 0.864283 0.000000 0.000000 0.000000 0.000000 0.000000 0.000000 -3.109218 -17.318416 20.208569 4.089293 -15.112161 -30.125676 0.000000 0.000000 0.000000 20.207871 -8.415870 37.841539 -26.371998 -5.027964 -6.569849 -10.650575 8.481172 -14.594605 0.000000 0.000000 0.000000 12.748740 2.201555 -48.965105 -8.157939 4.579507 7.059342 -29.158310 -12.308408 17.569069 0.000000 0.000000 0.000000
9.711326 0.170801 0.000000 7.860921 -0.146056 3.950290 -0.007042 0.012447 0.071413 -9.017020 7.253197 -3.790782 2.742935 1.664325 7.690695 2.937613 1.284801 7.777257 0.000000 0.000000 0.000000 -0.156821 -9.560147 1.870592 -0.001970 -0.724482 0.370600 0.000000 0.000000 0.000000 0.000000 0.000000 0.000000 -3.029701 -16.894116 20.194254 4.028768 -15.054533 -29.811456 0.000000 0.000000 0.000000 20.888283 -8.649218 37.865117 -27.053867 -5.039608 -6.529843 -10.557369 6.915789 -13.396259 0.000000 0.000000 0.000000 12.812691 2.236823 -48.866335 -8.378826 4.373671 6.595284 -28.952729 -13.830472 17.885568 0.000000 0.000000 0.000000
9.809215 0.169975 0.000000 7.876367 -0.151107 3.914763 -0.006826 0.012480 0.071696 -9.040265 6.913483 -3.763913 2.724953 1.633701 7.689262 2.915808 1.256848 7.773807 0.000000 0.000000 0.000000 -0.132168 -9.114863 1.655806 0.000952 -0.896394 -0.110429 0.000000 0.000000 0.000000 0.000000 0.000000 0.000000 -2.957844 -16.483554 20.212963 4.056571 -15.252911 -29.631508 0.000000 0.000000 0.000000 21.241208 -8.779709 37.912834 -27.379091 -5.114504 -6.589124 -10.086682 5.986230 -12.311806 0.000000 0.000000 0.000000 12.766458 2.205122 -48.644111 -8.466721 4.178510 6.199197 -28.919447 -15.015597 18.202022 0.000000 0.000000 0.000000
9.893301 0.169293 0.000000 7.885842 -0.156694 3.867463 -0.006596 0.012493 0.071872 -9.055495 6.690595 -3.722220 2.657948 1.656731 7.683023 2.852337 1.288880 7.766237 0.000000 0.000000 0.000000 -0.112779 -8.934914 1.442942 0.002834 -0.989398 -0.326255 0.000000 0.000000 0.000000 0.000000 0.000000 0.000000 -2.913622 -16.214750 20.244564 4.071549 -15.480679 -29.313189 0.000000 0.000000 0.000000 21.269101 -8.788908 37.912023 -27.284948 -5.205767 -6.699494 -9.563444 5.729249 -11.672866 0.000000 0.000000 0.000000 12.680502 2.148890 -48.349844 -8.368186 3.983005 5.864984 -28.756402 -16.031974 18.387640 0.000000 0.000000 0.000000
9.951996 0.168802 0.000000 7.893680 -0.159349 3.848411 -0.006486 0.012510 0.072016 -9.067976 6.507798 -3.707710 2.556568 1.628620 7.686227 2.748410 1.274208 7.764680 0.000000 0.000000 0.000000 -0.099309 -8.888783 1.277671 0.004656 -0.990657 -0.546046 0.000000 0.000000 0.000000 0.000000 0.000000 0.000000 -2.882364 -16.012589 20.282690 4.031460 -15.630373 -28.766156 0.000000 0.000000 0.000000 20.969377 -8.678603 37.874315 -26.909317 -5.405560 -6.954926 -8.977346 5.598080 -11.075227 0.000000 0.000000 0.000000 12.701920 2.155569 -48.085230 -8.164568 3.775564 5.540332 -28.433449 -17.177585 18.508100 0.000000 0.000000 0.000000
9.961695 0.168445 0.000000 7.896555 -0.160447 3.840132 -0.006441 0.012516 0.072069 -9.073696 6.423971 -3.701429 2.451585 1.602799 7.681476 2.641025 1.262681 7.755271 0.000000 0.000000 0.000000 -0.086205 -8.909030 1.107275 0.006067 -0.907699 -0.776983 0.000000 0.000000 0.000000 0.000000 0.000000 0.000000 -2.877367 -15.936474 20.344197 3.992001 -15.746283 -28.291558 0.000000 0.000000 0.000000 20.777831 -8.611277 37.861879 -26.602891 -5.516574 -7.106691 -8.585359 5.361756 -10.569534 0.000000 0.000000 0.000000 12.788049 2.199109 -47.793651 -7.856562 3.558890 5.229069 -28.201663 -17.762727 18.525686 0.000000 0.000000 0.000000
9.926222 0.168064 0.000000 7.898139 -0.162990 3.815707 -0.006342 0.012514 0.072099 -9.078124 6.359058 -3.678504 2.366953 1.557336 7.676213 2.551212 1.228990 7.745362 0.000000 0.000000 0.000000 -0.074778 -8.998289 0.950602 0.006780 -0.802300 -0.963131 0.000000 0.000000 0.000000 0.000000 0.000000 0.000000 -2.870331 -15.851688 20.403072 3.960507 -15.837577 -27.919209 0.000000 0.000000 0.000000 20.663072 -8.573315 37.863595 -26.375879 -5.548611 -7.162967 -8.609588 4.835226 -10.207143 0.000000 0.000000 0.000000 12.653181 2.114981 -47.447771 -7.653377 3.390304 4.971864 -28.026792 -17.709419 18.402227 0.000000 0.000000 0.000000
9.887461 0.167632 0.000000 7.900390 -0.167169 3.775199 -0.006181 0.012510 0.072143 -9.080365 6.326194 -3.638934 2.307896 1.531381 7.674130 2.489319 1.211136 7.740337 0.000000 0.000000 0.000000 -0.064416 -9.041075 0.814853 0.005129 -0.690806 -0.839261 0.000000 0.000000 0.000000 0.000000 0.000000 0.000000 -2.868384 -15.801766 20.453324 3.954736 -15.922015 -27.735662 0.000000 0.000000 0.000000 20.574851 -8.548527 37.882239 -26.239366 -5.534445 -7.158799 -8.664022 4.435175 -9.960760 0.000000 0.000000 0.000000 12.555431 2.053162 -47.117410 -7.488559 3.232670 4.721649 -28.028713 -17.677461 18.394658 0.000000 0.000000 0.000000
9.854732 0.167226 0.000000 7.899703 -0.173191 3.712759 -0.005955 0.012493 0.072134 -9.081882 6.303949 -3.576941 2.285933 1.514874 7.682954 2.465601 1.197279 7.747839 0.000000 0.000000 0.000000 -0.052733 -9.046118 0.666517 0.003203 -0.620943 -0.586762 0.000000 0.000000 0.000000 0.000000 0.000000 0.000000 -2.871606 -15.804128 20.472810 3.969201 -15.979806 -27.735217 0.000000 0.000000 0.000000 20.518854 -8.538993 37.918738 -26.189432 -5.481661 -7.102833 -8.485371 4.281400 -9.697770 0.000000 0.000000 0.000000 12.455257 1.991784 -46.830305 -7.415807 3.120910 4.529314 -28.186683 -17.480531 18.438817 0.000000 0.000000 0.000000
9.824793 0.166856 0.000000 7.894813 -0.181127 3.626416 -0.005665 0.012459 0.072050 -9.083710 6.277145 -3.490731 2.288434 1.466473 7.697260 2.462044 1.148309 7.760439 0.000000 0.000000 0.000000 -0.048828 -9.033694 0.618105 0.002041 -0.546137 -0.408154 0.000000 0.000000 0.000000 0.000000 0.000000 0.000000 -2.879310 -15.869865 20.442331 3.972995 -15.986088 -27.750098 0.000000 0.000000 0.000000 20.442866 -8.532090 37.992472 -26.058206 -5.468912 -7.099736 -8.374524 4.354620 -9.658581 0.000000 0.000000 0.000000 12.246249 1.869426 -46.471785 -7.333757 3.009296 4.339336 -28.434284 -17.143787 18.499505 0.000000 0.000000 0.000000
9.800533 0.166494 0.000000 7.889150 -0.189162 3.538309 -0.005378 0.012423 0.071951 -9.084076 6.271772 -3.402252 2.269849 1.449217 7.709746 2.441633 1.133125 7.771717 0.000000 0.000000 0.000000 -0.048511 -9.058620 0.612392 0.000554 -0.400092 -0.162307 0.000000 0.000000 0.000000 0.000000 0.000000 0.000000 -2.888953 -15.948371 20.409179 3.979918 -15.993768 -27.783610 0.000000 0.000000 0.000000 20.337145 -8.518812 38.080829 -25.877735 -5.478100 -7.125939 -8.423215 4.430153 -9.754726 0.000000 0.000000 0.000000 11.911989 1.679530 -46.137517 -7.188330 2.945321 4.259706 -28.676574 -16.653758 18.513708 0.000000 0.000000 0.000000
9.783142 0.166075 0.000000 7.891364 -0.197140 3.458769 -0.005095 0.012410 0.071996 -9.084312 6.268321 -3.323092 2.213981 1.450464 7.717675 2.386644 1.141460 7.777966 0.000000 0.000000 0.000000 -0.050236 -9.055334 0.634445 -0.001184 -0.407388 0.324090 0.000000 0.000000 0.000000 0.000000 0.000000 0.000000 -2.884743 -15.935540 20.396332 3.994138 -16.032456 -27.813482 0.000000 0.000000 0.000000 20.262243 -8.508530 38.140439 -25.700897 -5.425573 -7.080824 -8.536032 4.432816 -9.851332 0.000000 0.000000 0.000000 11.608312 1.509461 -45.886123 -7.091457 2.920317 4.240520 -28.667885 -16.205774 18.383620 0.000000 0.000000 0.000000
9.770456 0.165632 0.000000 7.898528 -0.203569 3.399990 -0.004870 0.012417 0.072130 -9.083822 6.275497 -3.264972 2.142104 1.457322 7.723514 2.316501 1.157584 7.781826 0.000000 0.000000 0.000000 -0.052758 -9.018553 0.668916 -0.003100 -0.409722 0.890240 0.000000 0.000000 0.000000 0.000000 0.000000 0.000000 -2.888911 -15.930040 20.432153 4.023506 -16.091311 -27.910116 0.000000 0.000000 0.000000 20.153816 -8.487355 38.201952 -25.460305 -5.378256 -7.047058 -8.742038 4.358571 -9.970042 0.000000 0.000000 0.000000 11.397468 1.392820 -45.756352 -6.990350 2.954288 4.336842 -28.580758 -15.862617 18.234204 0.000000 0.000000 0.000000
9.749285 0.165237 0.000000 7.910195 -0.210847 3.336920 -0.004618 0.012436 0.072347 -9.081102 6.315395 -3.202400 2.083275 1.461006 7.716171 2.258597 1.169373 7.772814 0.000000 0.000000 0.000000 -0.051359 -8.987068 0.653516 -0.004325 -0.362800 1.392832 0.000000 0.000000 0.000000 0.000000 0.000000 0.000000 -2.900881 -15.969848 20.464454 4.074442 -16.119950 -28.201590 0.000000 0.000000 0.000000 20.113587 -8.495994 38.291157 -25.382648 -5.353867 -7.025461 -8.849444 4.518788 -10.178233 0.000000 0.000000 0.000000 11.222781 1.296635 -45.661682 -6.939680 2.996792 4.434758 -28.662501 -15.538677 18.193496 0.000000 0.000000 0.000000
9.713554 0.164970 0.000000 7.915030 -0.217124 3.277227 -0.004409 0.012437 0.072439 -9.077581 6.367028 -3.142302 2.032323 1.414916 7.722946 2.202219 1.130177 7.776525 0.000000 0.000000 0.000000 -0.050022 -9.008275 0.634951 -0.004569 -0.308148 1.699337 0.000000 0.000000 0.000000 0.000000 0.000000 0.000000 -2.904450 -16.016555 20.429782 4.108351 -16.066795 -28.518383 0.000000 0.000000 0.000000 20.052383 -8.494120 38.367083 -25.244854 -5.334226 -7.014817 -8.925539 4.679045 -10.360121 0.000000 0.000000 0.000000 11.273934 1.324161 -45.578083 -6.901823 3.021201 4.493749 -28.794477 -15.205331 18.180133 0.000000 0.000000 0.000000
9.646109 0.164760 0.000000 7.919889 -0.222896 3.222700 -0.004220 0.012440 0.072531 -9.075917 6.391413 -3.087894 1.976493 1.356582 7.727779 2.139337 1.079586 7.777832 0.000000 0.000000 0.000000 -0.044948 -8.988772 0.571586 -0.004783 -0.297545 1.843950 0.000000 0.000000 0.000000 0.000000 0.000000 0.000000 -2.908652 -16.014931 20.460827 4.121349 -16.010818 -28.701831 0.000000 0.000000 0.000000 19.800131 -8.424808 38.432507 -24.803751 -5.401069 -7.132375 -9.000696 4.417985 -10.230704 0.000000 0.000000 0.000000 11.629186 1.516886 -45.475867 -6.874572 3.001782 4.464464 -28.909462 -14.699213 18.106465 0.000000 0.000000 0.000000
9.528559 0.164532 0.000000 7.920384 -0.227713 3.173673 -0.004068 0.012431 0.072542 -9.078083 6.359657 -3.039578 1.919405 1.316009 7.744708 2.077758 1.046348 7.791869 0.000000 0.000000 0.000000 -0.037284 -8.928745 0.477336 -0.004432 -0.271680 1.869405 0.000000 0.000000 0.000000 0.000000 0.000000 0.000000 -2.909428 -15.979783 20.510771 4.106018 -15.955117 -28.696099 0.000000 0.000000 0.000000 19.325997 -8.273352 38.470462 -24.092247 -5.583898 -7.411581 -8.985225 3.611000 -9.619092 0.000000 0.000000 0.000000 12.476276 1.975283 -45.320405 -7.022688 2.905663 4.233744 -29.178614 -14.070488 18.090375 0.000000 0.000000 0.000000
9.375275 0.164279 0.000000 7.918311 -0.236217 3.084227 -0.003804 0.012407 0.072509 -9.082084 6.300986 -2.951129 1.893367 1.255446 7.759586 2.044201 0.989235 7.804160 0.000000 0.000000 0.000000 -0.033016 -8.838739 0.427088 -0.004346 -0.273575 1.821783 0.000000 0.000000 0.000000 0.000000 0.000000 0.000000 -2.903325 -15.940491 20.518608 4.063785 -15.839570 -28.613628 0.000000 0.000000 0.000000 18.880620 -8.127465 38.491596 -23.498528 -5.674987 -7.576320 -8.944642 2.624717 -8.845866 0.000000 0.000000 0.000000 13.267737 2.398666 -45.069024 -7.487822 2.833608 3.956325 -29.119132 -13.408056 17.865054 0.000000 0.000000 0.000000
9.231445 0.163994 0.000000 7.911889 -0.244785 2.989943 -0.003545 0.012371 0.072396 -9.088558 6.206036 -2.858069 1.893298 1.151502 7.768691 2.030453 0.885844 7.810065 0.000000 0.000000 0.000000 -0.030896 -8.719968 0.405051 -0.004123 -0.275674 1.708856 0.000000 0.000000 0.000000 0.000000 0.000000 0.000000 -2.888711 -15.883173 20.490547 4.002142 -15.677388 -28.480543 0.000000 0.000000 0.000000 18.486567 -8.001834 38.524454 -22.997730 -5.748467 -7.713449 -8.909441 1.754587 -8.157934 0.000000 0.000000 0.000000 13.726062 2.638443 -44.805353 -7.808974 2.791278 3.781472 -28.957082 -12.845343 17.606873 0.000000 0.000000 0.000000
9.126402 0.163740 0.000000 7.904345 -0.251447 2.914292 -0.003350 0.012335 0.072262 -9.092300 6.151135 -2.782761 1.889338 1.020978 7.767789 2.009111 0.756978 7.805008 0.000000 0.000000 0.000000 -0.027524 -8.624289 0.364897 -0.003419 -0.245697 1.578811 0.000000 0.000000 0.000000 0.000000 0.000000 0.000000 -2.879139 -15.855220 20.459816 3.962959 -15.579102 -28.385802 0.000000 0.000000 0.000000 18.231137 -7.913470 38.516196 -22.614270 -5.765510 -7.771931 -8.792652 1.298915 -7.713704 0.000000 0.000000 0.000000 13.795006 2.669985 -44.627987 -7.749742 2.799883 3.815493 -28.857782 -12.506268 17.450580 0.000000 0.000000 0.000000
9.046049 0.163515 0.000000 7.892021 -0.259881 2.816031 -0.003110 0.012281 0.072042 -9.091195 6.167336 -2.683056 1.895953 0.899045 7.761180 1.999327 0.635414 7.794713 0.000000 0.000000 0.000000 -0.023669 -8.573114 0.315701 -0.002475 -0.197188 1.434549 0.000000 0.000000 0.000000 0.000000 0.000000 0.000000 -2.876385 -15.881994 20.406545 3.937868 -15.510404 -28.334846 0.000000 0.000000 0.000000 18.169238 -7.895171 38.527643 -22.524799 -5.691402 -7.690484 -8.719768 1.178622 -7.561755 0.000000 0.000000 0.000000 13.674570 2.603896 -44.580619 -7.669232 2.905464 4.040440 -28.852095 -12.378520 17.410555 0.000000 0.000000 0.000000
8.996233 0.163329 0.000000 7.881225 -0.273647 2.664636 -0.002732 0.012223 0.071852 -9.087437 6.222482 -2.529703 1.930820 0.880969 7.719318 2.030970 0.614309 7.752986 0.000000 0.000000 0.000000 -0.021036 -8.527892 0.282060 -0.002510 -0.200405 1.408329 0.000000 0.000000 0.000000 0.000000 0.000000 0.000000 -2.881469 -15.929312 20.381573 3.939694 -15.439711 -28.472896 0.000000 0.000000 0.000000 18.190564 -7.915704 38.585534 -22.525413 -5.547415 -7.514737 -8.689046 1.188851 -7.544498 0.000000 0.000000 0.000000 14.092791 2.825679 -44.527738 -8.119486 2.923876 3.944551 -28.872407 -12.792738 17.541580 0.000000 0.000000 0.000000
9.081252 0.163070 0.000000 7.880026 -0.292272 2.472597 -0.002245 0.012188 0.071839 -9.087020 6.228587 -2.337668 1.984560 0.925348 7.656812 2.089418 0.653425 7.692976 0.000000 0.000000 0.000000 -0.021020 -8.510059 0.281555 -0.002044 -0.193213 1.843852 0.000000 0.000000 0.000000 0.000000 0.000000 0.000000 -2.891556 -15.954127 20.420024 4.006414 -15.392243 -29.027003 0.000000 0.000000 0.000000 18.236067 -7.943130 38.637643 -22.622497 -5.340754 -7.255041 -8.670702 1.348333 -7.650388 0.000000 0.000000 0.000000 14.476988 3.029250 -44.481945 -8.697807 2.952484 3.831096 -28.963564 -13.397054 17.768787 0.000000 0.000000 0.000000
9.566589 0.162736 0.000000 7.871671 -0.309604 2.287494 -0.001826 0.012135 0.071695 -9.081408 6.310870 -2.150465 2.027207 0.896954 7.578202 2.127100 0.622486 7.614251 0.000000 0.000000 0.000000 -0.042075 -8.615365 0.548328 0.007021 0.080351 3.143948 0.000000 0.000000 0.000000 0.000000 0.000000 0.000000 -2.926537 -16.123952 20.446236 4.170152 -15.239636 -30.472227 0.000000 0.000000 0.000000 18.393661 -7.983826 38.582650 -23.134975 -5.062824 -6.874665 -8.669294 2.212993 -8.303371 0.000000 0.000000 0.000000 13.960194 2.752199 -44.476036 -8.912623 3.084920 4.018718 -28.798642 -13.450613 17.686378 0.000000 0.000000 0.000000
10.563512 0.162206 0.000000 7.855861 -0.327335 2.091584 -0.001417 0.012060 0.071415 -9.068734 6.496692 -1.949912 2.041017 0.870672 7.544696 2.136986 0.595846 7.580258 0.000000 0.000000 0.000000 -0.137043 -8.963417 1.695098 0.033710 0.862978 4.541143 0.000000 0.000000 0.000000 0.000000 0.000000 0.000000 -2.996439 -16.376455 20.606705 4.426359 -15.042859 -32.585083 0.000000 0.000000 0.000000 18.624574 -8.020066 38.401129 -23.896875 -4.877028 -6.587392 -8.860392 3.865758 -9.703131 0.000000 0.000000 0.000000 12.533646 1.992180 -44.633127 -8.360302 3.387954 4.759650 -28.183106 -12.061678 16.935123 0.000000 0.000000 0.000000
12.019459 0.162414 0.000000 7.898826 -0.338095 2.018495 -0.001206 0.012179 0.072212 -9.057197 6.665495 -1.879511 2.124875 1.091147 7.558943 2.248711 0.803125 7.604404 0.000000 0.000000 0.000000 -0.650428 -10.691033 5.204490 0.087133 0.866453 3.558693 0.000000 0.000000 0.000000 0.000000 0.000000 0.000000 -3.107811 -16.324767 21.417162 4.973050 -15.874848 -34.503348 0.000000 0.000000 0.000000 18.306584 -7.745495 37.639770 -23.866154 -4.934352 -6.657832 -8.800147 5.068714 -10.542953 0.000000 0.000000 0.000000 10.557261 0.934755 -44.914883 -6.981288 3.690317 5.778297 -26.687950 -8.748733 15.174897 0.000000 0.000000 0.000000
13.423945 0.163232 0.000000 8.094229 -0.360519 1.957355 -0.000812 0.012769 0.075900 -9.015119 7.279483 -1.836773 2.187434 1.564715 7.537389 2.371039 1.265502 7.600179 0.000000 0.000000 0.000000 -1.754599 -14.042637 11.313753 0.549757 1.543438 0.671942 0.000000 0.000000 0.000000 0.000000 0.000000 0.000000 -3.511855 -16.871455 23.167466 5.843194 -17.216869 -37.176136 0.000000 0.000000 0.000000 17.112930 -6.950944 35.685177 -22.792917 -4.759679 -6.517457 -7.834484 5.371193 -9.955292 0.000000 0.000000 0.000000 9.176558 0.187432 -45.061664 -6.032630 4.185995 7.057725 -24.025357 -3.149139 12.173202 0.000000 0.000000 0.000000
14.247361 0.164556 0.000000 8.531540 -0.399938 1.930080 -0.000154 0.014142 0.084364 -8.917929 8.691388 -1.863997 1.908673 1.886704 7.423428 2.133262 1.625064 7.487150 0.000000 0.000000 0.000000 -1.877601 -9.626904 14.805279 2.317874 13.278224 1.936597 0.000000 0.000000 0.000000 0.000000 0.000000 0.000000 -4.946131 -20.061980 26.524066 6.916375 -17.426519 -42.734256 0.000000 0.000000 0.000000 15.028854 -5.623689 32.138337 -20.167023 -3.769857 -5.415927 -6.526569 3.820360 -7.695645 0.000000 0.000000 0.000000 10.051828 0.637612 -44.946276 -7.542781 5.182373 8.376716 -23.140404 -0.077142 10.875678 0.000000 0.000000 0.000000
14.367147 0.165976 0.000000 9.010993 -0.441032 1.920660 0.000519 0.015705 0.093978 -8.792706 10.499687 -1.935611 1.728449 1.879650 7.369911 1.952243 1.642608 7.426148 0.000000 0.000000 0.000000 1.518832 16.362865 10.715615 5.102042 46.303933 11.995866 0.000000 0.000000 0.000000 0.000000 0.000000 0.000000 -8.295341 -27.065766 32.491056 9.267625 -18.423168 -52.999699 0.000000 0.000000 0.000000 12.471753 -4.293825 28.194961 -15.019405 -2.009709 -3.215578 -8.132563 0.104254 -6.250512 0.000000 0.000000 0.000000 13.815201 2.539228 -42.953092 -14.060970 6.866986 8.985267 -25.750509 -6.519943 14.080857 0.000000 0.000000 0.000000
13.646291 0.169563 0.000000 9.211407 -0.458786 1.910338 0.000811 0.016386 0.098161 -8.734673 11.331561 -1.969588 2.459144 1.529208 7.628408 2.634452 1.189801 7.696872 0.000000 0.000000 0.000000 2.047148 23.787791 9.745787 2.512882 57.320660 6.161031 0.000000 0.000000 0.000000 0.000000 0.000000 0.000000 -12.574044 -36.104732 37.302514 12.355041 -21.610832 -59.583134 0.000000 0.000000 0.000000 7.998261 -2.833449 24.873715 -8.385209 -0.000979 -0.213228 -7.386966 -2.221876 -3.869136 0.000000 0.000000 0.000000 19.177274 5.004947 -38.641011 -26.414513 8.838951 7.712247 -30.903924 -21.037645 21.278459 0.000000 0.000000 0.000000
11.834188 0.173990 0.000000 9.226436 -0.447612 2.058103 0.000812 0.016440 0.098484 -8.819402 10.113830 -2.100173 2.957402 0.597109 8.055531 3.003714 0.178152 8.092487 0.000000 0.000000 0.000000 1.913730 28.513281 7.665740 -10.786134 65.250464 -14.447079 0.000000 0.000000 0.000000 0.000000 0.000000 0.000000 -14.668496 -42.038439 37.037695 16.764140 -31.384478 -55.815122 0.000000 0.000000 0.000000 2.451894 -1.576286 23.364743 -0.749523 0.836080 1.527160 -7.626629 -2.120784 -4.176245 0.000000 0.000000 0.000000 18.548836 4.302183 -30.629263 -32.620259 10.282861 7.577339 -36.570850 -23.424513 25.724819 0.000000 0.000000 0.000000
9.212975 0.173006 0.000000 9.358848 -0.413141 2.599657 0.000908 0.016904 0.101295 -8.957354 8.121054 -2.634170 3.177068 -0.933391 8.316384 3.008376 -1.384372 8.274007 0.000000 0.000000 0.000000 -0.118417 30.085468 -0.871089 -28.884054 65.901666 -42.478501 0.000000 0.000000 0.000000 0.000000 0.000000 0.000000 -14.734179 -42.114391 37.128197 19.906406 -41.176251 -50.405004 0.000000 0.000000 0.000000 1.392101 -1.303892 22.244075 -0.955424 1.203404 2.279757 -11.274483 0.404539 -9.053058 0.000000 0.000000 0.000000 12.669175 1.931437 -20.995840 -28.118430 10.888638 9.611614 -33.788078 -15.839934 22.035172 0.000000 0.000000 0.000000
6.849797 0.156334 0.000000 9.384382 -0.327258 3.639605 0.000624 0.017008 0.101796 -9.055417 6.690748 -3.658574 3.151534 -1.315231 7.865026 2.934581 -1.740389 7.798322 0.000000 0.000000 0.000000 -4.045478 27.293257 -17.946261 -17.015629 58.825314 -29.383143 0.000000 0.000000 0.000000 0.000000 0.000000 0.000000 -15.469903 -41.569496 39.458065 23.943151 -50.674661 -46.984208 0.000000 0.000000 0.000000 3.625051 -1.466764 20.323505 -8.880113 -0.110088 -0.005878 -11.917193 4.628371 -13.076130 0.000000 0.000000 0.000000 5.191220 -0.060071 -12.864846 -18.001735 7.144212 7.774923 -19.396250 -4.885812 10.456487 0.000000 0.000000 0.000000
5.134048 0.122580 0.000000 9.272570 -0.227588 4.675046 -0.000566 0.016677 0.099332 -9.137984 5.478978 -4.674820 2.527587 -0.996134 6.949332 2.373623 -1.299874 6.898433 0.000000 0.000000 0.000000 -5.833601 20.271776 -32.999256 -8.976796 55.811507 -17.418780 0.000000 0.000000 0.000000 0.000000 0.000000 0.000000 -16.526349 -39.232632 44.528676 42.391123 -64.340671 -60.060268 0.000000 0.000000 0.000000 14.114984 -2.506458 17.618616 -31.054489 -2.450722 -3.619519 -15.848761 6.374303 -18.732064 0.000000 0.000000 0.000000 2.876259 -0.193742 -6.953012 -13.317243 3.125752 2.808104 -11.363183 3.508753 4.587340 0.000000 0.000000 0.000000
4.205971 0.077755 0.000000 9.062814 -0.116316 5.670877 -0.004181 0.016182 0.094882 -9.239401 3.980596 -5.666628 2.353107 -0.752132 6.300246 2.243968 -1.007502 6.255156 0.000000 0.000000 0.000000 -3.339717 9.855762 -38.817672 -9.612627 43.162507 -25.590736 0.000000 0.000000 0.000000 0.000000 0.000000 0.000000 -17.732635 -36.120612 51.182961 80.627507 -73.560937 -95.103555 0.000000 0.000000 0.000000 31.799717 -3.428607 13.262989 -65.617298 -3.171838 -3.049586 -33.431995 7.392368 -37.833113 0.000000 0.000000 0.000000 0.980750 -0.362581 -5.233047 -9.194923 1.191282 0.415922 -9.394689 10.097483 2.448051 0.000000 0.000000 0.000000
3.635740 0.043664 0.000000 8.669540 0.041599 6.894701 -0.012471 0.015392 0.086754 -9.425137 1.233482 -6.900772 2.919870 -2.585502 7.010428 2.567250 -2.917111 6.879884 0.000000 0.000000 0.000000 1.220620 -2.933814 -41.822166 -4.723962 15.345230 -30.833199 0.000000 0.000000 0.000000 0.000000 0.000000 0.000000 -18.642655 -34.523620 55.574705 126.454679 -76.308427 -135.115849 0.000000 0.000000 0.000000 46.543910 -2.261352 7.477422 -89.553469 -5.534761 -3.209085 -47.710370 3.142780 -52.191253 0.000000 0.000000 0.000000 -2.196689 -0.918307 -5.974182 -4.057792 0.923482 1.063873 -9.096487 10.482900 2.256583 0.000000 0.000000 0.000000
2.975056 0.032913 0.000000 8.334081 0.160832 7.726365 -0.020662 0.014827 0.080006 -9.469611 0.573217 -7.739489 2.141951 -2.810601 8.084878 1.717823 -3.083653 7.967667 0.000000 0.000000 0.000000 7.258029 -17.585392 -43.644481 1.551166 -9.602556 -25.440267 0.000000 0.000000 0.000000 0.000000 0.000000 0.000000 -21.751260 -35.000093 62.549221 132.096762 -69.415227 -136.918598 0.000000 0.000000 0.000000 57.146159 0.483269 1.327727 -106.700106 -8.207172 -3.546248 -55.773234 12.243539 -70.089559 0.000000 0.000000 0.000000 -1.331066 -0.939835 -7.342399 -2.730898 1.346679 2.303702 -8.894213 8.225273 2.633907 0.000000 0.000000 0.000000
2.099067 0.034824 0.000000 8.320622 0.120763 7.284403 -0.018400 0.014634 0.079785 -9.324267 2.728412 -7.253761 1.491590 -1.982234 8.552935 1.179976 -2.182263 8.498084 0.000000 0.000000 0.000000 11.458309 -25.689512 -47.378843 2.713379 -19.585535 -15.462187 0.000000 0.000000 0.000000 0.000000 0.000000 0.000000 -25.917561 -35.137679 71.729152 38.902846 -63.458560 -33.566880 0.000000 0.000000 0.000000 56.559365 4.973006 -6.407519 -111.740154 -6.314384 -3.029272 -59.205599 20.803755 -80.992546 0.000000 0.000000 0.000000 -0.954822 -0.861442 -7.216146 -1.254787 1.781628 3.668084 -10.524694 8.378829 3.267871 0.000000 0.000000 0.000000
1.494219 0.031752 0.000000 8.226632 0.097490 6.909338 -0.017843 0.014300 0.078025 -9.262759 3.639236 -6.857242 1.510314 -1.449235 9.385976 1.254871 -1.677365 9.348000 0.000000 0.000000 0.000000 13.012071 -26.630597 -51.480871 1.884459 -17.616727 -12.029402 0.000000 0.000000 0.000000 0.000000 0.000000 0.000000 -30.939438 -36.243936 80.279910 -148.566316 -56.914913 162.759339 0.000000 0.000000 0.000000 58.956206 8.350770 -11.755975 -103.678969 -10.719413 -3.886998 -57.655669 9.043258 -72.412328 0.000000 0.000000 0.000000 -0.406113 -0.814439 -7.665163 -1.750887 2.971574 6.083116 -8.726438 9.980316 2.213684 0.000000 0.000000 0.000000
1.104900 0.024283 0.000000 8.123388 0.095669 6.751571 -0.018516 0.014020 0.076076 -9.299288 3.099096 -6.705409 1.685661 -0.706528 9.678465 1.542553 -0.980046 9.660516 0.000000 0.000000 0.000000 13.719254 -25.912824 -55.203927 1.336269 -16.819076 -9.021473 0.000000 0.000000 0.000000 0.000000 0.000000 0.000000 -35.073773 -38.231787 84.641812 -141.558499 -52.914543 160.358086 0.000000 0.000000 0.000000 69.452641 5.511982 -4.963809 -104.052284 -7.852308 -3.316296 -51.823450 26.730629 -74.820711 0.000000 0.000000 0.000000 -0.255064 -0.846521 -8.234485 -3.102885 4.032543 7.838332 -8.364627 6.170597 2.755913 0.000000 0.000000 0.000000
0.631667 0.019088 0.000000 8.204021 0.042141 6.291143 -0.015278 0.014062 0.077658 -9.257244 3.720803 -6.234330 1.745776 -0.673469 9.606176 1.608639 -0.955600 9.588615 0.000000 0.000000 0.000000 14.446430 -25.540569 -58.435358 1.244478 -17.054117 -8.313964 0.000000 0.000000 0.000000 0.000000 0.000000 0.000000 -38.010977 -38.931423 88.483069 -133.474851 -50.495864 157.141950 0.000000 0.000000 0.000000 68.493307 4.867016 -4.315101 -99.371254 -7.466250 -3.448565 -50.581029 30.515722 -75.056318 0.000000 0.000000 0.000000 -1.785813 -1.117022 -8.328868 -3.461682 4.845824 9.431833 -6.250800 6.246906 1.875728 0.000000 0.000000 0.000000
-0.001435 0.019214 0.000000 8.436347 -0.071485 5.358649 -0.009483 0.014439 0.082295 -9.216326 4.325547 -5.301902 1.739954 -0.516398 9.446658 1.630564 -0.794497 9.434039 0.000000 0.000000 0.000000 14.918814 -24.591225 -62.063186 1.556496 -18.970575 -9.219114 0.000000 0.000000 0.000000 0.000000 0.000000 0.000000 -39.920931 -39.407886 90.804663 -124.972292 -47.234177 154.435435 0.000000 0.000000 0.000000 59.511266 5.545032 -6.375649 -92.074502 -4.519659 -2.963689 -45.482596 32.327168 -69.231503 0.000000 0.000000 0.000000 -4.108011 -1.327783 -6.725130 -2.104058 4.458403 9.221928 -5.370956 8.407570 1.164347 0.000000 0.000000 0.000000
-0.457953 0.033544 0.000000 8.902378 -0.230625 4.183286 -0.002500 0.015519 0.091617 -9.218407 4.294806 -4.157970 1.818336 0.063720 9.124920 1.805828 -0.223797 9.131635 0.000000 0.000000 0.000000 14.304450 -22.393035 -64.877239 2.749451 -19.624573 -15.572125 0.000000 0.000000 0.000000 0.000000 0.000000 0.000000 -39.397538 -38.598367 91.263251 -116.277849 -43.337851 152.283459 0.000000 0.000000 0.000000 49.138258 4.282781 -5.855098 -81.697329 -0.567900 -1.739185 -35.776691 29.402064 -55.314519 0.000000 0.000000 0.000000 -4.296719 -1.062264 -4.549124 -4.294443 3.903352 7.155314 -4.461304 7.106321 0.998224 0.000000 0.000000 0.000000
-0.595091 0.064502 0.000000 9.112760 -0.326654 3.340452 -0.000208 0.016096 0.096009 -9.185236 4.784129 -3.327603 1.922291 -0.099386 8.556745 1.886106 -0.384332 8.559291 0.000000 0.000000 0.000000 12.744360 -18.915789 -68.001582 4.314425 -18.178383 -28.639568 0.000000 0.000000 0.000000 0.000000 0.000000 0.000000 -35.756868 -35.090083 91.086338 -108.025325 -41.230361 149.437157 0.000000 0.000000 0.000000 35.119030 2.488015 -4.541386 -63.880565 2.004146 0.017733 -29.874607 27.983631 -47.439311 0.000000 0.000000 0.000000 -4.578000 -0.891808 -3.016583 -5.623915 3.390146 5.630488 -4.603302 4.426459 1.500489 0.000000 0.000000 0.000000
-0.550004 0.097836 0.000000 9.138824 -0.357902 3.007201 0.000107 0.016170 0.096580 -9.156299 5.209652 -2.998373 1.579346 -0.569883 8.521153 1.477342 -0.797565 8.508496 0.000000 0.000000 0.000000 9.220482 -13.072561 -71.615309 2.654629 -9.220287 -45.798033 0.000000 0.000000 0.000000 0.000000 0.000000 0.000000 -34.359359 -33.774809 90.948847 -103.909969 -40.385097 147.818608 0.000000 0.000000 0.000000 15.875616 1.272687 -4.550500 -36.444123 3.484349 2.514984 -25.388797 24.546141 -40.186878 0.000000 0.000000 0.000000 -5.233852 -0.982052 -3.050118 -6.937417 3.639824 5.683592 -8.707294 2.054818 3.645153 0.000000 0.000000 0.000000
-0.545009 0.118618 0.000000 9.246892 -0.394543 2.694361 0.000540 0.016530 0.098908 -9.084623 6.263736 -2.699936 1.503223 -1.096608 8.451435 1.326254 -1.305390 8.422523 0.000000 0.000000 0.000000 2.371472 -3.422989 -76.749483 -6.707027 9.064626 -62.231048 0.000000 0.000000 0.000000 0.000000 0.000000 0.000000 -38.339399 -35.512098 94.600086 -90.938710 -38.346266 141.851489 0.000000 0.000000 0.000000 -3.251772 0.024327 -3.862969 -10.756063 2.919448 3.925048 -24.282972 20.957284 -36.745761 0.000000 0.000000 0.000000 -6.023677 -1.039967 -2.746800 -7.206714 3.806279 5.919804 -11.166919 2.260147 4.704958 0.000000 0.000000 0.000000
-0.510058 0.132260 0.000000 9.449915 -0.443590 2.328250 0.001085 0.017228 0.103302 -9.054172 6.710164 -2.360316 1.924352 -1.483825 8.142230 1.692944 -1.741498 8.093835 0.000000 0.000000 0.000000 -6.120863 6.144856 -83.519683 -18.677829 19.295031 -82.159488 0.000000 0.000000 0.000000 0.000000 0.000000 0.000000 -42.968691 -37.516844 98.370449 -73.985748 -35.940625 132.684255 0.000000 0.000000 0.000000 -9.110264 -0.287386 -2.979027 -5.445978 1.511572 2.338631 -20.127296 17.447084 -30.021937 0.000000 0.000000 0.000000 -6.585502 -1.030569 -2.209623 -8.940880 3.853512 5.450310 -9.435292 3.922554 3.624940 0.000000 0.000000 0.000000
-0.429662 0.153075 0.000000 9.548887 -0.496318 1.802342 0.001318 0.017577 0.105480 -9.038708 6.936437 -1.851059 2.480840 -1.512905 8.048752 2.242052 -1.845972 7.986655 0.000000 0.000000 0.000000 -19.491489 18.281541 -91.293445 -33.581553 27.738736 -100.694270 0.000000 0.000000 0.000000 0.000000 0.000000 0.000000 -46.926505 -37.740415 103.437436 -58.114037 -33.889506 122.289747 0.000000 0.000000 0.000000 -9.927474 -0.290941 -2.002818 -6.163454 0.200811 0.044182 -15.414699 12.502862 -21.787630 0.000000 0.000000 0.000000 -6.433477 -0.926941 -1.655385 -11.723875 4.023718 4.888528 -6.029163 3.423573 2.218739 0.000000 0.000000 0.000000
-0.363462 0.176391 0.000000 9.408100 -0.557036 0.942548 0.001147 0.017075 0.102412 -9.013434 7.304188 -0.986891 2.549886 -1.611518 8.011987 2.296506 -1.950904 7.947326 0.000000 0.000000 0.000000 -32.311454 33.118126 -90.795515 -35.246344 26.782226 -102.239509 0.000000 0.000000 0.000000 0.000000 0.000000 0.000000 -54.711675 -41.990329 106.669495 -57.316850 -34.275122 119.234318 0.000000 0.000000 0.000000 -9.707286 -0.256859 -1.069344 -4.196367 -0.755309 -1.468247 -12.417484 7.172591 -15.293161 0.000000 0.000000 0.000000 -5.832408 -0.722521 -0.719661 -10.954523 3.675112 4.500911 -4.368735 1.828822 1.726204 0.000000 0.000000 0.000000
-0.375881 0.193175 0.000000 9.291336 -0.680948 -0.627636 0.001018 0.016660 0.099881 -8.898335 8.968053 0.546079 2.758780 -1.105535 8.158858 2.569000 -1.483191 8.124948 0.000000 0.000000 0.000000 -27.985398 50.667102 -60.665438 -18.218296 23.151005 -62.023761 0.000000 0.000000 0.000000 0.000000 0.000000 0.000000 -66.668372 -49.635241 110.219615 -61.303776 -27.790642 127.049099 0.000000 0.000000 0.000000 -7.816636 -0.184537 0.465880 -5.192584 -1.432384 -2.603570 -5.965451 8.595636 -10.636508 0.000000 0.000000 0.000000 -4.193384 -0.343171 0.815626 -11.059335 3.322433 3.837332 -5.288285 -2.159365 2.865628 0.000000 0.000000 0.000000
-0.477660 0.209302 0.000000 9.290869 -0.868821 -2.872437 0.001083 0.016646 0.099825 -8.670774 12.207208 2.637985 3.194879 -0.099883 7.955342 3.150741 -0.540995 7.967341 0.000000 0.000000 0.000000 -5.982584 66.439941 -9.398278 1.526739 21.657267 16.665596 0.000000 0.000000 0.000000 0.000000 0.000000 0.000000 -71.329335 -58.332431 104.022956 -76.692271 -24.341868 133.319728 0.000000 0.000000 0.000000 -4.762075 -0.126289 2.595096 -7.719953 -1.774937 -3.166541 1.074145 15.014947 -9.007312 0.000000 0.000000 0.000000 -0.701611 0.140236 1.700383 -12.338977 3.700729 3.936049 -13.801494 -9.405654 8.773744 0.000000 0.000000 0.000000
-0.693626 0.233302 0.000000 9.474260 -1.075032 -5.280230 0.002504 0.017191 0.103670 -8.356993 16.580031 4.695273 1.993766 -0.773829 7.837447 1.872956 -1.042569 7.823399 0.000000 0.000000 0.000000 -13.941143 63.401672 -22.853794 -2.201282 7.859543 47.105690 0.000000 0.000000 0.000000 0.000000 0.000000 0.000000 -59.255938 -52.973459 97.227936 -22.249994 -31.021059 46.021356 0.000000 0.000000 0.000000 -3.802512 -0.140862 4.641287 -6.120030 -1.398004 -2.540916 -8.098914 15.749134 -17.278548 0.000000 0.000000 0.000000 7.340214 0.963291 0.047634 -22.048622 6.490885 5.280087 -29.533086 -19.063834 20.159399 0.000000 0.000000 0.000000
-0.923509 0.271799 0.000000 9.653906 -1.324475 -8.278539 0.006349 0.017543 0.107358 -8.117262 19.805249 7.224477 1.037476 -1.966182 7.408530 0.776042 -2.084236 7.372678 0.000000 0.000000 0.000000 -27.625995 60.994665 -44.850011 -20.744738 -7.469253 72.084143 0.000000 0.000000 0.000000 0.000000 0.000000 0.000000 -51.046599 -46.852809 95.377126 50.174458 -33.102232 -36.875772 0.000000 0.000000 0.000000 -4.633716 -0.139696 6.650374 1.546546 -1.045620 -1.723909 -16.729548 11.050034 -22.072695 0.000000 0.000000 0.000000 27.382178 3.419384 -3.211180 -43.551125 9.841614 5.237080 -43.170176 -23.094648 30.048154 0.000000 0.000000 0.000000
-0.865910 0.309169 0.000000 9.641364 -1.584385 -11.473812 0.010783 0.017127 0.106712 -7.982296 21.568330 10.019033 0.381760 -2.640614 7.149478 0.046338 -2.665016 7.124712 0.000000 0.000000 0.000000 -38.335811 62.683958 -58.507184 -58.610609 -0.086014 9.238980 0.000000 0.000000 0.000000 0.000000 0.000000 0.000000 -56.423958 -44.665800 104.810339 -100.828265 -28.155366 140.905418 0.000000 0.000000 0.000000 -5.596674 -0.106588 7.831095 9.523009 0.254769 1.244256 -17.145213 7.968136 -20.239118 0.000000 0.000000 0.000000 58.642858 8.553327 -3.913185 -68.289733 4.144536 -3.399999 -48.667197 -14.838132 30.619546 0.000000 0.000000 0.000000
-0.457619 0.335837 0.000000 9.618077 -1.795888 -14.058789 0.014764 0.016704 0.105826 -7.912657 22.440569 12.286911 -0.539778 -2.464085 7.052809 -0.845232 -2.379939 7.070867 0.000000 0.000000 0.000000 -50.457789 63.828778 -74.072044 -71.236451 18.540372 -34.439310 0.000000 0.000000 0.000000 0.000000 0.000000 0.000000 -59.483697 -43.765377 109.553354 -62.316225 -28.375831 117.858747 0.000000 0.000000 0.000000 -6.260846 -0.074050 8.212349 13.510949 1.202676 3.862082 -15.006935 5.772431 -16.587458 0.000000 0.000000 0.000000 83.812858 15.308462 -6.686086 -80.045123 -11.586258 -14.285478 -52.795007 -1.190627 27.053735 0.000000 0.000000 0.000000
0.115975 0.357219 0.000000 9.646426 -1.896288 -15.313815 0.019902 0.016440 0.106380 -7.783251 24.022499 13.150104 -1.301679 -2.018305 6.467642 -1.515813 -1.850871 6.520082 0.000000 0.000000 0.000000 -51.316637 65.436425 -72.024338 33.620463 11.282068 132.108494 0.000000 0.000000 0.000000 0.000000 0.000000 0.000000 -53.177819 -47.481876 97.156671 -109.189778 -32.666040 155.538563 0.000000 0.000000 0.000000 -6.806496 -0.047787 8.318646 14.737048 1.566590 5.005746 -11.990754 4.751968 -13.072381 0.000000 0.000000 0.000000 98.769415 22.968079 -10.690186 -69.829225 -33.494399 -32.266745 -69.659324 8.708424 33.654674 0.000000 0.000000 0.000000
0.600503 0.371664 0.000000 9.831284 -1.928251 -15.870225 0.035215 0.016147 0.110977 -7.614323 26.109242 13.216084 -2.593002 -2.076959 7.435742 -2.814908 -1.723910 7.525461 0.000000 0.000000 0.000000 -78.149393 64.155829 -100.690000 76.234421 39.034227 82.829317 0.000000 0.000000 0.000000 0.000000 0.000000 0.000000 -47.441582 -45.798295 91.409747 -90.252784 -32.581818 144.024971 0.000000 0.000000 0.000000 -7.623740 -0.008074 8.015035 16.292304 1.930040 6.242767 -10.646334 3.192322 -10.709609 0.000000 0.000000 0.000000 110.317545 29.045756 -12.111455 -39.687287 -49.622022 -65.355686 -107.625077 6.862008 40.007637 0.000000 0.000000 0.000000
1.036345 0.372555 0.000000 10.142094 -1.900257 -15.802871 0.058099 0.015862 0.118757 -7.799335 23.871695 13.418564 -2.813266 -0.819576 8.501107 -2.904432 -0.396845 8.547245 0.000000 0.000000 0.000000 -111.082345 57.587272 -138.733273 -9.239041 33.954177 -30.762321 0.000000 0.000000 0.000000 0.000000 0.000000 0.000000 -37.574965 -42.611777 82.247454 -61.606402 -33.301993 126.425627 0.000000 0.000000 0.000000 -7.640675 0.009727 8.967280 19.225724 1.088795 4.534571 -11.897806 2.003911 -10.797422 0.000000 0.000000 0.000000 114.607564 33.924571 -14.526791 8.252593 -40.370199 -97.679839 -141.450614 -18.253806 1.238159 0.000000 0.000000 0.000000
1.521553 0.365786 0.000000 9.893134 -1.880656 -15.339065 0.038109 0.016204 0.112511 -7.838623 23.380866 13.204092 -2.382297 -1.750493 8.765408 -2.620796 -1.370215 8.837291 0.000000 0.000000 0.000000 -104.361716 54.733758 -136.530060 -11.085509 28.115160 -47.700424 0.000000 0.000000 0.000000 0.000000 0.000000 0.000000 -39.286459 -42.702853 85.050668 -73.767054 -39.173138 129.026370 0.000000 0.000000 0.000000 -7.039521 -0.017280 9.347768 19.258194 0.527680 2.856056 -15.855006 -2.610278 -10.229381 0.000000 0.000000 0.000000 111.575937 39.388924 -20.979290 41.064141 -14.513764 -85.845388 -153.383343 -45.710838 -48.351751 0.000000 0.000000 0.000000
1.998422 0.365189 0.000000 9.563802 -1.833055 -14.486202 0.013274 0.016593 0.104551 -7.725511 24.782381 12.340866 -2.537025 -3.546588 8.981734 -3.042544 -3.115374 9.147267 0.000000 0.000000 0.000000 -85.440121 45.537447 -131.188682 -9.821404 14.299377 -69.387811 0.000000 0.000000 0.000000 0.000000 0.000000 0.000000 -38.166894 -37.013043 91.944061 -60.124093 -34.479932 123.610606 0.000000 0.000000 0.000000 -6.261186 -0.067359 8.969833 19.763016 0.312280 2.281967 -22.180813 -9.788444 -8.993366 0.000000 0.000000 0.000000 102.770237 43.774765 -30.452297 57.752269 -2.348819 -40.838457 -122.418837 -44.391848 117.546247 0.000000 0.000000 0.000000
2.290654 0.363344 0.000000 9.367856 -1.780322 -13.705989 0.000054 0.016755 0.100052 -7.676533 25.373293 11.621126 -3.973826 -4.181059 8.985672 -4.547650 -3.523634 9.276103 0.000000 0.000000 0.000000 -76.335835 40.167294 -129.893855 -7.691098 9.911526 -75.998038 0.000000 0.000000 0.000000 0.000000 0.000000 0.000000 -35.210969 -33.292127 93.407529 -53.468802 -30.610490 123.130775 0.000000 0.000000 0.000000 -5.971472 -0.086164 8.549247 19.239883 0.040372 1.415251 -24.846037 -13.983345 -6.741977 0.000000 0.000000 0.000000 96.169178 46.904277 -37.982221 63.188513 -2.480376 -27.593811 -113.478777 -46.402242 107.149012 0.000000 0.000000 0.000000
2.470047 0.365369 0.000000 9.516447 -1.752293 -13.468994 0.008488 0.016771 0.103636 -7.661939 25.531389 11.296121 -4.820181 -3.471385 9.170487 -5.285273 -2.675658 9.470704 0.000000 0.000000 0.000000 -67.350306 38.499658 -124.691323 -8.130719 9.105498 -83.251685 0.000000 0.000000 0.000000 0.000000 0.000000 0.000000 -29.434568 -28.041202 92.592291 -39.634126 -21.992889 123.495869 0.000000 0.000000 0.000000 -5.945850 -0.087321 8.512662 17.599800 -0.134164 0.756869 -24.842429 -13.848058 -6.720430 0.000000 0.000000 0.000000 100.261308 47.560062 -35.554171 51.274875 -4.543535 -49.438506 -124.458717 -47.233708 119.280381 0.000000 0.000000 0.000000
2.748386 0.367721 0.000000 9.879322 -1.769344 -13.916913 0.029820 0.016722 0.112174 -7.493223 27.560355 11.180000 -5.672789 -1.907743 9.338904 -5.891528 -0.976992 9.574901 0.000000 0.000000 0.000000 -70.188561 40.072801 -125.132909 -7.286915 9.443637 -73.289005 0.000000 0.000000 0.000000 0.000000 0.000000 0.000000 -24.719261 -25.122068 88.960442 -20.128393 -11.278272 122.100989 0.000000 0.000000 0.000000 -6.310352 -0.064877 8.988128 16.314031 -0.268198 0.265044 -19.622033 -7.246873 -9.220775 0.000000 0.000000 0.000000 101.270924 47.565497 -34.847820 33.522078 -13.527812 -74.598116 -125.350640 -34.000656 110.367838 0.000000 0.000000 0.000000
3.018181 0.369002 0.000000 10.005014 -1.817416 -14.612371 0.040367 0.016499 0.115208 -7.556906 26.803212 11.874671 -5.254174 -0.595812 9.713620 -5.276832 0.294196 9.812865 0.000000 0.000000 0.000000 -75.375960 41.831921 -127.518021 -5.541784 9.176154 -62.943156 0.000000 0.000000 0.000000 0.000000 0.000000 0.000000 -25.627991 -26.091215 88.708596 -23.191142 -13.042015 122.470864 0.000000 0.000000 0.000000 -6.772675 -0.037663 9.113246 15.622496 0.044890 1.067099 -12.605509 -0.069244 -9.703895 0.000000 0.000000 0.000000 100.190819 40.667164 -28.393038 8.555111 -28.471664 -79.254321 -116.290554 8.098642 75.476949 0.000000 0.000000 0.000000
3.195507 0.356378 0.000000 9.928696 -1.882568 -15.379522 0.039619 0.016230 0.113289 -7.671916 25.434374 12.854897 -4.626567 0.114837 9.715441 -4.539859 0.895322 9.735081 0.000000 0.000000 0.000000 -84.331904 48.953447 -126.665463 -9.431361 15.643860 -61.721819 0.000000 0.000000 0.000000 0.000000 0.000000 0.000000 -29.792774 -28.936564 91.635175 -33.380443 -19.458840 120.121688 0.000000 0.000000 0.000000 -7.756931 0.012114 8.860893 15.344531 0.402105 2.015921 -5.933622 5.684797 -8.599564 0.000000 0.000000 0.000000 92.317377 33.537016 -25.407723 -28.924606 -38.292678 -58.820343 -100.397766 9.372858 56.720548 0.000000 0.000000 0.000000
3.319650 0.323272 0.000000 9.837694 -1.907156 -15.612011 0.034504 0.016205 0.111024 -7.641124 25.793065 13.037647 -3.852635 -0.258644 9.284031 -3.838387 0.369015 9.314989 0.000000 0.000000 0.000000 -90.746331 54.592851 -125.897643 -15.772199 23.900411 -63.712853 0.000000 0.000000 0.000000 0.000000 0.000000 0.000000 -32.172988 -29.417376 94.859623 -32.032681 -20.008602 115.621170 0.000000 0.000000 0.000000 -8.722495 0.043560 7.951265 16.101686 0.645574 2.757132 -6.860710 8.219313 -11.251997 0.000000 0.000000 0.000000 77.329109 24.913107 -23.226789 -60.826656 -26.865449 -29.201210 -71.899636 -2.656680 40.752097 0.000000 0.000000 0.000000
3.355046 0.278088 0.000000 9.690805 -1.892826 -15.310840 0.023182 0.016391 0.107447 -7.526520 27.169986 12.582230 -3.032290 -1.098065 8.445098 -3.155240 -0.642467 8.514324 0.000000 0.000000 0.000000 -85.897285 56.614340 -119.922697 -21.790921 26.408947 -78.103415 0.000000 0.000000 0.000000 0.000000 0.000000 0.000000 -39.351239 -31.579738 103.185266 -27.146691 -21.004032 105.350499 0.000000 0.000000 0.000000 -8.532997 0.000420 6.703551 15.968210 0.852324 3.305582 -13.548779 8.987994 -17.571690 0.000000 0.000000 0.000000 59.286045 15.635330 -18.712124 -70.541366 -4.283773 -8.898157 -54.983773 -15.085639 35.114867 0.000000 0.000000 0.000000
3.217774 0.242126 0.000000 9.540887 -1.836922 -14.507287 0.011233 0.016631 0.103930 -7.605727 26.226302 12.111074 -2.940377 -1.440062 7.096375 -3.089460 -1.067004 7.177980 0.000000 0.000000 0.000000 -82.584464 53.903737 -119.825565 -20.751472 22.327479 -83.324030 0.000000 0.000000 0.000000 0.000000 0.000000 0.000000 -45.958515 -35.354155 106.106494 -35.561888 -28.538102 103.338299 0.000000 0.000000 0.000000 -8.289829 -0.027046 5.961666 15.774346 0.867643 3.336194 -18.187521 5.189654 -19.077550 0.000000 0.000000 0.000000 38.076991 7.857524 -13.617386 -56.458437 11.334959 3.729101 -53.878870 -22.648276 37.740543 0.000000 0.000000 0.000000
3.027860 0.217536 0.000000 9.511968 -1.708692 -12.929243 0.007153 0.016842 0.103505 -7.731486 24.659818 10.925723 -2.690419 -1.788716 5.820628 -2.852072 -1.506193 5.907461 0.000000 0.000000 0.000000 -81.700130 54.863476 -118.015832 -24.604717 22.895111 -92.956099 0.000000 0.000000 0.000000 0.000000 0.000000 0.000000 -51.900013 -39.188562 107.628038 -40.769195 -33.166940 102.560763 0.000000 0.000000 0.000000 -8.109720 -0.054922 5.048907 13.629275 0.660697 2.566827 -20.211343 3.255920 -19.475177 0.000000 0.000000 0.000000 18.121303 2.935466 -7.513479 -31.233873 13.735299 11.488480 -49.294992 -18.856683 33.090638 0.000000 0.000000 0.000000
2.936703 0.198742 0.000000 9.540334 -1.521544 -10.661127 0.005356 0.017132 0.104493 -8.059939 20.526831 9.399499 -2.135314 -2.098830 4.718687 -2.294201 -1.913759 4.791435 0.000000 0.000000 0.000000 -83.646848 52.739403 -122.030768 -17.098221 18.156383 -86.532543 0.000000 0.000000 0.000000 0.000000 0.000000 0.000000 -52.304624 -38.452160 109.192779 -40.844460 -32.524442 103.825196 0.000000 0.000000 0.000000 -8.197820 -0.075565 4.111608 9.377388 0.235732 1.066764 -18.594664 4.466527 -18.868139 0.000000 0.000000 0.000000 4.459164 0.516308 0.318749 -14.557851 7.140048 9.111897 -30.536532 -20.353077 20.897904 0.000000 0.000000 0.000000
2.987329 0.186047 0.000000 9.620766 -1.318748 -8.203776 0.005273 0.017494 0.106620 -8.338218 16.846572 7.437806 -1.137330 -2.802185 4.371163 -1.344181 -2.708170 4.422073 0.000000 0.000000 0.000000 -82.928187 53.291125 -120.824435 -18.698956 19.552290 -87.530577 0.000000 0.000000 0.000000 0.000000 0.000000 0.000000 -54.548684 -38.892060 111.193818 -38.268191 -30.904373 102.938870 0.000000 0.000000 0.000000 -8.321902 -0.128995 2.282875 7.606146 -0.095054 0.181338 -15.359852 6.064583 -17.065353 0.000000 0.000000 0.000000 1.096975 0.322354 2.507291 -11.759840 4.335761 5.393603 -19.475890 -16.478968 13.069271 0.000000 0.000000 0.000000
3.070032 0.181618 0.000000 9.644379 -1.120598 -5.773088 0.003553 0.017740 0.107378 -8.523464 14.307908 5.296294 -0.984028 -3.517356 4.451136 -1.251347 -3.431184 4.502951 0.000000 0.000000 0.000000 -78.190077 50.601375 -119.669256 -17.164040 16.851811 -91.397190 0.000000 0.000000 0.000000 0.000000 0.000000 0.000000 -54.405628 -39.036570 110.814656 -36.228117 -28.823204 103.684902 0.000000 0.000000 0.000000 -9.249864 -0.206060 -0.039806 6.797798 -0.041842 0.253348 -15.061947 1.700341 -13.351265 0.000000 0.000000 0.000000 -1.338362 0.038084 1.728714 -9.101828 3.228960 4.228416 -13.606801 -9.210724 8.116058 0.000000 0.000000 0.000000
3.087687 0.183504 0.000000 9.615185 -0.973735 -3.974234 0.002035 0.017757 0.106853 -8.604415 13.178610 3.633984 -0.930331 -4.779827 4.741236 -1.314328 -4.688045 4.803313 0.000000 0.000000 0.000000 -73.169224 46.739173 -119.599101 -13.433330 12.407479 -94.011894 0.000000 0.000000 0.000000 0.000000 0.000000 0.000000 -54.377497 -39.238398 110.492036 -33.710249 -27.218693 102.448296 0.000000 0.000000 0.000000 -9.824350 -0.277620 -1.764039 6.490748 0.068688 0.475132 -15.382882 -1.828397 -10.731692 0.000000 0.000000 0.000000 -2.450906 -0.123051 1.130791 -6.674934 2.594957 3.715824 -11.899688 -5.491368 6.544182 0.000000 0.000000 0.000000
3.020236 0.187637 0.000000 9.602128 -0.918767 -3.306506 0.001726 0.017736 0.106597 -8.550994 13.923401 2.952401 -0.789268 -5.131008 5.124133 -1.237516 -5.042509 5.174553 0.000000 0.000000 0.000000 -72.640885 46.819914 -119.023135 -14.406337 12.496259 -96.200340 0.000000 0.000000 0.000000 0.000000 0.000000 0.000000 -53.918639 -37.829222 112.111806 -27.171584 -23.434470 97.985260 0.000000 0.000000 0.000000 -9.564063 -0.286335 -2.262110 6.097967 0.196055 0.723019 -14.748135 -2.733360 -9.398305 0.000000 0.000000 0.000000 -2.195965 0.046897 2.333842 -5.908521 1.700269 2.127105 -9.908730 -2.789664 5.033824 0.000000 0.000000 0.000000
2.916136 0.192563 0.000000 9.592395 -0.871944 -2.737702 0.001520 0.017718 0.106406 -8.441256 15.449614 2.328683 -0.445767 -5.447331 5.669051 -0.976783 -5.379740 5.687034 0.000000 0.000000 0.000000 -72.205396 50.057059 -114.738427 -21.931466 17.444201 -103.224738 0.000000 0.000000 0.000000 0.000000 0.000000 0.000000 -51.789752 -35.182324 113.700308 -19.626668 -18.624454 93.047120 0.000000 0.000000 0.000000 -9.399414 -0.298357 -2.809364 5.869214 0.496842 1.333278 -15.387533 0.401746 -12.597406 0.000000 0.000000 0.000000 -2.901447 0.027492 2.677289 -4.447580 1.198359 1.502573 -11.916988 -1.742181 5.797036 0.000000 0.000000 0.000000
2.756655 0.199364 0.000000 9.610462 -0.832537 -2.245753 0.001448 0.017793 0.106824 -8.389666 16.160518 1.813832 -0.146102 -5.394161 6.380385 -0.744604 -5.344228 6.366303 0.000000 0.000000 0.000000 -72.111068 51.153499 -113.367041 -24.210222 19.199305 -103.526766 0.000000 0.000000 0.000000 0.000000 0.000000 0.000000 -52.734038 -34.871032 115.261285 -17.641311 -16.859200 92.548693 0.000000 0.000000 0.000000 -9.098294 -0.297402 -3.246174 4.469270 1.032221 2.337682 -17.757844 6.553046 -19.670371 0.000000 0.000000 0.000000 -2.524818 -0.063060 1.668464 -5.557684 1.807702 2.481183 -14.807221 0.070043 6.821171 0.000000 0.000000 0.000000
2.544522 0.207891 0.000000 9.611087 -0.793328 -1.765896 0.001353 0.017804 0.106854 -8.397404 16.052236 1.359299 -0.208069 -5.480517 6.814841 -0.856566 -5.417983 6.803910 0.000000 0.000000 0.000000 -75.295124 53.818810 -113.339934 -25.165699 20.708052 -101.406418 0.000000 0.000000 0.000000 0.000000 0.000000 0.000000 -56.216171 -35.594718 117.885757 -15.278096 -15.225162 90.141445 0.000000 0.000000 0.000000 -8.454552 -0.276058 -3.586649 3.937489 1.462006 3.167003 -19.103435 12.810518 -25.672673 0.000000 0.000000 0.000000 -2.359078 -0.067932 1.502300 -4.728126 1.686645 2.457334 -16.211778 0.315714 7.436484 0.000000 0.000000 0.000000
2.380136 0.217104 0.000000 9.555395 -0.790626 -1.768102 0.001293 0.017603 0.105625 -8.314512 17.180230 1.320853 -0.019589 -5.476610 7.372613 -0.723965 -5.430682 7.340978 0.000000 0.000000 0.000000 -79.793975 57.356280 -113.682397 -25.482689 22.038663 -98.781999 0.000000 0.000000 0.000000 0.000000 0.000000 0.000000 -64.286999 -38.742592 121.386688 -14.033723 -15.220360 85.440171 0.000000 0.000000 0.000000 -8.469893 -0.274457 -3.494588 4.042721 1.703108 3.668696 -19.844373 16.856082 -29.268205 0.000000 0.000000 0.000000 -2.572837 -0.050073 1.819173 -4.746092 1.551264 2.175308 -16.743696 -1.116232 8.015263 0.000000 0.000000 0.000000
2.262952 0.223831 0.000000 9.452616 -0.776242 -1.659295 0.001183 0.017233 0.103369 -8.235010 18.250228 1.192575 0.289178 -5.099890 7.965430 -0.424324 -5.090399 7.907595 0.000000 0.000000 0.000000 -85.482334 62.613375 -113.289663 -30.420837 26.891493 -96.985518 0.000000 0.000000 0.000000 0.000000 0.000000 0.000000 -75.142798 -43.531501 125.160988 -13.711652 -16.441501 79.506679 0.000000 0.000000 0.000000 -8.494378 -0.281517 -3.702511 3.782026 1.817804 3.868350 -19.380437 17.875859 -29.471811 0.000000 0.000000 0.000000 -2.599094 -0.081054 1.579511 -5.041606 1.670383 2.342182 -17.431000 -2.441240 8.646921 0.000000 0.000000 0.000000
2.068439 0.225490 0.000000 9.385939 -0.750918 -1.397751 0.001123 0.016995 0.101925 -8.174176 19.040286 0.921683 0.305049 -4.198720 8.083535 -0.291633 -4.199642 8.039889 0.000000 0.000000 0.000000 -85.119645 63.430494 -112.091989 -34.593723 28.667960 -100.167232 0.000000 0.000000 0.000000 0.000000 0.000000 0.000000 -74.006451 -43.224146 124.529345 -13.257404 -15.755238 80.317023 0.000000 0.000000 0.000000 -8.760831 -0.303188 -3.972738 3.829771 1.909981 4.062107 -19.546513 18.611416 -30.142264 0.000000 0.000000 0.000000 -2.743960 -0.142582 1.172662 -4.270159 1.640462 2.490686 -17.204670 -3.027082 8.669467 0.000000 0.000000 0.000000
1.779958 0.223332 0.000000 9.340851 -0.740960 -1.308779 0.001096 0.016834 0.100954 -7.998595 21.345498 0.725041 0.345835 -4.133493 8.003174 -0.235686 -4.141273 7.958956 0.000000 0.000000 0.000000 -79.653681 61.495384 -109.118585 -38.888207 28.114628 -109.212841 0.000000 0.000000 0.000000 0.000000 0.000000 0.000000 -63.298581 -37.316282 122.241465 -12.262483 -13.383958 85.423417 0.000000 0.000000 0.000000 -9.386949 -0.334349 -3.886614 4.199834 1.965459 4.226268 -21.733797 18.207933 -32.174332 0.000000 0.000000 0.000000 -3.197466 -0.166903 1.304923 -3.232178 1.584992 2.658239 -17.151646 -1.497008 8.303030 0.000000 0.000000 0.000000
1.544626 0.221945 0.000000 9.306684 -0.724761 -1.141418 0.001093 0.016713 0.100231 -8.080239 20.243326 0.623480 0.518649 -4.522328 7.915349 -0.116554 -4.551124 7.851118 0.000000 0.000000 0.000000 -74.476767 55.031687 -111.243319 -35.617624 24.185811 -110.468026 0.000000 0.000000 0.000000 0.000000 0.000000 0.000000 -51.261964 -33.259205 116.423199 -16.572788 -14.346301 97.631408 0.000000 0.000000 0.000000 -10.290448 -0.380349 -3.754432 4.577540 1.996623 4.345608 -23.942343 18.091317 -34.430613 0.000000 0.000000 0.000000 -3.859120 -0.170854 1.760290 -2.565834 1.353840 2.351051 -15.882840 -0.315179 7.417115 0.000000 0.000000 0.000000
1.423714 0.216966 0.000000 9.204705 -0.670416 -0.567567 0.001062 0.016349 0.098047 -8.415337 15.788090 0.323755 1.383440 -4.217997 8.160622 0.753135 -4.374151 8.032685 0.000000 0.000000 0.000000 -73.327799 57.034714 -108.054699 -39.488415 35.802498 -96.929977 0.000000 0.000000 0.000000 0.000000 0.000000 0.000000 -60.249829 -41.351607 114.248706 -32.660526 -25.806268 102.123451 0.000000 0.000000 0.000000 -10.421682 -0.407548 -4.228846 4.912116 2.121889 4.651618 -21.818120 21.330896 -34.305898 0.000000 0.000000 0.000000 -3.886341 -0.185261 1.669638 -2.225560 1.036306 1.755077 -14.206883 -1.850980 6.906251 0.000000 0.000000 0.000000
1.374343 0.207033 0.000000 9.332195 -0.611821 0.221831 0.001154 0.016804 0.100801 -8.664905 12.282071 -0.366304 1.973815 -3.797647 8.653331 1.362932 -4.051537 8.503928 0.000000 0.000000 0.000000 -74.385192 65.912829 -98.681095 8.893835 57.615803 -8.281073 0.000000 0.000000 0.000000 0.000000 0.000000 0.000000 -64.786592 -48.571941 108.522031 -43.438505 -42.550694 90.954964 0.000000 0.000000 0.000000 -10.238928 -0.416428 -4.675927 4.541748 2.003994 4.356307 -17.613961 24.853129 -32.148752 0.000000 0.000000 0.000000 -4.196173 -0.230979 1.531170 -2.105029 0.469094 0.555104 -11.025341 -5.716924 6.042277 0.000000 0.000000 0.000000
1.346609 0.197892 0.000000 9.553344 -0.598605 0.569327 0.001241 0.017606 0.105620 -8.979897 7.792223 -0.641096 1.969992 -1.226083 8.504344 1.760899 -1.505666 8.460991 0.000000 0.000000 0.000000 -57.659440 57.973476 -88.629759 128.948473 64.867725 144.111997 0.000000 0.000000 0.000000 0.000000 0.000000 0.000000 -50.620636 -44.075354 96.417381 7.229390 -57.234865 11.686845 0.000000 0.000000 0.000000 -10.119424 -0.387798 -4.149252 3.856298 1.539058 3.312927 -10.231131 29.214355 -27.212082 0.000000 0.000000 0.000000 -4.423038 -0.236185 1.647800 -2.248755 0.236596 0.013488 -6.768433 -9.327949 4.509678 0.000000 0.000000 0.000000
1.331801 0.191678 0.000000 9.650465 -0.574118 0.947387 0.001277 0.017968 0.107801 -9.089482 6.191056 -1.007514 1.746369 -0.454700 7.978049 1.665847 -0.691320 7.968192 0.000000 0.000000 0.000000 -30.485258 34.064937 -82.372990 45.528305 58.807904 67.164298 0.000000 0.000000 0.000000 0.000000 0.000000 0.000000 -26.553341 -29.786335 82.871553 116.101637 -70.555003 -126.795220 0.000000 0.000000 0.000000 -9.856701 -0.331826 -3.099377 3.971860 0.596486 1.408927 -8.605820 29.182386 -25.654704 0.000000 0.000000 0.000000 -4.428595 -0.266967 1.424606 -2.068573 0.280672 0.152163 -8.228911 -10.402965 5.445530 0.000000 0.000000 0.000000
1.300394 0.184532 0.000000 9.281071 -0.545034 0.945819 0.000957 0.016671 0.099926 -9.160840 5.138780 -0.967649 2.212871 -0.337776 7.688735 2.148559 -0.626270 7.681987 0.000000 0.000000 0.000000 -9.976246 12.096464 -79.978538 3.224166 49.888799 -10.469937 0.000000 0.000000 0.000000 0.000000 0.000000 0.000000 -17.144990 -20.040218 81.187308 65.048207 -67.777640 -61.667677 0.000000 0.000000 0.000000 -9.138117 -0.284696 -2.725793 4.181531 0.555202 1.345318 -4.340871 30.308982 -22.179910 0.000000 0.000000 0.000000 -4.246922 -0.244129 1.466183 -1.553748 0.403610 0.543650 -9.625409 -10.733699 6.238414 0.000000 0.000000 0.000000
1.283215 0.176902 0.000000 8.597566 -0.442160 1.515956 0.000172 0.014336 0.085659 -9.208586 4.432569 -1.459331 3.011125 -0.989262 7.289176 2.859204 -1.364152 7.250878 0.000000 0.000000 0.000000 6.687255 -7.802558 -81.138509 -0.578045 -1.696416 -26.346477 0.000000 0.000000 0.000000 0.000000 0.000000 0.000000 -7.919931 -9.084791 82.294927 -20.153528 -49.215938 38.559753 0.000000 0.000000 0.000000 -7.999973 -0.231767 -2.625787 3.575269 -0.020395 0.145833 -5.665690 30.049203 -23.286395 0.000000 0.000000 0.000000 -4.121592 -0.311852 0.872558 -0.634914 0.370717 0.688457 -9.392473 -8.944079 5.825441 0.000000 0.000000 0.000000
1.284530 0.170923 0.000000 8.159920 -0.351485 2.106778 -0.001089 0.012984 0.077068 -8.991706 7.618130 -1.983037 2.605313 -2.587191 7.267637 2.247775 -2.897363 7.147740 0.000000 0.000000 0.000000 11.785555 -13.866900 -80.735524 0.529298 -9.810130 -5.638916 0.000000 0.000000 0.000000 0.000000 0.000000 0.000000 -4.168333 -4.734372 82.429543 -6.313821 -34.361497 18.999908 0.000000 0.000000 0.000000 -7.673058 -0.217334 -2.580320 2.589408 -0.565219 -0.996027 -7.462813 30.053236 -24.995028 0.000000 0.000000 0.000000 -4.369701 -0.386289 0.505464 0.650590 0.105345 0.381801 -8.351742 -7.578060 5.065189 0.000000 0.000000 0.000000
1.318655 0.165962 0.000000 7.920662 -0.280165 2.630362 -0.002629 0.012348 0.072636 -8.862894 9.490624 -2.447849 2.746944 -3.360726 7.359246 2.279190 -3.687355 7.191492 0.000000 0.000000 0.000000 13.036000 -15.862035 -78.862940 -0.288619 -8.629319 4.398323 0.000000 0.000000 0.000000 0.000000 0.000000 0.000000 -2.517930 -2.929703 80.599486 -1.071895 -30.098483 3.973868 0.000000 0.000000 0.000000 -9.054301 -0.293246 -3.061058 2.638578 -0.613271 -1.089243 -8.782004 29.981345 -26.218303 0.000000 0.000000 0.000000 -5.709636 -0.525748 0.459202 3.070015 -0.374829 -0.178842 -7.272755 -6.192077 4.291279 0.000000 0.000000 0.000000
1.352508 0.162101 0.000000 7.593530 -0.227762 2.861902 -0.004059 0.011454 0.066715 -8.801412 10.375705 -2.612611 3.337561 -3.371283 7.480173 2.853820 -3.781764 7.284716 0.000000 0.000000 0.000000 13.494123 -17.407694 -74.745457 -0.610558 -7.149834 9.623239 0.000000 0.000000 0.000000 0.000000 0.000000 0.000000 -1.541457 -2.004164 77.347141 2.055788 -30.192023 -7.556538 0.000000 0.000000 0.000000 -10.777896 -0.389738 -3.374098 3.628149 -0.551469 -0.939244 -7.152905 31.062751 -25.247316 0.000000 0.000000 0.000000 -6.920004 -0.622611 0.622550 5.004054 -0.687530 -0.488717 -7.465866 -4.966815 4.203416 0.000000 0.000000 0.000000
1.376727 0.160415 0.000000 7.401854 -0.210056 2.862542 -0.004569 0.010930 0.063374 -8.771342 10.802180 -2.572100 3.971396 -2.818195 7.728722 3.541828 -3.331221 7.540140 0.000000 0.000000 0.000000 9.359719 -13.459428 -68.079583 -0.449558 -5.491407 8.328842 0.000000 0.000000 0.000000 0.000000 0.000000 0.000000 -3.511545 -4.900460 72.949805 5.073445 -30.722528 -18.056127 0.000000 0.000000 0.000000 -12.364184 -0.474750 -3.460687 5.110506 -0.505410 -0.807114 -3.672007 32.558484 -22.754915 0.000000 0.000000 0.000000 -8.196630 -0.740625 0.673278 5.823493 -0.663718 -0.221455 -6.591150 -4.162165 3.656339 0.000000 0.000000 0.000000
1.341712 0.160359 0.000000 7.298548 -0.215077 2.721270 -0.004314 0.010621 0.061638 -8.702401 11.788909 -2.394848 4.176105 -2.527053 7.936446 3.776279 -3.085081 7.768014 0.000000 0.000000 0.000000 5.070708 -8.519197 -60.404797 -0.055141 -0.986238 4.730988 0.000000 0.000000 0.000000 0.000000 0.000000 0.000000 -5.568678 -8.504013 67.034045 7.259648 -32.260315 -24.717480 0.000000 0.000000 0.000000 -13.124666 -0.506933 -3.353870 5.845653 -0.598491 -0.985901 -0.089383 32.886711 -19.634828 0.000000 0.000000 0.000000 -10.159135 -0.906738 0.828595 6.726135 -0.647523 0.053889 -5.024097 -2.626971 2.665906 0.000000 0.000000 0.000000
1.259055 0.161207 0.000000 7.180784 -0.228657 2.484100 -0.003794 0.010254 0.059662 -8.794156 10.481734 -2.162898 4.874782 -1.571149 8.138743 4.597995 -2.249840 8.029369 0.000000 0.000000 0.000000 2.946588 -5.998291 -52.900314 0.105809 3.545145 2.475477 0.000000 0.000000 0.000000 0.000000 0.000000 0.000000 -6.228530 -10.858247 60.041422 7.752541 -31.491442 -26.993466 0.000000 0.000000 0.000000 -13.480582 -0.510316 -3.143024 6.437911 -0.811143 -1.423254 3.826677 31.852908 -15.579124 0.000000 0.000000 0.000000 -11.364738 -0.965111 1.137031 7.059752 -0.652123 0.129970 -4.059902 -3.046339 2.261195 0.000000 0.000000 0.000000
1.137876 0.161708 0.000000 7.310485 -0.274945 2.144925 -0.002484 0.010532 0.061856 -8.809962 10.254755 -1.855076 5.302900 -1.400389 8.201819 5.044440 -2.146931 8.101981 0.000000 0.000000 0.000000 2.745670 -7.230734 -42.172008 -0.015804 1.919841 -2.572437 0.000000 0.000000 0.000000 0.000000 0.000000 0.000000 -6.239710 -12.910621 51.935188 6.824390 -28.463572 -26.461231 0.000000 0.000000 0.000000 -13.556992 -0.491220 -2.819465 6.192513 -0.872035 -1.558680 5.510124 31.161682 -13.755529 0.000000 0.000000 0.000000 -11.625628 -0.881387 1.682727 7.090260 -0.680650 0.059637 -3.878809 -4.449024 2.362007 0.000000 0.000000 0.000000
1.025424 0.162200 0.000000 7.445280 -0.322874 1.787783 -0.001345 0.010840 0.064162 -8.809253 10.264781 -1.525566 5.480276 -1.416482 8.184686 5.218228 -2.186814 8.080781 0.000000 0.000000 0.000000 2.275361 -8.774780 -30.343278 -0.044376 0.549202 -6.165713 0.000000 0.000000 0.000000 0.000000 0.000000 0.000000 -5.920668 -14.990076 43.163359 6.065672 -25.062951 -26.849850 0.000000 0.000000 0.000000 -13.490878 -0.463025 -2.464979 6.585360 -0.865332 -1.538472 5.577169 30.261780 -13.251569 0.000000 0.000000 0.000000 -11.642501 -0.764804 2.266920 7.643263 -0.751093 0.016379 -4.114707 -5.273505 2.586374 0.000000 0.000000 0.000000
0.943259 0.163061 0.000000 7.506182 -0.353376 1.535668 -0.000733 0.010975 0.065223 -8.778163 10.710970 -1.280209 5.562035 -1.658607 8.079362 5.266671 -2.429535 7.949408 0.000000 0.000000 0.000000 2.015065 -11.448217 -20.371474 -0.115348 1.820804 -7.675338 0.000000 0.000000 0.000000 0.000000 0.000000 0.000000 -5.236579 -16.434655 35.276620 5.339160 -21.578527 -27.675119 0.000000 0.000000 0.000000 -13.410469 -0.444988 -2.257504 7.110740 -0.818227 -1.426818 5.590401 28.928711 -12.587198 0.000000 0.000000 0.000000 -11.949373 -0.741179 2.514884 8.623211 -0.714552 0.392175 -4.486204 -4.650909 2.685797 0.000000 0.000000 0.000000
0.907065 0.164907 0.000000 7.548597 -0.365822 1.445768 -0.000530 0.011085 0.065965 -8.749418 11.122471 -1.193982 5.548205 -1.856081 8.199059 5.218188 -2.634592 8.049524 0.000000 0.000000 0.000000 1.468175 -13.192877 -12.834017 -0.107827 2.367535 -5.078409 0.000000 0.000000 0.000000 0.000000 0.000000 0.000000 -4.320581 -17.516460 27.746414 4.602557 -17.493540 -29.116974 0.000000 0.000000 0.000000 -13.144358 -0.435991 -2.286491 7.731355 -0.720365 -1.200258 7.293066 28.983710 -11.157545 0.000000 0.000000 0.000000 -11.854462 -0.760647 2.377593 9.154670 -0.588744 0.913094 -4.543210 -3.697572 2.582769 0.000000 0.000000 0.000000
0.894003 0.168206 0.000000 7.601417 -0.373964 1.406543 -0.000419 0.011233 0.066891 -8.730621 11.390943 -1.162365 5.433402 -1.988128 8.256577 5.081827 -2.754183 8.095923 0.000000 0.000000 0.000000 0.469099 -13.930062 -4.012204 -0.090555 2.325310 -4.274072 0.000000 0.000000 0.000000 0.000000 0.000000 0.000000 -3.007710 -18.651349 18.192742 3.555018 -14.772076 -26.859514 0.000000 0.000000 0.000000 -12.720167 -0.415899 -2.248751 8.356591 -0.717965 -1.181666 6.668917 28.794196 -11.598438 0.000000 0.000000 0.000000 -11.461632 -0.788130 2.073663 9.350434 -0.402122 1.514829 -4.745094 -2.922790 2.574016 0.000000 0.000000 0.000000
0.912057 0.173960 0.000000 7.643356 -0.379221 1.387274 -0.000353 0.011352 0.067631 -8.721926 11.514944 -1.150341 5.349478 -2.086750 8.333429 4.980000 -2.846494 8.164975 0.000000 0.000000 0.000000 -0.730959 -14.330930 5.849215 -0.146565 2.498688 -6.706081 0.000000 0.000000 0.000000 0.000000 0.000000 0.000000 -1.490001 -18.953149 8.876266 3.041477 -14.122251 -24.157455 0.000000 0.000000 0.000000 -12.837072 -0.413840 -2.142983 8.812243 -0.768631 -1.286651 4.014511 28.348663 -13.660258 0.000000 0.000000 0.000000 -11.102751 -0.781935 1.945004 8.957759 -0.261756 1.796342 -4.780849 -2.396748 2.514478 0.000000 0.000000 0.000000
0.967836 0.183165 0.000000 7.694255 -0.382265 1.397396 -0.000328 0.011502 0.068533 -8.720341 11.537550 -1.170127 5.152872 -2.150290 8.354829 4.774933 -2.882477 8.185078 0.000000 0.000000 0.000000 -1.681947 -14.027861 13.711388 -0.129052 1.953329 -7.110836 0.000000 0.000000 0.000000 0.000000 0.000000 0.000000 0.073579 -19.111930 -0.260101 2.776392 -13.901420 -22.497429 0.000000 0.000000 0.000000 -12.926841 -0.411043 -2.044583 9.069897 -0.833258 -1.429277 0.448017 28.001039 -16.615933 0.000000 0.000000 0.000000 -10.776981 -0.781823 1.795023 8.819564 -0.138253 2.108023 -5.960269 -1.395062 2.922298 0.000000 0.000000 0.000000
1.034220 0.195248 0.000000 7.729723 -0.378376 1.465411 -0.000410 0.011613 0.069163 -8.719088 11.555368 -1.243939 4.880482 -2.221440 8.286008 4.498419 -2.907339 8.116351 0.000000 0.000000 0.000000 -2.581402 -13.495468 21.621277 -0.044876 0.909838 -5.405945 0.000000 0.000000 0.000000 0.000000 0.000000 0.000000 1.520908 -20.235411 -8.261715 2.805439 -14.629126 -21.646812 0.000000 0.000000 0.000000 -12.931353 -0.413515 -2.079525 9.271938 -0.867255 -1.504071 -3.746407 27.274550 -20.004468 0.000000 0.000000 0.000000 -10.278431 -0.781589 1.554032 8.884758 -0.027568 2.448949 -7.972923 -0.265759 3.689434 0.000000 0.000000 0.000000
1.085799 0.205265 0.000000 7.733719 -0.362186 1.632315 -0.000703 0.011645 0.069233 -8.701761 11.801207 -1.406654 4.870750 -2.332173 8.197708 4.476183 -3.008816 8.017717 0.000000 0.000000 0.000000 -3.427286 -13.142627 29.099316 -0.008245 0.269542 -4.782129 0.000000 0.000000 0.000000 0.000000 0.000000 0.000000 3.194564 -22.354376 -15.536591 2.685935 -15.553597 -19.516775 0.000000 0.000000 0.000000 -12.909165 -0.425794 -2.281389 9.562370 -0.864370 -1.492814 -6.688480 26.960550 -22.554440 0.000000 0.000000 0.000000 -9.607348 -0.812323 1.047391 8.870054 0.158431 2.978554 -9.404049 0.111737 4.290233 0.000000 0.000000 0.000000
1.146202 0.209562 0.000000 7.648496 -0.329801 1.887170 -0.001305 0.011434 0.067724 -8.653479 12.485037 -1.632944 5.086269 -2.496923 8.191640 4.664044 -3.202489 7.989417 0.000000 0.000000 0.000000 -4.097395 -12.971329 34.977286 -0.008515 0.890317 -3.703287 0.000000 0.000000 0.000000 0.000000 0.000000 0.000000 5.546104 -27.035246 -22.078227 2.261868 -16.099931 -15.965165 0.000000 0.000000 0.000000 -12.803336 -0.440945 -2.583622 9.564142 -0.839953 -1.436152 -8.691243 26.863559 -24.394803 0.000000 0.000000 0.000000 -8.929409 -0.851283 0.455892 8.436715 0.387831 3.478166 -10.309723 -0.339307 4.797924 0.000000 0.000000 0.000000
1.254744 0.211399 0.000000 7.449971 -0.294863 2.066902 -0.002046 0.010902 0.064244 -8.593776 13.328657 -1.757922 5.587719 -2.553083 8.052111 5.158326 -3.317686 7.828376 0.000000 0.000000 0.000000 -4.379512 -12.020757 40.460307 -0.024507 2.702055 -1.207756 0.000000 0.000000 0.000000 0.000000 0.000000 0.000000 8.860719 -33.277637 -28.575133 1.623079 -17.033230 -11.127746 0.000000 0.000000 0.000000 -12.574045 -0.442707 -2.774664 9.354019 -0.847400 -1.456743 -11.011293 25.786139 -26.022377 0.000000 0.000000 0.000000 -7.715871 -0.779009 0.141840 6.987185 0.547935 3.406062 -11.407538 -2.243865 5.674863 0.000000 0.000000 0.000000
1.413265 0.214746 0.000000 7.288148 -0.254954 2.322942 -0.002989 0.010501 0.061467 -8.572114 13.631348 -1.966944 5.959408 -2.548846 7.953502 5.530827 -3.358589 7.717935 0.000000 0.000000 0.000000 -3.696565 -8.793575 47.170864 0.017068 2.246797 1.026525 0.000000 0.000000 0.000000 0.000000 0.000000 0.000000 12.614510 -36.155399 -37.387750 0.450197 -18.997529 -3.210884 0.000000 0.000000 0.000000 -12.104609 -0.436804 -3.038246 8.660085 -0.855743 -1.486926 -14.460244 24.609935 -28.724863 0.000000 0.000000 0.000000 -6.157122 -0.672367 -0.206391 4.855433 0.636565 2.903029 -13.031175 -2.930573 6.579247 0.000000 0.000000 0.000000
1.589251 0.219431 0.000000 7.176185 -0.244417 2.329532 -0.003225 0.010203 0.059591 -8.509542 14.505371 -1.933726 5.941252 -2.693444 8.618055 5.448890 -3.564456 8.368371 0.000000 0.000000 0.000000 -1.789329 -3.689030 53.454558 0.001929 0.130483 1.250316 0.000000 0.000000 0.000000 0.000000 0.000000 0.000000 15.458703 -35.263231 -46.293151 -0.916465 -21.978205 4.479735 0.000000 0.000000 0.000000 -11.018158 -0.384865 -3.049648 7.992314 -0.873064 -1.535917 -16.007838 26.071951 -31.148453 0.000000 0.000000 0.000000 -5.407196 -0.616254 -0.371688 4.536080 0.444193 2.305456 -13.672591 0.106298 6.277611 0.000000 0.000000 0.000000
1.732731 0.223177 0.000000 7.117916 -0.229714 2.421975 -0.003648 0.010070 0.058621 -8.464180 15.135847 -2.000153 6.133596 -2.823517 9.469050 5.563431 -3.805143 9.200541 0.000000 0.000000 0.000000 -0.845033 -1.428506 59.557914 -0.000438 -0.436236 1.323836 0.000000 0.000000 0.000000 0.000000 0.000000 0.000000 17.460653 -33.791519 -53.686330 -1.750435 -25.894762 7.868832 0.000000 0.000000 0.000000 -10.159238 -0.345676 -3.094050 7.133373 -0.882493 -1.568498 -15.840703 28.436217 -32.379064 0.000000 0.000000 0.000000 -5.251693 -0.673219 -0.884116 4.279827 0.297334 1.849001 -13.817889 3.321407 5.676818 0.000000 0.000000 0.000000
1.842210 0.226456 0.000000 7.231067 -0.228848 2.527116 -0.003784 0.010397 0.060515 -8.447725 15.361452 -2.130036 6.365853 -2.742829 9.702988 5.791541 -3.788463 9.440049 0.000000 0.000000 0.000000 -0.516458 -0.938297 65.185240 0.052214 0.872297 2.386082 0.000000 0.000000 0.000000 0.000000 0.000000 0.000000 18.961705 -32.895649 -58.728215 -1.778409 -31.215499 6.226037 0.000000 0.000000 0.000000 -9.933045 -0.333075 -3.051254 6.537673 -0.876812 -1.566477 -12.462841 28.983426 -29.294485 0.000000 0.000000 0.000000 -5.220616 -0.798226 -1.779249 3.734464 0.575240 2.373694 -14.342312 2.450246 6.097738 0.000000 0.000000 0.000000
1.917951 0.228726 0.000000 7.487150 -0.253591 2.508343 -0.003186 0.011093 0.064917 -8.389347 16.161614 -2.173901 6.978422 -2.518878 9.724592 6.435258 -3.677903 9.481406 0.000000 0.000000 0.000000 2.795529 3.882849 68.860596 0.287025 5.050852 5.098089 0.000000 0.000000 0.000000 0.000000 0.000000 0.000000 22.659842 -34.654971 -65.292334 -2.759105 -34.683771 8.734267 0.000000 0.000000 0.000000 -9.917917 -0.329557 -2.982294 5.840972 -0.736771 -1.277294 -10.471408 27.289517 -26.354196 0.000000 0.000000 0.000000 -5.227442 -0.955575 -2.863839 2.624570 1.199640 3.550716 -14.254678 0.756714 6.424132 0.000000 0.000000 0.000000
1.963301 0.230671 0.000000 7.843499 -0.293074 2.429253 -0.002240 0.012089 0.071255 -8.331267 16.956700 -2.190193 7.948463 -1.837228 10.060034 7.494243 -3.208788 9.887560 0.000000 0.000000 0.000000 7.167892 9.590294 72.788529 0.852504 11.294471 7.843208 0.000000 0.000000 0.000000 0.000000 0.000000 0.000000 25.244358 -33.698708 -73.106201 -3.437825 -36.374452 10.486167 0.000000 0.000000 0.000000 -10.351693 -0.350162 -2.989430 5.380359 -0.624563 -1.048278 -12.578008 26.686184 -28.075728 0.000000 0.000000 0.000000 -5.341346 -1.133470 -3.984982 1.124401 1.865573 4.645243 -14.413733 -0.489930 6.762111 0.000000 0.000000 0.000000
1.992897 0.232303 0.000000 8.194800 -0.335539 2.311368 -0.001270 0.013106 0.077720 -8.363465 16.519270 -2.177097 7.923258 -1.957763 10.063346 7.446224 -3.323872 9.873302 0.000000 0.000000 0.000000 10.964058 13.887727 76.272548 1.579900 17.128111 10.376051 0.000000 0.000000 0.000000 0.000000 0.000000 0.000000 25.046808 -30.478598 -78.433311 -2.359966 -37.445909 6.947740 0.000000 0.000000 0.000000 -10.861095 -0.370360 -2.896841 5.475508 -0.556917 -0.903439 -14.605797 26.628703 -30.062263 0.000000 0.000000 0.000000 -5.558632 -1.246460 -4.546139 0.349215 2.289674 5.351850 -13.196506 0.222913 6.037206 0.000000 0.000000 0.000000
2.046605 0.233657 0.000000 8.404538 -0.357756 2.271938 -0.000780 0.013756 0.081804 -8.339328 16.846946 -2.202851 7.911219 -2.008577 10.304777 7.409210 -3.401338 10.109278 0.000000 0.000000 0.000000 12.586171 14.612121 81.299069 1.881435 19.028751 11.208329 0.000000 0.000000 0.000000 0.000000 0.000000 0.000000 24.870651 -28.363128 -82.275096 -1.531710 -37.630522 4.363668 0.000000 0.000000 0.000000 -11.138032 -0.389134 -3.006239 5.414041 -0.408505 -0.594347 -16.949503 25.223626 -31.617364 0.000000 0.000000 0.000000 -5.680436 -1.336223 -5.023332 -0.777864 2.675124 5.809143 -12.535707 -0.657870 5.904103 0.000000 0.000000 0.000000
2.105481 0.234256 0.000000 8.741532 -0.374972 2.405093 -0.000331 0.014830 0.088402 -8.284262 17.592779 -2.437707 7.580759 -2.346415 10.919053 6.980220 -3.752329 10.682174 0.000000 0.000000 0.000000 13.323370 13.913470 87.728238 1.791559 18.452712 11.066713 0.000000 0.000000 0.000000 0.000000 0.000000 0.000000 23.296981 -25.741296 -84.167372 0.193369 -35.864898 -0.654893 0.000000 0.000000 0.000000 -11.439923 -0.420487 -3.332203 4.940129 -0.248822 -0.276462 -21.027681 21.879676 -33.793325 0.000000 0.000000 0.000000 -5.981327 -1.501366 -5.819502 -2.252188 3.139206 6.289841 -12.808182 -2.805503 6.450300 0.000000 0.000000 0.000000
2.138487 0.234375 0.000000 8.807164 -0.372216 2.500329 -0.000303 0.015050 0.089725 -8.234038 18.267745 -2.560335 7.391555 -2.671204 11.118847 6.714457 -4.060640 10.840149 0.000000 0.000000 0.000000 12.178883 11.810821 91.889314 1.746969 16.226813 12.206560 0.000000 0.000000 0.000000 0.000000 0.000000 0.000000 22.329805 -23.827148 -86.184786 1.254832 -35.094100 -3.965124 0.000000 0.000000 0.000000 -11.753237 -0.443898 -3.468995 4.660301 -0.234462 -0.258207 -22.425639 20.149785 -34.173489 0.000000 0.000000 0.000000 -6.084903 -1.581302 -6.237151 -3.041423 3.450563 6.664620 -11.733235 -3.605419 6.078241 0.000000 0.000000 0.000000
2.154231 0.234285 0.000000 8.784717 -0.363720 2.573233 -0.000427 0.014982 0.089266 -8.189132 18.866461 -2.634865 7.201815 -2.968460 10.977380 6.476302 -4.300485 10.661487 0.000000 0.000000 0.000000 11.405921 10.572259 94.388870 1.526932 14.383237 12.035837 0.000000 0.000000 0.000000 0.000000 0.000000 0.000000 22.622517 -23.383825 -88.054749 1.395429 -35.084798 -4.414615 0.000000 0.000000 0.000000 -12.137126 -0.466884 -3.522613 4.783739 -0.263037 -0.312242 -22.800377 19.616735 -34.228073 0.000000 0.000000 0.000000 -6.096741 -1.595901 -6.319949 -3.480069 3.578368 6.770784 -10.599900 -3.620249 5.523225 0.000000 0.000000 0.000000
2.166357 0.234257 0.000000 8.836463 -0.364599 2.615350 -0.000354 0.015152 0.090315 -8.146074 19.437209 -2.702896 6.862349 -3.123086 10.858637 6.120528 -4.373875 10.531134 0.000000 0.000000 0.000000 11.302239 10.294535 95.373683 1.405125 13.917942 11.475989 0.000000 0.000000 0.000000 0.000000 0.000000 0.000000 22.666642 -23.231860 -88.552112 1.397413 -34.430679 -4.508239 0.000000 0.000000 0.000000 -12.275613 -0.475200 -3.540706 4.835222 -0.269829 -0.324272 -22.545996 20.291197 -34.396295 0.000000 0.000000 0.000000 -6.122297 -1.602020 -6.332876 -3.667474 3.611664 6.770671 -10.325253 -3.522634 5.370825 0.000000 0.000000 0.000000
2.174427 0.234155 0.000000 8.810412 -0.361559 2.623128 -0.000424 0.015068 0.089785 -8.122443 19.748880 -2.708348 6.650504 -3.038559 10.772427 5.937337 -4.240866 10.463236 0.000000 0.000000 0.000000 11.404755 10.438324 95.086293 1.497389 14.549104 11.694631 0.000000 0.000000 0.000000 0.000000 0.000000 0.000000 22.703208 -23.443941 -88.110452 1.312923 -34.596907 -4.216491 0.000000 0.000000 0.000000 -12.292934 -0.475379 -3.528501 4.976597 -0.280482 -0.340709 -21.841672 21.060413 -34.139192 0.000000 0.000000 0.000000 -6.048268 -1.595490 -6.368724 -3.674027 3.635964 6.818759 -10.432691 -3.623569 5.441375 0.000000 0.000000 0.000000
2.179427 0.234104 0.000000 8.773177 -0.358921 2.615109 -0.000503 0.014947 0.089028 -8.120860 19.769626 -2.688869 6.431180 -3.022667 10.671464 5.733454 -4.173452 10.371905 0.000000 0.000000 0.000000 11.016013 10.251786 94.119869 1.607689 14.359030 12.723925 0.000000 0.000000 0.000000 0.000000 0.000000 0.000000 22.586714 -23.362893 -88.012784 1.112997 -34.688542 -3.570054 0.000000 0.000000 0.000000 -12.333683 -0.477719 -3.531643 5.128110 -0.285933 -0.345919 -21.741605 21.588819 -34.371731 0.000000 0.000000 0.000000 -6.049823 -1.596554 -6.374027 -3.606126 3.645209 6.863205 -10.450976 -3.515155 5.431083 0.000000 0.000000 0.000000
2.183755 0.234003 0.000000 8.782663 -0.360504 2.607009 -0.000471 0.014977 0.089222 -8.117568 19.812732 -2.685397 6.083774 -3.119527 10.566217 5.381379 -4.192956 10.266488 0.000000 0.000000 0.000000 10.594597 10.016866 93.228307 1.755920 14.092809 14.140350 0.000000 0.000000 0.000000 0.000000 0.000000 0.000000 22.363135 -23.075396 -88.154665 0.889862 -34.576873 -2.870295 0.000000 0.000000 0.000000 -12.449147 -0.485824 -3.565145 5.273184 -0.278631 -0.324769 -22.123460 21.814481 -34.923930 0.000000 0.000000 0.000000 -6.134555 -1.611703 -6.382754 -3.541935 3.660688 6.919268 -10.416099 -3.390770 5.391850 0.000000 0.000000 0.000000
2.187146 0.234001 0.000000 8.836261 -0.363102 2.631968 -0.000372 0.015153 0.090310 -8.105578 19.970216 -2.730244 5.972155 -3.157273 10.535445 5.266764 -4.206370 10.235284 0.000000 0.000000 0.000000 10.556816 9.992463 93.162940 1.813285 13.918115 14.775055 0.000000 0.000000 0.000000 0.000000 0.000000 0.000000 22.160507 -23.008656 -87.792533 1.095922 -33.914445 -3.594579 0.000000 0.000000 0.000000 -12.531565 -0.490738 -3.574313 5.273544 -0.281397 -0.330564 -22.374837 22.108397 -35.380786 0.000000 0.000000 0.000000 -6.181179 -1.630749 -6.457211 -3.618413 3.709648 6.992590 -10.377519 -3.318137 5.360080 0.000000 0.000000 0.000000
2.188749 0.234078 0.000000 8.845846 -0.361629 2.658263 -0.000376 0.015186 0.090505 -8.109519 19.918496 -2.757127 5.990857 -3.140389 10.511626 5.290179 -4.191044 10.212694 0.000000 0.000000 0.000000 10.476262 9.919081 93.147211 1.771328 13.792644 14.568525 0.000000 0.000000 0.000000 0.000000 0.000000 0.000000 22.188508 -23.172375 -87.448449 1.217844 -34.024579 -3.985491 0.000000 0.000000 0.000000 -12.556046 -0.492289 -3.578452 5.281070 -0.292362 -0.353282 -22.466621 22.189320 -35.531000 0.000000 0.000000 0.000000 -6.174551 -1.640222 -6.525789 -3.608597 3.742879 7.065325 -10.258086 -3.282304 5.295397 0.000000 0.000000 0.000000
2.190394 0.234313 0.000000 8.862544 -0.360797 2.684633 -0.000363 0.015242 0.090845 -8.094242 20.118646 -2.792127 5.944914 -3.075732 10.486469 5.259941 -4.116446 10.196841 0.000000 0.000000 0.000000 10.503295 9.866512 93.597287 1.710922 13.504243 14.376827 0.000000 0.000000 0.000000 0.000000 0.000000 0.000000 22.066820 -23.200833 -87.053781 1.547294 -33.682954 -5.108480 0.000000 0.000000 0.000000 -12.591978 -0.494130 -3.577486 5.286261 -0.306309 -0.382355 -22.652347 22.439266 -35.889601 0.000000 0.000000 0.000000 -6.147017 -1.643320 -6.575329 -3.647395 3.766127 7.099007 -10.110797 -3.215388 5.211651 0.000000 0.000000 0.000000
2.194015 0.234374 0.000000 8.868296 -0.359161 2.708950 -0.000373 0.015262 0.090962 -8.081844 20.280805 -2.820717 5.924135 -2.996028 10.467863 5.256771 -4.032338 10.188276 0.000000 0.000000 0.000000 10.683910 9.965106 94.008014 1.626827 13.516462 13.660288 0.000000 0.000000 0.000000 0.000000 0.000000 0.000000 22.032556 -23.265064 -86.800347 1.764439 -33.717830 -5.817238 0.000000 0.000000 0.000000 -12.610992 -0.496006 -3.591301 5.276503 -0.314018 -0.398928 -22.728341 22.750895 -36.168382 0.000000 0.000000 0.000000 -6.112785 -1.645742 -6.627842 -3.685890 3.793921 7.142127 -10.006370 -3.225492 5.162478 0.000000 0.000000 0.000000
2.200824 0.234375 0.000000 8.891172 -0.359790 2.725351 -0.000332 0.015338 0.091432 -8.079794 20.307566 -2.844611 5.869657 -2.960505 10.430582 5.213036 -3.983867 10.156984 0.000000 0.000000 0.000000 10.767232 9.984780 94.342508 1.529433 13.361427 13.000458 0.000000 0.000000 0.000000 0.000000 0.000000 0.000000 22.157871 -23.390978 -86.815322 1.841314 -33.848154 -6.046314 0.000000 0.000000 0.000000 -12.642974 -0.498377 -3.601947 5.278986 -0.319734 -0.410831 -22.417910 23.041463 -36.016179 0.000000 0.000000 0.000000 -6.069355 -1.647208 -6.684183 -3.769075 3.836328 7.198557 -9.842413 -3.286516 5.093177 0.000000 0.000000 0.000000
2.208071 0.234467 0.000000 8.933765 -0.362319 2.740651 -0.000237 0.015478 0.092308 -8.074839 20.372197 -2.875139 5.785562 -2.960298 10.372630 5.134716 -3.962909 10.101944 0.000000 0.000000 0.000000 10.768369 9.936393 94.628641 1.467895 13.226020 12.610179 0.000000 0.000000 0.000000 0.000000 0.000000 0.000000 22.228202 -23.396170 -86.988416 1.849365 -33.836166 -6.075130 0.000000 0.000000 0.000000 -12.686629 -0.502197 -3.625554 5.263022 -0.315580 -0.402740 -22.272208 23.106509 -35.899994 0.000000 0.000000 0.000000 -6.052709 -1.651279 -6.728784 -3.848757 3.871462 7.241087 -9.755436 -3.343305 5.060615 0.000000 0.000000 0.000000
2.214735 0.234672 0.000000 8.966829 -0.364472 2.750448 -0.000161 0.015587 0.092990 -8.070719 20.425896 -2.896993 5.759785 -3.011337 10.349181 5.101048 -4.006403 10.073547 0.000000 0.000000 0.000000 10.730619 9.874940 94.782431 1.441829 13.130793 12.479692 0.000000 0.000000 0.000000 0.000000 0.000000 0.000000 22.266178 -23.377204 -87.136260 1.861346 -33.779880 -6.125192 0.000000 0.000000 0.000000 -12.723799 -0.505417 -3.644957 5.223530 -0.306030 -0.384264 -22.176932 23.213235 -35.864336 0.000000 0.000000 0.000000 -6.049048 -1.652827 -6.742870 -3.885786 3.882520 7.249897 -9.699241 -3.361301 5.036309 0.000000 0.000000 0.000000
2.227628 0.235154 0.000000 8.961574 -0.363667 2.754099 -0.000178 0.015570 0.092883 -8.085510 20.231985 -2.894273 5.811302 -3.085818 10.358730 5.136001 -4.090243 10.072453 0.000000 0.000000 0.000000 10.998931 10.185534 94.455440 1.478651 13.787461 12.233992 0.000000 0.000000 0.000000 0.000000 0.000000 0.000000 22.440963 -23.621190 -86.989244 1.787524 -34.159180 -5.825860 0.000000 0.000000 0.000000 -12.720600 -0.507325 -3.677792 5.154290 -0.291382 -0.356370 -22.099827 23.147928 -35.740303 0.000000 0.000000 0.000000 -6.042065 -1.654550 -6.761802 -3.866412 3.885508 7.263442 -9.744032 -3.369245 5.059743 0.000000 0.000000 0.000000
2.249286 0.235946 0.000000 8.907009 -0.357714 2.764988 -0.000332 0.015393 0.091762 -8.130548 19.640314 -2.873203 6.069149 -3.235013 10.456736 5.351700 -4.294328 10.143604 0.000000 0.000000 0.000000 11.822243 11.197080 93.289754 1.583755 15.823609 11.511413 0.000000 0.000000 0.000000 0.000000 0.000000 0.000000 22.938116 -24.439032 -86.300771 1.482821 -35.177967 -4.724646 0.000000 0.000000 0.000000 -12.646463 -0.509647 -3.779258 5.025766 -0.250669 -0.276903 -21.922763 22.696898 -35.267194 0.000000 0.000000 0.000000 -6.006026 -1.660572 -6.840772 -3.789268 3.890521 7.303210 -10.090320 -3.528102 5.257712 0.000000 0.000000 0.000000
2.266448 0.236768 0.000000 8.795696 -0.348198 2.757961 -0.000611 0.015030 0.089480 -8.187850 18.884021 -2.813927 6.557111 -3.208263 10.585783 5.825271 -4.371491 10.259268 0.000000 0.000000 0.000000 13.283852 13.249872 90.325107 1.752551 19.267525 10.300884 0.000000 0.000000 0.000000 0.000000 0.000000 0.000000 24.085872 -26.456959 -84.533664 0.722606 -37.172882 -2.222796 0.000000 0.000000 0.000000 -12.391128 -0.506258 -3.950647 4.721352 -0.173143 -0.129289 -21.133758 21.984193 -33.981833 0.000000 0.000000 0.000000 -5.890311 -1.661713 -6.975115 -3.545718 3.883917 7.382572 -10.900510 -4.021403 5.744697 0.000000 0.000000 0.000000
2.271147 0.237632 0.000000 8.708983 -0.349390 2.657914 -0.000691 0.014745 0.087748 -8.226261 18.369682 -2.683675 7.006142 -2.770592 10.544244 6.354983 -4.018995 10.258515 0.000000 0.000000 0.000000 13.708585 14.793813 85.652659 1.851807 20.547884 10.173850 0.000000 0.000000 0.000000 0.000000 0.000000 0.000000 25.333672 -29.248863 -81.585805 -0.701161 -38.493705 1.877759 0.000000 0.000000 0.000000 -11.917139 -0.482173 -3.983991 4.295744 -0.108083 -0.013664 -19.401756 21.863328 -32.091770 0.000000 0.000000 0.000000 -5.610538 -1.615010 -6.975275 -2.995183 3.810107 7.440468 -11.946140 -4.500401 6.352725 0.000000 0.000000 0.000000
2.265612 0.238797 0.000000 8.478561 -0.343501 2.495085 -0.000994 0.014009 0.083226 -8.311033 17.227949 -2.444753 7.077347 -2.301875 10.232289 6.538021 -3.533018 10.008245 0.000000 0.000000 0.000000 12.828561 15.064603 80.395152 1.942940 20.455809 10.797407 0.000000 0.000000 0.000000 0.000000 0.000000 0.000000 26.265711 -32.251234 -77.826178 -2.400627 -39.394902 6.722736 0.000000 0.000000 0.000000 -11.278000 -0.434557 -3.763213 4.162469 -0.186002 -0.179945 -16.940714 21.976320 -29.618083 0.000000 0.000000 0.000000 -4.978462 -1.491913 -6.858292 -1.968253 3.644216 7.488797 -13.528616 -4.584493 7.159459 0.000000 0.000000 0.000000
2.256543 0.240514 0.000000 8.119886 -0.314204 2.465843 -0.001728 0.012905 0.076335 -8.403361 15.972354 -2.304421 7.680490 -2.017194 9.988876 7.200508 -3.331590 9.791609 0.000000 0.000000 0.000000 9.888603 12.597378 75.714261 1.669189 16.266595 11.764432 0.000000 0.000000 0.000000 0.000000 0.000000 0.000000 25.155239 -33.565892 -72.977000 -2.601426 -37.631615 7.632114 0.000000 0.000000 0.000000 -10.918319 -0.405500 -3.567767 4.294919 -0.362224 -0.536648 -15.457114 21.923044 -28.084309 0.000000 0.000000 0.000000 -4.337954 -1.377087 -6.798058 -1.183951 3.465584 7.409671 -14.443120 -4.233889 7.547960 0.000000 0.000000 0.000000
2.236773 0.243402 0.000000 7.873364 -0.284046 2.551017 -0.002451 0.012181 0.071715 -8.460103 15.191518 -2.319450 8.492848 -2.214855 9.993021 7.962102 -3.670978 9.755256 0.000000 0.000000 0.000000 7.251991 10.082525 70.724509 1.325673 11.480372 12.663922 0.000000 0.000000 0.000000 0.000000 0.000000 0.000000 23.474459 -34.392857 -67.571420 -2.475192 -34.534082 7.649442 0.000000 0.000000 0.000000 -10.673339 -0.388265 -3.478254 4.613828 -0.529273 -0.870061 -14.727013 21.682648 -27.202990 0.000000 0.000000 0.000000 -3.868439 -1.275673 -6.619059 -0.545869 3.171350 7.012586 -14.855877 -3.615102 7.625259 0.000000 0.000000 0.000000
2.199024 0.248219 0.000000 7.924772 -0.274966 2.691822 -0.002689 0.012354 0.072650 -8.509747 14.502670 -2.471032 8.497033 -2.308275 9.856854 7.956945 -3.745714 9.603095 0.000000 0.000000 0.000000 4.805816 7.326628 66.253428 0.522562 5.138150 10.553133 0.000000 0.000000 0.000000 0.000000 0.000000 0.000000 20.100554 -33.925214 -60.262279 -0.858609 -30.568524 3.130215 0.000000 0.000000 0.000000 -10.759671 -0.398110 -3.592774 5.116318 -0.548015 -0.894862 -15.307104 21.018451 -27.368005 0.000000 0.000000 0.000000 -3.508117 -1.165111 -6.223439 -0.569645 2.807259 6.191758 -15.359664 -2.782789 7.701651 0.000000 0.000000 0.000000
2.139448 0.252804 0.000000 8.004721 -0.282186 2.692039 -0.002499 0.012588 0.074122 -8.573122 13.615480 -2.493724 8.249151 -2.198927 9.846885 7.734526 -3.592390 9.614480 0.000000 0.000000 0.000000 3.954415 6.526978 62.230345 0.137630 2.111553 7.395984 0.000000 0.000000 0.000000 0.000000 0.000000 0.000000 18.068135 -33.884425 -55.121122 -0.646153 -26.646821 2.579544 0.000000 0.000000 0.000000 -10.940830 -0.408629 -3.612691 5.551678 -0.564940 -0.918203 -15.722935 20.717029 -27.594555 0.000000 0.000000 0.000000 -3.349179 -1.069378 -5.673733 -0.782241 2.449934 5.316742 -15.690332 -3.036858 7.920405 0.000000 0.000000 0.000000
2.071702 0.254878 0.000000 8.091343 -0.296732 2.622281 -0.002126 0.012835 0.075753 -8.659632 12.398782 -2.448999 7.667829 -2.239864 9.746699 7.160878 -3.523059 9.518735 0.000000 0.000000 0.000000 3.444984 6.330642 57.161706 0.101610 2.038088 5.356293 0.000000 0.000000 0.000000 0.000000 0.000000 0.000000 15.819599 -34.662628 -48.000830 -0.164530 -21.512574 0.111368 0.000000 0.000000 0.000000 -11.020924 -0.414255 -3.637380 5.831322 -0.580511 -0.943659 -15.888895 21.029919 -27.958035 0.000000 0.000000 0.000000 -3.267163 -0.996217 -5.202406 -0.937179 2.173199 4.645888 -16.004677 -3.758848 8.233540 0.000000 0.000000 0.000000
2.017426 0.254070 0.000000 8.296289 -0.319423 2.577810 -0.001556 0.013450 0.079660 -8.695038 11.897305 -2.449857 6.578903 -2.313435 9.147380 6.107553 -3.358041 8.929863 0.000000 0.000000 0.000000 3.028753 6.250524 50.458957 0.087749 1.915044 4.737453 0.000000 0.000000 0.000000 0.000000 0.000000 0.000000 12.218613 -35.274143 -36.734778 1.053585 -16.369869 -7.453818 0.000000 0.000000 0.000000 -11.252670 -0.436158 -3.813607 6.035057 -0.604936 -0.989958 -16.470381 22.087765 -29.200905 0.000000 0.000000 0.000000 -3.775238 -1.050988 -5.038648 -0.670334 2.013096 4.375805 -15.927582 -3.094884 8.056094 0.000000 0.000000 0.000000
1.978634 0.251491 0.000000 8.556561 -0.348767 2.510948 -0.000899 0.014251 0.084709 -8.689868 11.970461 -2.435151 5.011439 -2.280004 7.829834 4.638046 -2.954853 7.648950 0.000000 0.000000 0.000000 1.691784 3.839522 39.584001 0.189001 2.673143 7.758579 0.000000 0.000000 0.000000 0.000000 0.000000 0.000000 7.091478 -33.162528 -22.636482 2.319131 -15.404273 -17.561565 0.000000 0.000000 0.000000 -11.648170 -0.475778 -4.152570 6.523781 -0.605489 -0.978446 -15.864738 23.860796 -29.697641 0.000000 0.000000 0.000000 -4.983077 -1.192361 -4.782131 0.495317 1.794675 4.267893 -14.528280 -1.517268 7.032987 0.000000 0.000000 0.000000
1.929455 0.248477 0.000000 8.652899 -0.386005 2.198587 -0.000263 0.014530 0.086637 -8.737683 11.289796 -2.145734 4.285268 -2.359856 7.148587 3.944406 -2.879193 6.982513 0.000000 0.000000 0.000000 -0.201594 -2.158643 26.606848 0.381340 3.377528 11.596781 0.000000 0.000000 0.000000 0.000000 0.000000 0.000000 2.473923 -29.062158 -8.913435 3.175255 -13.527497 -26.606933 0.000000 0.000000 0.000000 -11.797235 -0.480479 -4.081981 7.154851 -0.687599 -1.150036 -13.025561 24.390811 -27.185964 0.000000 0.000000 0.000000 -6.140187 -1.220149 -3.840541 1.729307 1.510516 4.014383 -12.778967 -0.444447 5.997016 0.000000 0.000000 0.000000
1.829465 0.244741 0.000000 8.466525 -0.403641 1.834363 -0.000098 0.013912 0.083016 -8.778686 10.703151 -1.751561 4.307346 -3.109910 7.510583 3.843120 -3.651912 7.282279 0.000000 0.000000 0.000000 -0.708439 -8.077440 13.106287 0.820032 6.381721 15.370649 0.000000 0.000000 0.000000 0.000000 0.000000 0.000000 -0.361783 -25.074165 2.532152 3.700811 -13.215994 -31.182551 0.000000 0.000000 0.000000 -11.763483 -0.447521 -3.525554 8.105607 -1.172387 -2.218770 -11.467474 24.394459 -25.654330 0.000000 0.000000 0.000000 -7.008282 -1.152603 -2.672173 3.812129 1.118599 3.751605 -10.277000 2.268416 4.310872 0.000000 0.000000 0.000000
1.708740 0.238999 0.000000 8.113301 -0.393169 1.633108 -0.000279 0.012785 0.076216 -8.813291 10.207046 -1.488980 4.304162 -3.415000 7.761803 3.779817 -3.971261 7.508028 0.000000 0.000000 0.000000 -0.161663 -13.548327 2.653080 1.184216 10.860684 12.728619 0.000000 0.000000 0.000000 0.000000 0.000000 0.000000 -1.851964 -19.400973 11.368716 4.522413 -15.936226 -31.410492 0.000000 0.000000 0.000000 -11.820986 -0.420649 -2.996909 9.305955 -1.608234 -3.218448 -12.552488 25.513563 -27.370391 0.000000 0.000000 0.000000 -8.364853 -1.194901 -1.876741 6.871684 0.543592 3.341256 -8.877862 3.077235 3.535025 0.000000 0.000000 0.000000
1.581049 0.229812 0.000000 7.882784 -0.379323 1.581223 -0.000450 0.012079 0.071931 -8.807375 10.292067 -1.397126 4.129165 -3.224765 7.597799 3.643968 -3.748595 7.367312 0.000000 0.000000 0.000000 1.166653 -17.062288 -7.601755 1.184332 13.843994 9.630670 0.000000 0.000000 0.000000 0.000000 0.000000 0.000000 -3.029797 -16.554988 20.993848 5.526652 -18.113229 -33.499107 0.000000 0.000000 0.000000 -12.020865 -0.424896 -2.902125 10.149740 -1.748846 -3.565360 -10.573216 24.426012 -24.799674 0.000000 0.000000 0.000000 -9.408096 -1.272189 -1.595289 8.762092 0.310327 3.376751 -9.684862 1.319926 4.219368 0.000000 0.000000 0.000000
1.432731 0.219419 0.000000 7.739781 -0.364592 1.613775 -0.000638 0.011661 0.069354 -8.808492 10.275981 -1.404496 3.827535 -2.557123 7.207239 3.461541 -3.020125 7.042842 0.000000 0.000000 0.000000 2.750616 -16.981718 -18.616055 0.608251 12.742170 5.139238 0.000000 0.000000 0.000000 0.000000 0.000000 0.000000 -4.058478 -14.701894 31.299684 6.926216 -20.988634 -36.148149 0.000000 0.000000 0.000000 -12.042607 -0.432150 -3.005158 9.748570 -1.673293 -3.377904 -8.711770 24.004051 -22.808446 0.000000 0.000000 0.000000 -10.038331 -1.280047 -1.245000 9.194289 0.268579 3.416680 -10.981710 -1.238942 5.270117 0.000000 0.000000 0.000000
1.274329 0.209425 0.000000 7.564990 -0.357007 1.547109 -0.000693 0.011146 0.066258 -8.808451 10.276323 -1.307543 4.000305 -1.577923 7.026462 3.773566 -2.059034 6.929436 0.000000 0.000000 0.000000 3.724832 -14.433272 -30.520305 0.188474 10.457537 1.310043 0.000000 0.000000 0.000000 0.000000 0.000000 0.000000 -4.643853 -12.616579 40.357640 8.300731 -25.771441 -35.492148 0.000000 0.000000 0.000000 -12.430346 -0.460750 -3.169548 9.177072 -1.449518 -2.848995 -4.074518 24.526222 -18.780906 0.000000 0.000000 0.000000 -11.213917 -1.299550 -0.631861 9.459209 0.206338 3.336113 -10.367929 -3.057872 5.299453 0.000000 0.000000 0.000000
1.188838 0.200644 0.000000 7.437552 -0.344284 1.570693 -0.000876 0.010786 0.064036 -8.780609 10.675481 -1.302363 4.281071 -1.183228 7.388377 4.089047 -1.727966 7.316232 0.000000 0.000000 0.000000 2.964946 -8.475455 -40.852158 -0.187440 7.478296 -2.810110 0.000000 0.000000 0.000000 0.000000 0.000000 0.000000 -5.315068 -12.112109 47.215181 8.518155 -29.865453 -31.285406 0.000000 0.000000 0.000000 -12.636409 -0.482219 -3.352686 8.443090 -1.190638 -2.248592 -1.251643 24.898692 -16.438966 0.000000 0.000000 0.000000 -11.640380 -1.289463 -0.339909 8.629433 0.256203 3.175358 -9.434511 -5.038139 5.192933 0.000000 0.000000 0.000000
1.170924 0.196338 0.000000 7.401189 -0.317592 1.804648 -0.001441 0.010719 0.063402 -8.744976 11.186054 -1.518891 4.746177 -1.620498 7.840110 4.473348 -2.257095 7.725946 0.000000 0.000000 0.000000 2.061322 -4.331720 -52.145479 -0.176969 5.747451 -3.212560 0.000000 0.000000 0.000000 0.000000 0.000000 0.000000 -6.104519 -11.982530 53.846138 8.090417 -32.010829 -27.768540 0.000000 0.000000 0.000000 -12.549516 -0.487752 -3.511273 8.116010 -0.983769 -1.782851 -0.575689 23.461926 -15.055098 0.000000 0.000000 0.000000 -11.443306 -1.264285 -0.322688 7.698673 0.266396 2.872455 -8.902048 -4.804393 4.888128 0.000000 0.000000 0.000000
