HIERARCHY
ROOT Hips
{
  OFFSET 0.000000 0.000000 0.000000
  CHANNELS 6 Xposition Yposition Zposition Xrotation Yrotation Zrotation
  JOINT Spine
  {
    OFFSET 0.000000 10.000000 0.000000
    CHANNELS 3 Xrotation Yrotation Zrotation
    JOINT Chest
    {
      OFFSET 0.000000 15.000000 0.000000
      CHANNELS 3 Xrotation Yrotation Zrotation
      JOINT Neck
      {
        OFFSET 0.000000 15.000000 0.000000
        CHANNELS 3 Xrotation Yrotation Zrotation
        JOINT Head
        {
          OFFSET 0.000000 10.000000 0.000000
          CHANNELS 3 Xrotation Yrotation Zrotation
          End Site
          {
            OFFSET 0.0 5.0 2.0
          }
        }
      }
      JOINT LeftShoulder
      {
        OFFSET 20.000000 5.000000 0.000000
        CHANNELS 3 Xrotation Yrotation Zrotation
        JOINT LeftArm
        {
          OFFSET 15.000000 0.000000 0.000000
          CHANNELS 3 Xrotation Yrotation Zrotation
          JOINT LeftForeArm
          {
            OFFSET 25.000000 0.000000 0.000000
            CHANNELS 3 Xrotation Yrotation Zrotation
            JOINT LeftHand
            {
              OFFSET 20.000000 0.000000 0.000000
              CHANNELS 3 Xrotation Yrotation Zrotation
              End Site
              {
                OFFSET -3.0 0.0 2.0
              }
            }
          }
        }
      }
      JOINT RightShoulder
      {
        OFFSET -20.000000 5.000000 0.000000
        CHANNELS 3 Xrotation Yrotation Zrotation
        JOINT RightArm
        {
          OFFSET -15.000000 0.000000 0.000000
          CHANNELS 3 Xrotation Yrotation Zrotation
          JOINT RightForeArm
          {
            OFFSET -25.000000 0.000000 0.000000
            CHANNELS 3 Xrotation Yrotation Zrotation
            JOINT RightHand
            {
              OFFSET -20.000000 0.000000 0.000000
              CHANNELS 3 Xrotation Yrotation Zrotation
              End Site
              {
                OFFSET 3.0 0.0 2.0
              }
            }
          }
        }
      }
    }
  }
  JOINT LeftUpLeg
  {
    OFFSET 10.000000 -10.000000 0.000000
    CHANNELS 3 Xrotation Yrotation Zrotation
    JOINT LeftLeg
    {
      OFFSET 0.000000 -45.000000 0.000000
      CHANNELS 3 Xrotation Yrotation Zrotation
      JOINT LeftFoot
      {
        OFFSET 0.000000 -45.000000 0.000000
        CHANNELS 3 Xrotation Yrotation Zrotation
        JOINT LeftToeBase
        {
          OFFSET 0.000000 0.000000 10.000000
          CHANNELS 3 Xrotation Yrotation Zrotation
          End Site
          {
            OFFSET 0.0 -1.0 3.0
          }
        }
      }
    }
  }
  JOINT RightUpLeg
  {
    OFFSET -10.000000 -10.000000 0.000000
    CHANNELS 3 Xrotation Yrotation Zrotation
    JOINT RightLeg
    {
      OFFSET 0.000000 -45.000000 0.000000
      CHANNELS 3 Xrotation Yrotation Zrotation
      JOINT RightFoot
      {
        OFFSET 0.000000 -45.000000 0.000000
        CHANNELS 3 Xrotation Yrotation Zrotation
        JOINT RightToeBase
        {
          OFFSET 0.000000 0.000000 10.000000
          CHANNELS 3 Xrotation Yrotation Zrotation
          End Site
          {
            OFFSET 0.0 -1.0 3.0
          }
        }
      }
    }
  }
}
MOTION
Frames: 192
Frame Time: 0.033333
0.175402 0.190895 1.847885 -3.896276 -3.876816 -89.728734 -42.147580 -28.412174 -66.659551 -42.147580 -28.412174 -66.659551 -64.145843 -14.585551 -23.091376 5.317451 -3.994425 73.786439 11.895977 -16.456896 -71.497766 4.089706 -4.544064 -83.965028 -28.238068 16.078761 -121.285367 -28.238068 16.078761 -121.285367 0.245690 0.272633 81.950026 -15.409264 -19.090543 77.614546 -113.497980 -50.561077 145.586471 -113.497980 -50.561077 145.586471 4.717915 0.013286 -0.318563 -36.278995 -0.253504 -0.774718 73.133784 -13.810566 -10.287384 38.474293 1.038983 0.302809 -1.096936 0.051135 4.777673 -46.905455 -2.014186 -4.626831 47.845911 0.622681 0.470780 35.758306 4.323586 1.789447
0.359312 0.194773 3.355254 -4.858545 -4.781749 -89.471257 -42.893886 -28.583578 -65.986096 -42.893886 -28.583578 -65.986096 -64.359397 -14.379428 -22.681856 6.169090 -4.619528 73.674171 11.358027 -15.781542 -71.238470 3.801359 -4.224003 -83.965567 -29.259359 16.535946 -121.702323 -29.259359 16.535946 -121.702323 0.110062 0.118130 81.636180 -15.892036 -19.671621 77.655550 -114.341200 -50.759675 145.964427 -114.341200 -50.759675 145.964427 4.456055 0.013454 -0.354385 -36.179787 -0.217067 -0.663829 72.183666 -13.647800 -9.996215 36.877684 1.432509 0.418671 -0.099224 -0.004142 4.910873 -43.659337 -1.878493 -4.681000 43.436253 0.190077 0.266109 31.178682 3.362931 1.340311
0.572768 0.199938 5.061025 -7.443297 -6.893529 -88.334908 -43.701098 -28.760369 -65.253808 -43.701098 -28.760369 -65.253808 -64.602119 -14.127804 -22.192167 7.029096 -5.244480 73.514164 10.743306 -15.008346 -70.921913 3.477529 -3.863812 -83.982220 -30.271643 16.946661 -122.222987 -30.271643 16.946661 -122.222987 -0.067298 -0.086460 81.359926 -16.411586 -20.325799 77.623764 -115.357851 -51.048640 146.386149 -115.357851 -51.048640 146.386149 4.123860 0.014629 -0.449003 -36.032513 -0.186836 -0.572820 71.084304 -13.166273 -9.473764 35.291765 2.127125 0.608741 1.409078 -0.085180 5.074978 -40.347049 -1.741310 -4.741028 39.253060 -0.299165 0.064873 26.843778 2.334832 0.921606
0.806752 0.206488 6.864337 -11.271933 -9.823587 -86.445519 -44.524873 -28.933563 -64.503243 -44.524873 -28.933563 -64.503243 -64.852642 -13.836935 -21.640648 7.844898 -5.829720 73.303337 10.126872 -14.245318 -70.540195 3.033835 -3.369165 -84.075348 -31.565891 17.391999 -123.031119 -31.565891 17.391999 -123.031119 -0.282600 -0.336645 81.120378 -16.940815 -21.004336 77.557736 -116.353150 -51.399235 146.751705 -116.353150 -51.399235 146.751705 3.769672 0.016941 -0.595776 -35.864192 -0.156703 -0.482105 69.746055 -12.550717 -8.837613 33.584160 2.942405 0.812290 4.052683 -0.225128 5.273152 -36.636235 -1.596773 -4.850314 35.032285 -0.810852 -0.112249 22.572069 1.299512 0.557543
1.106062 0.215529 9.131185 -16.515533 -13.749068 -83.756721 -45.570137 -29.152229 -63.550410 -45.570137 -29.152229 -63.550410 -65.159400 -13.449980 -20.918774 8.839823 -6.544082 73.052467 9.331910 -13.268414 -69.993405 2.235901 -2.487460 -84.315668 -34.148008 18.229777 -124.531252 -34.148008 18.229777 -124.531252 -0.584945 -0.687878 80.832517 -17.589947 -21.834840 77.482152 -117.340166 -51.765759 147.100652 -117.340166 -51.765759 147.100652 3.329979 0.020183 -0.797324 -35.680866 -0.120047 -0.371436 67.912544 -11.663872 -7.946597 31.350698 4.084602 1.096380 7.262749 -0.399862 5.551881 -32.310861 -1.436384 -5.002420 29.667320 -1.490427 -0.342080 17.071299 -0.009066 0.103412
1.399734 0.224742 11.247556 -22.659743 -18.044956 -80.323976 -46.276876 -29.283764 -62.898793 -46.276876 -29.283764 -62.898793 -65.399273 -13.097323 -20.282110 9.377915 -6.918776 72.822040 8.675154 -12.477398 -69.415807 1.170181 -1.328270 -84.806025 -37.875275 19.249742 -126.688021 -37.875275 19.249742 -126.688021 -0.782746 -0.921078 80.725772 -18.003281 -22.378980 77.386623 -118.065040 -52.017365 147.366228 -118.065040 -52.017365 147.366228 2.973022 0.024240 -1.030213 -35.462104 -0.116245 -0.363457 65.842091 -11.029345 -7.222148 29.432106 4.806846 1.224738 9.527902 -0.516598 5.891918 -28.738225 -1.304789 -5.146009 26.185893 -1.969636 -0.426720 13.684213 -0.947905 -0.063033
1.654350 0.232785 13.001458 -29.241226 -22.093944 -76.193315 -46.747821 -29.365922 -62.462149 -46.747821 -29.365922 -62.462149 -65.565693 -12.781237 -19.733571 9.708915 -7.154380 72.722280 8.098562 -11.781120 -68.810181 0.137772 -0.215742 -85.573922 -42.484733 20.310887 -129.454057 -42.484733 20.310887 -129.454057 -0.962572 -1.132570 80.691549 -18.318964 -22.774593 77.363338 -118.408028 -52.055385 147.545083 -118.408028 -52.055385 147.545083 2.668307 0.027814 -1.258302 -35.331395 -0.148321 -0.466319 63.524858 -10.697302 -6.646247 27.315339 5.291093 1.287895 9.748250 -0.515657 6.274520 -26.509418 -1.233618 -5.269039 23.835747 -2.444792 -0.493093 11.442881 -1.760153 -0.140391
1.891980 0.238714 14.670858 -35.526183 -25.334911 -71.753806 -47.004267 -29.409973 -62.224078 -47.004267 -29.409973 -62.224078 -65.642793 -12.513560 -19.295406 9.796727 -7.226323 72.769290 7.459170 -10.970229 -68.215926 -1.048623 1.031613 -86.640645 -47.984541 21.452623 -132.727044 -47.984541 21.452623 -132.727044 -1.056384 -1.242716 80.707274 -18.557085 -23.036266 77.436150 -118.558542 -51.919402 147.726468 -118.558542 -51.919402 147.726468 2.441429 0.030038 -1.443906 -35.282632 -0.213851 -0.672008 61.258570 -10.640602 -6.278758 25.037308 5.599783 1.267036 7.760737 -0.390320 6.688574 -25.510803 -1.207185 -5.339785 22.421036 -2.602637 -0.501873 9.934001 -2.068497 -0.158432
2.076729 0.242458 16.053336 -44.060259 -25.429950 -63.122235 -47.036992 -29.415451 -62.193635 -47.036992 -29.415451 -62.193635 -65.666610 -12.315137 -18.983159 9.668415 -7.155795 72.968215 6.838975 -10.160198 -67.645823 -2.445489 2.411847 -88.046351 -54.252178 22.671096 -136.250978 -54.252178 22.671096 -136.250978 -1.067461 -1.255244 80.759288 -18.731649 -23.178629 77.611099 -118.667287 -51.642604 147.977161 -118.667287 -51.642604 147.977161 2.117024 0.028504 -1.566623 -35.506867 -0.313053 -0.969071 59.729085 -10.628388 -6.056174 22.987481 6.016344 1.245939 3.283899 -0.127707 7.119240 -25.807721 -1.222273 -5.340910 21.886527 -2.326449 -0.434045 9.046759 -1.782868 -0.130770
2.277361 0.244500 17.705337 -52.907087 -23.736837 -53.221944 -46.945170 -29.401203 -62.279539 -46.945170 -29.401203 -62.279539 -65.634248 -12.169794 -18.772553 9.436364 -7.015389 73.227172 6.187490 -9.273176 -67.193955 -3.972121 3.851544 -89.690676 -60.175739 23.666395 -139.573446 -60.175739 23.666395 -139.573446 -0.989404 -1.162435 80.826477 -18.869761 -23.237354 77.883905 -118.931175 -51.358622 148.324771 -118.931175 -51.358622 148.324771 1.770642 0.024774 -1.616677 -35.916212 -0.423247 -1.290075 59.057793 -10.577003 -5.937300 21.525336 6.508681 1.255654 -1.290997 0.151841 7.543113 -26.614192 -1.258466 -5.324530 21.878995 -1.644551 -0.289239 8.605229 -0.940621 -0.057737
2.483496 0.245207 19.568668 -62.624128 -19.495862 -40.590630 -46.812006 -29.380672 -62.404177 -46.812006 -29.380672 -62.404177 -65.560431 -12.064667 -18.637897 9.159209 -6.840613 73.483695 5.496106 -8.303251 -66.824308 -5.790590 5.482056 -91.421730 -65.244183 24.368692 -142.365248 -65.244183 24.368692 -142.365248 -0.865921 -1.015790 80.943654 -19.015466 -23.287490 78.200152 -119.658016 -51.161891 148.888311 -119.658016 -51.161891 148.888311 1.331889 0.019028 -1.623635 -36.605642 -0.529313 -1.582941 59.642022 -9.814737 -5.512290 20.974843 7.697849 1.471330 -5.444162 0.412974 7.917955 -28.021225 -1.320047 -5.288710 22.437825 -0.713826 -0.105806 8.611340 0.265878 0.035696
2.638919 0.244942 21.056421 -72.317415 -14.615355 -27.677981 -46.620075 -29.350365 -62.583512 -46.620075 -29.350365 -62.583512 -65.387835 -12.039958 -18.662642 8.804318 -6.601467 73.701673 4.929618 -7.485948 -66.625931 -7.496943 6.959474 -93.004969 -68.537786 24.695448 -144.227331 -68.537786 24.695448 -144.227331 -0.762614 -0.891569 81.161770 -19.087061 -23.230830 78.563610 -120.585077 -51.045790 149.515046 -120.585077 -51.045790 149.515046 0.888911 0.012933 -1.607959 -37.445275 -0.614037 -1.800627 61.180160 -8.378278 -4.753719 21.527481 9.401288 1.900829 -8.317938 0.604977 8.203219 -29.392301 -1.385789 -5.277376 23.149790 0.266717 0.086852 8.847095 1.568936 0.135495
2.753763 0.242205 22.255678 -73.047538 -9.825975 -23.842667 -46.598569 -29.345897 -62.603147 -46.598569 -29.345897 -62.603147 -65.047621 -12.080778 -18.851284 8.426429 -6.334183 73.832184 4.520190 -6.880525 -66.555970 -8.614458 7.886892 -94.316868 -70.092862 24.705907 -145.256388 -70.092862 24.705907 -145.256388 -0.797998 -0.926583 81.416990 -19.061056 -23.060556 78.918218 -120.852566 -50.769616 149.860238 -120.852566 -50.769616 149.860238 2.595624 0.043154 -1.613344 -38.136539 -0.653388 -1.887701 63.401996 -6.735613 -3.953321 23.366119 10.972643 2.396521 -9.057574 0.664241 8.358703 -31.011655 -1.458497 -5.251135 24.048821 0.987361 0.222959 9.222675 2.609905 0.214443
2.817254 0.238651 22.967424 -67.108176 -5.966305 -27.327491 -46.650566 -29.352936 -62.554059 -46.650566 -29.352936 -62.554059 -64.643164 -12.171754 -19.141728 8.034377 -6.044560 73.872598 4.368888 -6.651192 -66.560779 -9.035923 8.213790 -95.210543 -69.813794 24.514384 -145.356829 -69.813794 24.514384 -145.356829 -0.973489 -1.122819 81.693245 -18.914831 -22.753317 79.257103 -120.547384 -50.341923 149.973388 -120.547384 -50.341923 149.973388 5.120873 0.082096 -1.605160 -38.685807 -0.653515 -1.862145 65.917855 -5.135199 -3.185342 25.853423 12.280754 2.905110 -8.778334 0.650456 8.460779 -31.843040 -1.464568 -5.126989 24.487211 1.164786 0.251691 9.429406 2.875940 0.233434
2.816429 0.234494 22.998890 -55.271378 -3.517842 -37.679363 -46.726360 -29.363930 -62.482820 -46.726360 -29.363930 -62.482820 -64.204865 -12.300268 -19.504421 7.571695 -5.696019 73.865413 4.508479 -6.860056 -66.587999 -8.232445 7.441942 -95.647172 -67.600065 24.022723 -144.588747 -67.600065 24.022723 -144.588747 -1.244439 -1.428051 81.967307 -18.636516 -22.293866 79.588159 -119.625954 -49.720429 149.858800 -119.625954 -49.720429 149.858800 7.906265 0.118175 -1.549320 -38.836900 -0.641610 -1.820029 67.627452 -4.084413 -2.678642 28.245484 12.829658 3.248329 -8.144308 0.611525 8.629494 -32.084749 -1.408196 -4.877413 24.482245 0.629966 0.142084 9.353191 2.146215 0.180353
2.768978 0.230353 22.481236 -36.976035 -1.843377 -54.010616 -46.857041 -29.384002 -62.360474 -46.857041 -29.384002 -62.360474 -63.782991 -12.414889 -19.840078 7.178147 -5.394636 73.809504 4.848245 -7.364692 -66.659550 -6.314740 5.681156 -95.646445 -63.493744 23.145536 -143.079003 -63.493744 23.145536 -143.079003 -1.583461 -1.811333 82.198254 -18.351675 -21.831147 79.915314 -118.363928 -49.024560 149.597527 -118.363928 -49.024560 149.597527 10.523706 0.121043 -1.158787 -38.609364 -0.657533 -1.881162 68.119357 -3.824122 -2.554868 29.872626 12.624290 3.362361 -7.271568 0.558531 8.942269 -31.861025 -1.289193 -4.469565 24.329024 -0.293659 -0.048733 9.270500 0.843474 0.082216
2.678886 0.226990 21.486506 -17.975850 1.562564 -67.958891 -46.963189 -29.400896 -62.261349 -46.963189 -29.400896 -62.261349 -63.404266 -12.511753 -20.133544 6.795001 -5.099259 73.731234 5.322793 -8.060341 -66.782447 -4.029569 3.607946 -95.273965 -58.353180 22.094274 -140.964964 -58.353180 22.094274 -140.964964 -1.952315 -2.228801 82.367009 -18.174319 -21.470415 80.315873 -117.003360 -48.333496 149.277911 -117.003360 -48.333496 149.277911 12.245149 0.073514 -0.363715 -38.597675 -0.717104 -2.045303 69.502666 -3.594537 -2.435457 31.720319 12.834836 3.693884 -6.140749 0.489918 9.416996 -31.352398 -1.134606 -3.979773 24.048048 -0.984907 -0.193850 9.130551 -0.221442 -0.001705
2.578252 0.224913 20.331270 0.587879 5.771617 -77.422554 -46.961192 -29.401254 -62.263505 -46.961192 -29.401254 -62.263505 -63.106399 -12.604540 -20.392745 6.468563 -4.846813 73.652357 5.936079 -8.939690 -67.030096 -1.623763 1.426085 -94.556871 -52.739138 21.017219 -138.334051 -52.739138 21.017219 -138.334051 -2.289419 -2.608603 82.513486 -18.093462 -21.186072 80.818921 -115.755539 -47.745944 148.954216 -115.755539 -47.745944 148.954216 12.648094 -0.012382 0.815023 -38.823965 -0.807145 -2.276626 72.274009 -3.383682 -2.255550 33.548979 13.468953 4.225041 -5.116768 0.434254 10.049455 -30.726244 -0.967377 -3.462289 23.834273 -1.103992 -0.216787 9.151603 -0.601746 -0.025893
2.524698 0.224035 19.668066 17.374453 11.766676 -80.105713 -46.858510 -29.385303 -62.359559 -46.858510 -29.385303 -62.359559 -62.946996 -12.659696 -20.542473 6.258842 -4.680697 73.554948 6.648257 -9.936868 -67.364641 0.310392 -0.356655 -93.587214 -47.415084 20.063516 -135.337189 -47.415084 20.063516 -135.337189 -2.561369 -2.910837 82.661723 -18.152021 -21.060455 81.339701 -114.864335 -47.370531 148.695155 -114.864335 -47.370531 148.695155 11.950844 -0.118303 2.225376 -39.388557 -0.898073 -2.490375 75.017654 -2.902076 -1.891875 35.214308 14.637598 4.901594 -4.285845 0.395571 10.787522 -30.155660 -0.822064 -3.018588 23.706740 -0.374081 -0.058886 9.273850 0.096338 0.042294
2.520313 0.225284 19.603760 28.237735 18.109956 -73.728119 -46.488432 -29.324527 -62.704328 -46.488432 -29.324527 -62.704328 -62.894146 -12.731129 -20.677771 6.042085 -4.513170 73.493576 7.398550 -10.942817 -67.867351 1.469954 -1.453883 -92.342126 -42.509833 19.280958 -132.043325 -42.509833 19.280958 -132.043325 -2.718563 -3.078922 82.856275 -18.315577 -21.058280 81.855685 -114.823307 -47.348577 148.687188 -114.823307 -47.348577 148.687188 9.530276 -0.231678 3.623904 -40.193752 -0.964622 -2.625158 77.781526 -1.723866 -1.039845 36.207471 16.698524 5.711494 -3.916796 0.389819 11.512081 -29.821883 -0.720383 -2.700442 23.879275 1.223894 0.299248 9.621015 1.930558 0.219948
2.600043 0.226282 20.637970 39.469718 23.499744 -66.201090 -46.055499 -29.250063 -63.106196 -46.055499 -29.250063 -63.106196 -62.802640 -12.830225 -20.873366 5.715012 -4.266914 73.487965 8.100951 -11.848833 -68.458788 2.051938 -2.034826 -90.974740 -38.599493 18.702498 -128.921951 -38.599493 18.702498 -128.921951 -2.820173 -3.182692 83.063457 -18.532357 -21.157176 82.265861 -115.308973 -47.481507 148.873067 -115.308973 -47.481507 148.873067 7.814829 -0.296266 4.783467 -40.881567 -0.984549 -2.638476 80.247898 -0.355407 -0.005191 37.096095 19.029651 6.603315 -3.730200 0.394536 12.142858 -29.951423 -0.684121 -2.556436 24.490529 3.579038 0.846083 10.229430 4.848806 0.513982
2.735024 0.227287 22.403331 49.789417 27.242979 -58.379648 -45.621012 -29.173079 -63.508528 -45.621012 -29.173079 -63.508528 -62.724184 -12.936992 -21.076476 5.368012 -4.009886 73.543955 8.642511 -12.496860 -69.098611 2.211413 -2.235241 -89.525301 -35.394390 18.277589 -125.902048 -35.394390 18.277589 -125.902048 -2.868619 -3.227976 83.241450 -18.714844 -21.288339 82.482781 -116.256441 -47.806152 149.192856 -116.256441 -47.806152 149.192856 6.676434 -0.314347 5.583407 -41.365275 -0.951577 -2.520438 83.294018 1.066119 1.154864 37.747205 21.473284 7.490463 -3.613052 0.398005 12.572691 -30.288253 -0.682839 -2.520527 25.369109 6.017868 1.428538 11.035977 7.935098 0.840559
2.890743 0.228307 24.482860 57.426863 28.520303 -51.408741 -45.137711 -29.087357 -63.956019 -45.137711 -29.087357 -63.956019 -62.676299 -13.057435 -21.289218 4.904391 -3.669180 73.649905 9.055826 -12.962340 -69.691309 2.254566 -2.335293 -88.081880 -32.870015 17.985559 -123.172450 -32.870015 17.985559 -123.172450 -2.803644 -3.148208 83.364483 -18.779657 -21.359248 82.493202 -117.807278 -48.264074 149.766341 -117.807278 -48.264074 149.766341 5.724232 -0.293537 5.919222 -41.367595 -0.868528 -2.290443 84.920008 2.284998 2.122329 37.845600 23.608081 8.170840 -3.616145 0.406896 12.820441 -30.882578 -0.701804 -2.537285 26.352244 8.146069 1.965607 11.792109 10.665031 1.152675
2.985074 0.229473 25.841785 61.174411 28.821347 -47.801344 -44.700694 -29.007401 -64.359586 -44.700694 -29.007401 -64.359586 -62.658197 -13.181668 -21.496198 4.342955 -3.255979 73.778715 9.307804 -13.201644 -70.234505 2.345721 -2.483350 -86.817227 -31.024881 17.769006 -120.988055 -31.024881 17.769006 -120.988055 -2.642273 -2.965499 83.359206 -18.750036 -21.386855 82.325854 -120.115120 -48.761871 150.735830 -120.115120 -48.761871 150.735830 5.145159 -0.269278 5.982968 -40.617978 -0.770478 -2.067049 84.269066 2.853414 2.632577 36.689159 24.709892 8.309771 -3.690037 0.416411 12.873019 -31.536091 -0.701495 -2.487874 27.306513 9.575474 2.363646 12.450150 12.518497 1.396379
2.949506 0.230424 25.770451 60.468132 28.387487 -48.319959 -44.439118 -28.958160 -64.600537 -44.439118 -28.958160 -64.600537 -62.731824 -13.287140 -21.634537 3.759815 -2.824536 73.875357 9.444869 -13.269990 -70.771905 2.653868 -2.874654 -85.742725 -29.798483 17.695892 -119.242287 -29.798483 17.695892 -119.242287 -2.397172 -2.693764 83.231649 -18.696018 -21.420802 82.066682 -123.058601 -49.241560 152.068741 -123.058601 -49.241560 152.068741 5.256144 -0.270301 5.921933 -39.364196 -0.673396 -1.861936 81.841994 2.838453 2.620780 35.376774 24.746612 8.062388 -3.663341 0.409635 12.735832 -32.190508 -0.672931 -2.344597 28.312018 10.152042 2.571283 13.234687 13.277500 1.545908
2.786550 0.231262 24.238654 56.344727 27.646817 -52.112083 -44.272117 -28.925425 -64.753799 -44.272117 -28.925425 -64.753799 -62.875448 -13.394560 -21.746360 3.155176 -2.375317 73.962277 9.488404 -13.196229 -71.322542 3.116285 -3.442637 -84.816177 -29.146224 17.768138 -117.935429 -29.146224 17.768138 -117.935429 -2.106519 -2.375068 82.993032 -18.651001 -21.450227 81.848155 -126.420906 -49.628387 153.687424 -126.420906 -49.628387 153.687424 5.816696 -0.286263 5.754471 -37.625415 -0.561202 -1.597951 78.757204 2.130758 2.101767 33.633529 23.649270 7.425097 -3.544117 0.388202 12.425353 -32.569248 -0.602824 -2.070316 29.027875 9.871550 2.552989 13.903179 12.906981 1.560874
2.539544 0.232038 21.678146 49.746010 26.638818 -58.246891 -44.142524 -28.898514 -64.872061 -44.142524 -28.898514 -64.872061 -63.094177 -13.499654 -21.822618 2.549698 -1.922378 74.046650 9.520246 -13.101973 -71.886218 3.778392 -4.235225 -83.995325 -28.839883 17.953842 -116.867297 -28.839883 17.953842 -116.867297 -1.815849 -2.057428 82.705719 -18.596480 -21.439615 81.709492 -129.875159 -49.898985 155.412187 -129.875159 -49.898985 155.412187 6.673495 -0.310477 5.503525 -35.439922 -0.433686 -1.257075 74.028178 0.634828 1.065066 31.569126 21.211547 6.403313 -3.332594 0.355843 12.055856 -32.433636 -0.504198 -1.718210 29.169224 8.975129 2.346047 14.220602 11.714692 1.455012
2.251009 0.233338 18.608919 42.046273 25.507180 -65.418476 -43.979528 -28.863628 -65.020339 -43.979528 -28.863628 -65.020339 -63.382393 -13.615214 -21.885476 2.034854 -1.535231 74.146761 9.594518 -13.065292 -72.457486 4.508270 -5.103354 -83.278144 -28.643066 18.171821 -115.883342 -28.643066 18.171821 -115.883342 -1.588291 -1.811112 82.384360 -18.602815 -21.460275 81.673668 -133.206230 -50.010145 157.131953 -133.206230 -50.010145 157.131953 7.573007 -0.330132 5.151466 -32.957601 -0.290267 -0.841145 67.897963 -1.336965 -0.227045 28.707228 17.799654 5.013031 -3.037545 0.314802 11.673423 -31.669563 -0.384837 -1.311753 28.783764 7.614566 1.991249 14.196281 9.893228 1.249273
1.973274 0.235251 15.778697 34.528545 24.088577 -72.252508 -43.750564 -28.813981 -65.228339 -43.750564 -28.813981 -65.228339 -63.697092 -13.741404 -21.953234 1.605306 -1.214722 74.348775 9.736899 -13.141159 -72.947888 5.161728 -5.887091 -82.699213 -28.566387 18.372214 -115.156564 -28.566387 18.372214 -115.156564 -1.477873 -1.697315 82.067461 -18.779180 -21.625649 81.766108 -136.528429 -49.833463 158.950431 -136.528429 -49.833463 158.950431 8.201542 -0.328856 4.659044 -30.606346 -0.127033 -0.311584 61.908861 -4.142795 -1.978378 26.150605 13.429478 3.487524 -2.771580 0.277422 11.302515 -30.455888 -0.261361 -0.895320 28.164548 5.946480 1.546463 13.950302 7.653278 0.973301
1.726395 0.237791 13.370726 28.523912 22.614643 -77.537504 -43.459186 -28.749757 -65.492565 -43.459186 -28.749757 -65.492565 -63.954517 -13.885856 -22.072536 1.298492 -0.989497 74.646199 9.887413 -13.247780 -73.352722 5.635388 -6.464009 -82.255890 -28.479712 18.513416 -114.579994 -28.479712 18.513416 -114.579994 -1.526935 -1.765413 81.774537 -19.270431 -22.095944 81.985253 -139.965836 -49.400762 160.869990 -139.965836 -49.400762 160.869990 8.459872 -0.308226 4.121419 -28.732855 0.041795 0.280800 58.191252 -7.456985 -3.874592 24.293775 8.700590 2.074308 -2.530448 0.243749 10.951964 -29.007934 -0.143955 -0.495248 27.448025 4.216392 1.078424 13.584357 5.313627 0.673105
1.504677 0.240807 11.388088 25.058993 21.097538 -80.253308 -43.171409 -28.685566 -65.753183 -43.171409 -28.685566 -65.753183 -64.140156 -14.021594 -22.207217 1.231453 -0.946780 74.994908 10.016043 -13.351616 -73.642070 5.945319 -6.844991 -81.954744 -28.382488 18.590215 -114.169316 -28.382488 18.590215 -114.169316 -1.700702 -1.979838 81.478800 -20.133873 -22.938119 82.307068 -143.356888 -48.731600 162.793793 -143.356888 -48.731600 162.793793 8.256593 -0.267735 3.596691 -27.569704 0.204159 0.882548 56.236405 -11.325808 -6.073689 23.353516 3.694073 0.793258 -2.378416 0.222248 10.668097 -27.805828 -0.050149 -0.162868 26.924314 2.325633 0.576496 13.224928 2.712299 0.340075
1.312999 0.244038 9.719267 23.610258 20.288043 -81.288956 -42.910668 -28.627957 -65.989564 -42.910668 -28.627957 -65.989564 -64.202814 -14.156341 -22.391772 1.331089 -1.031823 75.355565 10.062056 -13.365652 -73.839383 6.038730 -6.967164 -81.818443 -28.232462 18.526385 -114.068490 -28.232462 18.526385 -114.068490 -2.001547 -2.348476 81.105557 -21.447430 -24.232542 82.727175 -146.819222 -47.932450 164.749046 -146.819222 -47.932450 164.749046 7.688901 -0.218617 3.142998 -27.091551 0.341942 1.412227 55.876750 -15.115876 -8.250528 23.148420 -0.891901 -0.281934 -2.362574 0.214829 10.409822 -27.064220 0.037926 0.167752 26.751893 0.399730 0.072156 13.032261 -0.011583 -0.018551
1.105891 0.247314 7.917019 23.223181 20.052283 -81.552056 -42.836414 -28.611207 -66.056726 -42.836414 -28.611207 -66.056726 -64.194725 -14.254283 -22.548399 1.598003 -1.244301 75.647571 10.039681 -13.305191 -73.970754 6.122895 -7.060030 -81.844540 -28.152516 18.419422 -114.224940 -28.152516 18.419422 -114.224940 -2.388332 -2.825713 80.674187 -23.169510 -25.957006 83.177721 -150.112962 -47.131351 166.586150 -150.112962 -47.131351 166.586150 7.026965 -0.177310 2.795542 -27.237271 0.443347 1.804825 56.607647 -19.027186 -10.569392 23.658524 -5.529818 -1.301969 -2.673413 0.237444 10.199527 -26.966043 0.117000 0.474337 27.161852 -1.584203 -0.431675 13.271179 -2.865936 -0.380436
0.867777 0.250510 5.863542 23.674540 20.316358 -81.236773 -42.969706 -28.639900 -65.935544 -42.969706 -28.639900 -65.935544 -64.149621 -14.312502 -22.658572 1.967319 -1.534566 75.842510 9.956398 -13.168914 -74.085019 6.181888 -7.109819 -81.987746 -28.170084 18.312919 -114.565722 -28.170084 18.312919 -114.565722 -2.832367 -3.378767 80.201884 -25.070752 -27.857803 83.637725 -152.827693 -46.478314 168.072299 -152.827693 -46.478314 168.072299 6.338853 -0.144185 2.534556 -27.750323 0.521834 2.093673 57.597512 -22.530782 -12.669589 24.348426 -9.632435 -2.180676 -3.139828 0.274410 10.026042 -27.339606 0.187254 0.748160 27.814297 -3.474971 -0.906086 13.701754 -5.608140 -0.718210
0.629916 0.253898 3.849637 25.018488 21.068237 -80.276119 -43.299274 -28.710759 -65.635886 -43.299274 -28.710759 -65.635886 -64.080346 -14.325241 -22.707901 2.427690 -1.895754 75.955580 9.798850 -12.932602 -74.210346 6.214540 -7.124749 -82.173062 -28.267363 18.199514 -115.079499 -28.267363 18.199514 -115.079499 -3.275875 -3.935743 79.746368 -26.754981 -29.519416 84.065259 -154.710100 -46.043387 169.081755 -154.710100 -46.043387 169.081755 5.609187 -0.116060 2.321987 -28.273845 0.577795 2.288284 58.222939 -25.362389 -14.319066 24.822968 -12.929849 -2.882989 -3.718042 0.320273 9.867332 -27.801321 0.224105 0.890459 28.166137 -4.892079 -1.253531 13.918540 -7.620168 -0.958641
0.385945 0.257345 1.844958 27.024519 22.202321 -78.850732 -43.810828 -28.817802 -65.169451 -43.810828 -28.817802 -65.169451 -63.995649 -14.314789 -22.727471 3.020649 -2.358942 75.973399 9.611330 -12.650517 -74.364377 6.183656 -7.063642 -82.387775 -28.268982 18.020076 -115.608519 -28.268982 18.020076 -115.608519 -3.605974 -4.358539 79.318719 -27.877569 -30.572871 84.449482 -155.267238 -45.825778 169.406296 -155.267238 -45.825778 169.406296 4.959022 -0.097794 2.203760 -28.698925 0.599087 2.341393 58.181529 -27.043683 -15.249745 24.818873 -14.868296 -3.300305 -4.153749 0.349670 9.613845 -28.296819 0.233184 0.918831 28.337456 -5.617402 -1.435034 14.124993 -8.616123 -1.085275
0.145729 0.260470 -0.082718 29.021373 23.304226 -77.412553 -44.407087 -28.940441 -64.624838 -44.407087 -28.940441 -64.624838 -63.947195 -14.275273 -22.686472 3.689120 -2.879354 75.954063 9.467350 -12.414258 -74.573270 6.110189 -6.954996 -82.598088 -28.231774 17.827809 -116.103634 -28.231774 17.827809 -116.103634 -3.796790 -4.611825 78.966258 -28.246988 -30.840965 84.737290 -153.962197 -45.704497 168.860723 -153.962197 -45.704497 168.860723 4.366186 -0.081730 2.095382 -29.218773 0.595652 2.290837 58.729329 -27.860307 -15.894776 25.182850 -15.714625 -3.528417 -4.473753 0.363213 9.209571 -28.959772 0.234319 0.902093 28.724250 -5.931874 -1.525848 14.639886 -9.011635 -1.161209
-0.004890 0.262778 -1.244994 30.257892 23.996598 -76.529701 -44.907313 -29.042603 -64.167612 -44.907313 -29.042603 -64.167612 -63.868827 -14.240022 -22.665193 4.288587 -3.342868 75.882954 9.476118 -12.367792 -74.819111 5.989105 -6.797023 -82.769469 -28.036585 17.563045 -116.517360 -28.036585 17.563045 -116.517360 -3.798783 -4.625445 78.802757 -27.751033 -30.250177 84.835673 -151.276826 -45.660446 167.666769 -151.276826 -45.660446 167.666769 3.915912 -0.069294 1.992799 -29.845400 0.572596 2.163536 59.945049 -27.826828 -16.247111 25.956349 -15.470192 -3.554623 -4.446520 0.346018 8.645427 -30.043129 0.221439 0.825099 29.902290 -5.464438 -1.428079 16.167379 -8.275570 -1.116434
-0.045418 0.263649 -1.512731 30.120169 23.884861 -76.603548 -45.234827 -29.108488 -63.867798 -45.234827 -29.108488 -63.867798 -63.690144 -14.200624 -22.680868 4.682250 -3.642944 75.760614 9.610452 -12.476266 -75.100271 5.843037 -6.615561 -82.900670 -27.703420 17.257974 -116.791676 -27.703420 17.257974 -116.791676 -3.559940 -4.337255 78.811308 -26.393309 -28.814915 84.708703 -146.613152 -45.608375 165.532061 -146.613152 -45.608375 165.532061 3.719812 -0.061702 1.892456 -30.653762 0.540917 1.997182 62.016974 -27.444222 -16.663487 27.283603 -14.795408 -3.545551 -4.093095 0.301114 7.953833 -31.661248 0.199465 0.708771 31.948512 -4.599580 -1.237377 18.629271 -6.976736 -1.013286
0.062196 0.262322 -0.601317 28.852768 23.134533 -77.479320 -45.337403 -29.129082 -63.773877 -45.337403 -29.129082 -63.773877 -63.422846 -14.164209 -22.739185 4.814133 -3.736699 75.597935 9.847266 -12.724092 -75.354187 5.724311 -6.465378 -83.032685 -27.215577 16.877166 -117.005267 -27.215577 16.877166 -117.005267 -3.092280 -3.764571 78.976772 -24.430446 -26.817289 84.316628 -140.632638 -45.532219 162.752453 -140.632638 -45.532219 162.752453 3.741789 -0.058856 1.811323 -31.578479 0.501963 1.802536 64.771331 -26.661436 -17.075311 29.131591 -13.665076 -3.502495 -3.405533 0.231137 7.229639 -33.801018 0.192638 0.636843 35.101101 -3.613109 -1.035328 22.353422 -5.515183 -0.918149
0.354853 0.258571 1.780027 26.626586 21.812457 -79.010682 -45.290558 -29.120959 -63.817335 -45.290558 -29.120959 -63.817335 -63.000235 -14.105855 -22.830530 4.675186 -3.617022 75.364175 10.095319 -13.003435 -75.534591 5.662848 -6.379029 -83.178417 -26.546526 16.401700 -117.168022 -26.546526 16.401700 -117.168022 -2.341862 -2.849989 79.295539 -22.124685 -24.540893 83.626325 -134.071996 -45.453268 159.645658 -134.071996 -45.453268 159.645658 3.947879 -0.059403 1.741520 -32.673993 0.448368 1.559084 68.545357 -26.002794 -17.904310 32.039672 -12.866359 -3.671066 -2.730046 0.168244 6.574730 -36.576605 0.204179 0.610253 39.675567 -2.677847 -0.849568 27.814461 -4.155942 -0.844236
0.780497 0.252963 5.252123 23.875408 20.190324 -80.909751 -45.069383 -29.078908 -64.020889 -45.069383 -29.078908 -64.020889 -62.444418 -14.041834 -22.972743 4.255438 -3.279180 75.088958 10.296153 -13.251292 -75.588797 5.579766 -6.265797 -83.367202 -25.893825 15.950605 -117.297694 -25.893825 15.950605 -117.297694 -1.530537 -1.862769 79.675784 -19.987446 -22.473082 82.842235 -127.875595 -45.459176 156.629999 -127.875595 -45.459176 156.629999 4.263895 -0.062160 1.685924 -33.815136 0.382772 1.286835 72.432486 -25.309847 -18.684487 35.260013 -12.073485 -3.811330 -2.276864 0.125261 6.077381 -39.380073 0.205547 0.579868 44.078940 -1.887099 -0.665787 33.054707 -3.027048 -0.731843
1.293468 0.246903 9.478728 21.930168 19.050279 -82.258440 -44.756015 -29.019052 -64.309167 -44.756015 -29.019052 -64.309167 -61.827227 -13.970625 -23.131481 3.694141 -2.833565 74.831873 10.387977 -13.396850 -75.476043 5.468440 -6.118191 -83.592473 -25.398074 15.583860 -117.480370 -25.398074 15.583860 -117.480370 -0.785025 -0.958143 80.055085 -18.256284 -20.828038 82.095968 -122.624183 -45.510123 153.999863 -122.624183 -45.510123 153.999863 4.490739 -0.064274 1.649265 -34.843611 0.311464 1.015360 75.720171 -24.088368 -18.801644 38.205771 -10.546404 -3.596660 -2.175627 0.112412 5.823341 -41.608484 0.187078 0.502216 47.324217 -1.242637 -0.485022 36.955642 -2.091055 -0.591381
1.816442 0.241298 13.891687 21.693699 18.864458 -82.387188 -44.437255 -28.956868 -64.601832 -44.437255 -28.956868 -64.601832 -61.226958 -13.903327 -23.289837 3.196779 -2.441108 74.623322 10.412402 -13.493656 -75.202512 5.308762 -5.912508 -83.869457 -25.085364 15.280679 -117.830274 -25.085364 15.280679 -117.830274 -0.166482 -0.209917 80.365071 -17.042678 -19.682834 81.525106 -119.054811 -45.630608 152.123023 -119.054811 -45.630608 152.123023 4.491006 -0.063336 1.617190 -36.050979 0.226480 0.729240 78.829119 -22.283700 -18.238352 41.128651 -8.188072 -2.902896 -2.535799 0.129160 5.742384 -43.175372 0.126987 0.321498 49.182281 -0.487522 -0.221642 39.317616 -0.981311 -0.341657
2.266291 0.236817 17.812759 23.102182 19.620802 -81.359464 -44.197823 -28.908545 -64.820951 -44.197823 -28.908545 -64.820951 -60.731933 -13.831266 -23.394291 2.846456 -2.167197 74.505429 10.354618 -13.510989 -74.825313 5.073047 -5.620489 -84.188005 -25.367540 15.208513 -118.580810 -25.367540 15.208513 -118.580810 0.276580 0.319884 80.604312 -16.323160 -19.007547 81.132614 -116.907552 -45.781181 150.923846 -116.907552 -45.781181 150.923846 4.255333 -0.059321 1.584196 -37.635007 0.151704 0.481951 81.670210 -20.346236 -17.425754 44.114598 -5.679216 -2.076182 -3.526137 0.180923 5.744381 -43.888408 0.050699 0.121390 49.359119 -0.234869 -0.116504 39.613230 -0.602163 -0.226881
2.664248 0.233886 21.429539 24.064094 20.099453 -80.622685 -44.016898 -28.871740 -64.986397 -44.016898 -28.871740 -64.986397 -60.397809 -13.760478 -23.427671 2.659583 -2.022412 74.468563 10.270227 -13.541674 -74.246166 4.763415 -5.239730 -84.652277 -26.277475 15.315823 -119.881015 -26.277475 15.315823 -119.881015 0.513644 0.600746 80.829121 -16.017789 -18.767786 80.803765 -116.353423 -46.021861 150.468879 -116.353423 -46.021861 150.468879 3.922279 -0.052534 1.506974 -38.982806 0.093737 0.291042 83.299120 -18.785546 -16.563437 46.306980 -3.781687 -1.446156 -4.761697 0.241031 5.731651 -44.058702 -0.036028 -0.098413 48.488274 -0.488660 -0.206985 38.660082 -0.909327 -0.301228
3.015693 0.232657 24.742849 24.082586 19.915334 -80.432347 -43.905965 -28.849129 -65.087821 -43.905965 -28.849129 -65.087821 -60.246055 -13.683752 -23.368496 2.621492 -1.993481 74.484481 10.107340 -13.546092 -73.318608 4.408760 -4.793645 -85.444496 -28.248880 15.620621 -122.147099 -28.248880 15.620621 -122.147099 0.619162 0.722899 81.080716 -15.860563 -18.706977 80.425401 -116.498471 -46.366938 150.315742 -116.498471 -46.366938 150.315742 3.574551 -0.044026 1.379210 -39.898517 0.070043 0.209114 83.539454 -17.822212 -15.798171 47.404384 -2.775955 -1.097454 -5.967704 0.296680 5.682959 -43.356421 -0.121305 -0.319943 46.809083 -1.295075 -0.502780 36.677668 -2.032321 -0.586928
3.293764 0.232726 27.458317 22.451670 18.560052 -81.162783 -43.876961 -28.843512 -65.114470 -43.876961 -28.843512 -65.114470 -60.317488 -13.592614 -23.185333 2.798776 -2.130473 74.541168 9.679424 -13.235719 -72.038784 3.775638 -4.063860 -86.707278 -31.366696 16.091569 -125.366575 -31.366696 16.091569 -125.366575 0.574765 0.668183 81.319113 -15.785783 -18.765022 79.975722 -116.819744 -46.780367 150.212131 -116.819744 -46.780367 150.212131 3.309032 -0.034799 1.195508 -40.028567 0.087003 0.260139 81.730265 -17.746366 -15.185789 46.758725 -3.007795 -1.118892 -6.666827 0.325371 5.576045 -41.643242 -0.189211 -0.505213 44.385506 -2.647088 -0.985552 33.807721 -3.911429 -1.048696
3.535026 0.233723 29.808643 18.867481 15.726204 -82.830320 -44.030782 -28.874511 -64.973679 -44.030782 -28.874511 -64.973679 -60.572525 -13.454777 -22.844306 3.164548 -2.409205 74.569209 8.987065 -12.574904 -70.543629 2.729080 -2.960259 -88.469457 -35.848290 16.698212 -129.480530 -35.848290 16.698212 -129.480530 0.551490 0.638835 81.553783 -15.647905 -18.811531 79.342008 -117.137098 -47.324178 150.020501 -117.137098 -47.324178 150.020501 3.260579 -0.025914 0.958287 -39.357133 0.133755 0.409621 78.639051 -18.548766 -14.989215 44.874228 -4.443575 -1.571759 -6.329623 0.304102 5.398543 -39.472591 -0.239719 -0.699016 42.437013 -4.181124 -1.525059 31.559183 -6.005388 -1.558487
3.737117 0.235381 31.749615 14.010807 11.920470 -85.097855 -44.294316 -28.926731 -64.732076 -44.294316 -28.926731 -64.732076 -61.010772 -13.255319 -22.328810 3.698972 -2.811016 74.514918 8.062492 -11.568579 -69.003265 1.204651 -1.450480 -90.751063 -41.672518 17.412288 -134.208523 -41.672518 17.412288 -134.208523 0.517482 0.597761 81.747439 -15.519965 -18.913044 78.582967 -117.701389 -48.029440 149.863456 -117.701389 -48.029440 149.863456 3.422816 -0.018414 0.700688 -38.159881 0.186725 0.582415 75.064221 -19.803706 -15.066722 42.410315 -6.483417 -2.248745 -5.265799 0.249048 5.135238 -37.021157 -0.317264 -1.023710 40.481073 -5.435877 -1.928730 29.357943 -7.638790 -1.900918
3.886316 0.237780 33.171905 8.375924 7.445842 -87.480225 -44.653555 -28.996816 -64.402246 -44.653555 -28.996816 -64.402246 -61.548393 -13.007977 -21.698569 4.290990 -3.254329 74.418331 6.914414 -10.175610 -67.624307 -1.117120 0.654960 -93.504696 -49.174923 18.334830 -139.210295 -49.174923 18.334830 -139.210295 0.468031 0.539835 81.839395 -15.466506 -19.102900 77.832998 -118.281299 -48.832679 149.659315 -118.281299 -48.832679 149.659315 3.761653 -0.011715 0.434539 -36.457202 0.225761 0.711983 70.863992 -20.998453 -14.948037 39.171204 -8.293818 -2.817866 -3.630681 0.168789 4.777843 -34.533181 -0.437360 -1.521954 38.469463 -6.578910 -2.266326 27.017321 -9.003022 -2.138013
3.963393 0.240860 33.930676 3.683452 3.521730 -89.152203 -45.026561 -29.068694 -64.059382 -45.026561 -29.068694 -64.059382 -62.118505 -12.740467 -21.027420 4.857201 -3.677583 74.309236 5.649828 -8.509255 -66.592121 -4.330585 3.357145 -96.483981 -58.583645 19.490491 -144.193644 -58.583645 19.490491 -144.193644 0.403862 0.466347 81.746231 -15.610505 -19.469219 77.269324 -119.165792 -49.693902 149.601778 -119.165792 -49.693902 149.601778 4.062215 -0.005833 0.209135 -34.974708 0.228860 0.732920 67.531880 -21.547333 -14.510850 36.159117 -9.030796 -2.945567 -2.182726 0.095225 4.410806 -32.356557 -0.614980 -2.250534 36.765890 -7.017174 -2.336022 24.971435 -9.254623 -2.077221
3.973624 0.244889 34.066803 1.857477 1.799229 -89.523125 -45.395621 -29.138319 -63.719488 -45.395621 -29.138319 -63.719488 -62.657248 -12.471574 -20.373257 5.316823 -4.020177 74.208829 4.367353 -6.693431 -66.000384 -8.451651 6.572061 -99.532834 -70.188465 20.917652 -149.109220 -70.188465 20.917652 -149.109220 0.374517 0.434284 81.561421 -15.823531 -19.857349 76.903292 -120.352388 -50.516052 149.753593 -120.352388 -50.516052 149.753593 4.169452 -0.002214 0.095671 -34.390021 0.204249 0.662886 65.797004 -21.117881 -13.759209 34.208191 -8.391081 -2.606584 -1.438892 0.054360 4.085155 -30.456100 -0.836587 -3.196651 34.758619 -6.786011 -2.162738 22.585445 -8.478033 -1.780343
3.931319 0.249845 33.733636 3.653904 2.903251 -88.247743 -45.716763 -29.197943 -63.423302 -45.716763 -29.197943 -63.423302 -63.073338 -12.239115 -19.831964 5.604103 -4.233954 74.140520 3.116708 -4.815918 -65.839584 -12.936106 9.897716 -102.324480 -82.159496 22.370783 -153.372349 -82.159496 22.370783 -153.372349 0.368840 0.430115 81.314872 -16.105024 -20.273235 76.711617 -121.703570 -51.282104 150.045936 -121.703570 -51.282104 150.045936 4.118863 -0.003380 0.165574 -34.587245 0.169508 0.550817 65.377170 -19.838780 -12.762830 33.182882 -6.707461 -2.020328 -1.514263 0.045607 3.786953 -29.236809 -1.075190 -4.221595 33.085585 -6.274680 -1.914644 20.644513 -7.244242 -1.418482
3.924881 0.255639 33.713141 12.117579 5.632659 -81.670596 -45.936493 -29.237922 -63.220287 -45.936493 -29.237922 -63.220287 -63.397381 -12.066915 -19.428029 5.690597 -4.298183 74.115595 2.074086 -3.210086 -65.818475 -16.911935 12.677799 -104.774937 -93.360260 23.624878 -157.034580 -93.360260 23.624878 -157.034580 0.393464 0.460575 81.093674 -16.348905 -20.624834 76.575131 -123.044643 -51.900216 150.434997 -123.044643 -51.900216 150.434997 3.771482 -0.006695 0.445179 -35.568026 0.137690 0.435947 66.704061 -17.554948 -11.362853 33.585630 -3.835142 -1.041419 -2.312758 0.066494 3.567503 -28.230344 -1.278642 -5.177523 31.471827 -5.639040 -1.646143 18.896165 -5.922842 -1.081151
3.955874 0.261832 34.026125 24.715144 9.909672 -72.182210 -46.023607 -29.253297 -63.139592 -46.023607 -29.253297 -63.139592 -63.636442 -11.969352 -19.180904 5.628346 -4.252639 74.133642 1.074651 -1.659738 -65.772514 -19.843112 14.618759 -106.706749 -101.488359 24.474929 -159.586394 -101.488359 24.474929 -159.586394 0.412086 0.483371 80.939748 -16.482063 -20.819118 76.496795 -124.166228 -52.297441 150.842813 -124.166228 -52.297441 150.842813 3.222657 -0.012143 0.863613 -36.805807 0.104135 0.316526 68.502528 -14.420753 -9.478261 34.582502 -0.041713 0.213310 -3.521364 0.107863 3.504209 -27.140566 -1.408852 -5.919566 29.735742 -5.094122 -1.408535 17.082280 -4.890194 -0.818351
4.048662 0.268338 34.887617 39.217663 14.697269 -61.110394 -46.078804 -29.262704 -63.088316 -46.078804 -29.262704 -63.088316 -63.822929 -11.923158 -19.040141 5.475798 -4.142781 74.205654 0.223387 -0.336361 -65.651293 -21.499371 15.647138 -107.991464 -105.813097 24.913230 -160.908751 -105.813097 24.913230 -160.908751 0.410968 0.482630 80.853724 -16.493712 -20.852910 76.443525 -124.872645 -52.519118 151.119669 -124.872645 -52.519118 151.119669 2.617860 -0.017924 1.332230 -37.963688 0.080282 0.232651 70.487549 -11.266564 -7.571703 35.870067 3.771530 1.508520 -4.464559 0.144613 3.637064 -25.995040 -1.477190 -6.453429 28.154216 -4.527350 -1.183043 15.530030 -3.960194 -0.604275
4.202825 0.274642 36.283152 53.496807 19.289604 -50.135946 -46.065824 -29.260432 -63.100348 -46.065824 -29.260432 -63.100348 -64.041666 -11.915875 -18.949617 5.327585 -4.037343 74.300561 -0.280688 0.445398 -65.396906 -21.258054 15.350427 -108.590509 -105.357195 24.734320 -160.936194 -105.357195 24.734320 -160.936194 0.409861 0.481383 80.838265 -16.313939 -20.641688 76.405359 -125.220779 -52.542717 151.309204 -125.220779 -52.542717 151.309204 2.067186 -0.024328 1.817921 -38.889226 0.096867 0.272964 72.353651 -8.209658 -5.711204 37.192719 7.432655 2.745345 -5.067329 0.176318 3.974765 -24.947940 -1.502778 -6.808115 26.820806 -3.656447 -0.891658 14.229465 -2.715872 -0.362124
4.359851 0.281183 37.712851 64.599600 22.852279 -41.435082 -46.018294 -29.252167 -63.144430 -46.018294 -29.252167 -63.144430 -64.256280 -11.925270 -18.886823 5.173400 -3.924821 74.361116 -0.402840 0.628482 -65.063229 -19.438486 14.014690 -108.432432 -100.293338 24.127438 -159.534116 -100.293338 24.127438 -159.534116 0.393831 0.462284 80.871224 -15.971430 -20.210476 76.418970 -125.145227 -52.375891 151.367092 -125.145227 -52.375891 151.367092 1.703849 -0.029185 2.202874 -39.171877 0.130359 0.372127 73.310595 -5.852450 -4.241685 38.023524 10.133789 3.622597 -5.108991 0.192996 4.388711 -24.065017 -1.484664 -6.959298 25.931794 -2.894519 -0.665051 13.386833 -1.727706 -0.198714
4.488116 0.287597 38.893998 71.400549 24.831837 -35.761225 -45.918914 -29.234929 -63.236620 -45.918914 -29.234929 -63.236620 -64.417825 -11.947092 -18.862819 5.022402 -3.811044 74.364486 -0.128823 0.190880 -64.748756 -16.105198 11.658216 -107.383590 -91.387407 23.195446 -156.725367 -91.387407 23.195446 -156.725367 0.373142 0.437796 80.891356 -15.578293 -19.683109 76.529481 -124.860601 -52.091187 151.374676 -124.860601 -52.091187 151.374676 1.556062 -0.033642 2.500735 -38.901036 0.185243 0.541103 73.280273 -4.298956 -3.200606 38.170627 11.789984 4.120322 -4.752497 0.195876 4.902330 -23.579483 -1.452542 -6.949200 25.890482 -1.791794 -0.402530 13.361011 -0.338003 -0.027118
4.599941 0.293333 39.898378 74.207447 25.185803 -33.128089 -45.843236 -29.221878 -63.306854 -45.843236 -29.221878 -63.306854 -64.461876 -11.985759 -18.907887 4.861698 -3.685013 74.290990 0.489982 -0.784113 -64.533023 -11.908493 8.622849 -105.470131 -80.806866 22.101763 -152.976723 -80.806866 22.101763 -152.976723 0.307310 0.360331 80.892251 -15.225913 -19.171949 76.740008 -124.436000 -51.702620 151.365243 -124.436000 -51.702620 151.365243 1.672247 -0.048136 2.961087 -38.588111 0.224523 0.660997 74.590217 -2.661946 -1.791227 38.887575 13.687756 4.981372 -4.046930 0.180746 5.559849 -23.091363 -1.366653 -6.663031 25.897663 -0.047750 0.014417 13.420227 1.774737 0.244330
4.737411 0.298411 41.103655 74.747796 23.648412 -31.447163 -45.680748 -29.192401 -63.457021 -45.680748 -29.192401 -63.457021 -64.330038 -12.072979 -19.094849 4.686590 -3.542887 74.132839 1.295731 -2.036690 -64.593348 -7.558298 5.387191 -102.669061 -69.517340 21.017830 -148.243367 -69.517340 21.017830 -148.243367 0.074134 0.088681 80.936613 -15.049900 -18.840538 77.066365 -123.879216 -51.360993 151.250645 -123.879216 -51.360993 151.250645 1.731829 -0.055970 3.591201 -38.745587 0.266649 0.776142 75.397254 -0.852812 -0.186179 40.582691 16.148318 6.567763 -3.235771 0.157524 6.309070 -22.863127 -1.242259 -6.108450 26.347863 1.907452 0.484535 13.976457 4.059110 0.554147
4.868926 0.302173 42.227947 76.465987 21.541013 -28.416020 -45.554585 -29.169587 -63.573648 -45.554585 -29.169587 -63.573648 -64.087175 -12.183245 -19.359000 4.537736 -3.417176 73.919117 2.392286 -3.694856 -65.013004 -3.133347 1.881355 -99.322539 -58.585527 19.822563 -142.924966 -58.585527 19.822563 -142.924966 -0.243943 -0.279939 81.034863 -15.084106 -18.748638 77.453889 -123.150139 -51.079043 151.000464 -123.150139 -51.079043 151.000464 1.811554 -0.070131 4.434258 -40.072500 0.282825 0.809569 76.027589 0.986957 1.304032 45.429195 18.925811 9.139739 -2.394994 0.127341 7.060907 -22.817184 -1.088326 -5.365109 27.337186 3.997298 1.021662 15.395709 6.464530 0.951146
4.978511 0.304315 43.175022 78.888662 19.169006 -24.602333 -45.411981 -29.144087 -63.705599 -45.411981 -29.144087 -63.705599 -63.803966 -12.312895 -19.667993 4.393229 -3.294449 73.699317 3.631708 -5.494626 -65.813810 0.814268 -1.420306 -95.737401 -48.580225 18.652642 -137.337786 -48.580225 18.652642 -137.337786 -0.637323 -0.735204 81.184187 -15.404295 -18.991062 77.881166 -122.408554 -50.752864 150.775695 -122.408554 -50.752864 150.775695 1.885428 -0.086704 5.317614 -42.773577 0.277467 0.762290 75.320946 2.793456 2.670868 52.743451 21.507984 12.104161 -1.646457 0.095866 7.793369 -22.962669 -0.911194 -4.487772 28.670107 5.900476 1.572690 17.475558 8.538561 1.418488
5.059975 0.304967 43.908931 80.409536 17.804664 -22.308566 -45.318930 -29.127206 -63.791594 -45.318930 -29.127206 -63.791594 -63.556913 -12.429878 -19.944237 4.295377 -3.210790 73.537994 4.918590 -7.266222 -66.997453 3.763268 -4.076045 -92.254950 -40.508192 17.743692 -131.941681 -40.508192 17.743692 -131.941681 -1.043266 -1.203782 81.400837 -15.927517 -19.488319 78.284579 -121.689121 -50.469867 150.539457 -121.689121 -50.469867 150.539457 2.074403 -0.109692 6.076598 -46.442285 0.238890 0.613172 72.951293 3.993019 3.434404 61.153364 23.373696 15.008266 -1.095288 0.071809 8.415743 -23.312459 -0.737319 -3.614341 30.477410 7.364516 2.075280 20.226623 10.044553 1.901750
5.079349 0.303937 44.145883 80.952311 17.672827 -21.770349 -45.231788 -29.111294 -63.872083 -45.231788 -29.111294 -63.872083 -63.376289 -12.545410 -20.194722 4.217060 -3.149230 73.493252 6.213851 -8.970226 -68.366553 5.787470 -6.066635 -89.317409 -34.539798 16.961656 -127.307490 -34.539798 16.961656 -127.307490 -1.377670 -1.588923 81.627468 -16.525269 -20.068205 78.697410 -121.148501 -50.234802 150.377712 -121.148501 -50.234802 150.377712 2.360000 -0.135714 6.629414 -50.251950 0.143417 0.361056 70.277285 4.272687 3.445366 69.524941 24.233144 17.356617 -0.793908 0.059885 8.917670 -24.192594 -0.615810 -2.921874 32.818998 8.494200 2.554788 23.536785 11.235560 2.421681
4.923052 0.302118 42.920920 79.993846 18.942862 -23.554395 -45.163092 -29.098864 -63.935584 -45.163092 -29.098864 -63.935584 -63.235686 -12.671217 -20.448311 4.051315 -3.027845 73.553741 7.441840 -10.510931 -69.788528 6.719854 -7.144392 -87.005415 -30.753465 16.500965 -123.630141 -30.753465 16.500965 -123.630141 -1.655252 -1.907172 81.827272 -17.085445 -20.586481 79.148139 -120.811556 -50.029006 150.315085 -120.811556 -50.029006 150.315085 2.733958 -0.162219 6.891481 -53.402243 0.028834 0.081900 67.416179 3.311039 2.573450 76.453823 23.501524 18.359615 -0.719785 0.057945 9.186951 -25.236548 -0.522762 -2.382200 35.244738 8.939033 2.868960 26.789458 11.636850 2.820151
4.613976 0.300341 40.389890 77.979298 21.073510 -26.862193 -45.053139 -29.078735 -64.037120 -45.053139 -29.078735 -64.037120 -63.110118 -12.812401 -20.724252 3.736026 -2.796392 73.665800 8.488896 -11.771260 -71.081248 6.966479 -7.563025 -85.367368 -28.435382 16.260648 -120.862559 -28.435382 16.260648 -120.862559 -1.836100 -2.115397 81.921564 -17.591344 -21.012905 79.654171 -121.080624 -49.948444 150.520269 -121.080624 -49.948444 150.520269 3.060317 -0.178483 6.771749 -54.315370 -0.131853 -0.299024 66.446439 1.715802 1.171049 78.058566 22.023613 17.802415 -0.898261 0.071827 9.230935 -26.797801 -0.475488 -2.045342 37.859232 8.729727 2.991386 30.010089 11.292934 3.029890
4.160516 0.298473 36.566129 74.749977 24.385557 -32.124798 -44.988737 -29.066482 -64.096389 -44.988737 -29.066482 -64.096389 -62.983606 -12.973219 -21.033424 3.294507 -2.471036 73.814430 9.268170 -12.666031 -72.122854 6.965631 -7.678071 -84.307269 -27.106762 16.120089 -119.064863 -27.106762 16.120089 -119.064863 -1.918385 -2.213484 81.856607 -17.976601 -21.276910 80.185789 -121.866493 -49.926060 150.981774 -121.866493 -49.926060 150.981774 3.538318 -0.199756 6.524821 -52.726367 -0.325176 -0.809333 67.948818 0.197254 0.014415 75.197856 20.571932 16.068836 -1.155009 0.090877 9.151862 -28.335226 -0.431215 -1.762914 39.959031 8.120653 2.918214 32.458999 10.438330 2.992897
3.711119 0.296900 32.732537 71.129348 26.261667 -36.693419 -44.765644 -29.022176 -64.300873 -44.765644 -29.022176 -64.300873 -62.808814 -13.210733 -21.485946 2.680859 -2.015126 73.965532 9.679196 -13.065095 -72.915604 6.709937 -7.498921 -83.571618 -26.453392 16.103272 -117.881387 -26.453392 16.103272 -117.881387 -2.076586 -2.407295 81.640805 -18.247264 -21.371796 80.794581 -123.085453 -49.807222 151.737125 -123.085453 -49.807222 151.737125 3.828827 -0.204476 6.159764 -48.643374 -0.484652 -1.319186 70.607865 -0.432994 -0.380301 68.143388 20.060610 13.801455 -1.686536 0.129062 8.999328 -29.628320 -0.376076 -1.464069 41.249512 6.370793 2.372893 33.746377 7.888247 2.375992
3.296475 0.296033 29.193166 65.475109 27.057611 -42.728576 -44.438980 -28.955076 -64.599293 -44.438980 -28.955076 -64.599293 -62.583519 -13.498547 -22.042108 1.927802 -1.451887 74.091863 9.803847 -13.098693 -73.530101 6.549671 -7.392797 -83.042500 -26.055797 16.123617 -117.032815 -26.055797 16.123617 -117.032815 -2.267381 -2.651497 81.228531 -18.520302 -21.372424 81.631220 -124.872066 -49.619313 152.819637 -124.872066 -49.619313 152.819637 4.168915 -0.201764 5.676642 -42.531892 -0.590807 -1.751014 72.009530 -0.333958 -0.312334 58.279946 20.323412 11.520777 -2.261047 0.167340 8.714480 -30.628259 -0.338528 -1.262220 41.606349 3.673345 1.452425 33.786161 4.122236 1.373315
2.946719 0.296212 26.240414 57.888548 26.500678 -50.015899 -44.102235 -28.885337 -64.906673 -44.102235 -28.885337 -64.906673 -62.301845 -13.801645 -22.652446 1.089662 -0.821760 74.159264 9.727244 -12.899400 -73.964459 6.457135 -7.337292 -82.679587 -25.825780 16.176609 -116.409990 -25.825780 16.176609 -116.409990 -2.484417 -2.938414 80.638504 -18.928481 -21.449215 82.653930 -127.281868 -49.158713 154.357663 -127.281868 -49.158713 154.357663 4.599505 -0.191467 5.058199 -35.941612 -0.613063 -1.967535 71.514649 0.144279 -0.007956 48.117731 20.592137 9.289316 -2.713915 0.193658 8.321444 -31.027015 -0.337422 -1.237065 40.775719 0.097860 0.245321 32.377260 -0.810700 0.148021
2.694608 0.297708 24.139390 48.774703 25.405153 -58.573744 -43.772583 -28.816087 -65.207142 -43.772583 -28.816087 -65.207142 -62.049165 -14.090208 -23.230326 0.378732 -0.286045 74.202123 9.544277 -12.581174 -74.301950 6.385985 -7.290728 -82.418722 -25.931735 16.394245 -115.942260 -25.931735 16.394245 -115.942260 -2.769372 -3.319605 79.932264 -19.702645 -21.884155 83.750389 -130.528628 -48.506976 156.382152 -130.528628 -48.506976 156.382152 5.147822 -0.181670 4.380757 -30.208525 -0.516056 -1.828601 68.672281 0.708504 0.343635 38.675616 20.625129 7.302501 -3.013075 0.206462 7.841374 -30.921384 -0.384518 -1.421050 39.158782 -3.594953 -0.999781 29.928290 -5.789759 -1.044321
2.563255 0.299901 23.080270 39.013588 23.481429 -67.350764 -43.459120 -28.749917 -65.492709 -43.459120 -28.749917 -65.492709 -61.829574 -14.341758 -23.736213 -0.123542 0.093166 74.209289 9.331488 -12.235793 -74.594032 6.325268 -7.240572 -82.266915 -26.178743 16.666183 -115.597925 -26.178743 16.666183 -115.597925 -3.039143 -3.695407 79.134046 -20.939166 -22.738249 84.974799 -135.096165 -47.652700 159.051989 -135.096165 -47.652700 159.051989 5.821821 -0.172739 3.703614 -25.638133 -0.385403 -1.483037 65.003751 0.930031 0.524115 31.123403 20.201280 5.835104 -3.097990 0.201771 7.278658 -31.095722 -0.481216 -1.749315 38.030800 -6.877016 -2.139580 28.092759 -10.137643 -2.121482
2.488386 0.302739 22.511505 30.069958 21.195135 -75.118131 -43.231173 -28.701313 -65.700156 -43.231173 -28.701313 -65.700156 -61.568103 -14.546416 -24.189877 -0.473802 0.357822 74.205253 9.115902 -11.899991 -74.837016 6.141257 -7.041627 -82.177851 -26.710102 17.088690 -115.360388 -26.710102 17.088690 -115.360388 -3.449759 -4.248725 78.404557 -23.131090 -24.503832 86.253172 -140.763021 -46.782142 162.138044 -140.763021 -46.782142 162.138044 6.517547 -0.166624 3.126937 -22.973627 -0.209976 -0.896487 60.458029 0.638783 0.372807 27.076081 19.147590 4.736623 -2.935632 0.178696 6.686793 -31.266194 -0.597933 -2.140148 36.949653 -9.185011 -2.953912 26.322683 -13.051941 -2.844129
2.418672 0.306047 21.882591 23.049227 18.711268 -80.835413 -43.122146 -28.678169 -65.799423 -43.122146 -28.678169 -65.799423 -61.255335 -14.693395 -24.576345 -0.604389 0.456648 74.212222 8.926247 -11.608791 -75.044443 5.873929 -6.739191 -82.153414 -27.360657 17.561719 -115.209440 -27.360657 17.561719 -115.209440 -4.024245 -5.004148 77.798144 -26.115655 -27.009299 87.551804 -147.296214 -45.963667 165.487932 -147.296214 -45.963667 165.487932 7.101093 -0.158857 2.655712 -21.783055 -0.055894 -0.272458 58.528011 -0.289851 -0.159859 24.997342 17.688261 3.979514 -2.732597 0.152401 6.126080 -31.842260 -0.709705 -2.483167 36.828225 -10.389896 -3.414491 25.792233 -14.492652 -3.248216
2.348408 0.309655 21.175993 18.595084 16.659365 -84.203080 -43.151661 -28.684739 -65.772687 -43.151661 -28.684739 -65.772687 -60.958689 -14.773830 -24.848965 -0.539179 0.407370 74.220811 8.751598 -11.353573 -75.183047 5.534328 -6.346711 -82.188119 -28.083745 18.010631 -115.273919 -28.083745 18.010631 -115.273919 -4.688069 -5.874438 77.308401 -29.522338 -29.901743 88.808751 -153.733603 -45.276464 168.624447 -153.733603 -45.276464 168.624447 7.477185 -0.151784 2.345944 -21.722224 0.074452 0.345284 58.434979 -1.517561 -0.902815 24.536196 16.102491 3.487673 -2.530210 0.126650 5.672724 -32.572099 -0.789544 -2.704899 37.130050 -10.304695 -3.433387 26.071281 -14.165002 -3.232949
2.282899 0.313382 20.439225 16.733309 15.409752 -85.359841 -43.264352 -28.709826 -65.670608 -43.264352 -28.709826 -65.670608 -60.698028 -14.811558 -25.036024 -0.343460 0.259350 74.237038 8.605886 -11.148549 -75.264833 5.218454 -5.974545 -82.276339 -28.651041 18.310135 -115.481599 -28.651041 18.310135 -115.481599 -5.392857 -6.790480 76.982769 -32.760009 -32.642406 89.887833 -159.243946 -44.672947 171.231673 -159.243946 -44.672947 171.231673 7.613021 -0.144838 2.180176 -22.322275 0.179735 0.870236 59.592005 -3.071853 -1.843446 25.089656 14.327369 3.161550 -2.580083 0.120841 5.379407 -33.127444 -0.817800 -2.755801 37.632886 -9.563180 -3.241493 26.772004 -13.120398 -3.088342
2.272212 0.317552 20.256417 14.956200 13.882142 -86.060766 -43.401848 -28.739894 -65.545815 -43.401848 -28.739894 -65.545815 -60.533084 -14.798117 -25.093131 -0.048067 0.036661 74.215392 8.441078 -10.917730 -75.353671 4.987763 -5.702441 -82.345568 -28.931524 18.421190 -115.692552 -28.931524 18.421190 -115.692552 -6.094479 -7.691873 76.792660 -35.258790 -34.785590 90.644518 -162.921650 -44.183451 172.955061 -162.921650 -44.183451 172.955061 7.676259 -0.130954 1.960841 -22.463536 0.248458 1.220894 60.291535 -4.983906 -2.945802 25.441011 12.172838 2.742619 -2.558909 0.116430 5.216838 -33.842050 -0.810209 -2.670949 38.569471 -8.383437 -2.930275 28.409690 -11.567813 -2.908774
2.328957 0.320899 20.783972 11.850503 11.048197 -86.787333 -43.586581 -28.780080 -65.378054 -43.586581 -28.780080 -65.378054 -60.419825 -14.735202 -25.043069 0.310218 -0.231585 74.113010 8.286866 -10.705194 -75.422067 4.901809 -5.600303 -82.379078 -28.749397 18.258591 -115.816930 -28.749397 18.258591 -115.816930 -6.457575 -8.162913 76.671807 -36.483086 -35.808901 91.067713 -164.552859 -43.622248 173.784531 -164.552859 -43.622248 173.784531 7.757780 -0.102855 1.547857 -22.002354 0.273503 1.352317 60.901780 -7.617174 -4.511554 25.973820 9.084710 2.074055 -2.320734 0.104599 5.015592 -36.156444 -0.724072 -2.342610 43.116192 -6.714078 -2.236439 32.870012 -9.636479 -2.494469
2.429369 0.324010 21.801777 7.996964 7.414096 -87.351934 -43.858505 -28.837521 -65.130346 -43.858505 -28.837521 -65.130346 -60.392667 -14.634364 -24.888643 0.732200 -0.546938 73.976364 8.089829 -10.446635 -75.450183 5.013747 -5.728243 -82.379621 -28.241789 17.915415 -115.846649 -28.241789 17.915415 -115.846649 -6.609876 -8.358259 76.644727 -36.357702 -35.737107 90.986428 -163.178755 -43.256329 173.294928 -163.178755 -43.256329 173.294928 7.792987 -0.064941 1.010885 -21.437221 0.266271 1.329763 61.468348 -10.332084 -6.158651 26.447213 5.976373 1.362661 -1.876682 0.085920 4.742444 -38.092223 -0.655347 -2.078423 47.313994 -6.230011 -2.254194 38.380835 -9.934391 -3.587900
2.547226 0.326176 23.052601 3.450288 3.106179 -87.907598 -44.152776 -28.898562 -64.861779 -44.152776 -28.898562 -64.861779 -60.487494 -14.507189 -24.631782 1.231162 -0.919796 73.814204 7.919939 -10.218182 -75.504063 5.377625 -6.144157 -82.377053 -27.410728 17.397728 -115.770396 -27.410728 17.397728 -115.770396 -6.440151 -8.139757 76.678621 -34.653548 -34.313543 90.450751 -158.970457 -42.988800 171.570774 -158.970457 -42.988800 171.570774 7.868603 -0.021790 0.389155 -20.754266 0.232618 1.182942 61.846453 -13.577495 -8.138475 26.995095 2.193594 0.485522 -1.321389 0.061898 4.259467 -40.006862 -0.658461 -2.010187 52.345978 -6.864359 -2.933998 44.829439 -12.077354 -5.636427
2.648497 0.326660 24.185367 -0.992089 -1.128924 -88.327054 -44.371418 -28.943447 -64.662025 -44.371418 -28.943447 -64.662025 -60.606126 -14.402154 -24.399937 1.545991 -1.154280 73.656413 7.853969 -10.121051 -75.569564 5.824030 -6.651771 -82.391445 -26.381856 16.764391 -115.663512 -26.381856 16.764391 -115.663512 -5.873693 -7.415089 76.802791 -31.871087 -31.949721 89.575839 -152.832154 -42.975914 168.920957 -152.832154 -42.975914 168.920957 7.926607 0.018195 -0.202556 -21.115791 0.201171 1.006981 64.785386 -16.322088 -10.768347 28.836056 -1.109158 -0.431215 -0.746235 0.036052 3.648558 -41.746500 -0.735826 -2.124586 57.029398 -8.101157 -3.970642 50.932314 -14.678349 -7.810728
2.710149 0.326005 24.926171 -4.862212 -4.811823 -88.666963 -44.551556 -28.980168 -64.497332 -44.551556 -28.980168 -64.497332 -60.629577 -14.318968 -24.250074 1.728501 -1.290230 73.559927 7.848146 -10.097916 -75.652237 6.246424 -7.130229 -82.420179 -25.334527 16.129102 -115.534638 -25.334527 16.129102 -115.534638 -5.147552 -6.475228 77.117917 -28.584740 -29.127639 88.480113 -144.959511 -43.142942 165.383124 -144.959511 -43.142942 165.383124 7.982698 0.050628 -0.700278 -22.345812 0.173848 0.823326 68.190888 -18.772899 -13.351120 31.485327 -4.082652 -1.387674 -0.193064 0.013098 2.978986 -42.897235 -0.869298 -2.390249 60.838204 -9.690873 -5.233435 56.309059 -17.354225 -9.910498
2.757155 0.324526 25.527863 -7.494264 -7.328987 -88.858730 -44.668938 -29.004124 -64.390026 -44.668938 -29.004124 -64.390026 -60.566941 -14.253298 -24.170129 1.824855 -1.363037 73.540975 7.965217 -10.236118 -75.715470 6.660548 -7.598577 -82.449071 -24.201465 15.429373 -115.432485 -24.201465 15.429373 -115.432485 -4.304196 -5.385881 77.591328 -25.006826 -25.978840 87.246864 -135.879726 -43.339139 161.188636 -135.879726 -43.339139 161.188636 7.967495 0.071675 -1.031474 -24.467652 0.171595 0.731850 73.636941 -20.406910 -16.073553 35.405382 -6.233022 -2.218484 0.264206 -0.003450 2.360228 -43.653512 -1.014696 -2.685592 64.635340 -11.036033 -6.481975 62.624059 -19.090266 -11.710286
2.795218 0.322067 26.032659 -8.374483 -8.198864 -88.791901 -44.715740 -29.013794 -64.347293 -44.715740 -29.013794 -64.347293 -60.448587 -14.205292 -24.145818 1.903901 -1.424887 73.615715 8.250555 -10.608041 -75.694484 7.025262 -8.003471 -82.522005 -23.212525 14.793289 -115.418471 -23.212525 14.793289 -115.418471 -3.390243 -4.214769 78.200757 -21.667169 -22.968618 86.023379 -126.892845 -43.551274 156.886912 -126.892845 -43.551274 156.886912 7.824844 0.077961 -1.137245 -27.396920 0.195260 0.740303 79.939820 -21.608874 -18.866155 39.942754 -8.000439 -3.120134 0.308840 -0.006141 1.832000 -44.304019 -1.126637 -2.892651 68.098248 -11.716635 -7.391912 68.275930 -19.324056 -12.634800
2.803148 0.319850 26.199990 -7.832629 -7.674633 -88.898988 -44.776863 -29.025787 -64.291204 -44.776863 -29.025787 -64.291204 -60.331241 -14.153312 -24.114195 2.006080 -1.509434 73.811665 8.562310 -11.022508 -75.628695 7.341051 -8.339415 -82.672842 -22.421514 14.252831 -115.523244 -22.421514 14.252831 -115.523244 -2.589471 -3.191791 79.009024 -18.829962 -20.452614 84.686235 -118.940757 -43.925842 152.876043 -118.940757 -43.925842 152.876043 7.522899 0.069812 -1.040070 -30.632101 0.218711 0.774123 84.749700 -22.202896 -20.855443 44.849925 -9.189789 -4.086449 -0.130684 0.003078 1.604896 -44.410478 -1.118246 -2.834315 69.916029 -11.395107 -7.595041 73.097699 -17.949320 -12.439490
2.768937 0.317243 25.905905 -6.675895 -6.549995 -89.097220 -44.865318 -29.042077 -64.209563 -44.865318 -29.042077 -64.209563 -60.247160 -14.104742 -24.072499 2.211529 -1.672004 74.019803 8.907769 -11.492196 -75.504967 7.577763 -8.569597 -82.920349 -21.878927 13.830122 -115.787933 -21.878927 13.830122 -115.787933 -1.781234 -2.172777 79.882306 -16.704853 -18.610402 83.408796 -113.444769 -44.344441 149.842672 -113.444769 -44.344441 149.842672 7.096770 0.057426 -0.870565 -33.472808 0.245398 0.812879 87.990599 -22.601576 -22.128836 49.564977 -10.255690 -4.927017 -1.008422 0.024754 1.644358 -45.802659 -0.911888 -2.284936 73.246387 -8.965095 -6.336576 77.409077 -13.741441 -10.258522
2.697803 0.314619 25.193090 -4.973806 -4.883565 -89.315014 -45.064765 -29.078477 -64.025337 -45.064765 -29.078477 -64.025337 -60.206727 -14.052757 -24.004453 2.493529 -1.891968 74.222671 9.122838 -11.802537 -75.338565 7.649268 -8.603854 -83.240243 -21.869488 13.697355 -116.221393 -21.869488 13.697355 -116.221393 -1.058354 -1.276917 80.726159 -15.343725 -17.492989 82.265298 -110.285072 -44.864684 147.827501 -110.285072 -44.864684 147.827501 6.551398 0.042402 -0.647729 -35.886199 0.260636 0.810744 89.700389 -22.321649 -22.330263 53.573716 -10.368914 -5.298368 -2.332320 0.064741 1.972197 -47.279366 -0.569821 -1.394414 75.266038 -6.261073 -4.779481 80.410837 -9.779857 -8.159341
2.579865 0.311648 23.996485 -2.743968 -2.692296 -89.486690 -45.336369 -29.128645 -63.774723 -45.336369 -29.128645 -63.774723 -60.255998 -13.993155 -23.882086 2.759401 -2.097839 74.388358 9.198841 -11.956644 -75.067424 7.695023 -8.600122 -83.628411 -22.339846 13.814698 -116.839960 -22.339846 13.814698 -116.839960 -0.533161 -0.642127 81.442623 -14.641218 -16.989852 81.344501 -108.727488 -45.433478 146.585131 -108.727488 -45.433478 146.585131 5.930268 0.026676 -0.391064 -38.130302 0.254641 0.749443 87.684120 -21.325532 -20.758458 57.045062 -9.492014 -5.050900 -3.863934 0.113686 2.405935 -48.062690 -0.195400 -0.472169 74.537398 -4.131237 -3.353520 79.582026 -7.207102 -6.421108
2.474566 0.308131 22.845433 1.002516 0.807852 -89.029669 -45.607361 -29.177967 -63.524352 -45.607361 -29.177967 -63.524352 -60.366460 -13.939870 -23.741576 2.935458 -2.233565 74.488454 9.133047 -11.946441 -74.690448 7.688004 -8.533441 -84.044560 -23.457445 14.234543 -117.761833 -23.457445 14.234543 -117.761833 -0.140718 -0.173335 81.953752 -14.131791 -16.610026 80.656173 -108.930997 -46.189321 146.146729 -108.930997 -46.189321 146.146729 5.167522 0.011156 -0.088959 -40.334520 0.264029 0.728862 86.670506 -19.258440 -18.514568 59.680495 -6.904943 -3.776552 -5.630797 0.173583 2.891376 -47.724990 0.118479 0.292194 70.760647 -2.570880 -2.121318 74.305836 -5.448949 -4.731625
2.451069 0.304892 22.416213 6.280397 5.332695 -87.514073 -45.821695 -29.216952 -63.326317 -45.821695 -29.216952 -63.326317 -60.434179 -13.882750 -23.614186 2.917609 -2.219597 74.492410 8.924711 -11.775243 -74.188641 7.545210 -8.313019 -84.479117 -25.307832 14.954997 -119.074006 -25.307832 14.954997 -119.074006 0.071454 0.077916 82.269570 -13.760546 -16.307599 80.182463 -110.135908 -47.069109 146.187498 -110.135908 -47.069109 146.187498 4.410555 -0.002587 0.242370 -42.151929 0.325639 0.852130 85.142549 -16.889597 -15.747585 61.098374 -3.724560 -2.098633 -7.197879 0.230044 3.335336 -45.852679 0.324789 0.797866 63.973037 -1.951902 -1.264880 64.514035 -4.895833 -3.230640
2.595982 0.302896 23.485780 13.258390 10.660238 -84.539766 -45.954576 -29.241222 -63.203584 -45.954576 -29.241222 -63.203584 -60.443241 -13.791799 -23.457343 2.782818 -2.114641 74.423128 8.648812 -11.565728 -73.440585 7.266263 -7.935690 -85.025807 -28.425572 15.911163 -121.371163 -28.425572 15.911163 -121.371163 0.131614 0.149544 82.401498 -13.372895 -15.952849 79.812739 -111.672957 -47.946473 146.436652 -111.672957 -47.946473 146.436652 3.750809 -0.015014 0.620252 -43.221484 0.472048 1.227239 84.637032 -14.429300 -13.177142 61.281132 -0.353916 -0.279621 -7.579788 0.250311 3.695169 -41.909044 0.417278 1.058490 56.236902 -2.357733 -0.945416 53.913069 -5.718068 -2.426358
2.903405 0.302293 26.090788 19.969891 15.675832 -81.290258 -46.056480 -29.258661 -63.108951 -46.056480 -29.258661 -63.108951 -60.487009 -13.649887 -23.201822 2.732622 -2.066512 74.209007 8.289139 -11.291020 -72.377505 6.776827 -7.320746 -85.854276 -32.954144 17.003972 -124.716163 -32.954144 17.003972 -124.716163 0.086854 0.098575 82.378941 -13.094078 -15.719448 79.465832 -113.095015 -48.755629 146.688910 -113.095015 -48.755629 146.688910 3.343761 -0.024425 0.966630 -43.261585 0.665256 1.756033 85.564910 -12.688556 -11.754837 59.868985 2.120355 1.150339 -6.980761 0.237251 3.844217 -36.781820 0.369801 1.002209 48.764692 -3.991033 -1.366459 43.482239 -8.137010 -2.473844
3.302496 0.303266 29.495298 26.344021 20.177330 -77.843228 -46.054838 -29.258152 -63.110377 -46.054838 -29.258152 -63.110377 -60.594256 -13.456802 -22.834610 2.713355 -2.041903 73.970001 7.723121 -10.744963 -71.073732 5.583375 -6.008782 -87.028458 -39.785035 18.345606 -129.249584 -39.785035 18.345606 -129.249584 0.054989 0.062958 82.278810 -12.958196 -15.704558 78.962653 -114.372180 -49.440164 146.956470 -114.372180 -49.440164 146.956470 3.089900 -0.032978 1.294579 -42.832341 0.875569 2.330653 86.368458 -11.677377 -10.982230 58.644553 3.462439 1.915032 -5.451067 0.188326 3.864678 -31.214670 0.271291 0.816789 42.861048 -6.156314 -2.047346 35.441798 -11.280723 -2.898489
3.730663 0.305423 33.041556 31.487468 23.639066 -74.842157 -45.957110 -29.240569 -63.200759 -45.957110 -29.240569 -63.200759 -60.811553 -13.241958 -22.385283 2.749306 -2.058942 73.724385 6.813466 -9.672039 -69.571878 3.891499 -4.232282 -88.616940 -48.305361 19.698357 -134.640707 -48.305361 19.698357 -134.640707 0.045037 0.052863 82.121308 -13.064080 -16.012435 78.363514 -115.511100 -49.992652 147.237824 -115.511100 -49.992652 147.237824 2.974856 -0.040860 1.579919 -42.117208 1.087794 2.920207 87.156661 -11.511003 -10.993175 57.509112 3.458281 1.908666 -3.358209 0.114918 3.850695 -25.966418 0.176479 0.605347 38.458839 -8.257510 -2.648867 29.366157 -14.446716 -3.298590
4.178513 0.309153 36.668233 35.779335 26.086781 -71.960020 -45.801150 -29.212065 -63.344800 -45.801150 -29.212065 -63.344800 -61.052287 -13.039325 -21.947259 2.768036 -2.065409 73.512544 5.576827 -8.071903 -68.079287 1.402395 -1.732809 -90.448619 -58.305048 21.154429 -140.360196 -58.305048 21.154429 -140.360196 0.026444 0.032040 81.933318 -13.341686 -16.555109 77.685298 -116.643319 -50.392550 147.623762 -116.643319 -50.392550 147.623762 2.938500 -0.047155 1.814764 -41.073154 1.269961 3.427302 88.168043 -11.633900 -11.328928 55.923947 3.108656 1.707303 -1.251945 0.041008 3.916412 -21.571684 0.095815 0.379384 35.607719 -9.765137 -3.049955 25.429731 -16.788834 -3.597372
4.610836 0.313500 40.104411 40.068408 27.123146 -68.167041 -45.527602 -29.161797 -63.597320 -45.527602 -29.161797 -63.597320 -61.335712 -12.869683 -21.545872 2.664401 -1.983446 73.386893 3.990670 -5.858256 -66.711771 -1.990453 1.510725 -92.448239 -68.659776 22.664258 -145.596393 -68.659776 22.664258 -145.596393 0.018914 0.022014 81.718892 -13.693484 -17.202495 76.968292 -117.466078 -50.588949 147.975583 -117.466078 -50.588949 147.975583 2.899130 -0.049780 1.972497 -40.685121 1.388382 3.751097 88.038106 -12.032674 -11.669402 55.208374 2.524394 1.318086 0.463114 -0.019067 4.045582 -18.898756 0.019360 0.057044 34.171147 -10.654751 -3.276579 23.307512 -18.091783 -3.738433
5.002260 0.317455 43.207984 43.099369 27.709251 -65.394250 -45.287954 -29.118191 -63.818736 -45.287954 -29.118191 -63.818736 -61.651742 -12.749280 -21.212706 2.562493 -1.910092 73.463838 2.298464 -3.407504 -65.613473 -5.505479 4.762991 -94.368611 -78.288568 24.047404 -149.913528 -78.288568 24.047404 -149.913528 -0.060344 -0.071538 81.520239 -14.024902 -17.821411 76.281049 -118.454227 -50.668252 148.506585 -118.454227 -50.668252 148.506585 2.839063 -0.050979 2.074827 -40.438722 1.405993 3.813491 88.332516 -12.335928 -12.052587 54.034482 2.290098 1.156848 1.461378 -0.054104 4.228825 -17.821855 -0.063944 -0.373489 33.167934 -10.569141 -3.189498 21.709915 -17.807799 -3.524852
5.281785 0.321003 45.438713 45.535646 28.119768 -63.136095 -45.169809 -29.096550 -63.927829 -45.169809 -29.096550 -63.927829 -61.944100 -12.678389 -20.974633 2.411252 -1.807048 73.762362 0.638156 -0.912476 -64.848552 -9.051833 7.889380 -96.100402 -85.408923 25.242397 -152.485031 -85.408923 25.242397 -152.485031 -0.238969 -0.280477 81.355507 -14.299801 -18.355611 75.678535 -119.805081 -50.725284 149.260508 -119.805081 -50.725284 149.260508 2.745357 -0.050672 2.132260 -40.256916 1.321312 3.591146 88.810110 -12.259431 -12.084477 52.626804 2.943311 1.417209 1.092944 -0.039151 4.428589 -18.215434 -0.162242 -0.929457 32.410346 -9.727617 -2.883082 20.396863 -16.266847 -3.081456
5.508118 0.324457 47.309056 47.956198 28.692570 -60.965254 -45.179255 -29.098102 -63.919028 -45.179255 -29.098102 -63.919028 -62.155063 -12.642407 -20.830622 2.271912 -1.721726 74.265797 -0.738640 1.217691 -64.331992 -11.995394 10.368513 -97.547913 -89.996862 26.207501 -153.759644 -89.996862 26.207501 -153.759644 -0.517552 -0.605913 81.220462 -14.489236 -18.757868 75.179825 -121.700665 -50.777910 150.324731 -121.700665 -50.777910 150.324731 2.650269 -0.050651 2.198389 -39.850377 1.197276 3.272178 89.789281 -12.024513 -12.052456 50.909610 3.961317 1.838894 0.083185 0.001935 4.624067 -18.859646 -0.281253 -1.587899 31.577466 -8.526489 -2.467692 18.940908 -14.093485 -2.517614
5.643338 0.328160 48.499423 49.348700 29.096361 -59.746031 -45.388915 -29.135160 -63.724841 -45.388915 -29.135160 -63.724841 -62.380481 -12.636310 -20.730130 2.280264 -1.747807 74.813791 -1.709227 2.752485 -63.959655 -13.711690 11.709359 -98.713051 -91.429483 26.679221 -153.941902 -91.429483 26.679221 -153.941902 -0.833852 -0.976899 81.081338 -14.642242 -19.053568 74.879427 -123.902552 -50.809327 151.562536 -123.902552 -50.809327 151.562536 2.651136 -0.053049 2.287658 -39.131459 1.044593 2.899435 91.480691 -11.820397 -12.176976 48.755648 4.920018 2.197757 -1.216192 0.054563 4.783914 -19.410666 -0.404521 -2.282831 30.531900 -6.758981 -1.907086 17.265833 -11.040090 -1.835531
5.702003 0.331910 49.134260 51.590134 29.176326 -57.538811 -45.670040 -29.185858 -63.464905 -45.670040 -29.185858 -63.464905 -62.595077 -12.650878 -20.667853 2.375173 -1.837854 75.301810 -2.203632 3.554254 -63.705865 -14.282952 12.084065 -99.545535 -90.784295 26.848421 -153.466072 -90.784295 26.848421 -153.466072 -1.063421 -1.247411 80.955894 -14.724193 -19.223601 74.687776 -126.239225 -50.815979 152.883121 -126.239225 -50.815979 152.883121 2.629332 -0.055568 2.423767 -38.310635 0.900370 2.556823 92.867969 -11.150432 -11.746600 47.311484 6.273269 2.759494 -2.844204 0.124151 4.886586 -19.800603 -0.519845 -2.925729 29.650259 -4.611655 -1.266705 15.903400 -7.366540 -1.121444
5.808224 0.335378 50.274157 54.097020 28.930265 -54.925998 -45.902165 -29.228419 -63.250582 -45.902165 -29.228419 -63.250582 -62.843242 -12.656339 -20.577991 2.584178 -2.009820 75.650252 -2.286440 3.695641 -63.403435 -12.738603 10.688590 -100.011757 -86.888701 26.284176 -152.205327 -86.888701 26.284176 -152.205327 -1.183358 -1.390247 80.837695 -14.710057 -19.223092 74.635265 -128.042146 -50.712436 153.961107 -128.042146 -50.712436 153.961107 2.617127 -0.058754 2.595446 -37.291495 0.780832 2.296275 92.730932 -10.540484 -11.122886 46.262688 7.149361 3.072897 -4.529353 0.197301 4.938345 -20.209714 -0.618234 -3.453782 29.275669 -2.456524 -0.673090 15.266528 -3.719503 -0.537615
6.015976 0.339042 52.336429 58.487670 26.774929 -49.289145 -46.007173 -29.248750 -63.154099 -46.007173 -29.248750 -63.154099 -63.069380 -12.661059 -20.496280 2.797022 -2.178659 75.824312 -1.831959 2.962667 -63.068053 -9.319378 7.726074 -99.939190 -80.482528 25.043568 -150.324562 -80.482528 25.043568 -150.324562 -1.233584 -1.450891 80.757293 -14.589060 -19.036689 74.726763 -129.261761 -50.489293 154.780744 -129.261761 -50.489293 154.780744 2.450110 -0.057991 2.837888 -36.145805 0.709635 2.183144 91.313734 -10.059264 -10.381967 45.455738 7.463117 3.152089 -5.993880 0.263451 4.994677 -20.441902 -0.686576 -3.803133 29.079665 -0.036330 -0.008255 15.006172 0.271657 0.072030
6.309536 0.343275 55.116388 65.145716 21.365025 -37.884861 -45.947754 -29.238864 -63.209402 -45.947754 -29.238864 -63.209402 -63.187999 -12.668660 -20.461877 2.886805 -2.247080 75.798415 -0.998918 1.601718 -62.729319 -4.797476 3.781650 -99.204543 -71.803340 23.277457 -147.596745 -71.803340 23.277457 -147.596745 -1.319078 -1.552156 80.707926 -14.375080 -18.687219 74.954039 -129.627068 -50.135772 155.186539 -129.627068 -50.135772 155.186539 1.889390 -0.043921 3.227721 -35.373849 0.687563 2.172607 89.646133 -9.240560 -9.228229 45.781849 8.156122 3.482145 -7.259025 0.322432 5.057973 -20.745024 -0.742312 -4.047051 29.604814 2.179296 0.601478 16.015178 3.872866 0.623778
6.624180 0.347248 57.994463 72.264871 14.466743 -24.989071 -45.774931 -29.208895 -63.369724 -45.774931 -29.208895 -63.369724 -63.174436 -12.674529 -20.477126 2.937511 -2.280265 75.634219 0.218423 -0.380889 -62.567773 0.295492 -0.718098 -97.756322 -62.332465 21.313608 -144.167826 -62.332465 21.313608 -144.167826 -1.430379 -1.681093 80.738612 -14.113816 -18.254153 75.250071 -129.513208 -49.775157 155.327326 -129.513208 -49.775157 155.327326 1.187952 -0.023498 3.763331 -35.003308 0.717875 2.287156 87.872011 -8.582046 -8.286294 46.634669 8.663575 3.844734 -8.169478 0.375200 5.218222 -21.550706 -0.771272 -4.070697 31.029765 4.349432 1.294613 18.144644 7.220746 1.326532
6.830816 0.349896 59.796402 78.631581 6.772156 -12.187884 -45.589871 -29.176960 -63.541465 -45.589871 -29.176960 -63.541465 -63.048660 -12.686648 -20.547085 2.881889 -2.228745 75.406624 1.818498 -2.949067 -62.672471 4.773319 -4.786334 -95.719565 -53.015304 19.604819 -140.053259 -53.015304 19.604819 -140.053259 -1.530978 -1.794772 80.865288 -13.931063 -17.893669 75.636678 -128.992094 -49.482943 155.205207 -128.992094 -49.482943 155.205207 0.424393 0.001813 4.436009 -35.616400 0.761370 2.373123 84.927655 -7.860490 -7.237718 49.782945 9.554669 4.762677 -8.920551 0.433714 5.494121 -23.019819 -0.772526 -3.887392 33.362296 6.289293 2.024508 21.365244 10.022452 2.121149
6.889310 0.351040 60.155147 83.540579 -0.239559 -1.583643 -45.487312 -29.159218 -63.636623 -45.487312 -29.159218 -63.636623 -62.798658 -12.701164 -20.670665 2.783497 -2.143125 75.127038 3.575876 -5.679288 -63.217468 8.053444 -7.922913 -93.283828 -44.820765 18.314464 -135.578302 -44.820765 18.314464 -135.578302 -1.594015 -1.861813 81.117553 -13.770261 -17.567406 76.019884 -128.296425 -49.377307 154.881907 -128.296425 -49.377307 154.881907 -0.254892 0.026031 5.137135 -36.855210 0.812545 2.433449 82.091636 -7.241037 -6.351416 54.015353 10.532173 5.829961 -9.808845 0.511155 5.863523 -25.246412 -0.733390 -3.482583 37.065753 7.569452 2.718351 26.401167 11.630966 2.996240
6.815743 0.351132 59.255086 86.233152 -4.696326 4.327819 -45.481280 -29.158215 -63.642238 -45.481280 -29.158215 -63.642238 -62.527558 -12.746835 -20.852953 2.614910 -2.001364 74.756538 5.274437 -8.229137 -64.125535 9.825363 -9.781276 -90.734243 -38.413252 17.486570 -131.251262 -38.413252 17.486570 -131.251262 -1.611835 -1.874542 81.475336 -13.629568 -17.262600 76.430604 -127.311047 -49.423215 154.306714 -127.311047 -49.423215 154.306714 -0.628582 0.039108 5.871675 -38.632510 0.864351 2.455056 79.370631 -7.362224 -6.123181 58.724548 10.540918 6.301837 -9.902835 0.556540 6.399592 -27.716185 -0.668710 -2.960486 41.467732 9.080495 3.707366 32.056632 13.551471 4.286272
6.671731 0.350499 57.721847 87.919797 -5.578730 5.950967 -45.554123 -29.171055 -63.574755 -45.554123 -29.171055 -63.574755 -62.247894 -12.818188 -21.080246 2.375245 -1.805449 74.333059 6.704820 -10.271327 -65.342673 9.931666 -10.169813 -88.357915 -34.810302 17.287866 -127.712369 -34.810302 17.287866 -127.712369 -1.524606 -1.764219 81.914512 -13.459913 -16.945836 76.777254 -126.139267 -49.626214 153.530685 -126.139267 -49.626214 153.530685 -0.618923 0.032233 6.536660 -40.789093 0.929489 2.487985 76.893550 -8.150170 -6.385589 63.796495 9.534356 6.019440 -9.395246 0.566883 7.042954 -30.011870 -0.597687 -2.435066 45.935494 10.564409 4.753653 37.599306 15.544838 5.691892
6.554496 0.349445 56.512585 86.687895 -1.641043 1.018452 -45.703948 -29.197326 -63.435894 -45.703948 -29.197326 -63.435894 -61.959762 -12.889013 -21.311950 2.099770 -1.584867 73.894442 7.780633 -11.694487 -66.690096 9.275746 -9.796056 -86.313324 -32.828766 17.357365 -125.063741 -32.828766 17.357365 -125.063741 -1.350123 -1.552428 82.397916 -13.272716 -16.634619 77.039316 -124.754309 -49.913044 152.582716 -124.754309 -49.913044 152.582716 -0.006121 -0.006344 7.033454 -43.227692 0.968051 2.443793 73.636411 -10.265012 -7.342045 68.912788 6.140742 3.612862 -8.286376 0.530256 7.683102 -31.928395 -0.547032 -2.026947 49.682641 11.830845 5.683741 42.004589 17.300711 6.937965
6.622470 0.348815 57.095435 84.245676 5.409283 -8.077047 -45.833219 -29.219941 -63.316059 -45.833219 -29.219941 -63.316059 -61.754446 -12.930929 -21.464381 1.813901 -1.359665 73.481332 8.460637 -12.507742 -67.853616 8.262428 -8.980921 -84.786771 -32.097627 17.600534 -123.361794 -32.097627 17.600534 -123.361794 -1.112954 -1.268180 82.895910 -13.064204 -16.336058 77.169316 -123.275717 -50.242764 151.554658 -123.275717 -50.242764 151.554658 1.068594 -0.071493 7.306551 -45.373054 0.964938 2.336825 69.534634 -13.867577 -9.154104 73.934202 0.066614 -1.527305 -6.572736 0.441428 8.247604 -32.835926 -0.516586 -1.792194 51.044258 12.720337 6.202426 43.166827 18.608016 7.559254
6.841173 0.349040 59.160936 79.820518 12.465727 -18.107817 -45.996839 -29.248161 -63.164209 -45.996839 -29.248161 -63.164209 -61.591804 -12.945417 -21.555157 1.525844 -1.135577 73.134892 8.795691 -12.840227 -68.689174 7.387563 -8.206234 -83.725404 -31.736519 17.764465 -122.372045 -31.736519 17.764465 -122.372045 -0.910587 -1.027055 83.351409 -12.890657 -16.094614 77.253251 -121.943162 -50.494343 150.649492 -121.943162 -50.494343 150.649492 2.287593 -0.145650 7.377142 -46.404726 0.886093 2.084295 68.297012 -18.810461 -12.863644 75.008510 -7.686670 -6.878494 -4.542116 0.317537 8.628650 -32.767104 -0.525976 -1.815589 50.104631 13.006326 6.221391 41.500093 19.127588 7.487719
7.152788 0.350310 62.123949 73.694869 19.043672 -29.049084 -46.147934 -29.273963 -63.023871 -46.147934 -29.273963 -63.023871 -61.439775 -12.931525 -21.595555 1.268912 -0.938729 72.876957 8.794190 -12.716549 -69.225472 6.738982 -7.588511 -83.067227 -31.599710 17.928287 -121.731471 -31.599710 17.928287 -121.731471 -0.817006 -0.913048 83.716886 -12.840321 -16.033548 77.247841 -120.951349 -50.658592 149.981386 -120.951349 -50.658592 149.981386 3.554443 -0.216948 7.220623 -45.983583 0.758637 1.769825 70.259123 -23.997722 -17.767735 72.274553 -15.398723 -11.697462 -2.591653 0.188248 8.803756 -32.032104 -0.548516 -1.936929 47.478049 12.736687 5.800851 37.791933 18.790621 6.798193
7.487218 0.351987 65.294666 66.818964 24.312811 -39.499295 -46.243834 -29.290156 -62.934717 -46.243834 -29.290156 -62.934717 -61.288423 -12.908732 -21.621536 1.040888 -0.766845 72.708182 8.636401 -12.432752 -69.471090 6.247212 -7.090281 -82.692055 -31.701603 18.168797 -121.239922 -31.701603 18.168797 -121.239922 -0.828802 -0.921226 83.961863 -12.969773 -16.193891 77.249071 -120.987911 -50.802206 149.913531 -120.987911 -50.802206 149.913531 4.659390 -0.271288 6.914289 -44.526139 0.620232 1.470002 73.792036 -28.773314 -23.202802 66.969045 -21.834559 -14.629139 -1.012476 0.079323 8.823196 -30.955877 -0.575411 -2.090529 43.652675 12.106480 5.089796 32.470071 17.910453 5.683024
7.724549 0.353767 67.576462 60.379553 27.733193 -47.993677 -46.282952 -29.296705 -62.898327 -46.282952 -29.296705 -62.898327 -61.193318 -12.900795 -21.648325 0.857710 -0.630810 72.642002 8.428851 -12.092057 -69.670210 6.013312 -6.859590 -82.447819 -31.750033 18.398885 -120.683330 -31.750033 18.398885 -120.683330 -0.892602 -0.990396 84.061032 -13.190387 -16.450994 77.303800 -122.140000 -50.934071 150.486941 -122.140000 -50.934071 150.486941 5.447195 -0.301658 6.471030 -42.322598 0.499418 1.244097 78.509283 -32.104725 -27.973352 59.856902 -25.554611 -15.156462 -0.314517 0.024740 8.664612 -30.004243 -0.575001 -2.145117 40.008421 10.940011 4.152306 27.663506 16.138743 4.312237
7.801412 0.355718 68.391749 55.521050 29.355086 -53.679928 -46.285171 -29.297098 -62.896272 -46.285171 -29.297098 -62.896272 -61.172161 -12.934681 -21.712778 0.715797 -0.525933 72.617726 8.146636 -11.646924 -69.877848 5.916808 -6.768675 -82.307355 -31.651399 18.575472 -120.029731 -31.651399 18.575472 -120.029731 -1.003429 -1.115889 83.988700 -13.521952 -16.779404 77.568049 -124.776229 -50.876211 151.962086 -124.776229 -50.876211 151.962086 5.826894 -0.304987 6.020203 -39.759306 0.417185 1.135833 83.806190 -33.889336 -31.590219 52.031742 -26.711009 -13.946056 -0.263205 0.017825 8.447721 -29.289707 -0.556598 -2.125780 37.194947 9.781487 3.377640 23.940480 14.341971 3.213036
7.711124 0.357719 67.716872 52.663898 29.676971 -56.674380 -46.196649 -29.282030 -62.978513 -46.196649 -29.282030 -62.978513 -61.254607 -13.026643 -21.828686 0.599762 -0.440557 72.629619 7.874439 -11.204922 -70.157662 5.942066 -6.802415 -82.268357 -31.402247 18.648120 -119.413288 -31.402247 18.648120 -119.413288 -1.121105 -1.253936 83.709609 -13.951335 -17.126708 78.131067 -128.748318 -50.635263 154.219719 -128.748318 -50.635263 154.219719 5.833557 -0.285777 5.586709 -37.302368 0.397035 1.186951 88.696255 -33.756360 -33.403776 45.025689 -24.989269 -11.182978 -0.675946 0.045789 8.245152 -28.852521 -0.541218 -2.101558 35.643145 8.737397 2.825336 21.778907 12.850921 2.512025
7.464617 0.359939 65.644376 50.730117 29.718620 -58.625492 -46.001974 -29.247213 -63.158643 -46.001974 -29.247213 -63.158643 -61.366470 -13.199055 -22.063587 0.482660 -0.354664 72.674080 7.638959 -10.779403 -70.616707 6.015116 -6.882543 -82.295614 -31.005121 18.593233 -118.893004 -31.005121 18.593233 -118.893004 -1.239944 -1.399040 83.241593 -14.522725 -17.550168 78.960894 -133.744608 -50.161984 157.084929 -133.744608 -50.161984 157.084929 5.695870 -0.259659 5.178399 -35.267726 0.422493 1.346994 90.545174 -32.526282 -32.976761 39.342822 -21.939220 -8.067025 -1.358454 0.092975 8.060850 -28.879750 -0.553980 -2.146594 35.629405 7.963008 2.562978 21.617817 11.896374 2.286905
7.168386 0.362220 63.099704 48.977628 29.532431 -60.299373 -45.623648 -29.177170 -63.507649 -45.623648 -29.177170 -63.507649 -61.516733 -13.432044 -22.380314 0.306453 -0.225169 72.761064 7.520153 -10.506456 -71.137098 6.073889 -6.941597 -82.361696 -30.559546 18.452458 -118.517284 -30.559546 18.452458 -118.517284 -1.344875 -1.533657 82.619572 -15.273425 -18.113214 79.979425 -139.418150 -49.477964 160.323703 -139.418150 -49.477964 160.323703 5.514758 -0.232844 4.798492 -34.092341 0.477580 1.576818 89.149371 -30.452712 -30.395282 37.969689 -18.545913 -6.483604 -2.177450 0.147011 7.889490 -29.148989 -0.577230 -2.212129 36.392337 7.452846 2.454059 22.613697 11.407592 2.305919
6.853297 0.364350 60.352528 47.101273 29.134619 -62.005705 -45.137575 -29.084603 -63.954916 -45.137575 -29.084603 -63.954916 -61.702814 -13.695583 -22.729826 0.128045 -0.093519 72.874644 7.526710 -10.414847 -71.631411 6.107657 -6.964787 -82.488406 -30.079309 18.249432 -118.251008 -30.079309 18.249432 -118.251008 -1.406417 -1.621906 81.952992 -16.135415 -18.775366 81.049503 -144.938216 -48.720524 163.453415 -144.938216 -48.720524 163.453415 5.361316 -0.209775 4.464235 -33.247845 0.519233 1.758935 86.630116 -29.210493 -27.958940 37.483467 -16.762392 -5.773656 -3.000570 0.196577 7.676155 -29.674084 -0.610426 -2.296726 37.941195 7.358741 2.553911 24.941699 11.629612 2.661223
6.514361 0.366223 57.362716 44.580459 28.561282 -64.279523 -44.619572 -28.983950 -64.430682 -44.619572 -28.983950 -64.430682 -61.943469 -13.953939 -23.044730 -0.025504 0.020222 73.069781 7.646030 -10.491304 -72.071190 6.117703 -6.951744 -82.692205 -29.690229 18.072477 -118.065889 -29.690229 18.072477 -118.065889 -1.388181 -1.616599 81.325518 -17.066759 -19.543923 81.993675 -149.749388 -47.960205 166.115541 -149.749388 -47.960205 166.115541 5.317198 -0.192683 4.154625 -32.478056 0.527563 1.827911 84.099153 -29.045422 -26.523867 37.456562 -16.797334 -5.838290 -3.762078 0.238478 7.412111 -30.307016 -0.640950 -2.362884 39.886390 7.578760 2.800382 27.964100 12.308472 3.223527
6.218277 0.367934 54.718546 41.620385 27.891289 -66.950799 -44.093785 -28.879122 -64.912414 -44.093785 -28.879122 -64.912414 -62.187736 -14.180092 -23.302891 -0.156038 0.117220 73.306987 7.819167 -10.665057 -72.394600 6.028763 -6.823151 -82.920131 -29.449952 17.958617 -117.962833 -29.449952 17.958617 -117.962833 -1.326430 -1.557757 80.779686 -18.012304 -20.382752 82.726762 -153.934823 -47.351281 168.328423 -153.934823 -47.351281 168.328423 5.353393 -0.179789 3.862974 -31.788125 0.512634 1.811128 83.220956 -29.896315 -26.942609 37.958369 -18.582441 -6.664547 -4.388273 0.266019 7.053746 -30.901829 -0.671444 -2.429484 41.841294 8.279396 3.236401 31.060902 13.700341 4.017162
5.862458 0.369509 51.570287 38.679368 27.216239 -69.599690 -43.647898 -28.789475 -65.320608 -43.647898 -28.789475 -65.320608 -62.482139 -14.360300 -23.462953 -0.187543 0.139588 73.656735 8.028254 -10.905180 -72.632536 5.977241 -6.743484 -83.097174 -29.298826 17.915563 -117.816768 -29.298826 17.915563 -117.816768 -1.271019 -1.502969 80.384359 -19.038176 -21.386372 83.174787 -156.861929 -47.028720 169.779064 -156.861929 -47.028720 169.779064 5.438096 -0.171241 3.617521 -31.397960 0.479280 1.714406 83.798173 -31.402751 -28.703619 39.101932 -21.516954 -8.055786 -4.829549 0.278384 6.676149 -31.329341 -0.694200 -2.479346 43.555974 9.281368 3.767147 33.770051 15.492905 4.878911
5.422788 0.371092 47.740916 36.563665 26.666310 -71.476189 -43.357717 -28.729637 -65.585598 -43.357717 -28.729637 -65.585598 -62.837479 -14.471372 -23.483879 -0.100073 0.071222 74.105313 8.180939 -11.083139 -72.784562 5.923732 -6.674196 -83.169949 -29.299808 18.002379 -117.577466 -29.299808 18.002379 -117.577466 -1.202362 -1.429199 80.096017 -19.909573 -22.285717 83.388002 -158.643828 -46.760899 170.662362 -158.643828 -46.760899 170.662362 5.509274 -0.166062 3.454672 -31.326505 0.434786 1.561824 85.439599 -33.213802 -31.295336 41.028812 -25.087091 -9.904687 -5.128742 0.279952 6.294894 -31.337974 -0.733244 -2.627419 44.234927 10.213112 4.179278 35.011935 17.097447 5.488836
4.967428 0.373131 43.766219 35.174738 26.228987 -72.671664 -43.310821 -28.719648 -65.628279 -43.310821 -28.719648 -65.628279 -63.227609 -14.522377 -23.392378 0.173716 -0.142969 74.661649 8.156363 -11.029803 -72.895762 6.005425 -6.769548 -83.148657 -29.167683 18.034699 -117.234669 -29.167683 18.034699 -117.234669 -1.192502 -1.421446 79.955537 -20.264039 -22.691611 83.350104 -158.153897 -46.477645 170.526646 -158.153897 -46.477645 170.526646 5.497936 -0.159437 3.315289 -31.495101 0.397225 1.417120 87.109062 -34.807149 -33.539045 42.567416 -28.176541 -11.394995 -5.366866 0.278874 5.961994 -30.980675 -0.784005 -2.857500 43.923088 10.791808 4.371151 34.842862 18.058021 5.729661
4.533493 0.376293 39.999901 34.388462 25.932509 -73.323751 -43.468468 -28.752559 -65.484496 -43.468468 -28.752559 -65.484496 -63.688602 -14.525144 -23.194964 0.675611 -0.540061 75.323252 7.965189 -10.750631 -73.015418 6.342665 -7.165600 -83.050061 -28.621851 17.879388 -116.620269 -28.621851 17.879388 -116.620269 -1.253092 -1.495341 79.891317 -19.975233 -22.426737 83.154285 -154.968916 -46.057510 169.233783 -154.968916 -46.057510 169.233783 5.442889 -0.153059 3.209727 -31.222374 0.361703 1.297309 86.959563 -35.951406 -34.453401 43.206951 -30.406373 -12.355091 -5.025004 0.251156 5.686377 -29.694930 -0.840557 -3.252539 42.347043 10.652222 4.199404 32.991903 17.902138 5.448437
4.252676 0.381085 37.434129 33.931697 25.746059 -73.694984 -43.749789 -28.811565 -65.228038 -43.749789 -28.811565 -65.228038 -64.135287 -14.498355 -22.958913 1.264348 -1.010474 76.022827 7.658552 -10.317698 -73.124735 6.889951 -7.806819 -82.901407 -27.690049 17.537682 -115.789617 -27.690049 17.537682 -115.789617 -1.398969 -1.671000 79.845824 -19.055305 -21.489248 82.844657 -149.303680 -45.401235 166.916461 -149.303680 -45.401235 166.916461 5.339521 -0.145512 3.107320 -30.479647 0.341240 1.253366 84.682249 -36.222336 -33.535941 42.654156 -31.079086 -12.440593 -4.191774 0.206972 5.416330 -27.858861 -0.906648 -3.809776 39.966911 9.947310 3.752872 30.046674 16.847879 4.768718
4.193255 0.386873 36.599704 32.892491 25.248744 -74.494775 -44.055038 -28.875737 -64.949833 -44.055038 -28.875737 -64.949833 -64.537613 -14.453073 -22.715595 1.849908 -1.483103 76.656943 7.318614 -9.838788 -73.244689 7.491793 -8.512130 -82.735776 -26.522152 17.067447 -114.867402 -26.522152 17.067447 -114.867402 -1.610341 -1.924161 79.826821 -17.547813 -19.921858 82.405033 -141.145782 -44.485205 163.581896 -141.145782 -44.485205 163.581896 5.256911 -0.136373 2.962146 -29.397894 0.331307 1.264123 81.073972 -36.520568 -31.873262 41.417563 -31.549163 -12.231415 -3.004347 0.151751 4.974750 -25.961072 -0.973455 -4.403370 37.793248 8.491120 3.063095 27.428898 14.688241 3.855359
4.353892 0.392965 37.403296 31.228408 24.399503 -75.739780 -44.402463 -28.948214 -64.632940 -44.402463 -28.948214 -64.632940 -64.824540 -14.404212 -22.516595 2.393997 -1.926259 77.229774 7.022882 -9.421554 -73.354928 8.066306 -9.185930 -82.578427 -25.258892 16.527398 -113.950796 -25.258892 16.527398 -113.950796 -1.789761 -2.139857 79.809206 -15.710594 -17.987770 81.912740 -131.370030 -43.273232 159.643223 -131.370030 -43.273232 159.643223 5.286924 -0.129541 2.810551 -28.166101 0.320263 1.275801 76.751888 -37.068492 -29.989229 39.830466 -32.203509 -11.977312 -1.746052 0.094680 4.421696 -24.088216 -1.013869 -4.905996 36.149354 6.453642 2.207737 25.640191 11.603991 2.794614
4.702822 0.398468 39.666689 29.105590 23.261052 -77.290349 -44.748223 -29.017496 -64.316301 -44.748223 -29.017496 -64.316301 -65.022290 -14.324584 -22.309026 2.990629 -2.418246 77.683315 6.727239 -9.010393 -73.443886 8.489257 -9.684996 -82.452260 -24.041267 15.974966 -113.122879 -24.041267 15.974966 -113.122879 -1.866000 -2.232959 79.765187 -13.658164 -15.794801 81.387295 -121.557443 -41.934616 155.721082 -121.557443 -41.934616 155.721082 5.462494 -0.127077 2.679344 -26.891314 0.303974 1.268265 73.108940 -37.895885 -28.679589 38.542897 -33.242265 -11.952198 -0.581379 0.041336 3.726231 -22.624902 -1.039067 -5.276437 35.366981 4.164178 1.329008 24.957613 8.081720 1.758670
5.170010 0.402767 42.764736 26.668859 21.908158 -79.037266 -45.180792 -29.097648 -63.917296 -45.180792 -29.097648 -63.917296 -65.046958 -14.249053 -22.181547 3.495122 -2.839221 78.051409 6.433007 -8.604629 -73.527316 8.721259 -9.967397 -82.336573 -22.945772 15.467737 -112.365168 -22.945772 15.467737 -112.365168 -1.948253 -2.334510 79.699922 -11.867893 -13.874687 80.838283 -112.650971 -40.696272 152.157428 -112.650971 -40.696272 152.157428 5.779926 -0.129092 2.573651 -25.714427 0.286564 1.250253 70.764728 -38.828918 -28.119314 37.809496 -34.459929 -12.160738 0.238945 0.003765 2.973293 -21.727136 -1.029450 -5.396807 35.676768 1.832567 0.515216 25.661399 4.384663 0.835707
5.593876 0.405325 45.519397 24.065607 20.352334 -80.817739 -45.640736 -29.176843 -63.490396 -45.640736 -29.176843 -63.490396 -64.951695 -14.161685 -22.086193 3.880566 -3.166382 78.339195 6.178807 -8.253099 -73.615104 8.683003 -9.946982 -82.192492 -22.269664 15.199029 -111.701674 -22.269664 15.199029 -111.701674 -1.996486 -2.397379 79.577266 -10.577257 -12.471027 80.374823 -105.879594 -39.678696 149.440434 -105.879594 -39.678696 149.440434 6.256928 -0.135758 2.499528 -24.714328 0.271987 1.239602 70.118913 -39.924440 -28.609695 37.994493 -36.123058 -12.851262 0.697017 -0.016401 2.254122 -21.109617 -0.995944 -5.339701 36.495925 -0.353044 -0.219009 26.902654 0.822034 -0.018189
6.000244 0.406454 48.087990 21.646643 18.854797 -82.430918 -46.142450 -29.261045 -63.023773 -46.142450 -29.261045 -63.023773 -64.752500 -14.081803 -22.045890 4.163109 -3.409259 78.555954 5.873241 -7.836631 -73.675008 8.488021 -9.750901 -82.033137 -21.893328 15.075721 -111.210945 -21.893328 15.075721 -111.210945 -2.066546 -2.484284 79.511659 -9.643828 -11.472063 79.916076 -101.050669 -38.988313 147.435969 -101.050669 -38.988313 147.435969 6.741981 -0.142771 2.434050 -24.118253 0.270661 1.266807 70.056371 -41.058201 -29.422804 38.303133 -37.810790 -13.601368 0.591470 -0.012954 1.582126 -20.994606 -0.953041 -5.128769 37.524693 -2.236459 -0.834376 28.183766 -2.367710 -0.749829
6.460354 0.406378 50.851341 19.915761 17.783215 -83.585019 -46.615102 -29.339944 -62.583994 -46.615102 -29.339944 -62.583994 -64.537895 -14.013724 -22.029960 4.323148 -3.550562 78.750045 5.468729 -7.293931 -73.676750 8.256307 -9.513727 -81.863296 -21.566612 14.954894 -110.831245 -21.566612 14.954894 -110.831245 -2.260680 -2.716950 79.509969 -8.980955 -10.768447 79.536934 -97.788821 -38.516646 146.064575 -97.788821 -38.516646 146.064575 7.163750 -0.151116 2.415633 -23.643114 0.303213 1.449783 70.266174 -41.839078 -30.106987 38.885517 -39.086118 -14.293650 0.251030 -0.004006 1.132359 -20.787604 -0.886972 -4.809279 38.367478 -3.868030 -1.370033 29.236536 -5.258040 -1.424472
6.991845 0.406192 53.963008 19.416348 17.439168 -83.890720 -47.029943 -29.409082 -62.197957 -47.029943 -29.409082 -62.197957 -64.309836 -13.953753 -22.031795 4.380622 -3.605341 78.897896 4.968958 -6.641378 -73.501338 7.920254 -9.146692 -81.750363 -21.629491 14.995800 -110.823275 -21.629491 14.995800 -110.823275 -2.566006 -3.079520 79.554126 -8.702978 -10.487245 79.299350 -96.150939 -38.351333 145.302899 -96.150939 -38.351333 145.302899 7.403847 -0.158133 2.449093 -23.375958 0.361633 1.740236 70.533873 -41.875133 -30.271342 39.458206 -39.316554 -14.596317 -0.042317 0.000212 0.896709 -20.397583 -0.814350 -4.506747 38.675762 -4.781504 -1.682039 29.582006 -7.087589 -1.874617
7.575865 0.406179 57.324939 19.579623 17.552002 -83.790690 -47.341254 -29.458773 -61.907314 -47.341254 -29.458773 -61.907314 -64.159675 -13.877085 -21.974928 4.424401 -3.641949 78.926702 4.364463 -5.859547 -73.140041 7.431994 -8.581671 -81.824599 -22.147498 15.119824 -111.558600 -22.147498 15.119824 -111.558600 -2.924414 -3.503288 79.641613 -8.690643 -10.503358 79.155290 -95.616714 -38.409373 144.950969 -95.616714 -38.409373 144.950969 7.486903 -0.163104 2.500722 -23.389027 0.445448 2.127483 70.894514 -41.549658 -30.211767 40.062892 -39.031150 -14.709046 -0.171486 0.001303 0.688617 -20.219011 -0.759572 -4.250122 38.855480 -5.217203 -1.835906 29.734434 -8.094374 -2.138763
8.297038 0.406326 61.509465 20.169247 17.971858 -83.441197 -47.536340 -29.488220 -61.724450 -47.536340 -29.488220 -61.724450 -64.037370 -13.798764 -21.903287 4.380675 -3.598506 78.819896 3.797393 -5.146565 -72.446176 6.887458 -7.912506 -82.222312 -23.195737 15.313692 -113.200386 -23.195737 15.313692 -113.200386 -3.270299 -3.910205 79.756592 -8.911027 -10.784086 79.080183 -95.746940 -38.560783 144.889901 -95.746940 -38.560783 144.889901 7.522720 -0.169962 2.590248 -23.641039 0.546786 2.583397 71.631702 -40.832507 -30.048243 40.985942 -38.256697 -14.742204 -0.278847 0.002166 0.526463 -20.181690 -0.713883 -4.015153 39.071059 -5.104163 -1.801979 30.072640 -8.190751 -2.182020
9.067336 0.406647 66.014333 21.126536 18.643942 -82.865384 -47.614841 -29.499156 -61.650476 -47.614841 -29.499156 -61.650476 -64.016030 -13.683692 -21.732786 4.460721 -3.646560 78.565332 3.262028 -4.498527 -71.310224 6.379736 -7.230683 -83.076286 -24.786747 15.507879 -115.850813 -24.786747 15.507879 -115.850813 -3.490807 -4.165433 79.893328 -9.180645 -11.127501 78.996182 -96.205872 -38.845699 144.896180 -96.205872 -38.845699 144.896180 7.561168 -0.180876 2.732274 -23.997434 0.641345 2.996426 72.378398 -40.002159 -29.800130 41.945251 -37.297526 -14.710106 -0.163665 0.001024 0.489153 -20.307880 -0.675881 -3.786502 39.602249 -4.472076 -1.585800 30.964345 -7.428354 -2.005555
9.820822 0.407005 70.436646 22.734834 19.704189 -81.843192 -47.630880 -29.501254 -61.635304 -47.630880 -29.501254 -61.635304 -64.076393 -13.533564 -21.474511 4.636687 -3.762427 78.170568 2.803708 -3.979818 -69.722711 5.939611 -6.573070 -84.500898 -27.219037 15.692876 -119.656525 -27.219037 15.692876 -119.656525 -3.567949 -4.250307 80.011551 -9.439617 -11.474302 78.837773 -97.059446 -39.311682 144.971039 -97.059446 -39.311682 144.971039 7.500697 -0.191465 2.913066 -24.829645 0.722109 3.275411 73.697033 -39.406154 -30.059716 43.298304 -36.656391 -14.980427 0.076787 -0.001844 0.556170 -20.617326 -0.647080 -3.568871 40.353761 -3.488254 -1.245903 32.196981 -6.066091 -1.668982
10.488366 0.407385 74.394587 25.076479 21.022368 -80.188512 -47.656272 -29.504808 -61.611384 -47.656272 -29.504808 -61.611384 -64.155801 -13.333901 -21.130849 4.829653 -3.885331 77.691405 2.383831 -3.501499 -67.967495 5.100546 -5.525048 -86.458630 -30.608498 15.984075 -124.181763 -30.608498 15.984075 -124.181763 -3.522126 -4.191271 80.082861 -9.644500 -11.798043 78.485035 -98.065155 -39.975503 144.964873 -98.065155 -39.975503 144.964873 7.321919 -0.197867 3.092465 -26.109396 0.758356 3.319151 76.427964 -38.936835 -31.255080 44.982183 -36.116344 -15.396909 0.449418 -0.006527 0.780459 -20.890222 -0.626182 -3.402523 41.337775 -2.258847 -0.812159 33.931526 -4.282223 -1.209140
10.916813 0.407853 76.939350 26.680043 21.908409 -79.037450 -47.731328 -29.515019 -61.540552 -47.731328 -29.515019 -61.540552 -64.230111 -13.109597 -20.749749 5.122668 -4.081445 77.150921 1.786554 -2.686846 -66.223988 3.971387 -4.236017 -88.803462 -34.617635 16.419385 -128.814018 -34.617635 16.419385 -128.814018 -3.404935 -4.049770 80.109363 -9.952658 -12.294820 77.964770 -99.226746 -40.868445 144.853240 -99.226746 -40.868445 144.853240 7.217035 -0.203012 3.223187 -27.843829 0.748939 3.119159 79.517033 -38.747999 -32.845102 47.285475 -35.961244 -16.211622 1.323199 -0.023130 1.082139 -21.124995 -0.618046 -3.314603 42.252946 -0.717227 -0.237212 35.493440 -1.917817 -0.510769
11.190307 0.408230 78.569996 27.904830 22.575729 -78.151490 -47.829069 -29.527833 -61.448107 -47.829069 -29.527833 -61.448107 -64.266272 -12.874044 -20.365581 5.366132 -4.236381 76.624162 1.108509 -1.690842 -64.728109 2.342309 -2.564275 -91.313758 -39.308275 16.992013 -133.243386 -39.308275 16.992013 -133.243386 -3.294161 -3.918353 80.104128 -10.239259 -12.803518 77.314445 -100.295392 -41.828474 144.646563 -100.295392 -41.828474 144.646563 7.127476 -0.206188 3.317847 -29.697499 0.716276 2.816068 83.386117 -38.677696 -34.998371 49.517398 -35.935602 -17.042603 2.246380 -0.043620 1.475474 -21.285572 -0.628988 -3.342921 43.121273 0.940519 0.411412 37.006696 0.706407 0.340627
11.295826 0.408187 79.173306 28.326320 22.808919 -77.849537 -47.937256 -29.541824 -61.345700 -47.937256 -29.541824 -61.345700 -64.231472 -12.656921 -20.038482 5.527981 -4.328109 76.155179 0.331979 -0.488558 -63.633515 0.071143 -0.390472 -93.721776 -44.673141 17.860436 -137.096198 -44.673141 17.860436 -137.096198 -3.209919 -3.818661 80.096227 -10.578693 -13.387560 76.642861 -101.280237 -42.764588 144.416948 -101.280237 -42.764588 144.416948 7.076281 -0.206102 3.342118 -31.510289 0.655458 2.425556 87.408039 -38.589054 -37.258548 51.583339 -35.813420 -17.762875 3.172470 -0.067324 1.935165 -21.391918 -0.657966 -3.476722 43.869356 2.641395 1.100823 38.286003 3.436223 1.289949
11.235619 0.407697 78.801070 26.805767 21.731645 -78.723415 -48.090208 -29.561822 -61.201013 -48.090208 -29.561822 -61.201013 -64.170498 -12.472304 -19.772495 5.662679 -4.406187 75.787266 -0.506864 0.846856 -63.000023 -2.402643 1.900105 -95.837931 -49.867272 18.724474 -140.299759 -49.867272 18.724474 -140.299759 -3.147696 -3.748712 80.031274 -10.931317 -13.966135 76.077710 -102.250166 -43.552489 144.313469 -102.250166 -43.552489 144.313469 7.092757 -0.194409 3.161807 -33.032497 0.589772 2.045150 90.873783 -38.488777 -39.197093 53.200284 -35.655486 -18.297095 4.025339 -0.089693 2.310412 -21.503934 -0.705830 -3.708602 44.635649 4.141337 1.732040 39.501921 5.892094 2.197248
11.090617 0.406833 77.964748 23.668615 19.527110 -80.529090 -48.106985 -29.562804 -61.184627 -48.106985 -29.562804 -61.184627 -64.266426 -12.294652 -19.462943 5.901145 -4.571672 75.527467 -1.386893 2.277442 -62.747726 -5.050024 4.255256 -97.504213 -55.229267 19.754735 -142.814084 -55.229267 19.754735 -142.814084 -3.059146 -3.651504 79.886001 -11.340911 -14.576978 75.689072 -103.413322 -44.169354 144.476884 -103.413322 -44.169354 144.476884 7.104230 -0.173253 2.810924 -34.172974 0.516764 1.698867 93.651764 -38.457341 -40.847288 54.149076 -35.520280 -18.591291 4.472018 -0.103381 2.521671 -21.682691 -0.773743 -4.029496 45.205575 5.322056 2.240847 40.316614 7.877088 2.954115
10.989209 0.406222 77.527648 19.678867 16.762143 -82.874752 -47.974610 -29.542170 -61.308431 -47.974610 -29.542170 -61.308431 -64.430415 -12.147812 -19.177282 5.991033 -4.622431 75.285408 -2.066305 3.398729 -62.653434 -7.158755 6.080014 -98.613885 -59.671766 20.664666 -144.500576 -59.671766 20.664666 -144.500576 -2.947249 -3.532211 79.619150 -11.724078 -15.076674 75.605436 -104.584898 -44.530255 144.863493 -104.584898 -44.530255 144.863493 6.999572 -0.147356 2.361544 -34.897174 0.435661 1.398536 95.165866 -38.226988 -41.572379 54.552556 -35.079319 -18.517255 4.618661 -0.107552 2.609984 -21.876978 -0.849113 -4.381912 45.705215 6.200018 2.624094 40.979454 9.378054 3.529361
10.953896 0.394524 77.697696 14.573820 12.999746 -85.511372 -47.987653 -29.538439 -61.293793 -47.987653 -29.538439 -61.293793 -64.316456 -12.030016 -19.037982 6.286916 -4.812321 74.906795 -2.798091 4.613687 -62.513587 -8.581791 7.261449 -99.302689 -61.963106 21.175488 -145.257986 -61.963106 21.175488 -145.257986 -3.036716 -3.666414 79.277778 -11.994059 -15.347175 75.872346 -104.529486 -44.076481 145.241791 -104.529486 -44.076481 145.241791 13.263428 -0.094379 1.780863 -34.218996 0.381851 1.260744 93.250080 -37.840686 -40.221020 53.769020 -34.381929 -17.904035 4.376401 -0.104163 2.806469 -22.509574 -0.937345 -4.687241 46.206506 7.119726 3.051353 41.417327 11.016887 4.189277
10.982720 0.370629 78.275545 10.289703 9.410003 -87.207190 -48.301104 -29.558418 -60.988486 -48.301104 -29.558418 -60.988486 -63.971453 -11.926001 -19.005718 6.791557 -5.145762 74.450204 -3.314959 5.471823 -62.425554 -8.980699 7.583644 -99.589537 -61.867529 21.334314 -144.785700 -61.867529 21.334314 -144.785700 -3.126435 -3.808214 78.855877 -11.642333 -14.785316 76.409826 -103.022984 -42.753170 145.582037 -103.022984 -42.753170 145.582037 24.663617 0.100495 1.088640 -31.700103 0.319105 1.160561 89.226458 -36.997767 -37.539452 51.583252 -33.114678 -16.578094 3.366490 -0.078591 3.087993 -23.292314 -1.026987 -4.955047 46.727040 7.859543 3.418533 41.929459 12.436158 4.811983
11.007529 0.336593 78.717983 6.316934 5.939684 -88.527501 -48.881425 -29.607995 -60.428525 -48.881425 -29.607995 -60.428525 -63.287051 -11.858915 -19.159229 7.284273 -5.469881 73.969499 -3.761080 6.205194 -62.421028 -8.478345 7.154956 -99.575502 -59.449057 21.245621 -142.959195 -59.449057 21.245621 -142.959195 -3.300421 -4.049868 78.462894 -10.969406 -13.795495 77.096031 -100.412172 -40.861454 145.792304 -100.412172 -40.861454 145.792304 39.949561 0.396382 0.359655 -28.328772 0.259359 1.075728 83.562120 -35.734770 -33.574345 49.434423 -31.401293 -15.079150 2.277614 -0.047623 3.618524 -24.131758 -1.101277 -5.130990 47.148184 8.662046 3.810755 42.264993 14.058625 5.504431
10.951292 0.296632 78.330361 3.007368 2.907147 -89.368889 -49.641200 -29.681666 -59.699077 -49.641200 -29.681666 -59.699077 -62.438761 -11.823066 -19.421283 7.720047 -5.751281 73.490362 -3.993409 6.573558 -62.572456 -6.939809 5.851486 -99.122924 -54.772705 20.882753 -139.614263 -54.772705 20.882753 -139.614263 -3.495611 -4.307956 78.185582 -10.150032 -12.626052 77.787189 -97.145824 -38.822713 145.752525 -97.145824 -38.822713 145.752525 56.973611 0.792040 -0.360670 -24.481275 0.218288 1.063435 77.294115 -34.331241 -29.151352 46.921956 -29.546761 -13.402852 1.231198 -0.018296 4.416832 -24.965240 -1.166786 -5.259155 47.407793 9.562897 4.229140 42.417629 15.969328 6.277089
10.749210 0.257274 76.560015 0.938605 0.885397 -89.635574 -50.491230 -29.766353 -58.883933 -50.491230 -29.766353 -58.883933 -61.446722 -11.855129 -19.854235 7.931139 -5.872270 73.075012 -3.893420 6.383410 -63.012018 -4.726662 3.935250 -98.163119 -49.069096 20.453919 -135.109524 -49.069096 20.453919 -135.109524 -3.722676 -4.585553 78.150946 -9.062692 -11.155368 78.400247 -92.970390 -36.685179 145.302145 -92.970390 -36.685179 145.302145 73.401891 1.214652 -0.922710 -20.288732 0.165989 0.955779 70.995736 -32.649273 -24.697492 44.000122 -27.325449 -11.524986 0.551356 -0.017361 5.884129 -25.359582 -1.184036 -5.251939 47.510062 10.184639 4.509789 42.411686 17.500202 6.873604
10.483979 0.225254 74.448463 -0.567228 -0.592988 -89.799266 -51.284348 -29.851016 -58.125728 -51.284348 -29.851016 -58.125728 -60.259590 -11.967421 -20.509766 7.581901 -5.588516 72.782944 -3.382157 5.515166 -63.819769 -2.249032 1.779732 -96.675544 -42.683252 19.805275 -130.002656 -42.683252 19.805275 -130.002656 -4.108827 -5.031707 78.355118 -8.047068 -9.793872 78.954058 -88.625347 -34.770815 144.556545 -88.625347 -34.770815 144.556545 85.745802 1.576091 -1.373697 -17.255215 0.145033 0.944329 66.966060 -30.509565 -20.916429 43.316310 -24.877267 -10.088484 0.559694 -0.060997 7.456075 -25.363469 -1.171824 -5.190881 46.825544 10.404615 4.543148 41.297367 18.228530 6.988079
10.093116 0.211383 71.398714 -1.815881 -1.813485 -89.936009 -51.844108 -29.912183 -57.591205 -51.844108 -29.912183 -57.591205 -59.489657 -12.120031 -21.071115 7.010434 -5.156578 72.612663 -2.632252 4.276808 -64.993736 0.414843 -0.686365 -94.705167 -36.856572 19.043212 -125.057394 -36.856572 19.043212 -125.057394 -4.574910 -5.552196 78.773346 -7.389077 -8.902205 79.411524 -84.734259 -33.397969 143.571592 -84.734259 -33.397969 143.571592 88.453728 1.721499 -1.681385 -16.684111 0.197764 1.098579 65.353859 -29.340931 -19.116071 42.969169 -23.609238 -9.339925 1.092697 -0.132888 8.905183 -25.031694 -1.163722 -5.229158 45.345359 10.476876 4.418827 39.145269 18.451200 6.722079
9.717236 0.225363 68.573293 -2.072932 -2.069810 -89.921544 -51.873334 -29.916123 -57.563599 -51.873334 -29.916123 -57.563599 -59.378911 -12.321579 -21.458712 6.004783 -4.414915 72.568285 -1.582253 2.569067 -66.414836 3.160247 -3.364462 -92.307557 -32.419422 18.298443 -120.855524 -32.419422 18.298443 -120.855524 -5.002179 -6.006658 79.297115 -7.162453 -8.548588 79.834340 -82.370322 -32.913542 142.648212 -82.370322 -32.913542 142.648212 78.871939 1.632789 -1.697144 -19.150598 0.301558 1.322271 67.049634 -29.517422 -20.016641 43.422886 -23.861945 -9.499417 1.832761 -0.202985 9.899701 -24.413739 -1.190887 -5.493511 43.082953 10.479413 4.156497 36.008883 18.186433 6.070745
9.502191 0.255981 67.244308 -2.418374 -2.412311 -89.886361 -51.598155 -29.897782 -57.831265 -51.598155 -29.897782 -57.831265 -59.509421 -12.548515 -21.785466 4.894125 -3.594228 72.487073 -0.712064 1.174101 -67.848245 5.191928 -5.509395 -89.834022 -28.970796 17.480600 -117.613169 -28.970796 17.480600 -117.613169 -5.568310 -6.619827 79.894162 -7.388120 -8.745337 80.288198 -80.804197 -32.892860 141.712277 -80.804197 -32.892860 141.712277 64.723044 1.324200 -1.600263 -23.668046 0.518651 1.834469 69.796391 -30.123845 -21.588542 44.515007 -24.586580 -10.051300 2.896492 -0.284099 10.441230 -24.068170 -1.263627 -5.905341 40.568767 10.855858 3.995536 32.518010 18.250447 5.430306
9.486838 0.298680 67.832046 2.983392 0.092453 -86.104323 -51.025436 -29.843450 -58.381620 -51.025436 -29.843450 -58.381620 -59.884184 -12.768645 -21.994560 3.849627 -2.820302 72.397863 0.030991 0.031749 -69.245149 6.918730 -7.464441 -87.304396 -25.713371 16.348447 -115.238947 -25.713371 16.348447 -115.238947 -6.102299 -7.191953 80.465617 -7.618000 -8.945048 80.756289 -80.499637 -33.255242 141.141488 -80.499637 -33.255242 141.141488 48.069383 0.932584 -1.102676 -27.989007 0.685483 2.240573 72.073338 -31.486104 -23.546813 44.333615 -25.923114 -10.535684 3.694558 -0.340042 10.483878 -23.881468 -1.367791 -6.437813 38.081618 11.634585 3.965927 29.228027 18.740234 4.918496
9.729570 0.346442 70.894182 12.827917 3.851200 -78.860402 -50.154840 -29.746217 -59.212060 -50.154840 -29.746217 -59.212060 -60.324847 -12.976831 -22.151090 2.805393 -2.051929 72.383366 0.612928 -0.828731 -70.393902 8.112384 -8.991208 -85.012980 -23.147487 15.126779 -113.923850 -23.147487 15.126779 -113.923850 -6.514891 -7.619351 80.994795 -7.695419 -8.969990 81.180301 -81.544840 -33.895129 141.097694 -81.544840 -33.895129 141.097694 32.005498 0.539567 -0.220169 -31.292407 0.785022 2.458599 73.290192 -32.867541 -25.045098 43.106636 -26.958683 -10.672213 4.170306 -0.366576 10.173274 -23.735911 -1.464537 -6.932978 36.028010 12.680414 4.070919 26.613698 19.606522 4.621907
10.050084 0.392849 74.711756 24.214579 9.274077 -71.189249 -49.158157 -29.638475 -60.164291 -49.158157 -29.638475 -60.164291 -60.889574 -13.104059 -22.119299 1.987603 -1.453516 72.477307 1.084843 -1.493805 -71.226726 8.820778 -10.049670 -83.027657 -21.215377 14.032851 -113.324014 -21.215377 14.032851 -113.324014 -6.714607 -7.797558 81.443997 -7.844518 -9.106098 81.459054 -84.288117 -34.973910 141.621727 -84.288117 -34.973910 141.621727 18.398536 0.222593 0.830430 -33.870382 0.810726 2.504772 74.274443 -34.325451 -26.440543 41.566905 -27.892541 -10.675286 4.334391 -0.358409 9.410850 -23.762730 -1.553170 -7.357026 34.505553 13.743156 4.255822 24.752879 20.679177 4.552258
10.281134 0.433243 77.617621 36.964820 15.381861 -62.661487 -48.134242 -29.521465 -61.139888 -48.134242 -29.521465 -61.139888 -61.551119 -13.167916 -21.940128 1.509403 -1.107450 72.672177 1.574909 -2.164919 -71.743972 9.564277 -11.132762 -81.407781 -19.546984 12.998881 -113.031493 -19.546984 12.998881 -113.031493 -6.591354 -7.606377 81.818161 -7.798320 -9.038498 81.552963 -87.781279 -36.179639 142.486086 -87.781279 -36.179639 142.486086 9.134062 0.009865 2.021923 -34.436067 0.721650 2.195022 73.141388 -35.696176 -26.932677 38.072000 -28.324890 -10.049059 4.294683 -0.333225 8.868231 -23.648957 -1.586219 -7.555559 33.895997 14.546780 4.443863 24.113712 21.640429 4.663182
10.336645 0.461739 79.194477 47.411139 21.223361 -56.275059 -47.335852 -29.431725 -61.901246 -47.335852 -29.431725 -61.901246 -62.018017 -13.167592 -21.748417 1.348843 -1.001330 72.991245 1.991487 -2.729408 -72.041260 9.794598 -11.644134 -80.176303 -18.167654 12.117661 -112.862681 -18.167654 12.117661 -112.862681 -6.293595 -7.228847 82.093104 -7.683149 -8.914149 81.489791 -91.516925 -37.346367 143.558904 -91.516925 -37.346367 143.558904 6.054010 -0.077364 3.133725 -33.672874 0.551290 1.692568 71.863758 -36.212558 -26.708368 35.617955 -27.828957 -9.191237 4.318054 -0.315097 8.378869 -23.505011 -1.569323 -7.524584 33.655789 14.724284 4.470868 23.782658 21.886875 4.659038
10.076561 0.481345 78.106581 53.283525 25.647124 -53.482737 -46.889231 -29.380590 -62.326782 -46.889231 -29.380590 -62.326782 -62.422804 -13.126034 -21.515461 1.493881 -1.122492 73.367726 2.308853 -3.161825 -72.173805 9.870980 -11.899127 -79.377534 -17.058703 11.380581 -112.817911 -17.058703 11.380581 -112.817911 -5.886052 -6.741853 82.238139 -7.677166 -8.916970 81.421705 -95.183382 -38.362274 144.740663 -95.183382 -38.362274 144.740663 5.299423 -0.135000 3.981883 -33.065406 0.382408 1.212942 71.327381 -36.104529 -26.332921 34.625843 -27.131486 -8.649475 4.484148 -0.305920 7.817807 -23.362509 -1.520878 -7.342748 33.598773 14.592546 4.424044 23.589820 21.767528 4.597390
9.544209 0.496638 74.589956 54.631438 28.466231 -54.179634 -46.738197 -29.366254 -62.471949 -46.738197 -29.366254 -62.471949 -62.891056 -13.077524 -21.243922 1.879743 -1.424485 73.776682 2.523648 -3.456443 -72.239299 9.956652 -12.082921 -78.946812 -16.183867 10.799041 -112.755454 -16.183867 10.799041 -112.755454 -5.339228 -6.112696 82.218395 -7.920611 -9.212605 81.329428 -99.205819 -39.337675 146.142095 -99.205819 -39.337675 146.142095 4.866854 -0.201508 4.641446 -32.893055 0.215807 0.733522 71.524328 -36.528926 -26.752636 34.055261 -27.213858 -8.510474 4.818864 -0.297804 7.222449 -23.086508 -1.465359 -7.162977 33.796307 14.417230 4.399933 23.768952 21.581972 4.597183
8.848264 0.506655 69.446530 49.241245 28.106661 -59.414726 -46.882956 -29.389336 -62.336788 -46.882956 -29.389336 -62.336788 -63.270971 -13.070029 -21.073826 2.456106 -1.865599 74.129943 2.447851 -3.353829 -72.213917 9.824267 -11.919742 -78.969572 -15.657661 10.485412 -112.551355 -15.657661 10.485412 -112.551355 -4.782884 -5.485977 82.076509 -8.396210 -9.753846 81.362019 -103.206307 -40.017731 147.740741 -103.206307 -40.017731 147.740741 5.867063 -0.250266 4.857854 -33.300147 0.148860 0.510581 72.913047 -36.564227 -27.456291 35.563113 -27.459325 -9.020231 5.451132 -0.314090 6.734543 -22.910378 -1.421816 -7.003506 34.090508 14.322588 4.414693 24.101456 21.487322 4.647681
8.119273 0.514337 63.814735 42.883609 27.569809 -65.533059 -47.106063 -29.425260 -62.128625 -47.106063 -29.425260 -62.128625 -63.497055 -13.102096 -21.029979 2.956774 -2.250264 74.434110 2.229760 -3.055572 -72.217632 9.452671 -11.411367 -79.307776 -15.365656 10.348132 -112.247179 -15.365656 10.348132 -112.247179 -4.292682 -4.949133 81.766997 -9.064404 -10.474068 81.603154 -107.735800 -40.554698 149.687007 -107.735800 -40.554698 149.687007 6.948541 -0.299167 4.896647 -34.042522 0.098485 0.329993 76.069517 -37.243194 -29.753290 37.935813 -28.628532 -10.142222 6.232432 -0.345268 6.405258 -22.757344 -1.384202 -6.864801 34.353724 14.470573 4.500091 24.470759 21.663192 4.764836
7.496302 0.520738 59.099104 37.316431 25.764796 -70.220361 -47.220015 -29.442390 -62.021781 -47.220015 -29.442390 -62.021781 -63.525788 -13.185256 -21.149896 3.309161 -2.527520 74.683703 1.877956 -2.573317 -72.272627 8.971014 -10.748270 -79.778185 -15.022510 10.203074 -111.796871 -15.022510 10.203074 -111.796871 -3.946053 -4.584575 81.371785 -9.824202 -11.259301 82.034763 -112.354295 -40.799233 151.846680 -112.354295 -40.799233 151.846680 8.612013 -0.377519 4.974000 -34.057622 0.041930 0.133116 77.917537 -37.955694 -31.356666 39.378358 -29.441672 -10.859831 7.110210 -0.389456 6.265449 -22.600699 -1.341965 -6.704278 34.628439 14.851036 4.659044 24.970206 22.055994 4.955041
7.057780 0.526011 55.896861 31.890658 24.039924 -74.811002 -47.226766 -29.443071 -62.015307 -47.226766 -29.443071 -62.015307 -63.324621 -13.321942 -21.451259 3.357862 -2.572308 74.909576 1.410824 -1.933311 -72.356514 8.357618 -9.927711 -80.264884 -14.840770 10.182021 -111.249072 -14.840770 10.182021 -111.249072 -3.811419 -4.466165 80.937454 -10.600330 -12.039830 82.556635 -116.997197 -40.769221 154.166076 -116.997197 -40.769221 154.166076 10.659480 -0.506263 5.217329 -33.654582 -0.061212 -0.256113 78.959394 -38.924711 -32.719909 39.846336 -30.195534 -11.264734 8.120225 -0.446330 6.242419 -22.355527 -1.298368 -6.559505 34.630457 15.286935 4.793524 25.222447 22.471885 5.097518
6.743602 0.530075 53.535532 28.158075 22.488727 -77.789337 -47.119051 -29.426159 -62.115995 -47.119051 -29.426159 -62.115995 -62.998380 -13.485283 -21.848298 3.191670 -2.452520 75.114768 0.954900 -1.308406 -72.506231 7.820489 -9.212655 -80.701706 -14.792183 10.272237 -110.588442 -14.792183 10.272237 -110.588442 -3.786799 -4.473232 80.503513 -11.210882 -12.616799 83.124466 -120.675361 -40.372449 156.216437 -120.675361 -40.372449 156.216437 12.819905 -0.669396 5.646258 -32.659681 -0.179337 -0.696104 78.235053 -39.874385 -33.127608 38.709608 -30.503331 -11.061918 8.995213 -0.501337 6.326989 -22.134331 -1.256848 -6.416904 34.509121 15.810489 4.936491 25.328459 22.974683 5.228538
6.501703 0.532821 51.652206 26.353822 21.638132 -79.178880 -46.936618 -29.397521 -62.286528 -46.936618 -29.397521 -62.286528 -62.658991 -13.656345 -22.266628 2.921095 -2.251104 75.309732 0.564255 -0.773319 -72.696385 7.483584 -8.772568 -80.942471 -14.647902 10.344965 -109.666537 -14.647902 10.344965 -109.666537 -3.802918 -4.525589 80.104877 -11.620828 -12.978722 83.598468 -123.312060 -39.832060 157.813310 -123.312060 -39.832060 157.813310 14.840550 -0.865818 6.314811 -30.996925 -0.294265 -1.158591 74.683873 -41.389076 -32.394082 35.171097 -30.978651 -10.156037 9.722338 -0.550961 6.461721 -22.005930 -1.229578 -6.318262 33.980277 16.173026 4.965434 25.012781 23.249014 5.220403
6.250983 0.535865 49.539173 26.658658 21.755660 -78.933497 -46.685499 -29.357834 -62.521151 -46.685499 -29.357834 -62.521151 -62.293998 -13.835559 -22.712696 2.499424 -1.931484 75.465083 0.365004 -0.497542 -72.885449 7.400960 -8.674898 -80.947575 -14.531467 10.427194 -108.808987 -14.531467 10.427194 -108.808987 -3.851447 -4.608781 79.771049 -11.884176 -13.190643 83.978739 -124.472829 -39.192808 158.748488 -124.472829 -39.192808 158.748488 16.013010 -1.015544 7.014453 -29.181023 -0.361495 -1.440775 69.256995 -42.049570 -30.149602 30.686104 -30.710226 -8.797500 9.992627 -0.580290 6.636846 -22.219401 -1.228087 -6.247798 33.248558 16.328350 4.901527 24.329493 23.232310 5.073640
6.073757 0.539645 48.142701 28.942727 22.741830 -77.132454 -46.446497 -29.320116 -62.744477 -46.446497 -29.320116 -62.744477 -61.886345 -14.001093 -23.161083 1.994452 -1.545006 75.537341 0.377627 -0.512856 -72.983490 7.642724 -8.998989 -80.740529 -14.138886 10.300403 -107.938646 -14.138886 10.300403 -107.938646 -3.904279 -4.697300 79.460902 -11.966223 -13.239146 84.170653 -123.331443 -38.662938 158.535088 -123.331443 -38.662938 158.535088 16.163782 -1.092216 7.609221 -27.310104 -0.377395 -1.534777 61.962116 -42.018229 -26.663050 25.069846 -29.827235 -7.038614 9.878142 -0.588582 6.863184 -22.573535 -1.249631 -6.249893 32.411219 16.382936 4.791676 23.321531 23.126788 4.844282
5.907081 0.544231 46.711607 33.304665 24.372120 -73.557509 -46.264905 -29.291775 -62.914294 -46.264905 -29.291775 -62.914294 -61.456637 -14.132428 -23.566856 1.498111 -1.162185 75.505192 0.704437 -0.954553 -73.026089 8.439319 -10.013203 -80.372177 -13.256927 9.771984 -107.270911 -13.256927 9.771984 -107.270911 -3.979448 -4.803541 79.274440 -11.891583 -13.175890 84.075744 -119.776108 -38.307077 157.018366 -119.776108 -38.307077 157.018366 15.225922 -1.076328 8.002530 -25.600017 -0.347854 -1.448170 54.344442 -40.715483 -22.213539 19.989053 -27.940985 -5.257509 9.453428 -0.585704 7.217164 -23.091744 -1.294701 -6.319310 31.563295 16.192962 4.610135 22.096189 22.757791 4.520747
5.836469 0.549662 46.190200 39.447175 26.455646 -68.435160 -46.072866 -29.261159 -63.093601 -46.072866 -29.261159 -63.093601 -61.027140 -14.241112 -23.939935 1.000256 -0.775754 75.375381 1.282334 -1.734901 -73.029866 9.565887 -11.425907 -79.983937 -12.101830 8.987053 -106.904213 -12.101830 8.987053 -106.904213 -4.066088 -4.918298 79.154851 -11.629026 -12.951969 83.740495 -114.547049 -38.054744 154.631925 -114.547049 -38.054744 154.631925 13.132031 -0.957946 8.091738 -24.495426 -0.287120 -1.228411 49.049952 -39.045583 -18.988448 16.259099 -26.018202 -4.036826 8.749987 -0.571544 7.674155 -23.702772 -1.362897 -6.470928 30.783723 15.780687 4.378549 20.697091 22.248319 4.141658
5.740358 0.555738 45.430875 46.752948 27.398030 -61.570967 -46.041914 -29.255857 -63.122342 -46.041914 -29.255857 -63.122342 -60.685092 -14.286280 -24.172980 0.735515 -0.569216 75.198617 2.014864 -2.721208 -73.053960 10.852052 -13.007753 -79.699008 -10.788831 8.034632 -106.826741 -10.788831 8.034632 -106.826741 -4.106660 -4.970908 79.114550 -11.160907 -12.543619 83.153754 -108.371407 -37.923861 151.682794 -108.371407 -37.923861 151.682794 10.631709 -0.763891 7.729863 -23.906444 -0.195362 -0.876382 45.371450 -37.044576 -16.325416 13.344768 -23.568626 -2.998158 7.514633 -0.518381 8.144816 -24.404081 -1.443202 -6.651008 30.199206 15.069957 4.100703 19.392373 21.394144 3.735515
5.629507 0.562710 44.533817 55.393235 24.705073 -50.530664 -46.103367 -29.265192 -63.064764 -46.103367 -29.265192 -63.064764 -60.440351 -14.292686 -24.297179 0.699697 -0.538653 75.040835 2.832425 -3.820294 -73.069737 12.086251 -14.491383 -79.580960 -9.367801 6.946199 -107.251558 -9.367801 6.946199 -107.251558 -4.099093 -4.957921 79.164515 -10.587745 -12.062373 82.310420 -103.349311 -38.237289 148.969670 -103.349311 -38.237289 148.969670 7.881834 -0.549200 7.140667 -23.925851 -0.134519 -0.633344 43.608141 -35.443232 -14.703119 11.190260 -21.279940 -2.212560 6.457791 -0.471528 8.572301 -24.782659 -1.505765 -6.838554 29.518275 14.138061 3.758354 17.994889 20.247571 3.281173
5.503121 0.569080 43.442027 64.191014 19.486844 -37.377329 -46.265001 -29.290771 -62.913761 -46.265001 -29.290771 -62.913761 -60.359311 -14.250074 -24.264752 0.871655 -0.668608 74.925977 3.728760 -5.023740 -73.099809 13.509046 -16.139441 -79.690986 -7.549666 5.545940 -108.217113 -7.549666 5.545940 -108.217113 -3.856314 -4.656688 79.298271 -9.636553 -11.158215 81.190880 -99.662767 -38.901684 146.615011 -99.662767 -38.901684 146.615011 5.242342 -0.342142 6.393638 -24.708021 -0.095536 -0.448589 44.919108 -34.003146 -14.430365 10.910690 -19.173306 -1.854336 5.751468 -0.443370 8.915296 -24.827544 -1.534486 -6.959865 29.195239 13.066049 3.432739 17.035441 18.921267 2.896187
5.337356 0.574162 41.978176 71.994182 11.814351 -22.889376 -46.541983 -29.334275 -62.654859 -46.541983 -29.334275 -62.654859 -60.480290 -14.165354 -24.069843 1.310388 -1.005633 74.896773 4.527776 -6.095943 -73.141449 14.888908 -17.688533 -79.950010 -5.740676 4.175172 -109.348268 -5.740676 4.175172 -109.348268 -3.547735 -4.274219 79.461507 -8.679496 -10.263056 79.939420 -98.400667 -39.971310 145.178514 -98.400667 -39.971310 145.178514 3.108255 -0.197206 5.704060 -25.745991 -0.065779 -0.313352 47.730682 -33.367164 -15.152785 11.611050 -17.962075 -1.835382 5.752678 -0.459966 9.134381 -24.605660 -1.527942 -6.991596 28.964420 11.934334 3.099227 16.425435 17.412361 2.547594
5.089511 0.577772 39.655534 78.855822 4.394255 -10.050086 -46.865090 -29.384103 -62.352448 -46.865090 -29.384103 -62.352448 -60.799651 -14.044183 -23.724204 1.968797 -1.515083 74.975998 5.295391 -7.128941 -73.179862 16.235730 -19.167211 -80.280575 -4.082118 2.935072 -110.517443 -4.082118 2.935072 -110.517443 -3.146540 -3.779833 79.630360 -7.815630 -9.461759 78.637028 -99.313237 -41.262628 144.629013 -99.313237 -41.262628 144.629013 1.448837 -0.094105 5.024730 -26.750089 -0.000129 -0.030959 51.003616 -33.198965 -16.252708 12.890466 -17.493912 -2.005392 6.515277 -0.527284 9.226310 -24.261369 -1.488599 -6.906697 29.084036 10.672516 2.769126 16.502309 15.615624 2.266775
4.876054 0.580869 37.811910 83.541339 -0.425865 -1.752599 -47.244798 -29.440285 -61.996047 -47.244798 -29.440285 -61.996047 -61.253918 -13.880399 -23.251786 2.709118 -2.092337 75.146290 5.894946 -7.942058 -73.147122 17.392647 -20.407161 -80.620374 -2.534474 1.812438 -111.501835 -2.534474 1.812438 -111.501835 -2.749318 -3.294414 79.754678 -7.135841 -8.851708 77.387085 -101.120347 -42.655176 144.467199 -101.120347 -42.655176 144.467199 0.355207 -0.027552 4.288214 -27.430520 0.097335 0.377680 53.808855 -33.827937 -17.615237 13.954721 -18.117175 -2.256855 7.820437 -0.632754 9.241811 -23.912624 -1.435458 -6.759582 29.423379 9.394766 2.450517 16.894775 13.735563 2.010313
4.717074 0.582918 36.320588 82.845804 -0.767968 -2.393680 -47.711375 -29.507753 -61.557446 -47.711375 -29.507753 -61.557446 -61.789011 -13.667472 -22.667946 3.465594 -2.685774 75.366730 6.348330 -8.564657 -73.063038 18.408669 -21.499880 -80.902927 -1.333419 0.944743 -112.134517 -1.333419 0.944743 -112.134517 -2.480009 -2.963897 79.871110 -6.703881 -8.514256 76.233988 -102.271583 -44.133686 143.823770 -102.271583 -44.133686 143.823770 -0.110847 0.006516 3.561030 -27.638364 0.213098 0.869889 55.020495 -34.566105 -18.441192 14.356643 -18.998204 -2.415312 9.345129 -0.751527 9.202511 -23.695741 -1.381053 -6.569525 29.776197 8.239027 2.170348 17.313085 11.973757 1.787336
4.721333 0.584215 36.214209 77.883380 2.936594 -10.568177 -47.987454 -29.546831 -61.297558 -47.987454 -29.546831 -61.297558 -62.401486 -13.455632 -22.061966 4.104692 -3.193227 75.638027 6.699081 -9.056069 -72.937794 19.404897 -22.594064 -81.095796 0.144505 -0.086611 -112.524524 0.144505 -0.086611 -112.524524 -2.331477 -2.778435 80.010379 -6.386304 -8.271891 75.241212 -102.225860 -45.244935 142.780453 -102.225860 -45.244935 142.780453 0.032876 0.010139 2.934222 -27.372797 0.337722 1.420238 54.831548 -35.473729 -18.829216 14.223707 -20.274846 -2.515895 10.789000 -0.863782 9.157412 -23.629804 -1.330666 -6.357106 30.408236 7.350571 1.984114 18.086209 10.586337 1.660591
4.888041 0.584966 37.419691 69.980190 10.529056 -24.894659 -48.108036 -29.562796 -61.183576 -48.108036 -29.562796 -61.183576 -63.068800 -13.244157 -21.446379 4.571642 -3.570866 75.892651 6.880207 -9.324365 -72.792292 20.133956 -23.385994 -81.240747 0.907764 -0.603351 -112.660796 0.907764 -0.603351 -112.660796 -2.231614 -2.651669 80.175145 -6.153900 -8.095868 74.448536 -101.380281 -46.003123 141.594355 -101.380281 -46.003123 141.594355 0.575161 -0.001404 2.391102 -26.775256 0.444011 1.907876 53.325608 -36.432448 -18.736994 13.337546 -21.532830 -2.477730 11.547426 -0.920981 9.107628 -23.804895 -1.297197 -6.154927 30.999380 6.782912 1.879562 18.779907 9.646419 1.589816
5.100499 0.586479 38.933835 60.954103 17.769962 -39.931956 -48.209063 -29.576101 -61.088050 -48.209063 -29.576101 -61.088050 -63.730311 -13.032061 -20.844143 5.041507 -3.947939 76.081202 6.890788 -9.369324 -72.612828 20.506190 -23.763652 -81.364548 1.124211 -0.745892 -112.779451 1.124211 -0.745892 -112.779451 -2.246427 -2.661382 80.359152 -6.157640 -8.173967 73.900798 -100.708005 -46.516565 140.729169 -100.708005 -46.516565 140.729169 1.132291 -0.012157 1.954706 -26.097809 0.534380 2.341538 50.552149 -37.469166 -18.176040 11.436632 -22.596566 -2.234665 11.731913 -0.934543 9.090658 -24.013336 -1.272771 -5.986186 31.184414 6.572014 1.836590 18.996221 9.174873 1.537724
5.355146 0.588338 40.748822 51.721454 23.397619 -54.002313 -48.230822 -29.579009 -61.067493 -48.230822 -29.579009 -61.067493 -64.333327 -12.825912 -20.281703 5.425607 -4.251022 76.150063 6.849076 -9.352908 -72.371580 20.827994 -24.071069 -81.514538 1.358794 -0.894334 -113.307031 1.358794 -0.894334 -113.307031 -2.206093 -2.602706 80.594369 -6.045267 -8.088854 73.480227 -100.351416 -47.012795 140.098844 -100.351416 -47.012795 140.098844 1.632847 -0.020750 1.622373 -25.488825 0.599882 2.673344 47.743473 -38.480065 -17.567720 9.447582 -23.536801 -1.948645 11.402907 -0.910852 9.120464 -24.226295 -1.254158 -5.844932 31.072944 6.691603 1.861404 18.776188 9.184454 1.518374
5.619292 0.590971 42.625012 40.570312 23.818334 -65.381858 -48.219514 -29.577976 -61.078378 -48.219514 -29.577976 -61.078378 -64.867854 -12.635923 -19.778375 5.770285 -4.513370 76.079358 6.740846 -9.262396 -72.008404 21.146691 -24.403346 -81.596603 1.658761 -1.069074 -114.134536 1.658761 -1.069074 -114.134536 -2.258199 -2.650749 80.840670 -6.069117 -8.162285 73.216054 -100.941252 -47.505682 140.070583 -100.941252 -47.505682 140.070583 1.969162 -0.022069 1.330060 -24.903450 0.650752 2.963386 44.369747 -39.024174 -16.493630 7.029961 -23.795211 -1.506274 11.030074 -0.887995 9.192309 -24.180519 -1.225272 -5.718282 30.280103 6.968052 1.882928 17.747161 9.411771 1.464604
5.844755 0.593755 44.216830 28.374750 19.334046 -73.261279 -48.228568 -29.579689 -61.070037 -48.228568 -29.579689 -61.070037 -65.360721 -12.439498 -19.293155 6.145888 -4.789840 75.894173 6.506947 -9.007197 -71.555997 21.225771 -24.493292 -81.596217 1.370752 -0.874980 -115.019428 1.370752 -0.874980 -115.019428 -2.400475 -2.804091 81.083771 -6.315735 -8.520185 73.058248 -102.353908 -48.047887 140.532883 -102.353908 -48.047887 140.532883 2.183005 -0.018756 1.024214 -24.432955 0.694434 3.219925 40.942039 -39.364360 -15.214922 4.618254 -23.793350 -0.982515 10.299019 -0.837585 9.287428 -24.140388 -1.202011 -5.617745 29.016037 7.297277 1.885959 16.061168 9.737512 1.368995
6.017922 0.597236 45.463721 15.890497 10.726773 -75.865844 -48.302355 -29.589408 -61.000267 -48.302355 -29.589408 -61.000267 -65.775078 -12.239457 -18.837605 6.472021 -5.020406 75.631311 6.117364 -8.545568 -70.982547 21.135724 -24.408558 -81.549159 1.321788 -0.836508 -115.893559 1.321788 -0.836508 -115.893559 -2.567327 -2.986657 81.296258 -6.673236 -9.014513 72.984015 -104.615986 -48.503471 141.608783 -104.615986 -48.503471 141.608783 2.214178 -0.011823 0.612506 -24.329026 0.739833 3.440391 38.180497 -40.064355 -14.372230 2.189928 -23.929412 -0.475255 9.312341 -0.764510 9.364000 -24.062305 -1.183762 -5.550819 27.412213 7.488714 1.828110 13.877339 9.884572 1.206570
6.149530 0.601377 46.444657 -1.995249 1.285254 -73.302403 -48.490877 -29.613298 -60.821611 -48.490877 -29.613298 -60.821611 -66.102030 -12.023898 -18.395521 6.787610 -5.235532 75.295846 5.545487 -7.832786 -70.309317 20.512938 -23.759993 -81.365910 0.121851 -0.069298 -116.512668 0.121851 -0.069298 -116.512668 -2.761448 -3.201776 81.502050 -7.224052 -9.768952 72.921164 -108.314819 -49.227837 143.345275 -108.314819 -49.227837 143.345275 2.100195 -0.003240 0.035412 -24.569233 0.775881 3.573677 35.686683 -41.003936 -13.699427 -0.308284 -24.077696 0.066422 8.196716 -0.675703 9.386174 -24.040883 -1.182830 -5.551268 25.194562 7.109058 1.625399 10.791353 9.365548 0.950662
6.246660 0.604536 47.167397 -16.299884 -6.601829 -70.984839 -48.625238 -29.629997 -60.694144 -48.625238 -29.629997 -60.694144 -66.318436 -11.870180 -18.088468 6.973009 -5.355826 75.041234 5.086197 -7.254123 -69.794810 20.021877 -23.265972 -81.180959 -0.442605 0.278730 -116.849427 -0.442605 0.278730 -116.849427 -2.930253 -3.390546 81.646146 -7.648957 -10.351328 72.870157 -110.866944 -49.718983 144.542622 -110.866944 -49.718983 144.542622 1.997755 0.003834 -0.429615 -24.766260 0.802165 3.666471 33.795594 -41.758887 -13.195763 -2.214794 -24.212563 0.482638 7.242444 -0.598532 9.393449 -24.042352 -1.184312 -5.557463 23.503165 6.783847 1.459221 8.411545 8.925215 0.744346
6.347782 0.607359 47.917592 -30.159217 -13.532719 -66.774553 -48.696967 -29.638500 -60.625921 -48.696967 -29.638500 -60.625921 -66.511420 -11.749287 -17.839969 7.067172 -5.409353 74.842223 4.666140 -6.717590 -69.333823 19.441244 -22.671165 -80.988116 -1.234601 0.768051 -117.068852 -1.234601 0.768051 -117.068852 -3.029637 -3.499082 81.773002 -8.012975 -10.851710 72.820173 -113.507910 -50.207255 145.789816 -113.507910 -50.207255 145.789816 1.856530 0.009954 -0.864510 -25.052253 0.821429 3.713063 32.322272 -42.528244 -12.857521 -3.805599 -24.395925 0.832702 6.220215 -0.514265 9.381150 -24.148960 -1.191517 -5.565337 22.086093 6.335380 1.289817 6.367344 8.314781 0.559991
6.433598 0.609796 48.564232 -43.079079 -19.312153 -60.795116 -48.785011 -29.649019 -60.542216 -48.785011 -29.649019 -60.542216 -66.708487 -11.646293 -17.617116 7.160237 -5.466295 74.689395 4.292560 -6.233286 -68.936998 18.885824 -22.110624 -80.778596 -2.144876 1.326154 -116.953526 -2.144876 1.326154 -116.953526 -3.085170 -3.558109 81.867677 -8.325996 -11.281911 72.780730 -116.062616 -50.540114 147.105352 -116.062616 -50.540114 147.105352 1.694294 0.014681 -1.248440 -25.393716 0.834220 3.721364 31.237276 -43.271173 -12.661633 -5.107894 -24.586997 1.121996 5.231772 -0.430816 9.344744 -24.273678 -1.200041 -5.574949 20.845026 5.764328 1.109756 4.573929 7.548486 0.391172
