HIERARCHY
ROOT Hips
{
  OFFSET 0.000000 0.000000 0.000000
  CHANNELS 6 Xposition Yposition Zposition Xrotation Yrotation Zrotation
  JOINT Spine
  {
    OFFSET 0.000000 10.000000 0.000000
    CHANNELS 3 Xrotation Yrotation Zrotation
    JOINT Chest
    {
      OFFSET 0.000000 15.000000 0.000000
      CHANNELS 3 Xrotation Yrotation Zrotation
      JOINT Neck
      {
        OFFSET 0.000000 15.000000 0.000000
        CHANNELS 3 Xrotation Yrotation Zrotation
        JOINT Head
        {
          OFFSET 0.000000 10.000000 0.000000
          CHANNELS 3 Xrotation Yrotation Zrotation
          End Site
          {
            OFFSET 0.0 5.0 2.0
          }
        }
      }
      JOINT LeftShoulder
      {
        OFFSET 20.000000 5.000000 0.000000
        CHANNELS 3 Xrotation Yrotation Zrotation
        JOINT LeftArm
        {
          OFFSET 15.000000 0.000000 0.000000
          CHANNELS 3 Xrotation Yrotation Zrotation
          JOINT LeftForeArm
          {
            OFFSET 25.000000 0.000000 0.000000
            CHANNELS 3 Xrotation Yrotation Zrotation
            JOINT LeftHand
            {
              OFFSET 20.000000 0.000000 0.000000
              CHANNELS 3 Xrotation Yrotation Zrotation
              End Site
              {
                OFFSET -3.0 0.0 2.0
              }
            }
          }
        }
      }
      JOINT RightShoulder
      {
        OFFSET -20.000000 5.000000 0.000000
        CHANNELS 3 Xrotation Yrotation Zrotation
        JOINT RightArm
        {
          OFFSET -15.000000 0.000000 0.000000
          CHANNELS 3 Xrotation Yrotation Zrotation
          JOINT RightForeArm
          {
            OFFSET -25.000000 0.000000 0.000000
            CHANNELS 3 Xrotation Yrotation Zrotation
            JOINT RightHand
            {
              OFFSET -20.000000 0.000000 0.000000
              CHANNELS 3 Xrotation Yrotation Zrotation
              End Site
              {
                OFFSET 3.0 0.0 2.0
              }
            }
          }
        }
      }
    }
  }
  JOINT LeftUpLeg
  {
    OFFSET 10.000000 -10.000000 0.000000
    CHANNELS 3 Xrotation Yrotation Zrotation
    JOINT LeftLeg
    {
      OFFSET 0.000000 -45.000000 0.000000
      CHANNELS 3 Xrotation Yrotation Zrotation
      JOINT LeftFoot
      {
        OFFSET 0.000000 -45.000000 0.000000
        CHANNELS 3 Xrotation Yrotation Zrotation
        JOINT LeftToeBase
        {
          OFFSET 0.000000 0.000000 10.000000
          CHANNELS 3 Xrotation Yrotation Zrotation
          End Site
          {
            OFFSET 0.0 -1.0 3.0
          }
        }
      }
    }
  }
  JOINT RightUpLeg
  {
    OFFSET -10.000000 -10.000000 0.000000
    CHANNELS 3 Xrotation Yrotation Zrotation
    JOINT RightLeg
    {
      OFFSET 0.000000 -45.000000 0.000000
      CHANNELS 3 Xrotation Yrotation Zrotation
      JOINT RightFoot
      {
        OFFSET 0.000000 -45.000000 0.000000
        CHANNELS 3 Xrotation Yrotation Zrotation
        JOINT RightToeBase
        {
          OFFSET 0.000000 0.000000 10.000000
          CHANNELS 3 Xrotation Yrotation Zrotation
          End Site
          {
            OFFSET 0.0 -1.0 3.0
          }
        }
      }
    }
  }
}
MOTION
Frames: 192
Frame Time: 0.033333
0.001136 0.110426 0.084242 -3.901828 -3.883429 -89.733175 -40.662139 -28.044356 -67.987878 -40.662139 -28.044356 -67.987878 -63.770248 -14.889599 -23.727283 3.592016 -2.700596 73.789059 12.739574 -17.493221 -71.921886 4.436183 -4.926271 -83.998660 -25.301038 14.610067 -120.515112 -25.301038 14.610067 -120.515112 0.602663 0.676194 82.593945 -14.579860 -18.124286 77.442435 -112.475146 -50.564727 144.953328 -112.475146 -50.564727 144.953328 5.120975 0.015826 -0.350155 -36.296552 -0.333446 -1.019895 74.794064 -13.963026 -10.720314 41.764134 0.341332 0.063842 2.071523 -0.081737 4.667675 -51.884593 -2.244019 -4.616964 57.403697 1.703988 1.045809 46.191849 6.503429 2.967844
0.060299 0.111359 0.703422 -3.593563 -3.579062 -89.773036 -42.062117 -28.401278 -66.740717 -42.062117 -28.401278 -66.740717 -64.037532 -14.635384 -23.212799 5.250812 -3.949899 73.848482 12.041236 -16.628838 -71.607607 4.090523 -4.545546 -83.958506 -27.820531 15.885818 -121.152219 -27.820531 15.885818 -121.152219 0.152726 0.167471 81.980257 -15.379124 -19.043251 77.649236 -113.037950 -50.406114 145.417032 -113.037950 -50.406114 145.417032 4.813460 0.012942 -0.303676 -36.394707 -0.252243 -0.768635 73.350411 -13.679210 -10.224402 38.589044 1.244701 0.387003 -0.968684 0.043383 4.753860 -47.767803 -2.077267 -4.686322 48.077658 0.699535 0.455011 36.138066 4.627495 1.785576
0.202013 0.114153 2.015464 -3.842002 -3.822219 -89.731162 -43.696208 -28.798566 -65.276076 -43.696208 -28.798566 -65.276076 -64.521759 -14.273880 -22.442866 7.148064 -5.368340 73.798547 11.058416 -15.430369 -71.072072 3.741605 -4.160409 -83.927380 -31.201520 17.563419 -122.060702 -31.201520 17.563419 -122.060702 -0.168392 -0.195738 81.272351 -16.295207 -20.119989 77.807435 -114.467491 -50.525312 146.210568 -114.467491 -50.525312 146.210568 4.303818 0.010516 -0.282451 -36.296355 -0.168598 -0.513595 71.387536 -13.587992 -9.784611 34.967222 1.871307 0.590545 -4.408434 0.189523 4.891659 -41.862058 -1.787786 -4.652563 37.771498 -0.500760 -0.142960 24.821428 2.092333 0.539095
0.464551 0.119948 4.087343 -6.616058 -6.448525 -89.039278 -44.794313 -29.023833 -64.272821 -44.794313 -29.023833 -64.272821 -64.972363 -13.875515 -21.640996 8.337209 -6.219526 73.441320 10.021536 -14.128112 -70.534035 3.222701 -3.582286 -83.956845 -32.580585 18.100126 -122.821483 -32.580585 18.100126 -122.821483 -0.172623 -0.203285 80.830367 -17.044731 -21.055147 77.763360 -116.561112 -51.219464 147.000864 -116.561112 -51.219464 147.000864 3.767668 0.012852 -0.408643 -35.908256 -0.126392 -0.389216 69.726950 -13.451791 -9.404228 32.786808 2.162055 0.625558 -0.267275 -0.014358 5.187847 -35.585915 -1.502649 -4.703403 32.100031 -1.045137 -0.295239 19.037475 0.582442 0.116326
0.723553 0.127357 6.120797 -14.520623 -12.946616 -85.612183 -45.845889 -29.215965 -63.301614 -45.845889 -29.215965 -63.301614 -65.307994 -13.398300 -20.773696 9.348585 -6.915480 72.953131 8.968519 -12.769504 -70.012423 2.504072 -2.780144 -84.039376 -32.517646 17.769242 -123.621436 -32.517646 17.769242 -123.621436 -0.428851 -0.505612 80.589534 -17.885675 -22.180188 77.523556 -118.554023 -52.080028 147.621135 -118.554023 -52.080028 147.621135 3.164590 0.019025 -0.731430 -35.518929 -0.106528 -0.332263 67.984096 -12.034115 -8.154989 31.021360 3.770776 1.035115 8.402444 -0.439308 5.604653 -30.238480 -1.325708 -4.939316 28.292193 -1.448377 -0.361306 15.783501 -0.305416 -0.036036
0.851114 0.133722 7.192890 -24.978037 -20.479889 -79.804100 -46.693854 -29.361557 -62.514377 -46.693854 -29.361557 -62.514377 -65.501499 -12.978170 -20.056550 9.839145 -7.231298 72.568344 8.277806 -11.912148 -69.488267 1.662780 -1.839289 -84.339537 -33.934713 17.951990 -125.172863 -33.934713 17.951990 -125.172863 -0.862346 -1.015353 80.614438 -18.396339 -22.932555 77.205959 -119.431705 -52.627699 147.782748 -119.431705 -52.627699 147.782748 2.736528 0.026310 -1.131918 -35.269199 -0.096896 -0.305024 66.200767 -10.256680 -6.721413 29.589605 5.661996 1.486029 15.198015 -0.792460 5.916682 -26.621547 -1.235190 -5.229650 25.495973 -2.018138 -0.450695 13.316447 -1.089433 -0.119544
0.882123 0.138649 7.421432 -31.994950 -24.840334 -75.199879 -47.082867 -29.422807 -62.150817 -47.082867 -29.422807 -62.150817 -65.616184 -12.697855 -19.585261 9.868400 -7.237246 72.448263 8.102940 -11.791637 -68.887849 0.460847 -0.521366 -85.046421 -39.205325 19.518802 -128.138494 -39.205325 19.518802 -128.138494 -1.217413 -1.432225 80.723611 -18.488283 -23.093167 77.085619 -118.656831 -52.592846 147.331212 -118.656831 -52.592846 147.331212 2.554949 0.031240 -1.400579 -35.276587 -0.091887 -0.289090 64.338787 -9.192746 -5.793233 28.185973 6.767250 1.699163 16.770859 -0.905032 6.126097 -25.668567 -1.230615 -5.407664 23.479753 -2.573049 -0.530021 11.059652 -1.786607 -0.166500
0.987756 0.142667 8.077033 -35.419681 -26.277428 -72.445288 -47.216206 -29.442796 -62.025771 -47.216206 -29.442796 -62.025771 -65.691636 -12.474787 -19.217925 9.825293 -7.215415 72.522648 7.865623 -11.590992 -68.206187 -1.520589 1.590486 -86.256871 -48.220145 22.070368 -132.508653 -48.220145 22.070368 -132.508653 -1.285935 -1.512236 80.752269 -18.456850 -22.984705 77.259241 -117.759879 -52.037375 147.159109 -117.759879 -52.037375 147.159109 2.498044 0.032975 -1.514256 -35.274143 -0.126144 -0.397535 61.498890 -9.678019 -5.737540 25.830267 6.280937 1.465571 12.458953 -0.686744 6.559087 -24.416644 -1.190948 -5.497605 20.989656 -2.819387 -0.521724 8.656871 -2.284194 -0.168299
1.143167 0.144560 9.181749 -40.275753 -27.702963 -68.215828 -47.231617 -29.445089 -62.011311 -47.231617 -29.445089 -62.011311 -65.760263 -12.268515 -18.879001 9.871803 -7.292158 72.841131 7.186928 -10.728941 -67.506192 -2.712823 2.815652 -87.779544 -56.767884 23.913887 -136.994909 -56.767884 23.913887 -136.994909 -1.158794 -1.362786 80.745657 -18.535379 -22.961900 77.556173 -117.933145 -51.335137 147.741468 -117.933145 -51.335137 147.741468 2.315352 0.032173 -1.598690 -35.208793 -0.261687 -0.825243 58.084847 -11.238779 -6.207447 22.581699 4.955932 1.027543 2.103884 -0.094433 7.140229 -24.005373 -1.151344 -5.412285 19.894268 -3.261790 -0.576257 7.615784 -3.159602 -0.210129
1.303456 0.144365 10.447149 -46.469928 -29.132911 -62.638832 -47.050295 -29.417522 -62.181191 -47.050295 -29.417522 -62.181191 -65.730345 -12.094870 -18.624603 9.739993 -7.251065 73.280545 6.143484 -9.269258 -66.951615 -3.131376 3.158665 -89.435745 -61.755826 24.158325 -140.561261 -61.755826 24.158325 -140.561261 -0.965155 -1.135051 80.748535 -18.853699 -23.216370 77.890399 -118.810976 -51.054185 148.464131 -118.810976 -51.054185 148.464131 2.061800 0.030035 -1.672526 -35.287037 -0.445929 -1.399706 55.822208 -12.328966 -6.545804 19.321693 4.587304 0.771423 -6.101058 0.415324 7.643348 -25.462959 -1.184085 -5.252095 21.021528 -2.933260 -0.528790 8.146365 -2.830741 -0.188593
1.415713 0.144198 11.498074 -60.772054 -23.317021 -44.840811 -46.746371 -29.370836 -62.465732 -46.746371 -29.370836 -62.465732 -65.591899 -11.991970 -18.516069 9.207975 -6.901287 73.661305 5.094206 -7.746971 -66.584727 -4.865446 4.684961 -91.365989 -65.790683 24.127186 -143.356331 -65.790683 24.127186 -143.356331 -0.798096 -0.937818 80.805309 -19.228799 -23.545693 78.204280 -119.572644 -51.103135 148.885306 -119.572644 -51.103135 148.885306 1.438247 0.021318 -1.694902 -36.116032 -0.601186 -1.837959 57.307528 -11.295436 -6.138530 18.364207 6.628053 1.080692 -8.368724 0.590867 8.062912 -28.537101 -1.317820 -5.178289 23.033253 -0.968501 -0.177724 8.945127 -0.103002 -0.001933
1.503242 0.144508 12.486189 -78.423666 -14.280906 -22.148850 -46.524683 -29.336432 -62.673130 -46.524683 -29.336432 -62.673130 -65.451777 -11.959826 -18.515911 8.638422 -6.497095 73.853449 4.575884 -6.975140 -66.491720 -7.624222 7.129718 -93.450970 -70.209340 24.675685 -145.397260 -70.209340 24.675685 -145.397260 -0.726783 -0.850964 81.004300 -19.316189 -23.533537 78.497541 -120.250570 -51.090870 149.294149 -120.250570 -51.090870 149.294149 0.676255 0.009848 -1.644781 -37.359109 -0.688264 -2.032824 60.740428 -9.132818 -5.304848 19.989785 9.306435 1.678690 -8.711479 0.641298 8.405646 -30.254977 -1.419164 -5.243516 23.844964 1.328753 0.279313 9.131845 3.019695 0.235297
1.603380 0.144230 13.628698 -88.530754 -5.738694 -5.993992 -46.489366 -29.330794 -62.706103 -46.489366 -29.330794 -62.706103 -65.324212 -11.955556 -18.553941 8.382484 -6.310077 73.899932 4.335896 -6.615184 -66.444283 -10.118724 9.227916 -95.168648 -73.252300 25.208589 -146.514103 -73.252300 25.208589 -146.514103 -0.664165 -0.773688 81.315303 -19.207673 -23.264676 78.838494 -121.463619 -51.029124 150.045691 -121.463619 -51.029124 150.045691 0.164954 0.002288 -1.559926 -38.676495 -0.706257 -2.014833 64.320477 -6.524522 -4.050173 22.809108 11.781088 2.413271 -9.356910 0.698643 8.523447 -31.249203 -1.489269 -5.321243 24.068978 2.137256 0.456005 9.064104 4.123280 0.327614
1.652808 0.143312 14.138788 -89.093089 -1.509869 -1.642138 -46.319384 -29.302285 -62.864210 -46.319384 -29.302285 -62.864210 -64.972584 -12.082466 -18.877269 8.110521 -6.107620 73.926955 4.171855 -6.360332 -66.485634 -11.559974 10.407954 -95.987264 -73.028796 25.211935 -146.368936 -73.028796 25.211935 -146.368936 -0.604148 -0.697927 81.778185 -19.016454 -22.846807 79.316688 -122.791709 -50.986032 150.847211 -122.791709 -50.986032 150.847211 0.044749 0.000616 -1.492359 -39.645879 -0.686234 -1.905859 66.891811 -3.553960 -2.285205 25.652716 14.205856 3.289256 -10.161405 0.756013 8.488614 -32.255909 -1.543482 -5.333624 24.476159 2.021369 0.438191 9.277713 3.997553 0.324481
1.628016 0.138774 13.871168 -66.484366 -0.712154 -23.985789 -46.573499 -29.337704 -62.624751 -46.573499 -29.337704 -62.624751 -64.157768 -12.325052 -19.556314 7.697778 -5.795596 73.917579 4.153706 -6.315378 -66.632565 -10.613929 9.532876 -96.182002 -70.474942 24.662394 -145.594197 -70.474942 24.662394 -145.594197 -0.951547 -1.090744 82.157415 -18.738414 -22.349826 79.743499 -121.495382 -50.140099 150.658226 -121.495382 -50.140099 150.658226 6.638664 0.113540 -1.599804 -39.543450 -0.638575 -1.772966 68.424833 -2.302369 -1.557550 28.968066 14.477907 3.724127 -9.362517 0.693884 8.449589 -33.196846 -1.561770 -5.238481 25.008174 1.503420 0.330313 9.643683 3.427306 0.286444
1.593043 0.132703 13.512018 -28.155498 -3.942756 -65.504941 -47.172347 -29.429588 -62.064057 -47.172347 -29.429588 -62.064057 -63.388981 -12.515184 -20.141421 7.301111 -5.488813 73.835431 4.421805 -6.706357 -66.767547 -7.135602 6.423105 -95.960615 -65.208780 23.454267 -143.979174 -65.208780 23.454267 -143.979174 -1.692349 -1.937757 82.288419 -18.356702 -21.818645 79.948228 -117.894454 -48.756953 149.496083 -117.894454 -48.756953 149.496083 16.043744 0.258719 -1.712066 -38.745070 -0.579977 -1.646356 69.788519 -3.194347 -2.236056 32.071634 12.733498 3.641130 -7.112911 0.527604 8.483069 -32.949378 -1.414381 -4.757373 25.186027 -0.038635 -0.001806 9.971175 1.376667 0.123513
1.539089 0.130226 12.941133 -4.799510 -4.765962 -89.599406 -47.257557 -29.446104 -61.985756 -47.257557 -29.446104 -61.985756 -63.131131 -12.598146 -20.371214 6.642350 -4.984926 73.746441 5.126334 -7.790862 -66.655193 -3.231576 2.914522 -95.484197 -58.443343 22.018262 -141.487089 -58.443343 22.018262 -141.487089 -2.240311 -2.561167 82.348725 -17.953335 -21.282084 80.115814 -115.212506 -47.802761 148.591178 -115.212506 -47.802761 148.591178 18.147171 0.255597 -1.494989 -38.030761 -0.575330 -1.672681 69.906448 -4.093243 -2.859894 32.790160 11.568020 3.419015 -5.214816 0.406661 8.951929 -31.505435 -1.129248 -3.967125 24.250692 -2.016158 -0.418074 9.287554 -1.484300 -0.104650
1.426817 0.131953 11.700684 0.813290 0.558295 -88.641205 -46.905201 -29.394288 -62.316626 -46.905201 -29.394288 -62.316626 -63.146118 -12.619969 -20.400163 6.065408 -4.545020 73.670856 6.067135 -9.208353 -66.683818 -0.128518 0.105536 -94.881008 -51.607233 20.681506 -138.541597 -51.607233 20.681506 -138.541597 -2.391549 -2.726365 82.511632 -17.671748 -20.818713 80.478026 -114.730948 -47.487995 148.535376 -114.730948 -47.487995 148.535376 12.966671 0.049317 -0.121201 -37.528765 -0.728564 -2.151652 67.469271 -4.711681 -3.119379 31.253618 11.171645 3.147967 -4.695236 0.408838 9.979794 -29.970581 -0.865030 -3.219496 23.011433 -3.007683 -0.611569 8.320435 -3.118320 -0.224511
1.349027 0.132561 10.747553 13.780149 11.769820 -84.644168 -46.956886 -29.403012 -62.268574 -46.956886 -29.403012 -62.268574 -62.982494 -12.595250 -20.424856 6.045102 -4.517594 73.528315 6.774008 -10.197816 -67.093733 1.581392 -1.474992 -94.116057 -46.218213 19.639655 -135.711666 -46.218213 19.639655 -135.711666 -2.567942 -2.921940 82.617378 -17.874672 -20.809244 81.147737 -114.806951 -47.195881 148.785251 -114.806951 -47.195881 148.785251 10.338667 -0.196095 2.301279 -38.248182 -0.978116 -2.805182 69.551770 -4.295128 -2.778705 32.909657 12.676136 3.949745 -4.159369 0.398153 11.009213 -29.401692 -0.723738 -2.754563 22.823579 -2.091279 -0.415248 8.371975 -2.152847 -0.146451
1.344438 0.132372 10.487269 30.204577 22.671854 -75.723492 -46.901432 -29.394150 -62.320343 -46.901432 -29.394150 -62.320343 -62.762695 -12.661200 -20.617788 6.232906 -4.650759 73.433701 7.244611 -10.769424 -67.748618 1.944516 -1.853242 -92.765854 -41.755842 18.998562 -132.477515 -41.755842 18.998562 -132.477515 -2.777032 -3.153778 82.724464 -18.393529 -21.054986 82.116384 -114.913244 -47.044589 148.953314 -114.913244 -47.044589 148.953314 9.225638 -0.364205 4.616090 -40.580441 -1.142191 -3.088641 80.883013 -1.996639 -1.259136 37.996631 17.037309 6.157793 -3.600059 0.368218 11.695396 -29.444434 -0.650656 -2.477492 23.577910 0.244875 0.066959 9.462222 0.615606 0.074099
1.409101 0.132403 11.006138 43.830772 27.948186 -64.735055 -46.307655 -29.298009 -62.874122 -46.307655 -29.298009 -62.874122 -62.708749 -12.813367 -20.883105 6.108217 -4.555277 73.404610 8.000780 -11.736210 -68.422983 2.193092 -2.165213 -90.985260 -37.863903 18.654897 -128.662382 -37.863903 18.654897 -128.662382 -2.881332 -3.254834 83.028603 -18.713000 -21.159104 82.834744 -114.550572 -47.155150 148.666175 -114.550572 -47.155150 148.666175 7.818008 -0.391002 5.808109 -42.340822 -1.114233 -2.879438 87.934856 0.316767 0.348600 41.069031 20.544789 7.770007 -3.482010 0.376350 12.306180 -29.806679 -0.640950 -2.407831 24.320740 3.482042 0.758318 10.434468 4.570619 0.430687
1.529097 0.133486 12.420826 53.254549 29.765844 -56.120308 -45.521680 -29.162540 -63.603588 -45.521680 -29.162540 -63.603588 -62.817988 -12.937212 -21.037960 5.771390 -4.303102 73.396095 8.945075 -12.930729 -69.183092 2.519137 -2.555793 -89.258867 -34.411281 18.253970 -125.005573 -34.411281 18.253970 -125.005573 -2.956046 -3.318377 83.380705 -18.839946 -21.277984 82.902624 -114.794703 -47.600377 148.493354 -114.794703 -47.600377 148.493354 6.351604 -0.338254 6.077511 -42.273306 -0.968748 -2.500766 83.956464 1.468104 1.260358 38.510090 21.597785 7.605671 -3.597000 0.404752 12.835159 -30.123853 -0.661662 -2.457679 25.086890 6.675438 1.501118 11.090280 8.614129 0.848845
1.696994 0.134701 14.771135 59.397781 29.562237 -49.891913 -44.846005 -29.037870 -64.227101 -44.846005 -29.037870 -64.227101 -62.758517 -13.073622 -21.281942 4.901754 -3.661298 73.541889 9.576090 -13.670723 -69.878649 2.376878 -2.462428 -87.834293 -31.841806 17.805207 -122.411329 -31.841806 17.805207 -122.411329 -3.002549 -3.360318 83.559509 -18.948915 -21.504334 82.621012 -116.700173 -48.184796 149.178814 -116.700173 -48.184796 149.178814 5.331826 -0.278785 5.962108 -41.605695 -0.826668 -2.172437 80.159165 2.657962 2.244286 36.139094 23.275897 7.685650 -3.598526 0.412652 13.078567 -30.670957 -0.701828 -2.557801 26.336634 9.385630 2.220271 11.790559 12.224826 1.281126
1.829986 0.135463 16.672204 64.950372 28.663297 -43.960393 -44.461533 -28.964082 -64.580643 -44.461533 -28.964082 -64.580643 -62.551746 -13.219455 -21.601142 3.970013 -2.981565 73.847213 9.642348 -13.649402 -70.353475 2.044563 -2.167014 -86.624864 -30.307374 17.576078 -120.529186 -30.307374 17.576078 -120.529186 -2.856944 -3.196847 83.568214 -18.900723 -21.556407 82.329797 -119.580828 -48.833456 150.389471 -119.580828 -48.833456 150.389471 4.538197 -0.234259 5.915401 -40.997551 -0.740039 -1.978621 85.319529 3.719899 3.505077 36.417975 25.918220 8.703463 -3.631706 0.416994 13.095528 -31.351987 -0.739138 -2.631996 27.584833 10.933965 2.697833 12.574646 14.369800 1.596535
1.881328 0.135763 17.175918 68.729937 27.778391 -39.803983 -44.349484 -28.941724 -64.683300 -44.349484 -28.941724 -64.683300 -62.521435 -13.284122 -21.717152 3.670283 -2.768513 74.045965 9.432688 -13.271411 -70.693224 2.147460 -2.328223 -85.505988 -29.226237 17.560110 -118.685066 -29.226237 17.560110 -118.685066 -2.465981 -2.763942 83.453965 -18.624544 -21.363373 82.000745 -122.463758 -49.458373 151.619560 -122.463758 -49.458373 151.619560 4.122382 -0.216274 6.005728 -40.163170 -0.680728 -1.859393 88.469840 3.754144 3.744590 37.217222 27.165720 9.309025 -3.780894 0.431407 13.018413 -32.228662 -0.764392 -2.646786 28.389221 11.256740 2.854632 13.151713 14.807687 1.715178
1.803364 0.136026 15.863695 64.398749 28.063177 -44.253697 -44.193090 -28.909377 -64.826078 -44.193090 -28.909377 -64.826078 -62.654883 -13.369120 -21.797911 3.458778 -2.609736 74.064945 9.245713 -12.900988 -71.148915 2.591028 -2.851195 -84.598562 -28.489789 17.533195 -117.445423 -28.489789 17.533195 -117.445423 -2.051307 -2.313300 83.081575 -18.451124 -21.262658 81.737714 -126.010047 -49.853237 153.346238 -126.010047 -49.853237 153.346238 4.694095 -0.243980 5.974747 -38.464944 -0.610039 -1.744574 83.371083 3.144144 2.922912 35.081724 26.240544 8.469092 -3.857000 0.427374 12.630397 -33.168396 -0.694624 -2.339540 29.129964 10.701173 2.785011 13.641763 13.999476 1.680300
1.546407 0.136261 12.862043 51.087682 28.049999 -57.549160 -44.132309 -28.896617 -64.881484 -44.132309 -28.896617 -64.881484 -62.971374 -13.505744 -21.884628 2.736845 -2.062484 73.982963 9.336985 -12.880570 -71.758072 3.563333 -3.969290 -83.954804 -28.495508 17.746547 -116.841805 -28.495508 17.746547 -116.841805 -1.701104 -1.934751 82.612946 -18.542799 -21.420237 81.595944 -130.238902 -50.009335 155.575833 -130.238902 -50.009335 155.575833 6.604732 -0.329656 5.774240 -36.098701 -0.509460 -1.552114 74.272504 1.813938 1.463468 32.140334 23.094094 6.799624 -3.595372 0.380929 12.039252 -33.700580 -0.528123 -1.745071 30.211221 9.547089 2.572373 14.762988 12.425105 1.597585
1.220849 0.136754 9.518165 36.919190 26.199914 -70.878114 -44.170404 -28.904515 -64.846713 -44.170404 -28.904515 -64.846713 -63.463848 -13.612316 -21.849117 1.885465 -1.419585 73.954659 9.641182 -13.113806 -72.521991 4.837502 -5.449133 -83.304500 -28.817682 18.246873 -115.997058 -28.817682 18.246873 -115.997058 -1.442036 -1.649903 82.292343 -18.670120 -21.596138 81.515865 -133.812290 -50.124482 157.441616 -133.812290 -50.124482 157.441616 8.597843 -0.396039 5.309581 -33.174750 -0.323187 -1.041757 66.692044 -0.657884 -0.248373 29.025497 18.141215 4.838792 -3.038714 0.306416 11.468756 -33.016423 -0.343073 -1.146495 30.369577 7.769915 2.118749 15.593296 10.079290 1.379122
1.031469 0.137660 7.907048 29.266119 23.494838 -77.277538 -43.989337 -28.866194 -65.011625 -43.989337 -28.866194 -65.011625 -63.854763 -13.697166 -21.819531 1.230281 -0.927366 74.116497 9.864492 -13.245741 -73.244139 5.751898 -6.558426 -82.519596 -28.924531 18.654326 -115.019509 -28.924531 18.654326 -115.019509 -1.296395 -1.488674 82.099208 -18.634836 -21.541871 81.553356 -136.790954 -50.221168 158.965635 -136.790954 -50.221168 158.965635 9.321719 -0.380662 4.661937 -29.902998 -0.087674 -0.271808 59.384509 -4.048263 -2.161784 25.323430 12.784700 3.000570 -2.541499 0.248397 11.137439 -31.030422 -0.217464 -0.769118 28.680881 5.933230 1.543387 14.696942 7.677418 1.015858
0.976249 0.139279 7.661105 26.529866 22.113507 -79.339176 -43.491816 -28.759486 -65.464122 -43.491816 -28.759486 -65.464122 -63.986400 -13.865046 -22.027781 0.794572 -0.603385 74.485938 9.866045 -13.142520 -73.686630 5.944724 -6.847712 -81.915882 -28.538923 18.688680 -114.188281 -28.538923 18.688680 -114.188281 -1.319608 -1.523655 81.800701 -18.653122 -21.468135 81.807197 -139.580167 -50.017237 160.499704 -139.580167 -50.017237 160.499704 9.063049 -0.326611 4.110028 -27.135086 0.077136 0.339108 53.851804 -6.721819 -3.367586 21.800675 8.930155 1.765481 -2.228877 0.214088 10.969253 -28.416819 -0.129464 -0.498972 26.281265 4.348450 1.030285 12.821410 5.572923 0.641386
0.898265 0.141552 7.139018 24.634288 20.958769 -80.628383 -43.058193 -28.663373 -65.857100 -43.058193 -28.663373 -65.857100 -64.209109 -14.038237 -22.205110 0.935689 -0.720741 75.008370 9.962998 -13.253482 -73.760616 6.011534 -6.953964 -81.667325 -28.171720 18.629410 -113.653994 -28.171720 18.629410 -113.653994 -1.483698 -1.723349 81.477447 -19.187622 -21.921276 82.215888 -142.549629 -49.182746 162.333901 -142.549629 -49.182746 162.333901 8.389665 -0.264280 3.556320 -25.991706 0.197756 0.854602 52.732219 -10.122387 -5.118215 21.181458 4.696717 0.825442 -2.238276 0.210831 10.787494 -26.474685 -0.051717 -0.210230 25.461067 2.398387 0.536698 12.170704 2.900586 0.303318
0.768361 0.143954 6.029007 22.646768 19.694314 -81.939597 -42.719372 -28.585281 -66.162805 -42.719372 -28.585281 -66.162805 -64.417910 -14.187481 -22.349848 1.374841 -1.067365 75.538023 10.167810 -13.529132 -73.741907 6.039424 -6.987213 -81.659365 -28.062861 18.562728 -113.636608 -28.062861 18.562728 -113.636608 -1.869231 -2.181346 81.214936 -20.657829 -23.398360 82.677738 -146.538791 -47.873963 164.743408 -146.538791 -47.873963 164.743408 7.577225 -0.199249 2.961372 -26.369850 0.358357 1.513959 55.231285 -15.117278 -8.110462 22.798494 -0.968245 -0.279368 -2.405810 0.218772 10.414013 -25.762776 0.038026 0.166328 26.078002 0.471545 0.098362 12.629005 0.183448 0.010141
0.592617 0.145894 4.503692 21.182107 18.751788 -82.896656 -42.498944 -28.533494 -66.361241 -42.498944 -28.533494 -66.361241 -64.356525 -14.317021 -22.577480 1.624136 -1.266045 75.871292 10.253110 -13.605778 -73.891311 6.075305 -7.017682 -81.748560 -28.134591 18.482852 -114.006250 -28.134591 18.482852 -114.006250 -2.387130 -2.803762 80.876026 -22.846191 -25.639769 83.174960 -150.995026 -46.645430 167.237753 -150.995026 -46.645430 167.237753 6.994582 -0.155622 2.542457 -27.265708 0.513101 2.107590 57.764964 -20.361091 -11.349222 24.283474 -6.907841 -1.501932 -2.417392 0.212405 10.027241 -26.305871 0.120010 0.507902 27.081848 -1.414080 -0.348780 13.130184 -2.544218 -0.295239
0.420404 0.147453 2.986288 22.030519 19.291705 -82.336594 -42.561449 -28.548068 -66.304921 -42.561449 -28.548068 -66.304921 -64.117934 -14.416113 -22.833279 1.776416 -1.387381 75.974460 10.109972 -13.358836 -74.132404 6.117676 -7.045589 -81.916003 -28.135478 18.316580 -114.489612 -28.135478 18.316580 -114.489612 -2.856655 -3.391362 80.272601 -25.268124 -28.083304 83.708340 -154.516431 -45.945665 169.040653 -154.516431 -45.945665 169.040653 6.497288 -0.138595 2.439187 -27.948272 0.584115 2.345906 58.534498 -23.405040 -13.248857 24.791592 -10.509297 -2.321783 -2.406976 0.207472 9.849410 -27.359915 0.205131 0.835671 28.017409 -3.539512 -0.897594 13.700734 -5.705793 -0.700868
0.297127 0.149019 1.917910 24.344205 20.757568 -80.806244 -43.046833 -28.658749 -65.866439 -43.046833 -28.658749 -65.866439 -63.977260 -14.388262 -22.850176 2.222384 -1.736510 76.004492 9.842733 -12.971880 -74.281321 6.298816 -7.223875 -82.150172 -28.150320 18.129179 -115.061644 -28.150320 18.129179 -115.061644 -3.284461 -3.945049 79.598142 -27.536249 -30.364570 84.146469 -156.421804 -45.692635 169.948792 -156.421804 -45.692635 169.948792 5.708800 -0.117569 2.351198 -28.421408 0.597773 2.360730 58.935001 -26.207635 -14.999162 25.317732 -13.992495 -3.171810 -3.411459 0.294109 9.837223 -28.322780 0.280470 1.108307 28.962923 -5.883093 -1.529863 14.531447 -9.179468 -1.187687
0.197795 0.150799 1.118506 26.931845 22.335992 -79.048783 -43.746457 -28.813132 -65.232089 -43.746457 -28.813132 -65.232089 -63.931606 -14.305405 -22.740329 2.821178 -2.203472 75.982438 9.550991 -12.570127 -74.363091 6.412382 -7.322401 -82.399341 -28.313160 18.049331 -115.602603 -28.313160 18.049331 -115.602603 -3.761462 -4.556660 79.097657 -29.247455 -32.045326 84.509862 -157.042473 -45.781533 170.198324 -157.042473 -45.781533 170.198324 4.868117 -0.095506 2.231214 -28.867702 0.605160 2.350647 58.845938 -28.739242 -16.449457 25.386006 -17.056179 -3.875808 -4.832491 0.417578 9.866366 -28.844190 0.317704 1.235501 29.314784 -7.317703 -1.917595 14.843933 -11.253900 -1.470949
0.064653 0.153399 0.084287 29.586085 23.699196 -77.063930 -44.426813 -28.955395 -64.611671 -44.426813 -28.955395 -64.611671 -63.933973 -14.246876 -22.647819 3.495231 -2.730194 75.977102 9.287728 -12.209303 -74.433894 6.254200 -7.113331 -82.634564 -28.559857 18.016673 -116.164273 -28.559857 18.016673 -116.164273 -4.163436 -5.066992 78.815709 -29.683233 -32.345639 84.837956 -156.206071 -45.869285 169.811023 -156.206071 -45.869285 169.811023 4.107863 -0.074327 2.055316 -29.117559 0.618583 2.381207 57.792427 -29.566105 -16.591005 24.742207 -17.946845 -3.977571 -5.494817 0.468963 9.745132 -28.658629 0.254557 0.987275 28.251529 -7.132639 -1.814159 13.906213 -10.741144 -1.333789
-0.111680 0.156188 -1.266616 32.122879 24.932340 -75.120493 -45.123741 -29.089458 -63.970956 -45.123741 -29.089458 -63.970956 -63.955532 -14.234061 -22.618542 4.491621 -3.507222 75.961983 9.192252 -12.046933 -74.603182 5.941785 -6.734072 -82.838306 -28.361363 17.696717 -116.732730 -28.361363 17.696717 -116.732730 -4.165218 -5.083127 78.645683 -28.733325 -31.167369 85.132576 -153.802229 -45.778862 168.779443 -153.802229 -45.778862 168.779443 3.543647 -0.060127 1.934340 -29.227998 0.608772 2.335152 56.921360 -28.315174 -15.578450 24.065629 -16.169236 -3.472456 -4.933380 0.396821 9.067303 -28.511815 0.153897 0.601014 27.354749 -5.509074 -1.347680 13.566544 -8.133863 -0.967116
-0.258426 0.157468 -2.535613 33.131893 25.422060 -74.346508 -45.747617 -29.204148 -63.395055 -45.747617 -29.204148 -63.395055 -63.933430 -14.197249 -22.570350 5.429472 -4.233362 75.880363 9.312403 -12.109021 -75.032525 5.733763 -6.479388 -83.001017 -27.884802 17.271724 -117.089418 -27.884802 17.271724 -117.089418 -3.834808 -4.689689 78.527712 -27.102291 -29.377417 85.192651 -148.694351 -45.485416 166.589667 -148.694351 -45.485416 166.589667 3.330651 -0.054944 1.889588 -30.104750 0.562906 2.103306 59.632456 -27.328300 -15.871540 25.585605 -14.598236 -3.313060 -4.252843 0.298815 7.895897 -29.904320 0.154649 0.559318 28.982880 -4.373751 -1.130416 15.623230 -6.512300 -0.896254
-0.205778 0.156377 -2.330105 31.087161 24.412780 -75.902591 -45.816212 -29.216626 -63.331676 -45.816212 -29.216626 -63.331676 -63.700719 -14.180676 -22.644833 5.528524 -4.296880 75.677291 9.771965 -12.583921 -75.561356 5.640251 -6.367265 -83.057568 -27.313388 16.891150 -117.141827 -27.313388 16.891150 -117.141827 -3.353901 -4.093303 78.694176 -25.024403 -27.303573 84.797338 -142.240164 -45.382581 163.697182 -142.240164 -45.382581 163.697182 3.461863 -0.055327 1.834984 -31.633102 0.493593 1.753932 64.963792 -26.386834 -16.974767 28.940125 -13.092607 -3.363236 -3.425987 0.207276 6.849728 -33.274877 0.219494 0.730682 33.868341 -3.625394 -1.068841 20.908294 -5.606500 -0.979051
0.089122 0.153877 -0.097269 26.893253 22.153962 -78.963925 -45.371771 -29.136615 -63.742685 -45.371771 -29.136615 -63.742685 -63.138959 -14.157533 -22.851775 4.870818 -3.767304 75.394822 10.305465 -13.198032 -75.868015 5.569843 -6.290652 -83.031833 -26.673590 16.518444 -117.039819 -26.673590 16.518444 -117.039819 -2.636512 -3.195289 79.165828 -22.247649 -24.623495 83.955988 -134.344407 -45.509752 159.896955 -134.344407 -45.509752 159.896955 3.814812 -0.057441 1.732403 -32.953859 0.435113 1.473676 69.527916 -25.466324 -17.821219 32.163899 -11.887090 -3.429264 -2.552675 0.142002 6.263237 -36.924613 0.208717 0.644599 39.439683 -2.451513 -0.823521 27.162651 -3.949507 -0.862738
0.454871 0.150003 2.850906 22.589194 19.635877 -81.959190 -44.916543 -29.052995 -64.162937 -44.916543 -29.052995 -64.162937 -62.521597 -14.079936 -22.996659 4.215317 -3.243445 75.126857 10.623350 -13.616305 -75.820127 5.609033 -6.316528 -83.191760 -25.902423 16.013704 -117.100064 -25.902423 16.013704 -117.100064 -1.675531 -2.012379 79.694242 -19.321426 -21.800082 82.875526 -125.597713 -45.497963 155.596496 -125.597713 -45.497963 155.596496 4.295924 -0.061796 1.649488 -33.786742 0.404986 1.334369 72.089234 -25.300407 -18.568368 34.273639 -11.835450 -3.671143 -1.782918 0.092328 5.890963 -39.778571 0.183292 0.504735 44.452801 -1.535762 -0.628996 33.077327 -2.520253 -0.747229
0.814213 0.144659 5.733201 19.861424 17.794936 -83.665195 -44.755276 -29.022180 -64.311291 -44.755276 -29.022180 -64.311291 -61.892755 -13.941900 -23.052059 3.695023 -2.827891 74.815077 10.582895 -13.613450 -75.617454 5.709485 -6.390334 -83.541302 -25.070281 15.399021 -117.406110 -25.070281 15.399021 -117.406110 -0.469012 -0.566469 80.202435 -16.984519 -19.581924 81.661876 -118.792767 -45.336489 152.232965 -118.792767 -45.336489 152.232965 4.743280 -0.066700 1.612144 -34.888668 0.354598 1.136059 76.197044 -25.417737 -20.078632 38.285294 -12.441447 -4.347906 -1.469523 0.072604 5.639012 -42.693108 0.249635 0.627610 50.465813 -1.351614 -0.623875 40.574035 -2.187253 -0.785116
1.153940 0.139780 8.530463 18.377850 16.718680 -84.526823 -44.524223 -28.975547 -64.522743 -44.524223 -28.975547 -64.522743 -61.117002 -13.854395 -23.257945 3.054543 -2.323496 74.458357 10.408475 -13.461955 -75.314487 5.500855 -6.118434 -83.921193 -24.455816 14.915949 -117.734806 -24.455816 14.915949 -117.734806 0.468301 0.546990 80.640032 -15.827936 -18.538165 80.822036 -116.557144 -45.456994 150.964719 -116.557144 -45.456994 150.964719 5.011955 -0.069223 1.582208 -36.037098 0.243325 0.756932 80.358852 -24.298927 -20.594023 42.858831 -11.429040 -4.469101 -1.748644 0.084664 5.537978 -45.022533 0.229758 0.550970 53.983524 -0.644605 -0.332695 45.375278 -1.155795 -0.488935
1.420449 0.137444 10.878863 19.488796 17.472849 -83.834037 -44.152060 -28.899765 -64.863035 -44.152060 -28.899765 -64.863035 -60.398238 -13.820503 -23.527545 2.493432 -1.888475 74.268907 10.219619 -13.312431 -74.920385 5.048335 -5.587972 -84.199995 -24.503530 14.868994 -117.992888 -24.503530 14.868994 -117.992888 0.710430 0.834856 80.771337 -15.847656 -18.580100 80.778095 -115.900778 -45.762764 150.397236 -115.900778 -45.762764 150.397236 4.862195 -0.068172 1.610986 -36.725864 0.128606 0.388413 81.590500 -20.973937 -18.228133 44.437558 -6.782823 -2.845564 -2.676034 0.132274 5.617552 -45.058140 0.085209 0.194130 51.473077 0.175777 0.057361 42.500721 -0.021107 -0.052105
1.621680 0.136912 12.819449 24.983955 20.820184 -80.129336 -43.810232 -28.829581 -65.175331 -43.810232 -28.829581 -65.175331 -60.076523 -13.794880 -23.631678 2.346298 -1.779362 74.343164 10.207494 -13.414542 -74.434035 4.735496 -5.214444 -84.484911 -25.124825 15.050007 -118.669731 -25.124825 15.050007 -118.669731 0.464364 0.546721 80.665093 -16.379906 -19.090345 81.117896 -115.662082 -45.992783 150.107139 -115.662082 -45.992783 150.107139 4.022269 -0.057450 1.631317 -38.247934 0.028000 0.094907 83.226015 -16.676988 -14.752055 45.413196 -0.329201 -0.066944 -4.328608 0.224243 5.852872 -44.007286 -0.074965 -0.185699 47.197897 0.774251 0.339128 37.087813 0.807798 0.274308
1.799402 0.136474 14.581478 31.102791 24.294117 -75.807606 -43.722029 -28.810784 -65.255607 -43.722029 -28.810784 -65.255607 -60.012863 -13.730149 -23.552239 2.477712 -1.884495 74.503123 10.303402 -13.667791 -73.912816 4.506106 -4.934599 -84.814770 -26.719309 15.428668 -120.487236 -26.719309 15.428668 -120.487236 0.486460 0.570463 80.789588 -16.242391 -18.950838 81.048451 -116.138490 -46.218437 150.216246 -116.138490 -46.218437 150.216246 2.976060 -0.040633 1.528972 -41.502123 -0.019576 -0.046171 87.220079 -14.368672 -13.658204 49.438039 2.669196 1.246633 -6.609522 0.348748 6.018594 -43.625111 -0.179271 -0.447684 45.772447 0.315843 0.144152 35.198089 0.175177 0.074089
1.973020 0.136277 16.319507 28.843345 22.673257 -77.130108 -43.768350 -28.820659 -65.213451 -43.768350 -28.820659 -65.213451 -60.081758 -13.623819 -23.342054 2.654420 -2.023614 74.632579 10.223867 -13.794928 -72.956448 4.059951 -4.391659 -85.589775 -29.544331 16.041278 -123.576027 -29.544331 16.041278 -123.576027 0.637818 0.742298 81.228343 -15.725803 -18.565587 80.376304 -117.152655 -46.639960 150.490315 -117.152655 -46.639960 150.490315 2.678650 -0.028944 1.265897 -43.088237 0.021596 0.057090 86.941700 -16.000663 -15.024237 51.401464 -0.624850 -0.213046 -8.400767 0.423460 5.777637 -43.292746 -0.256207 -0.646807 44.887449 -1.839117 -0.733076 34.292597 -2.704622 -0.799651
2.151174 0.136898 18.075809 19.459657 16.654106 -83.140102 -43.897119 -28.848057 -65.096236 -43.897119 -28.848057 -65.096236 -60.381518 -13.487259 -22.978502 2.922573 -2.229688 74.677491 9.741835 -13.617121 -70.975653 3.626415 -3.800494 -87.467665 -33.989346 16.650067 -128.421493 -33.989346 16.650067 -128.421493 0.711604 0.822054 81.786274 -15.344388 -18.479554 79.261094 -117.525166 -47.152269 150.350119 -117.525166 -47.152269 150.350119 3.082847 -0.024783 0.956447 -40.997667 0.133228 0.374282 80.421875 -19.202115 -16.140032 47.647856 -5.937074 -2.455976 -8.454522 0.394540 5.306128 -41.269890 -0.254392 -0.672025 43.326042 -4.950158 -1.943591 32.555965 -7.035128 -2.021647
2.282665 0.137851 19.218579 11.273799 10.766270 -87.686135 -44.079979 -28.886125 -64.929406 -44.079979 -28.886125 -64.929406 -60.859560 -13.348998 -22.536211 3.434201 -2.616896 74.619420 8.463109 -12.362427 -68.445502 2.479308 -2.518654 -90.370870 -39.843262 17.166052 -134.304102 -39.843262 17.166052 -134.304102 0.588901 0.676597 82.076365 -15.318768 -18.753299 78.320959 -117.524595 -47.758067 149.939433 -117.524595 -47.758067 149.939433 3.441345 -0.019992 0.668721 -37.665923 0.227011 0.677989 73.360557 -21.077333 -15.787193 41.879380 -8.749028 -3.336952 -6.724222 0.295876 5.023799 -37.241571 -0.216151 -0.638247 40.959493 -7.087563 -2.628049 29.959341 -10.146442 -2.684050
2.351285 0.139369 19.633337 6.472002 6.315554 -89.045218 -44.497612 -28.969460 -64.546780 -44.497612 -28.969460 -64.546780 -61.385240 -13.143037 -21.969402 4.156040 -3.159912 74.497935 6.711091 -10.168124 -66.579795 -0.142796 0.041622 -93.438128 -47.422312 18.026805 -139.938240 -47.422312 18.026805 -139.938240 0.413451 0.474788 82.029085 -15.427121 -19.080384 77.736479 -117.631718 -48.629363 149.412482 -117.631718 -48.629363 149.412482 3.715290 -0.012204 0.395895 -35.251516 0.287382 0.910277 68.039243 -21.732820 -14.766881 36.936940 -9.394120 -3.134893 -3.396820 0.148988 4.925032 -32.873241 -0.278129 -0.975453 37.952371 -7.658825 -2.641019 26.596183 -10.852378 -2.585391
2.417614 0.141512 20.081510 2.632028 2.607343 -89.773267 -45.100579 -29.086126 -63.992742 -45.100579 -29.086126 -63.992742 -62.112770 -12.769853 -21.063468 5.092085 -3.854492 74.266188 5.334862 -8.232039 -65.807012 -3.371044 2.944993 -96.357557 -56.040145 19.099376 -144.602969 -56.040145 19.099376 -144.602969 0.301949 0.348317 81.826761 -15.573505 -19.454721 77.164549 -118.469085 -49.768863 149.132774 -118.469085 -49.768863 149.132774 4.143078 -0.005811 0.173813 -33.892830 0.299463 0.983796 65.327818 -21.985913 -14.191162 34.126125 -9.476168 -2.908943 -0.218549 0.012831 4.641137 -30.495840 -0.506692 -1.886687 35.411213 -6.926016 -2.227400 23.635600 -9.357314 -1.993847
2.470141 0.143719 20.595136 -0.413874 -0.407910 -89.901658 -45.621854 -29.182918 -63.511974 -45.621854 -29.182918 -63.511974 -62.928142 -12.349555 -20.059761 5.822825 -4.392631 74.057104 4.406747 -6.829756 -65.624844 -7.066062 5.858695 -99.598170 -66.637256 20.430242 -149.079592 -66.637256 20.430242 -149.079592 0.298950 0.346028 81.657582 -15.643636 -19.769161 76.502754 -119.884148 -50.796805 149.276959 -119.884148 -50.796805 149.276959 4.526527 0.001905 -0.040220 -33.437256 0.241182 0.801467 64.897332 -21.934073 -14.044356 33.499806 -9.334165 -2.811220 0.955188 -0.034839 4.054141 -29.988501 -0.831342 -3.097858 34.309810 -6.769531 -2.096701 22.036668 -8.512936 -1.667949
2.416343 0.145808 20.237955 -2.436169 -2.424091 -89.818189 -45.867506 -29.226675 -63.284597 -45.867506 -29.226675 -63.284597 -63.413911 -12.088256 -19.451593 6.011242 -4.534741 74.041828 3.256807 -5.044176 -65.720661 -12.251814 9.661594 -102.786849 -80.420755 22.267579 -153.563398 -80.420755 22.267579 -153.563398 0.352457 0.410689 81.331498 -15.923958 -20.181126 76.325009 -121.710463 -51.514259 149.884880 -121.710463 -51.514259 149.884880 4.565068 0.008098 -0.198025 -33.702541 0.140431 0.464785 64.659710 -21.400129 -13.643589 33.202090 -8.699008 -2.603520 -0.278696 0.005869 3.492491 -29.859964 -1.148272 -4.312565 34.295845 -7.098232 -2.196356 21.676725 -8.299335 -1.595571
2.306636 0.149273 19.354242 -0.159737 -0.196726 -89.528174 -46.003164 -29.249986 -63.158658 -46.003164 -29.249986 -63.158658 -63.551760 -11.966945 -19.207687 5.789902 -4.374928 74.131574 1.934547 -2.987642 -65.893773 -18.639909 14.108224 -105.567977 -97.562711 24.465326 -158.322607 -97.562711 24.465326 -158.322607 0.427155 0.500881 80.959285 -16.459908 -20.753164 76.600835 -123.631447 -52.042571 150.681369 -123.631447 -52.042571 150.681369 4.183132 0.003368 -0.053421 -34.665829 0.070074 0.227159 64.521295 -19.558289 -12.402086 32.245179 -6.303292 -1.839823 -2.478665 0.071270 3.275668 -28.654686 -1.401514 -5.533353 32.253350 -6.099346 -1.824759 19.407838 -6.280485 -1.167117
2.246371 0.154074 18.683541 12.394638 10.009350 -84.863558 -46.132679 -29.271867 -63.038260 -46.132679 -29.271867 -63.038260 -63.600332 -11.902278 -19.087268 5.603432 -4.234759 74.140487 0.722124 -1.112869 -66.023974 -23.401379 17.174607 -107.656438 -110.686551 25.802700 -161.945541 -110.686551 25.802700 -161.945541 0.460554 0.541411 80.769089 -16.889558 -21.227622 76.777225 -124.985676 -52.500480 151.196639 -124.985676 -52.500480 151.196639 3.506232 -0.016110 0.627364 -36.451564 0.080150 0.239259 66.297203 -15.684146 -10.193706 32.160544 -1.365859 -0.374449 -4.452330 0.130102 3.333187 -27.094119 -1.550864 -6.453632 29.162472 -4.392377 -1.183119 16.269622 -3.533303 -0.563020
2.350167 0.158686 19.345652 40.202355 19.429711 -63.800092 -46.186178 -29.280995 -62.988566 -46.186178 -29.280995 -62.988566 -63.681473 -11.902157 -19.057364 5.450338 -4.118903 74.140532 -0.080993 0.125402 -65.910478 -24.595128 17.685262 -108.994267 -114.854453 25.741602 -163.395800 -114.854453 25.741602 -163.395800 0.443015 0.521210 80.723899 -16.898524 -21.307130 76.591741 -125.425988 -52.826137 151.257943 -125.425988 -52.826137 151.257943 2.504880 -0.028720 1.575745 -38.822378 0.121015 0.339081 71.324474 -10.570413 -7.346453 35.352490 4.877766 1.751572 -5.296791 0.159793 3.447775 -25.899169 -1.568247 -6.810858 27.352915 -3.894713 -0.950111 14.813311 -2.839128 -0.372268
2.564363 0.162262 21.103707 67.974385 22.304729 -37.952395 -46.035297 -29.255348 -63.128758 -46.035297 -29.255348 -63.128758 -63.893987 -11.942320 -19.043659 5.272646 -3.990188 74.220349 -0.658482 1.028007 -65.515050 -22.785890 16.249672 -109.380904 -110.420521 24.938261 -162.506923 -110.420521 24.938261 -162.506923 0.405651 0.477117 80.755583 -16.523120 -20.943406 76.300565 -125.548130 -52.836872 151.323283 -125.548130 -52.836872 151.323283 1.525729 -0.027333 2.238175 -40.392414 0.101749 0.275486 75.227586 -5.844842 -4.411441 39.110754 10.285586 3.775927 -5.563347 0.180970 3.722321 -24.608041 -1.490371 -6.823220 26.311211 -4.117506 -0.961824 13.949074 -3.399145 -0.410328
2.766899 0.165463 22.939370 78.144639 22.751035 -28.014328 -46.006697 -29.250277 -63.155241 -46.006697 -29.250277 -63.155241 -64.287071 -11.905734 -18.845296 5.194472 -3.941444 74.364440 -1.074005 1.687055 -65.054951 -20.386632 14.567254 -109.160814 -102.730901 24.313406 -160.389332 -102.730901 24.313406 -160.389332 0.360248 0.422655 80.908909 -15.998530 -20.357507 76.097414 -125.441539 -52.589881 151.409780 -125.441539 -52.589881 151.409780 1.147589 -0.023958 2.399087 -40.221731 0.034950 0.090968 75.596846 -3.799789 -2.982780 40.411402 12.494834 4.603026 -5.397810 0.198775 4.237286 -23.356871 -1.431153 -6.917943 24.885696 -3.731406 -0.822193 12.387589 -3.037072 -0.325987
2.860449 0.168339 23.899880 74.591153 25.121138 -32.729614 -46.039813 -29.255768 -63.124411 -46.039813 -29.255768 -63.124411 -64.668436 -11.891834 -18.686952 5.117904 -3.897075 74.562384 -0.864801 1.359356 -64.632625 -17.268013 12.458855 -108.507281 -93.487775 23.451753 -157.868101 -93.487775 23.451753 -157.868101 0.358638 0.419773 81.024020 -15.479348 -19.678406 76.172586 -125.049331 -52.210130 151.409923 -125.049331 -52.210130 151.409923 1.375673 -0.029573 2.445705 -39.257257 0.099258 0.282668 74.234319 -3.821554 -2.901296 39.359564 12.498453 4.479427 -5.065056 0.217410 4.944417 -23.228969 -1.473419 -7.156455 25.059710 -2.341203 -0.508707 12.413077 -1.030333 -0.093757
2.821303 0.172191 23.718350 71.948429 26.555854 -36.045449 -45.895915 -29.230994 -63.257978 -45.895915 -29.230994 -63.257978 -64.801750 -11.966798 -18.755666 4.888674 -3.724404 74.582870 0.158744 -0.261453 -64.236894 -13.140478 9.682853 -106.974766 -82.931039 22.290736 -154.678040 -82.931039 22.290736 -154.678040 0.389815 0.456686 80.967045 -15.020329 -18.942428 76.647567 -124.468018 -51.668182 151.401520 -124.468018 -51.668182 151.401520 1.606830 -0.036551 2.591996 -38.266851 0.267763 0.780011 72.715922 -3.880962 -2.867729 37.851701 12.271923 4.222231 -4.544976 0.218620 5.525727 -23.198664 -1.476403 -7.175259 25.974338 -0.770823 -0.172278 13.418962 1.147054 0.141272
2.731828 0.177273 23.006876 71.265522 26.851169 -36.860726 -45.612939 -29.181950 -63.520497 -45.612939 -29.181950 -63.520497 -64.615317 -12.037501 -18.932204 4.626476 -3.504490 74.264039 1.365609 -2.178065 -64.105231 -7.840568 5.971785 -103.991286 -69.601554 21.062232 -149.537614 -69.601554 21.062232 -149.537614 0.366257 0.429858 80.850443 -14.743851 -18.403585 77.229454 -123.949153 -51.178852 151.400079 -123.949153 -51.178852 151.400079 1.800478 -0.045062 2.849439 -36.993096 0.388537 1.164598 70.117138 -3.174454 -2.232342 35.699303 12.598098 4.076572 -3.577326 0.184909 6.028149 -22.999017 -1.388469 -6.811607 26.502110 1.219230 0.290531 13.938401 3.588916 0.441466
2.768174 0.180506 23.236434 73.020535 25.943077 -34.685060 -45.615856 -29.182312 -63.517728 -45.615856 -29.182312 -63.517728 -64.195948 -12.081558 -19.154055 4.495945 -3.377976 73.823289 2.447430 -3.877274 -64.401379 -1.969829 1.425776 -99.806243 -56.124626 19.721895 -143.305197 -56.124626 19.721895 -143.305197 0.144206 0.169361 80.779620 -14.726419 -18.290070 77.510417 -123.379817 -50.859591 151.268643 -123.379817 -50.859591 151.268643 2.267125 -0.085865 3.954305 -37.259622 0.347961 1.051364 75.595534 -0.097734 0.669993 38.503267 16.480265 6.221046 -2.046053 0.112877 6.891599 -22.601447 -1.154267 -5.745685 26.767118 4.439759 1.062693 14.409887 7.208807 0.925240
3.058399 0.180610 25.664881 79.364994 18.230003 -23.347577 -45.425779 -29.145525 -63.692381 -45.425779 -29.145525 -63.692381 -63.639884 -12.290142 -19.691262 4.351678 -3.252901 73.539353 3.367041 -5.252917 -65.173459 2.654378 -2.552096 -95.168121 -45.369911 18.483449 -136.969832 -45.369911 18.483449 -136.969832 -0.568089 -0.660373 80.960770 -15.004607 -18.562878 77.719877 -122.646170 -50.760455 150.905987 -122.646170 -50.760455 150.905987 2.027821 -0.097867 5.692910 -40.463499 0.281435 0.782588 83.517825 5.083518 5.136748 48.006494 24.337517 11.801395 -0.941216 0.061963 8.059623 -22.417984 -0.835477 -4.187374 27.432223 7.214717 1.766623 15.564648 10.010682 1.375530
3.297369 0.179796 27.716284 85.437738 10.810469 -12.660551 -45.147396 -29.094104 -63.949250 -45.147396 -29.094104 -63.949250 -63.220300 -12.541176 -20.247270 4.223276 -3.148125 73.391016 4.542490 -6.877454 -66.554715 5.344028 -5.312960 -91.041872 -37.486971 17.473214 -130.766000 -37.486971 17.473214 -130.766000 -1.388031 -1.607743 81.420151 -15.598252 -19.133497 78.185040 -121.521546 -50.749853 150.259528 -121.521546 -50.749853 150.259528 1.463152 -0.086691 6.969404 -45.566178 0.206836 0.502290 80.866302 7.539513 6.598970 62.165701 29.129612 17.999351 -0.686133 0.053692 8.839068 -22.610935 -0.598410 -3.004865 29.401766 8.176749 2.154851 18.620278 10.755371 1.781990
3.237745 0.179065 27.259933 86.206817 11.936582 -13.105791 -45.128088 -29.092440 -63.967901 -45.128088 -29.092440 -63.967901 -63.201327 -12.625834 -20.388335 4.212079 -3.136398 73.333432 6.218512 -9.094090 -68.351347 6.990590 -7.250604 -88.194782 -31.704739 16.523419 -125.528468 -31.704739 16.523419 -125.528468 -1.762056 -2.033387 81.828172 -16.579414 -20.122423 78.764954 -120.562876 -50.353298 149.960839 -120.562876 -50.353298 149.960839 1.635332 -0.103796 7.231353 -51.460291 0.175564 0.376056 68.839610 5.637225 4.169872 75.601919 26.611089 20.487530 -0.683893 0.054591 9.189009 -23.683930 -0.541239 -2.587597 32.443970 8.745859 2.569852 23.446235 11.429990 2.423921
3.024920 0.177936 25.504763 80.931248 19.728920 -23.537514 -45.312172 -29.127674 -63.798583 -45.312172 -29.127674 -63.798583 -63.365611 -12.617595 -20.311069 4.199055 -3.132511 73.437170 7.923277 -11.231638 -70.161418 7.666748 -8.169776 -86.308862 -28.560197 16.018312 -122.088929 -28.560197 16.018312 -122.088929 -1.735195 -1.996578 81.986817 -17.542606 -21.133515 79.179463 -120.183809 -49.699670 150.165458 -120.183809 -49.699670 150.165458 2.820086 -0.172415 7.065545 -56.715122 0.158076 0.287785 60.257938 3.378946 2.022723 82.792272 22.613083 19.897628 -0.624685 0.051072 9.386798 -24.909435 -0.504875 -2.297764 35.606050 9.375117 3.020813 28.190176 12.164935 3.070111
2.892389 0.176790 24.469323 75.907818 24.088130 -30.882639 -45.151602 -29.097525 -63.946531 -45.151602 -29.097525 -63.946531 -63.339060 -12.700266 -20.453297 4.082559 -3.057271 73.650817 9.037931 -12.501772 -71.573392 7.288418 -7.966098 -84.877028 -27.430791 16.049137 -119.955632 -27.430791 16.049137 -119.955632 -1.713470 -1.970372 82.021201 -18.010806 -21.547089 79.581914 -120.440874 -49.513065 150.435813 -120.440874 -49.513065 150.435813 3.580212 -0.211935 6.793027 -58.620203 -0.020111 -0.050283 59.175551 1.870972 0.999471 83.058437 21.145865 18.766085 -0.762783 0.062999 9.458004 -26.606308 -0.482530 -2.042619 38.616415 9.468006 3.323191 31.575750 12.186985 3.457299
2.642597 0.175559 22.441307 73.283548 25.961205 -34.442540 -44.971691 -29.063754 -64.112303 -44.971691 -29.063754 -64.112303 -63.073129 -12.875450 -20.838276 3.695506 -2.777904 73.871322 9.711982 -13.202450 -72.548510 6.907747 -7.688885 -83.831340 -26.816120 16.162249 -118.435357 -26.816120 16.162249 -118.435357 -1.823015 -2.095205 82.046278 -17.947994 -21.295783 80.061190 -120.887258 -49.784644 150.515977 -120.887258 -49.784644 150.515977 3.895449 -0.224998 6.608099 -56.925028 -0.317864 -0.607481 63.075851 -0.858267 -0.661417 82.384650 19.374704 16.976340 -0.910575 0.073856 9.271366 -28.259414 -0.469245 -1.865440 40.659841 9.101444 3.379379 33.130317 11.799171 3.524622
2.252901 0.174304 19.164233 72.687017 26.243422 -35.167194 -44.853028 -29.041129 -64.221485 -44.853028 -29.041129 -64.221485 -62.720200 -13.140435 -21.405818 2.827718 -2.130601 74.010601 10.058871 -13.523113 -73.164852 6.567711 -7.396469 -83.173762 -26.343900 16.215817 -117.340938 -26.343900 16.215817 -117.340938 -2.065006 -2.380649 81.884675 -18.063071 -21.209230 80.654688 -122.389335 -50.094451 151.175891 -122.389335 -50.094451 151.175891 3.790843 -0.208986 6.298155 -51.641793 -0.602826 -1.325368 73.491498 -2.575586 -1.718962 74.693101 18.371173 13.909746 -1.256658 0.098030 8.987632 -30.202672 -0.407032 -1.528058 42.319638 7.832781 3.012562 34.596315 10.105373 3.118324
1.901081 0.173400 16.084582 70.375806 27.101689 -37.857339 -44.706798 -29.012540 -64.355721 -44.706798 -29.012540 -64.355721 -62.490953 -13.453208 -22.002918 1.858091 -1.402821 74.119800 10.065580 -13.437116 -73.564923 6.320507 -7.155774 -82.890485 -26.082319 16.214606 -116.813121 -26.082319 16.214606 -116.813121 -2.243052 -2.603499 81.498242 -18.454657 -21.411713 81.334882 -124.768642 -50.315589 152.386791 -124.768642 -50.315589 152.386791 3.811186 -0.195386 5.871172 -43.564310 -0.787634 -2.105228 81.507167 -1.733579 -1.209445 58.629937 19.820789 10.921879 -1.986020 0.151448 8.754157 -31.775536 -0.302055 -1.074673 43.317049 5.595888 2.210096 35.783164 6.950101 2.219049
1.682724 0.173119 14.081086 64.425004 28.478468 -44.401877 -44.260638 -28.921338 -64.763513 -44.260638 -28.921338 -64.763513 -62.390753 -13.811910 -22.622974 1.084340 -0.819896 74.219190 9.828806 -13.038742 -73.924192 6.329327 -7.178880 -82.790453 -25.559479 15.974344 -116.510694 -25.559479 15.974344 -116.510694 -2.432054 -2.853105 80.930604 -18.752875 -21.441068 82.192602 -126.739362 -49.766568 153.804839 -126.739362 -49.766568 153.804839 4.119090 -0.190866 5.343872 -34.615590 -0.824898 -2.646609 79.326749 0.310305 0.148605 43.880127 21.613672 8.840465 -3.189765 0.237346 8.569402 -32.069834 -0.230947 -0.800912 42.747375 1.422498 0.626309 35.118903 0.773548 0.372671
1.558089 0.173841 13.054013 51.418931 28.202569 -57.270547 -43.571085 -28.774518 -65.391140 -43.571085 -28.774518 -65.391140 -62.227762 -14.174644 -23.281302 0.291353 -0.220597 74.283427 9.559634 -12.559210 -74.472114 6.468401 -7.381264 -82.450213 -25.296684 15.984057 -115.934249 -25.296684 15.984057 -115.934249 -2.741950 -3.266935 80.085609 -19.145976 -21.369566 83.564254 -128.862034 -48.555507 155.611783 -128.862034 -48.555507 155.611783 4.914241 -0.188461 4.517709 -26.993560 -0.600280 -2.415928 67.637530 1.749341 1.043291 34.519219 21.588724 6.794015 -3.943915 0.279863 8.115667 -31.397087 -0.253849 -0.901998 40.189523 -4.140215 -1.430308 31.687982 -7.068683 -1.851421
1.541562 0.175770 13.155567 34.730719 24.275993 -72.069034 -43.121297 -28.677595 -65.800017 -43.121297 -28.677595 -65.800017 -61.765037 -14.458531 -23.952606 -0.664061 0.501734 74.231200 9.278862 -12.110263 -74.836025 6.534009 -7.510338 -82.025441 -25.586084 16.372866 -115.296076 -25.586084 16.372866 -115.296076 -2.991265 -3.629095 79.021208 -19.994136 -21.673488 85.241345 -132.799302 -47.390328 158.243214 -132.799302 -47.390328 158.243214 6.008646 -0.173957 3.442768 -21.883349 -0.348392 -1.734294 59.812674 2.730186 1.557506 27.008117 21.547518 5.254798 -3.632091 0.238319 7.335065 -30.527875 -0.402544 -1.496089 36.779469 -9.514914 -3.080323 26.710242 -14.052275 -3.205369
1.553511 0.178688 13.449311 23.376316 19.932003 -81.286685 -43.104569 -28.674266 -65.815350 -43.104569 -28.674266 -65.815350 -61.367391 -14.613726 -24.388964 -1.011781 0.764333 74.176947 9.000511 -11.749136 -74.824620 6.331393 -7.295408 -81.891192 -26.641611 17.127124 -115.089408 -26.641611 17.127124 -115.089408 -3.309702 -4.079788 78.140741 -21.693363 -23.031027 86.457034 -138.538099 -46.698447 161.392459 -138.538099 -46.698447 161.392459 6.813353 -0.158983 2.693740 -20.883046 -0.142124 -0.807262 57.266568 1.822015 0.981665 23.612108 20.257761 4.278550 -2.746660 0.159520 6.561325 -29.567680 -0.637167 -2.438105 33.686704 -11.961267 -3.599446 21.839688 -16.640447 -3.179944
1.529936 0.180737 13.229438 19.419227 17.460341 -83.907107 -43.123165 -28.678685 -65.798632 -43.123165 -28.678685 -65.798632 -61.335405 -14.721064 -24.578287 -0.643669 0.486186 74.168104 8.895316 -11.592929 -74.918924 6.048698 -6.948164 -82.072243 -27.554935 17.727398 -115.088478 -27.554935 17.727398 -115.088478 -3.706522 -4.619345 77.511482 -24.283782 -25.365553 87.357507 -146.288778 -45.865387 165.291163 -146.288778 -45.865387 165.291163 7.268394 -0.152699 2.410122 -21.615226 0.002685 -0.001397 57.582587 -0.759423 -0.413510 23.909343 17.092501 3.631903 -2.348190 0.121994 5.924095 -30.661343 -0.831824 -3.034684 34.757853 -11.891833 -3.711203 22.615431 -16.199431 -3.229340
1.485720 0.181744 12.674517 17.573845 16.068562 -84.925035 -43.024716 -28.656374 -65.887631 -43.024716 -28.656374 -65.887631 -61.209667 -14.833769 -24.825376 -0.487464 0.368560 74.175404 8.826366 -11.438808 -75.233148 5.580451 -6.387799 -82.275684 -28.211127 18.144138 -115.133328 -28.211127 18.144138 -115.133328 -4.353331 -5.466933 77.058250 -28.958997 -29.538918 88.660264 -155.506876 -45.127970 169.613751 -155.506876 -45.127970 169.613751 7.705105 -0.155207 2.311471 -21.608799 0.096998 0.513491 57.285879 -2.066357 -1.118626 23.991697 15.173811 3.225838 -2.212164 0.105257 5.432919 -33.404491 -0.894000 -2.999099 38.024682 -10.523961 -3.628135 26.860148 -14.229740 -3.406358
1.413909 0.183405 11.718328 15.612555 14.555653 -85.967597 -43.112809 -28.676070 -65.807872 -43.112809 -28.676070 -65.807872 -60.638578 -14.896128 -25.204902 -0.541477 0.409226 74.237920 8.625381 -11.136390 -75.446801 4.997283 -5.709748 -82.378190 -28.840269 18.514730 -115.257207 -28.840269 18.514730 -115.257207 -5.420181 -6.819050 76.919879 -34.539627 -34.384614 90.165569 -163.213745 -44.609532 173.059045 -163.213745 -44.609532 173.059045 8.036319 -0.151835 2.161275 -21.706347 0.159008 0.822917 58.211169 -2.688182 -1.540215 24.303048 14.559353 3.124563 -2.305735 0.103637 5.151713 -34.844724 -0.855230 -2.724141 39.760376 -9.468941 -3.434205 29.298068 -12.941617 -3.404021
1.338683 0.186436 10.756077 15.164397 14.188819 -86.182216 -43.368006 -28.733081 -65.576796 -43.368006 -28.733081 -65.576796 -60.182303 -14.861278 -25.368204 -0.186325 0.140570 74.326594 8.382845 -10.824993 -75.442354 4.650758 -5.314559 -82.369042 -29.404497 18.749028 -115.643377 -29.404497 18.749028 -115.643377 -6.546326 -8.252740 76.819945 -38.263816 -37.430199 91.342029 -166.620466 -44.110122 174.554335 -166.620466 -44.110122 174.554335 7.834356 -0.140100 2.044453 -22.756500 0.262865 1.287941 61.117376 -3.891608 -2.367499 26.014650 13.475881 3.086830 -2.709485 0.120801 5.106387 -34.289295 -0.807607 -2.616859 39.037868 -8.385366 -2.980581 28.746826 -11.606309 -2.986419
1.336080 0.189386 10.685412 15.411942 14.394581 -86.067574 -43.609566 -28.786439 -65.357793 -43.609566 -28.786439 -65.357793 -60.157321 -14.786166 -25.255222 0.295339 -0.223674 74.314735 8.298819 -10.726257 -75.392267 4.688999 -5.360005 -82.350042 -29.511487 18.636646 -116.157865 -29.511487 18.636646 -116.157865 -7.040815 -8.920306 76.532271 -38.816723 -37.545896 92.058526 -167.073561 -43.526508 174.823916 -167.073561 -43.526508 174.823916 7.414626 -0.127281 1.964438 -23.872505 0.383864 1.804118 63.512058 -6.219482 -3.855184 27.455558 10.910440 2.685716 -3.179723 0.142300 5.120212 -33.441209 -0.761035 -2.531241 37.968494 -7.352476 -2.542994 27.912878 -10.287251 -2.577263
1.488472 0.192431 12.276583 12.280055 11.487160 -86.963427 -43.810040 -28.829380 -65.175434 -43.810040 -28.829380 -65.175434 -60.324887 -14.686607 -25.007439 0.531561 -0.400523 74.102412 8.139150 -10.528054 -75.353390 4.835036 -5.523579 -82.382714 -29.033868 18.261991 -116.337684 -29.033868 18.261991 -116.337684 -7.226674 -9.165412 76.458440 -37.685806 -36.614309 91.753854 -165.565574 -43.307458 174.242442 -165.565574 -43.307458 174.242442 7.420136 -0.096218 1.525948 -22.955577 0.388845 1.875160 62.219749 -9.047277 -5.374325 26.205307 7.700620 1.863920 -2.729424 0.122715 5.140035 -33.676599 -0.728757 -2.409950 38.371732 -6.250563 -2.163085 29.387629 -8.845737 -2.299188
1.663733 0.193571 14.268005 3.560053 3.300183 -88.567478 -44.028696 -28.875481 -64.976207 -44.028696 -28.875481 -64.976207 -60.519155 -14.513901 -24.626485 1.154589 -0.862765 73.739441 7.934080 -10.248035 -75.437214 5.064641 -5.781508 -82.425965 -27.713210 17.540482 -115.934828 -27.713210 17.540482 -115.934828 -6.768322 -8.559914 76.618314 -35.518509 -35.086112 90.710690 -162.869712 -42.813574 173.254884 -162.869712 -42.813574 173.254884 7.935568 -0.023755 0.411730 -19.938832 0.243912 1.289625 60.157070 -14.398321 -8.358287 25.496300 1.286920 0.219936 -1.246849 0.057719 4.755603 -40.795423 -0.549338 -1.729448 52.753718 -3.185456 -0.682335 42.511505 -5.542764 -1.499067
1.728141 0.192710 15.260918 -5.030868 -4.919285 -89.153040 -44.413528 -28.953038 -64.623974 -44.413528 -28.953038 -64.623974 -60.693794 -14.333408 -24.243173 1.930112 -1.438755 73.450849 7.714112 -9.937504 -75.588567 5.593541 -6.390394 -82.384373 -26.046762 16.635558 -115.395346 -26.046762 16.635558 -115.395346 -5.919182 -7.471270 76.730924 -32.758167 -32.960499 89.594671 -156.628210 -42.313725 170.805888 -156.628210 -42.313725 170.805888 8.269207 0.052716 -0.724997 -17.965866 0.104762 0.649539 60.653224 -18.476385 -10.949325 27.212925 -3.833492 -1.013450 0.128571 0.000147 3.877492 -47.704379 -0.410170 -1.113801 67.312429 -3.926866 -1.575973 59.804134 -9.445700 -5.712647
1.676155 0.192072 15.039565 -8.547712 -8.360160 -88.739814 -44.848181 -29.038866 -64.225353 -44.848181 -29.038866 -64.225353 -60.773457 -14.221178 -24.019548 2.297546 -1.712985 73.411415 7.547918 -9.704753 -75.697972 6.468806 -7.395024 -82.338347 -24.891778 15.952581 -115.179759 -24.891778 15.952581 -115.179759 -5.329377 -6.713501 76.865260 -29.415643 -30.080826 88.585982 -146.107356 -42.600000 166.275556 -146.107356 -42.600000 166.275556 8.202787 0.086949 -1.213812 -18.775826 0.071742 0.431968 62.726731 -20.001701 -12.263700 28.734423 -5.548347 -1.416758 0.403294 -0.011101 2.734224 -46.229907 -0.664226 -1.757175 67.549869 -10.747273 -5.989664 65.555536 -21.838765 -13.809720
1.604382 0.191651 14.468237 -8.851771 -8.647495 -88.658144 -44.910282 -29.051391 -64.168517 -44.910282 -29.051391 -64.168517 -60.775025 -14.207650 -23.996405 2.031918 -1.516815 73.488554 7.716923 -9.908993 -75.763542 7.126515 -8.136327 -82.404247 -24.217243 15.465421 -115.344853 -24.217243 15.465421 -115.344853 -4.574202 -5.731867 77.248868 -24.963126 -26.044200 87.359793 -134.929878 -43.586325 161.047114 -134.929878 -43.586325 161.047114 7.983109 0.085624 -1.225511 -23.362055 0.139683 0.615660 72.272107 -20.501849 -15.630227 33.229766 -5.946605 -1.855091 0.083743 -0.003033 1.883514 -41.056683 -1.194793 -3.237903 60.235510 -16.155239 -9.390715 60.052509 -28.548321 -16.846596
1.577267 0.189795 14.275876 -8.648406 -8.457592 -88.717995 -44.670585 -29.004991 -64.388756 -44.670585 -29.004991 -64.388756 -60.561709 -14.246797 -24.161912 1.583008 -1.183107 73.560575 8.156883 -10.465603 -75.801471 7.152102 -8.148772 -82.526971 -23.518728 14.940434 -115.592182 -23.518728 14.940434 -115.592182 -3.279036 -4.065832 77.939081 -20.538613 -21.905642 86.104758 -125.666305 -44.142940 156.401542 -125.666305 -44.142940 156.401542 7.767254 0.079211 -1.165340 -29.188781 0.232951 0.857006 83.140495 -21.803792 -19.867192 40.884738 -7.881755 -3.025887 0.090377 -0.001101 1.498096 -41.060593 -1.456373 -3.885697 61.241213 -14.426621 -8.519696 58.097883 -22.663036 -12.675354
1.654846 0.188126 15.115392 -8.307315 -8.137093 -88.813879 -44.594359 -28.990635 -64.458971 -44.594359 -28.990635 -64.458971 -60.176345 -14.238271 -24.329239 1.436322 -1.076773 73.694837 8.563012 -10.988871 -75.789469 7.086565 -8.067006 -82.574838 -22.327530 14.169687 -115.589307 -22.327530 14.169687 -115.589307 -2.258325 -2.751554 78.883774 -17.266326 -18.859490 84.767595 -116.657425 -44.055098 151.883815 -116.657425 -44.055098 151.883815 7.632629 0.073383 -1.099933 -32.726707 0.282867 0.963375 89.408489 -22.229220 -22.102706 46.971964 -9.013852 -3.929897 0.646593 -0.008334 1.481717 -43.294005 -1.372308 -3.484789 67.845705 -11.278900 -7.490044 69.003017 -16.062993 -10.883702
1.807174 0.186747 16.730042 -7.876496 -7.730689 -88.931300 -44.678006 -29.007215 -64.382286 -44.678006 -29.007215 -64.382286 -59.959522 -14.130783 -24.251604 1.933870 -1.455760 73.889078 9.021378 -11.626738 -75.556559 7.423667 -8.432767 -82.686656 -21.142200 13.451819 -115.415641 -21.142200 13.451819 -115.415641 -1.680116 -2.013797 79.885089 -15.460500 -17.321461 83.353383 -108.911147 -43.705545 147.984692 -108.911147 -43.705545 147.984692 7.537237 0.067964 -1.030779 -33.337088 0.264680 0.885970 91.484960 -22.926324 -23.626966 49.396429 -10.574460 -4.899685 0.555377 -0.008347 1.349330 -46.301304 -1.162567 -2.754744 77.189098 -9.471808 -7.503286 84.193135 -13.116010 -11.807737
1.793698 0.184876 16.585010 -6.221974 -6.126309 -89.248407 -44.864330 -29.042696 -64.210827 -44.864330 -29.042696 -64.210827 -60.094958 -13.988782 -23.949915 2.722170 -2.065110 74.283481 9.438399 -12.220364 -75.283985 7.922545 -8.938995 -83.061841 -20.678250 13.106465 -115.602545 -20.678250 13.106465 -115.602545 -1.004951 -1.186805 80.910313 -14.618750 -16.815977 81.905994 -105.888263 -44.091982 145.990920 -105.888263 -44.091982 145.990920 6.932569 0.049539 -0.780023 -35.250790 0.217788 0.697401 92.373103 -23.832920 -24.850421 53.815513 -12.573692 -6.476775 -1.328178 0.023422 1.467466 -49.249779 -0.727039 -1.617950 82.713718 -6.867607 -6.050751 92.105660 -9.862080 -10.217048
1.562013 0.183358 14.157347 -3.218421 -3.181622 -89.681076 -45.287744 -29.121515 -63.820401 -45.287744 -29.121515 -63.820401 -60.315022 -13.928622 -23.745803 3.203902 -2.444214 74.644455 9.522012 -12.360846 -75.129808 8.183919 -9.144802 -83.623941 -21.253843 13.249732 -116.462510 -21.253843 13.249732 -116.462510 -0.407364 -0.475579 81.826916 -14.506205 -17.015588 80.780946 -107.055151 -45.377605 145.669538 -107.055151 -45.377605 145.669538 5.863350 0.022334 -0.375444 -38.011210 0.230387 0.665747 88.124715 -23.158049 -22.546052 58.493550 -12.457640 -6.977457 -4.171905 0.093019 2.138059 -49.928118 -0.061837 -0.121358 79.819609 -2.914655 -2.651067 87.074490 -5.621478 -5.668317
1.357109 0.182524 12.001696 0.085209 0.084802 -89.929421 -45.808504 -29.215406 -63.338878 -45.808504 -29.215406 -63.338878 -60.375348 -13.948735 -23.751226 3.245183 -2.477160 74.698973 9.252465 -12.041651 -74.984637 7.874589 -8.724922 -84.135418 -22.884188 13.944833 -117.662084 -22.884188 13.944833 -117.662084 0.081179 0.091817 82.352012 -14.314150 -16.961076 80.203438 -109.587023 -46.699625 146.125960 -109.587023 -46.699625 146.125960 4.940185 0.000976 -0.007292 -39.978863 0.293493 0.802851 86.218277 -20.388962 -19.089324 60.187149 -8.830713 -5.178527 -6.611271 0.191144 3.155840 -48.697647 0.467005 1.048330 73.191544 -0.225376 -0.234029 77.242988 -3.127298 -2.613423
1.307722 0.180096 11.490522 2.894981 2.875440 -89.774892 -46.055653 -29.258735 -63.109812 -46.055653 -29.258735 -63.109812 -60.463673 -13.947811 -23.709343 2.999565 -2.282376 74.525082 8.984940 -11.798918 -74.494067 7.329564 -8.059012 -84.569189 -24.939531 14.907076 -118.751774 -24.939531 14.907076 -118.751774 0.445402 0.507829 82.487976 -13.992463 -16.615882 80.085290 -110.671808 -47.231317 146.356195 -110.671808 -47.231317 146.356195 4.441141 -0.007879 0.212961 -42.903783 0.286067 0.751453 83.823112 -17.305630 -15.722908 62.432000 -4.460135 -2.593121 -7.838880 0.262560 3.792725 -47.366683 0.584886 1.332992 65.042692 -0.432006 -0.214511 65.088851 -3.430903 -2.143225
1.389602 0.176211 12.209068 9.285123 8.571106 -87.709606 -46.090929 -29.264858 -63.077090 -46.090929 -29.264858 -63.077090 -60.623113 -13.871298 -23.508567 2.771931 -2.105507 74.432625 8.652709 -11.522138 -73.720147 7.177318 -7.842616 -84.907040 -27.005628 15.764902 -120.013432 -27.005628 15.764902 -120.013432 0.451055 0.514336 82.493776 -13.398419 -15.943667 79.971466 -110.987507 -47.581712 146.282729 -110.987507 -47.581712 146.282729 3.717819 -0.014196 0.494133 -45.859643 0.261041 0.634356 81.521622 -13.376974 -11.567130 64.907677 1.049050 0.610808 -8.682088 0.302036 3.977530 -45.088709 0.506616 1.210299 56.040009 -1.417950 -0.719999 53.281562 -4.164266 -2.103770
1.620515 0.174328 14.236800 20.034917 16.956890 -82.531762 -46.038983 -29.256116 -63.125395 -46.038983 -29.256116 -63.125395 -60.545026 -13.754495 -23.348716 2.514746 -1.906292 74.311718 8.292643 -11.217420 -72.844199 7.243965 -7.872906 -85.226913 -29.703722 16.651086 -122.077941 -29.703722 16.651086 -122.077941 0.082617 0.094002 82.437661 -12.726314 -15.213795 79.712774 -112.483401 -48.537283 146.471835 -112.483401 -48.537283 146.471835 2.900336 -0.020973 0.898012 -45.701431 0.464473 1.144666 83.279631 -10.055758 -8.805829 62.676576 5.917712 3.371686 -9.358583 0.321258 3.922883 -39.951366 0.387903 1.049658 46.602530 -2.795018 -1.118768 41.023423 -5.821558 -2.017387
2.023673 0.176628 17.718808 31.850082 24.231129 -74.979879 -45.952356 -29.241268 -63.205831 -45.952356 -29.241268 -63.205831 -60.261090 -13.536988 -23.113538 2.358585 -1.782080 74.132753 7.996997 -11.082276 -71.566523 6.773241 -7.269855 -86.042036 -35.787572 18.095785 -126.782849 -35.787572 18.095785 -126.782849 -0.262377 -0.300194 82.339286 -12.377623 -14.935041 79.204501 -114.746116 -49.722908 146.961744 -114.746116 -49.722908 146.961744 2.559211 -0.031997 1.415984 -42.689262 0.926717 2.427768 87.718541 -9.626737 -9.302478 56.982605 6.665835 3.695092 -7.326235 0.250602 3.890386 -30.950059 0.256166 0.884644 39.498918 -5.628040 -1.912067 31.383978 -10.256351 -2.646431
2.357249 0.180325 20.537924 36.868642 26.644445 -71.150228 -46.059138 -29.258380 -63.106164 -46.059138 -29.258380 -63.106164 -60.411879 -13.218421 -22.517648 2.702687 -2.024184 73.761518 7.617915 -10.914518 -69.678513 5.613518 -5.860997 -87.930050 -45.057164 19.547274 -134.012604 -45.057164 19.547274 -134.012604 -0.242223 -0.277435 82.194286 -12.669688 -15.471229 78.538951 -116.326074 -50.552747 147.320464 -116.326074 -50.552747 147.320464 2.855851 -0.045507 1.807690 -40.590720 1.311495 3.568787 89.981122 -11.687194 -11.725391 53.927666 3.480335 1.817856 -3.029967 0.102991 3.802175 -22.157616 0.134556 0.619467 35.329271 -9.159914 -2.871714 25.042341 -15.921084 -3.432904
2.527188 0.182978 21.903491 36.418042 26.576941 -71.577663 -46.157027 -29.274236 -63.014870 -46.157027 -29.274236 -63.014870 -61.011350 -12.934134 -21.785135 3.139217 -2.333963 73.305819 6.472814 -9.589770 -67.750660 2.508214 -2.594807 -90.439843 -57.808491 21.262502 -141.806345 -57.808491 21.262502 -141.806345 0.065426 0.076638 81.987564 -13.278674 -16.471274 77.643415 -117.212196 -50.912756 147.601703 -117.212196 -50.912756 147.601703 3.139760 -0.053343 1.948606 -40.043921 1.425299 3.911267 89.444915 -12.553925 -12.499272 54.592144 1.807005 0.971789 0.420229 -0.013308 3.717133 -17.454424 0.052279 0.329871 33.925448 -11.587839 -3.543572 22.734552 -19.738994 -3.995682
2.663895 0.184237 22.871649 35.556943 26.375403 -72.355406 -45.787437 -29.209472 -63.357429 -45.787437 -29.209472 -63.357429 -61.613762 -12.760796 -21.244245 3.083336 -2.284596 73.063167 4.280563 -6.501957 -66.184990 -1.649977 1.480231 -92.896078 -70.873051 22.885878 -147.882269 -70.873051 22.885878 -147.882269 0.378301 0.438173 81.714493 -13.901653 -17.497451 76.792485 -117.503998 -50.755824 147.885264 -117.503998 -50.755824 147.885264 3.203984 -0.054585 1.951811 -40.491099 1.405062 3.809857 87.489483 -12.709064 -12.237076 56.867458 1.060361 0.622324 1.935768 -0.066274 3.832052 -17.170819 0.020176 0.136370 34.330841 -12.532445 -3.886538 23.246759 -21.125859 -4.395673
2.920927 0.185813 24.757716 39.329979 27.495133 -69.074792 -45.136743 -29.093760 -63.959793 -45.136743 -29.093760 -63.959793 -61.871256 -12.682310 -21.009521 2.622621 -1.946428 73.177054 2.004908 -3.106261 -65.029173 -5.528154 5.042475 -94.831718 -81.747685 24.164284 -152.118016 -81.747685 24.164284 -152.118016 0.279433 0.323608 81.452526 -14.370659 -18.269062 76.201756 -117.837050 -50.377285 148.341732 -117.837050 -50.377285 148.341732 3.032517 -0.054055 2.048154 -40.846376 1.424165 3.823815 86.715152 -12.324790 -11.658423 56.878933 1.374900 0.742205 2.771542 -0.101893 4.199533 -17.409458 -0.007230 -0.047049 33.896942 -11.562773 -3.563737 22.999161 -19.518565 -4.061514
3.241861 0.188879 27.302718 48.847042 28.545140 -60.012094 -44.678517 -29.006495 -64.381453 -44.678517 -29.006495 -64.381453 -61.909671 -12.654312 -20.947771 2.140442 -1.594885 73.427476 -0.029690 0.055004 -64.387065 -9.791818 8.695081 -96.410666 -89.125063 25.400080 -154.229549 -89.125063 25.400080 -154.229549 -0.200308 -0.234606 81.251374 -14.468183 -18.567994 75.655203 -118.498029 -50.403538 148.716024 -118.498029 -50.403538 148.716024 2.577451 -0.048522 2.170850 -40.906675 1.448372 3.882020 87.149167 -11.718779 -11.158386 53.992210 3.136486 1.538389 2.094205 -0.082167 4.574572 -17.782697 -0.097147 -0.603338 32.754134 -9.796667 -2.912680 21.555107 -16.490320 -3.213808
3.483639 0.192012 29.430196 54.910055 29.160220 -54.213992 -44.622235 -28.994962 -64.432884 -44.622235 -28.994962 -64.432884 -61.992216 -12.653226 -20.912744 1.884191 -1.420917 73.975432 -1.428583 2.277714 -64.244164 -13.612409 11.881614 -97.676226 -94.464506 26.721197 -155.234078 -94.464506 26.721197 -155.234078 -0.629383 -0.735395 81.141510 -14.315971 -18.584977 75.011564 -120.553036 -50.817649 149.647573 -120.553036 -50.817649 149.647573 2.274311 -0.044455 2.238815 -40.374829 1.366037 3.703412 89.119761 -11.936491 -11.887955 49.936725 4.253717 2.040115 0.827832 -0.033757 4.772772 -18.604118 -0.252242 -1.493161 31.352282 -8.170018 -2.309467 18.905950 -13.500783 -2.302969
3.482497 0.193554 29.597078 51.673718 29.237978 -57.482832 -45.156685 -29.094420 -63.940064 -45.156685 -29.094420 -63.940064 -62.330683 -12.624313 -20.730311 2.082572 -1.598134 74.878779 -2.235023 3.571455 -64.095500 -15.626626 13.372169 -98.943980 -95.305899 27.458524 -154.864055 -95.305899 27.458524 -154.864055 -0.892560 -1.042671 81.124298 -14.463130 -18.926046 74.565725 -123.681692 -51.123652 151.264435 -123.681692 -51.123652 151.264435 2.475586 -0.048815 2.256429 -39.202004 1.079449 3.011926 92.181574 -12.596575 -13.194984 46.681096 4.473889 2.000020 -1.051919 0.044325 4.830363 -19.894191 -0.431885 -2.436820 30.235847 -7.002288 -1.909832 16.272271 -11.371026 -1.680105
3.316758 0.194491 28.465654 46.507932 29.331469 -62.687783 -45.965480 -29.240799 -63.192462 -45.965480 -29.240799 -63.192462 -62.658832 -12.588294 -20.541357 2.454723 -1.910694 75.752543 -2.525437 4.064235 -63.752225 -16.148224 13.549221 -100.077143 -92.547204 27.516607 -153.599966 -92.547204 27.516607 -153.599966 -1.159418 -1.355516 81.097619 -14.854150 -19.492009 74.395469 -127.169905 -51.113180 153.265391 -127.169905 -51.113180 153.265391 2.814736 -0.056479 2.297688 -38.093499 0.744190 2.150008 94.044689 -11.987706 -12.881353 45.997330 5.895578 2.543763 -3.451177 0.146907 4.861012 -20.629920 -0.588981 -3.226046 29.378372 -5.859812 -1.536911 14.657526 -9.315598 -1.198826
3.216720 0.196750 28.008842 47.527078 29.457032 -61.720514 -46.395604 -29.315208 -62.793376 -46.395604 -29.315208 -62.793376 -62.911881 -12.629866 -20.507502 2.641342 -2.068485 76.113776 -2.760003 4.473821 -63.331434 -15.423437 12.795798 -100.763512 -88.630275 27.020882 -152.357268 -88.630275 27.020882 -152.357268 -1.403046 -1.647467 80.857042 -15.065193 -19.730957 74.496485 -129.501132 -50.804760 154.743591 -129.501132 -50.804760 154.743591 2.912028 -0.062236 2.443303 -37.370050 0.592751 1.751886 94.534517 -10.666960 -11.536052 46.500112 7.688383 3.306267 -4.880692 0.210315 4.932760 -20.417429 -0.678984 -3.773684 28.814702 -3.475961 -0.921701 14.486908 -5.267397 -0.691841
3.263519 0.199679 28.772909 54.762844 29.020907 -54.296960 -46.326823 -29.303831 -62.857420 -46.326823 -29.303831 -62.857420 -63.102302 -12.730085 -20.592770 2.777208 -2.171369 76.038330 -2.583774 4.205056 -63.114379 -12.494288 10.355487 -100.723609 -85.054808 26.100173 -151.634157 -85.054808 26.100173 -151.634157 -1.386132 -1.634763 80.582028 -14.941348 -19.488532 74.732091 -130.766218 -50.442812 155.640961 -130.766218 -50.442812 155.640961 2.746977 -0.065498 2.767157 -36.480662 0.644515 1.961304 95.274786 -9.454113 -10.362435 46.204081 8.537756 3.647732 -5.667410 0.249936 5.038289 -19.916618 -0.698975 -3.979431 28.260718 0.489375 0.109044 14.426859 1.194270 0.155573
3.538908 0.201977 31.453641 64.813553 27.972333 -43.798554 -46.006796 -29.250126 -63.155076 -46.006796 -29.250126 -63.155076 -63.283798 -12.731570 -20.524496 2.987373 -2.326245 75.824266 -1.730915 2.822181 -62.816290 -6.486637 5.373911 -100.107918 -76.370075 24.187951 -149.395025 -76.370075 24.187951 -149.395025 -1.182349 -1.396638 80.512546 -14.512939 -18.876711 74.902164 -130.519788 -50.168188 155.655976 -130.519788 -50.168188 155.655976 2.394936 -0.064709 3.135476 -35.311111 0.723815 2.279836 91.122474 -8.293467 -8.512129 45.496719 9.166991 3.858904 -7.411808 0.327437 5.055874 -20.213316 -0.722243 -4.047129 28.809182 3.625369 0.942344 15.178575 6.258742 0.850835
4.027461 0.204153 36.019617 75.605826 21.419428 -29.173611 -45.646530 -29.187432 -63.489185 -45.646530 -29.187432 -63.489185 -63.425585 -12.637319 -20.319437 3.188971 -2.475326 75.633672 -0.193333 0.298971 -62.331705 1.517041 -1.416028 -98.830717 -62.689314 21.282712 -145.377770 -62.689314 21.282712 -145.377770 -1.102274 -1.298136 80.662179 -13.872397 -18.012850 75.020471 -129.458481 -49.952514 155.197432 -129.458481 -49.952514 155.197432 1.685935 -0.049507 3.469778 -33.754593 0.757613 2.499376 83.515949 -8.815288 -7.812172 44.041819 7.782756 3.185192 -9.197825 0.407803 5.068994 -21.005824 -0.772675 -4.163560 29.941796 4.953182 1.329198 16.175568 8.435116 1.206455
4.367259 0.207242 39.152258 82.565212 5.155644 -7.443265 -45.431244 -29.149177 -63.688498 -45.431244 -29.149177 -63.688498 -63.357757 -12.620003 -20.318734 3.013955 -2.332598 75.455847 1.723146 -2.870575 -61.982416 8.232671 -7.468957 -96.498850 -48.624634 18.239997 -140.439927 -48.624634 18.239997 -140.439927 -1.417044 -1.664280 80.803863 -13.494521 -17.381284 75.481957 -128.560481 -49.419805 155.004793 -128.560481 -49.419805 155.004793 0.276697 -0.000594 4.107511 -33.404456 0.728590 2.437531 82.299507 -9.161215 -7.902497 45.246670 7.157438 3.085811 -9.365007 0.424000 5.176939 -21.753426 -0.832445 -4.326384 31.370815 5.933693 1.674931 18.530827 9.883370 1.633650
4.307650 0.209336 38.454987 86.165346 -9.668572 10.782596 -45.380300 -29.140131 -63.735664 -45.380300 -29.140131 -63.735664 -62.928933 -12.675434 -20.575842 2.750384 -2.119630 75.231087 3.528067 -5.808681 -62.327306 11.308969 -10.722708 -93.422134 -39.528912 16.649707 -135.252529 -39.528912 16.649707 -135.252529 -1.897653 -2.221391 80.989701 -13.599226 -17.333467 76.062996 -128.381986 -48.877978 155.209482 -128.381986 -48.877978 155.209482 -1.069319 0.053420 5.137446 -35.101955 0.743756 2.354390 86.470803 -7.477365 -6.919402 50.353106 9.819284 4.842668 -9.295309 0.456587 5.596465 -23.781656 -0.840853 -4.054981 35.070365 7.517453 2.447765 24.267478 11.828491 2.653678
4.037740 0.208094 35.711464 86.731601 -12.529146 13.408145 -45.392950 -29.142491 -63.724002 -45.392950 -29.142491 -63.724002 -62.398191 -12.729531 -20.873546 2.606937 -1.998126 74.928106 5.480593 -8.809124 -63.409270 11.666993 -11.581012 -90.301763 -35.149676 16.710567 -130.197115 -35.149676 16.710567 -130.197115 -2.048818 -2.387581 81.286271 -13.927923 -17.585330 76.591899 -128.048276 -48.842803 155.047954 -128.048276 -48.842803 155.047954 -1.383425 0.073145 6.183998 -38.820240 0.834593 2.357485 82.779650 -5.525649 -4.987187 60.067806 13.334035 7.944213 -9.865915 0.551161 6.323715 -27.463078 -0.751094 -3.181776 40.527697 9.363599 3.541792 31.349546 13.894127 4.016148
3.807982 0.205303 33.334447 88.519757 -8.873842 9.123599 -45.448773 -29.152489 -63.672355 -45.448773 -29.152489 -63.672355 -62.014132 -12.790405 -21.127734 2.450712 -1.864277 74.485806 7.391490 -11.467895 -65.246120 10.394400 -10.807271 -87.596779 -33.845620 17.550925 -126.163040 -33.845620 17.550925 -126.163040 -1.678073 -1.942320 81.744969 -13.886476 -17.430340 76.930588 -127.023924 -49.472473 154.129466 -127.023924 -49.472473 154.129466 -1.065770 0.062930 6.790034 -42.166420 0.965697 2.504327 74.252611 -5.437791 -4.121525 68.467825 14.099539 9.702358 -11.127291 0.688625 7.026164 -31.449591 -0.551249 -2.025480 46.816823 10.376354 4.502555 39.321003 14.741505 5.265157
3.710917 0.204011 32.308220 89.268779 -5.007035 5.106495 -45.642430 -29.187045 -63.493130 -45.642430 -29.187045 -63.493130 -61.867316 -12.898660 -21.363738 2.204317 -1.657731 73.844743 8.622770 -12.941274 -67.175398 9.083152 -9.803760 -85.517231 -32.378225 17.728000 -123.452276 -32.378225 17.728000 -123.452276 -1.233781 -1.412679 82.380748 -13.383076 -16.723648 77.196046 -125.096488 -50.174928 152.646126 -125.096488 -50.174928 152.646126 -0.614104 0.037133 7.231445 -43.719783 1.034095 2.577755 71.704366 -7.942830 -5.816300 70.995830 10.340936 7.531242 -10.536416 0.698473 7.701663 -33.956091 -0.400275 -1.332731 52.604521 11.735761 5.886171 46.300634 16.605574 7.202130
3.789417 0.204525 33.071225 88.892571 2.446757 -2.637415 -45.871533 -29.227336 -63.280845 -45.871533 -29.227336 -63.280845 -61.862511 -12.996158 -21.524687 1.910863 -1.421193 73.229974 8.965375 -13.132054 -68.518252 8.036338 -8.874809 -84.248514 -31.114367 17.503681 -122.110576 -31.114367 17.503681 -122.110576 -0.960868 -1.085953 83.059857 -12.744179 -15.904438 77.282056 -122.778552 -50.570328 151.093196 -122.778552 -50.570328 151.093196 0.377468 -0.027146 7.594458 -44.505186 1.067899 2.610460 71.577061 -12.235661 -8.775590 70.542456 3.439318 2.359762 -7.338523 0.524110 8.487701 -34.431191 -0.407980 -1.323055 55.891110 13.809437 7.382893 49.151776 20.199718 9.297791
3.966433 0.205212 34.850503 83.510130 13.638097 -16.624592 -46.087587 -29.264221 -63.080165 -46.087587 -29.264221 -63.080165 -61.657438 -13.039512 -21.682085 1.464587 -1.082474 72.915021 8.991779 -12.983480 -69.294849 7.116630 -7.981680 -83.371492 -31.108880 17.543179 -121.994280 -31.108880 17.543179 -121.994280 -0.818794 -0.917204 83.542185 -12.491387 -15.585530 77.297571 -120.980928 -50.630242 150.022276 -120.980928 -50.630242 150.022276 2.147217 -0.141119 7.678204 -47.038657 1.017657 2.357986 66.841949 -18.066344 -11.727929 75.176622 -6.531483 -5.738659 -3.605211 0.282656 9.066060 -33.734010 -0.541057 -1.790916 55.001047 14.680175 7.689777 46.815841 22.030355 9.663784
4.228897 0.206073 37.388073 74.002459 23.599109 -32.308030 -46.170361 -29.278198 -63.003215 -46.170361 -29.278198 -63.003215 -61.339598 -12.984895 -21.725823 1.041931 -0.768654 72.819170 8.912790 -12.790470 -69.627209 6.428754 -7.305072 -82.646214 -31.643587 17.792145 -122.171093 -31.643587 17.792145 -122.171093 -0.731736 -0.815298 83.821442 -12.648050 -15.791680 77.256861 -120.192574 -50.593179 149.587334 -120.192574 -50.593179 149.587334 4.098855 -0.263644 7.426430 -49.788224 0.838142 1.825852 61.818568 -24.206965 -14.487451 84.025230 -17.962705 -17.415286 -1.171614 0.094681 9.141244 -32.217615 -0.620550 -2.153908 49.123268 13.463603 6.282074 39.538545 20.130414 7.506589
4.507222 0.206957 40.000086 65.333440 28.514835 -43.510383 -46.237643 -29.289161 -62.940494 -46.237643 -29.289161 -62.940494 -61.212158 -12.873802 -21.596011 0.920540 -0.677365 72.702547 8.719750 -12.551061 -69.463630 6.021105 -6.881715 -82.351594 -31.899528 18.088558 -121.767496 -31.899528 18.088558 -121.767496 -0.705795 -0.782846 84.078950 -12.929859 -16.141397 77.258537 -120.040076 -50.643416 149.465096 -120.040076 -50.643416 149.465096 5.401010 -0.336105 7.135718 -48.423780 0.564178 1.224435 66.579402 -30.783672 -21.345986 79.197061 -27.595501 -23.286851 0.216983 -0.016253 8.989189 -30.418642 -0.629209 -2.315750 41.384249 12.166321 4.696621 29.985154 17.925414 4.993950
4.708581 0.207853 41.874536 58.464599 29.532001 -50.813373 -46.376910 -29.312062 -62.810759 -46.376910 -29.312062 -62.810759 -61.179524 -12.794266 -21.478079 0.930468 -0.683297 72.589108 8.475879 -12.225436 -69.365804 5.846024 -6.671088 -82.444664 -31.993318 18.514111 -120.767636 -31.993318 18.514111 -120.767636 -0.779993 -0.862549 84.247850 -13.169470 -16.455199 77.204667 -120.075868 -50.832638 149.361730 -120.075868 -50.832638 149.361730 5.985172 -0.344399 6.609804 -42.527400 0.347193 0.863279 79.851105 -35.368690 -30.872045 59.270457 -30.776055 -18.498632 0.404743 -0.031703 8.697345 -29.264633 -0.592510 -2.268152 36.657352 10.754191 3.580549 23.793451 15.720428 3.355004
4.769760 0.209159 42.590125 52.049084 29.707581 -57.302170 -46.440241 -29.322723 -62.751869 -46.440241 -29.322723 -62.751869 -61.006902 -12.824228 -21.600497 0.782276 -0.573794 72.506310 8.172935 -11.721110 -69.687749 5.672473 -6.471606 -82.454028 -32.024576 18.897524 -119.783071 -32.024576 18.897524 -119.783071 -0.989727 -1.094994 84.239213 -13.481576 -16.847533 77.188366 -122.147344 -51.180999 150.341073 -122.147344 -51.180999 150.341073 6.228351 -0.318659 5.860443 -36.775154 0.293740 0.895652 90.634389 -37.100675 -37.530231 41.350028 -29.750142 -11.593908 -0.046545 0.002777 8.373998 -28.996082 -0.546127 -2.109998 35.604766 9.505167 3.064768 21.791039 13.862360 2.700452
4.689421 0.210703 42.157507 48.930609 29.651405 -60.397487 -46.261610 -29.293299 -62.918253 -46.261610 -29.293299 -62.918253 -61.049626 -12.955055 -21.798417 0.555518 -0.407566 72.535013 7.887978 -11.222985 -70.122935 5.787621 -6.628957 -82.243378 -31.605967 18.886232 -119.111605 -31.605967 18.886232 -119.111605 -1.208735 -1.341501 84.053696 -13.778436 -17.133569 77.460489 -126.651763 -51.404537 152.782703 -126.651763 -51.404537 152.782703 6.133855 -0.285522 5.317954 -34.751094 0.359360 1.152793 92.935823 -35.653242 -37.423153 37.745538 -26.416529 -9.174234 -0.350780 0.024810 8.138235 -28.705363 -0.503903 -1.968904 35.130199 8.592489 2.724896 20.657570 12.571498 2.300742
4.439734 0.211894 40.179001 50.259058 29.750770 -59.109870 -46.124593 -29.270656 -63.045844 -46.124593 -29.270656 -63.045844 -61.341506 -13.135648 -21.972146 0.428972 -0.315406 72.668915 7.537829 -10.649726 -70.513996 6.123914 -7.036161 -82.059094 -30.879271 18.617235 -118.620235 -30.879271 18.617235 -118.620235 -1.314755 -1.471204 83.588716 -14.154278 -17.315873 78.365194 -133.047072 -50.751543 156.619717 -133.047072 -50.751543 156.619717 5.732928 -0.256846 5.122686 -35.005863 0.431293 1.366359 92.132863 -32.979710 -34.200555 38.613586 -22.130058 -7.771861 -0.979858 0.068075 8.010586 -28.510345 -0.499249 -1.965162 34.927054 7.805902 2.460938 20.502786 11.472513 2.080135
4.113771 0.212791 37.394386 51.749306 29.882185 -57.673683 -45.943837 -29.239335 -63.213535 -45.943837 -29.239335 -63.213535 -61.621130 -13.350398 -22.205270 0.336665 -0.248171 72.802938 7.261619 -10.168844 -70.998096 6.275082 -7.200651 -82.126483 -30.538237 18.476377 -118.426571 -30.538237 18.476377 -118.426571 -1.344375 -1.526773 82.739392 -14.936128 -17.769854 79.908518 -139.917069 -49.434733 160.824223 -139.917069 -49.434733 160.824223 5.302246 -0.228662 4.924099 -35.369009 0.487562 1.530089 92.191894 -29.719000 -30.793873 39.992882 -17.336957 -6.352403 -2.163599 0.149542 7.927962 -28.633403 -0.537039 -2.101940 35.303332 6.898509 2.197539 21.252293 10.310503 1.939448
3.881943 0.214335 35.308464 50.028987 29.691997 -59.315351 -45.426320 -29.145168 -63.691682 -45.426320 -29.145168 -63.691682 -61.733167 -13.649430 -22.645040 0.245244 -0.180941 72.841576 7.212598 -9.975959 -71.661788 6.176059 -7.047169 -82.447904 -30.192985 18.285689 -118.355364 -30.192985 18.285689 -118.355364 -1.396543 -1.613422 81.783828 -16.055303 -18.571434 81.516108 -146.358570 -48.336666 164.511901 -146.358570 -48.336666 164.511901 5.107764 -0.203412 4.558268 -34.033542 0.540785 1.776905 88.700120 -27.384966 -27.013806 38.157241 -13.878795 -4.867571 -3.205625 0.218640 7.810364 -29.210415 -0.630830 -2.413588 36.478346 6.558356 2.165891 22.786725 10.367890 2.108196
3.791845 0.216000 34.334452 45.298511 28.964873 -63.740358 -44.559264 -28.978941 -64.489043 -44.559264 -28.978941 -64.489043 -61.851124 -14.015287 -23.188784 0.023340 -0.016742 72.928006 7.501948 -10.244930 -72.348224 6.109986 -6.931140 -82.780491 -29.542808 17.981884 -118.061045 -29.542808 17.981884 -118.061045 -1.480153 -1.732786 81.033757 -17.201118 -19.531357 82.593156 -151.474070 -47.674664 167.153456 -151.474070 -47.674664 167.153456 5.179129 -0.185477 4.106009 -31.776565 0.584568 2.065770 81.638652 -26.192063 -22.934862 35.481979 -12.228439 -3.938975 -3.996614 0.264420 7.596978 -30.279526 -0.704450 -2.603848 39.096066 7.061699 2.525875 26.314953 11.730688 2.792733
3.745309 0.217062 33.750260 40.211511 27.806114 -68.330456 -43.774083 -28.819572 -65.207198 -43.774083 -28.819572 -65.207198 -62.026204 -14.320300 -23.605027 -0.319353 0.237610 73.122644 7.908463 -10.728042 -72.714488 6.014529 -6.799470 -82.975562 -29.083489 17.816874 -117.711763 -29.083489 17.816874 -117.711763 -1.519423 -1.793249 80.546157 -18.208844 -20.492204 83.108339 -154.997464 -47.168996 168.931349 -154.997464 -47.168996 168.931349 5.319959 -0.171433 3.693659 -30.386432 0.578330 2.131698 77.744222 -27.769035 -22.612724 35.349113 -15.031074 -4.907301 -4.718231 0.294045 7.165146 -31.411246 -0.697393 -2.486641 42.765596 7.936574 3.138597 32.068311 13.402550 3.940567
3.546741 0.217449 31.950990 36.503467 26.707830 -71.557635 -43.372592 -28.734441 -65.572795 -43.372592 -28.734441 -65.572795 -62.381557 -14.475671 -23.695534 -0.472910 0.352731 73.520932 8.224906 -11.144641 -72.777051 5.963577 -6.724050 -83.125557 -29.054911 17.799954 -117.709516 -29.054911 17.799954 -117.709516 -1.314423 -1.558237 80.278095 -19.028786 -21.334997 83.321645 -157.462469 -46.837113 170.129219 -157.462469 -46.837113 170.129219 5.496681 -0.165069 3.439681 -30.578435 0.499192 1.832439 79.722149 -31.918779 -26.990411 37.674963 -21.989053 -7.737709 -5.133527 0.299248 6.665431 -32.045710 -0.657105 -2.288748 45.584184 8.911068 3.759813 36.937087 15.008090 5.070272
3.278724 0.217973 29.602595 35.048506 26.201553 -72.787116 -43.186030 -28.692681 -65.741687 -43.186030 -28.692681 -65.741687 -62.850730 -14.530001 -23.571139 -0.335233 0.251691 74.002477 8.303619 -11.262955 -72.718254 5.902161 -6.631354 -83.328472 -29.192167 17.816150 -117.911941 -29.192167 17.816150 -117.911941 -1.007854 -1.198845 80.078448 -19.711931 -22.048049 83.450056 -159.999477 -46.612044 171.303605 -159.999477 -46.612044 171.303605 5.643256 -0.167050 3.388067 -31.356452 0.394290 1.409950 84.727964 -35.376660 -32.589280 41.068849 -28.175881 -10.815693 -5.103367 0.273950 6.140682 -31.926194 -0.679758 -2.377956 46.020997 10.413321 4.424148 38.089719 17.389981 6.028002
2.953849 0.218845 26.818458 34.864490 26.132373 -72.939954 -43.089631 -28.670883 -65.828855 -43.089631 -28.670883 -65.828855 -63.250982 -14.556482 -23.433538 -0.024975 0.017159 74.570663 8.295866 -11.249093 -72.734765 5.867953 -6.586063 -83.389001 -29.345077 17.980395 -117.718539 -29.345077 17.980395 -117.718539 -0.985422 -1.177527 79.869626 -20.874500 -23.291207 83.574771 -161.684679 -46.604598 172.053987 -161.684679 -46.604598 172.053987 5.630004 -0.165454 3.362916 -32.040696 0.349695 1.218779 90.937427 -35.830063 -36.467414 44.446650 -30.010193 -12.510919 -5.272771 0.266606 5.788327 -31.441602 -0.734108 -2.609705 45.294652 11.971731 5.005016 36.947354 19.861511 6.682787
2.523874 0.220133 23.195083 34.867965 26.134362 -72.937443 -43.135522 -28.681366 -65.787407 -43.135522 -28.681366 -65.787407 -63.618999 -14.552479 -23.264957 0.402380 -0.312831 75.196559 8.299959 -11.213250 -72.938037 5.844983 -6.586462 -83.160157 -29.658485 18.428691 -117.015674 -29.658485 18.428691 -117.015674 -1.155913 -1.385966 79.655782 -21.876046 -24.392474 83.602152 -160.585779 -46.558159 171.583070 -160.585779 -46.558159 171.583070 5.516171 -0.158866 3.295740 -32.229195 0.345935 1.197345 94.402063 -35.742033 -38.394293 46.795933 -30.998528 -13.703143 -5.584297 0.273394 5.599417 -30.545867 -0.838284 -3.086268 43.515486 12.325721 4.953463 34.155332 20.570259 6.417718
2.217538 0.222590 20.550847 34.184399 25.853034 -73.491742 -43.543941 -28.770087 -65.416455 -43.543941 -28.770087 -65.416455 -64.039882 -14.526501 -23.039929 1.079881 -0.847354 75.937139 7.926624 -10.655654 -73.229889 6.231524 -7.059903 -82.856560 -29.069755 18.361630 -116.107083 -29.069755 18.361630 -116.107083 -1.346693 -1.610200 79.746056 -20.827336 -23.401687 83.093926 -154.300945 -45.980104 168.953115 -154.300945 -45.980104 168.953115 5.333697 -0.146006 3.126127 -31.702330 0.356193 1.255968 89.408550 -36.460906 -36.289012 44.975767 -32.110770 -13.628208 -5.742817 0.276439 5.506215 -29.332869 -0.969015 -3.721866 40.578421 11.090140 4.146360 30.147576 18.689566 5.141005
2.215545 0.226449 20.429459 33.133503 25.412849 -74.339576 -44.163395 -28.900588 -64.852004 -44.163395 -28.900588 -64.852004 -64.624495 -14.481629 -22.719329 2.020910 -1.610376 76.789603 7.203609 -9.653041 -73.412893 7.382532 -8.398906 -82.626297 -26.788070 17.267372 -114.864443 -26.788070 17.267372 -114.864443 -1.587430 -1.889920 79.993852 -17.729216 -20.203441 82.292118 -142.932758 -44.830692 164.243332 -142.932758 -44.830692 164.243332 5.155836 -0.132136 2.927328 -29.832807 0.347844 1.305960 79.743262 -36.894930 -31.409293 40.867833 -32.078057 -12.293355 -4.253698 0.200192 5.329563 -26.397395 -1.015294 -4.374973 37.060436 8.758574 2.995898 26.232416 15.019000 3.596752
2.403357 0.231812 21.762212 32.601671 25.191976 -74.769718 -44.698725 -29.010705 -64.363018 -44.698725 -29.010705 -64.363018 -65.134004 -14.411041 -22.394638 2.813550 -2.265829 77.594808 6.633408 -8.894806 -73.376916 8.800858 -10.033663 -82.490370 -24.148601 15.962615 -113.453487 -24.148601 15.962615 -113.453487 -1.907357 -2.274397 79.992064 -14.887953 -17.167320 81.746587 -130.219107 -43.466530 159.034773 -130.219107 -43.466530 159.034773 5.042473 -0.123887 2.812867 -27.348928 0.315092 1.290196 71.966278 -36.288173 -26.818703 37.553552 -30.668247 -10.661332 -1.157049 0.059464 4.932550 -22.447716 -0.991639 -5.082343 33.973151 6.479719 2.020717 23.216302 11.484690 2.423291
2.674018 0.236651 23.580267 30.723253 24.206708 -76.161689 -44.821473 -29.035014 -64.250476 -44.821473 -29.035014 -64.250476 -65.371970 -14.311718 -22.141729 3.083811 -2.495826 77.964919 6.519883 -8.750212 -73.331342 9.300939 -10.610817 -82.435700 -23.045253 15.465045 -112.667376 -23.045253 15.465045 -112.667376 -2.081855 -2.492788 79.744032 -13.078125 -15.170158 81.410659 -119.619753 -41.975256 154.822344 -119.619753 -41.975256 154.822344 5.140267 -0.120482 2.691314 -25.914274 0.292002 1.268641 69.854990 -36.725524 -26.114249 37.081179 -31.406484 -10.792455 1.332567 -0.039178 3.916367 -20.565202 -1.047877 -5.773603 32.888353 4.280729 1.242510 22.090860 8.347544 1.602712
3.065887 0.239239 26.197232 26.599125 21.975316 -79.166735 -44.873000 -29.044668 -64.202991 -44.873000 -29.044668 -64.202991 -65.185826 -14.273948 -22.162009 3.136373 -2.541571 78.031468 6.616886 -8.861938 -73.442659 8.919624 -10.178257 -82.422201 -22.963962 15.462179 -112.486057 -22.963962 15.462179 -112.486057 -2.089249 -2.505930 79.632343 -11.688413 -13.673882 80.941224 -110.026030 -40.332528 151.156417 -110.026030 -40.332528 151.156417 5.534757 -0.119820 2.490504 -25.783158 0.292571 1.277974 70.251890 -38.667493 -27.760180 37.516838 -34.229356 -11.976696 1.422078 -0.037592 2.661703 -21.141672 -1.100625 -5.893395 34.517808 1.917660 0.551700 24.202375 4.877066 0.964603
3.379771 0.239558 28.282756 22.719229 19.758067 -81.905876 -45.225978 -29.109668 -63.877202 -45.225978 -29.109668 -63.877202 -64.984686 -14.186410 -22.111435 3.838730 -3.124035 78.210907 6.520249 -8.702485 -73.641169 8.531188 -9.756066 -82.302063 -22.569678 15.332337 -111.981264 -22.569678 15.332337 -111.981264 -1.866359 -2.240019 79.591451 -10.287093 -12.147452 80.421417 -102.546525 -38.972330 148.304069 -102.546525 -38.972330 148.304069 6.192678 -0.129853 2.397204 -25.228108 0.278087 1.240166 70.599331 -40.576035 -29.334396 38.109720 -37.004965 -13.187594 0.569083 -0.010913 1.852825 -21.577307 -1.051603 -5.511375 36.971827 -0.714903 -0.263126 27.494051 0.617098 0.094393
3.591990 0.239330 29.596199 20.999766 18.618441 -83.001919 -46.074104 -29.256149 -63.090190 -46.074104 -29.256149 -63.090190 -64.769597 -14.060571 -22.006874 4.652792 -3.807899 78.551950 6.005557 -7.997599 -73.776464 8.422296 -9.672019 -82.064667 -21.681865 14.964002 -111.092082 -21.681865 14.964002 -111.092082 -1.799841 -2.165107 79.482021 -9.084322 -10.839801 79.829767 -98.368783 -38.366702 146.543465 -98.368783 -38.366702 146.543465 6.834185 -0.146867 2.455852 -23.958027 0.247679 1.165183 70.192365 -41.427379 -29.759084 38.423104 -38.334657 -13.815628 0.124107 -0.001504 1.460530 -21.574101 -0.966430 -5.071720 38.754322 -2.855687 -1.023708 29.907173 -3.269093 -0.912632
3.715557 0.239066 30.284658 19.197419 17.303509 -84.039886 -46.992800 -29.405001 -62.233434 -46.992800 -29.405001 -62.233434 -64.523549 -13.963770 -21.959105 4.797646 -3.946004 78.881258 5.366027 -7.134876 -73.864007 8.280848 -9.551365 -81.812954 -21.070955 14.742376 -110.352451 -21.070955 14.742376 -110.352451 -2.070333 -2.494435 79.394332 -8.406277 -10.141880 79.256059 -96.504548 -38.326416 145.533753 -96.504548 -38.326416 145.533753 7.444160 -0.158523 2.440921 -22.792204 0.243307 1.208756 69.612985 -42.300762 -30.106445 38.671356 -39.715996 -14.449495 0.296964 -0.002402 1.099803 -21.123949 -0.879851 -4.706370 39.502797 -4.550826 -1.636105 30.909705 -6.477640 -1.799067
3.857451 0.238888 31.094345 17.470945 16.012676 -85.004117 -47.517450 -29.486032 -61.742440 -47.517450 -29.486032 -61.742440 -64.266958 -13.932202 -22.015941 4.466577 -3.687824 79.082986 4.974764 -6.623986 -73.783206 8.121635 -9.403696 -81.598930 -21.107483 14.836968 -110.103742 -21.107483 14.836968 -110.103742 -2.417096 -2.909850 79.421079 -8.341155 -10.110604 78.998339 -95.448989 -38.424811 144.839619 -95.448989 -38.424811 144.839619 7.834287 -0.160448 2.346646 -22.683781 0.278621 1.386297 69.819381 -42.982489 -30.727835 39.042381 -40.756441 -15.004074 0.358467 -0.002587 0.643890 -20.106882 -0.787961 -4.434796 38.965101 -5.602898 -1.978811 30.003822 -8.466880 -2.258581
4.300553 0.238780 33.620362 17.880423 16.310025 -84.766957 -47.497852 -29.483220 -61.760872 -47.497852 -29.483220 -61.760872 -64.120780 -13.898650 -22.024735 4.231285 -3.496223 79.121073 4.562693 -6.107543 -73.474592 7.947027 -9.218756 -81.494954 -21.236382 14.875804 -110.297841 -21.236382 14.875804 -110.297841 -2.874604 -3.449701 79.581194 -8.414603 -10.194601 79.024737 -94.621132 -38.296138 144.482309 -94.621132 -38.296138 144.482309 7.794594 -0.162383 2.388319 -23.159580 0.404006 1.963095 70.672371 -42.576222 -30.877243 39.832753 -40.418684 -15.182220 -0.114829 0.000958 0.451035 -19.494468 -0.728625 -4.239710 38.266533 -6.130232 -2.126653 28.786516 -9.536913 -2.446899
5.036830 0.238839 37.852789 20.417417 18.160474 -83.305772 -47.358020 -29.463284 -61.892447 -47.358020 -29.463284 -61.892447 -63.914731 -13.874587 -22.073092 4.024706 -3.318682 79.006432 3.932267 -5.317613 -72.865134 7.193759 -8.332282 -81.620557 -22.194801 15.203029 -111.451520 -22.194801 15.203029 -111.451520 -3.508348 -4.193662 79.799773 -8.760151 -10.588624 79.148516 -94.811153 -38.243043 144.642907 -94.811153 -38.243043 144.642907 7.400939 -0.166479 2.580568 -23.710262 0.580432 2.759747 71.872764 -40.890272 -30.234105 41.078427 -38.444710 -14.873284 -0.758717 0.005752 0.631592 -19.658277 -0.699542 -4.038188 38.236536 -5.710030 -1.978651 28.666641 -9.210721 -2.356337
5.617216 0.239227 41.240924 22.237925 19.464153 -82.233654 -47.485572 -29.480914 -61.772191 -47.485572 -29.480914 -61.772191 -63.827331 -13.767398 -21.941776 4.256926 -3.490649 78.727915 3.090186 -4.241015 -71.996475 5.911996 -6.783047 -82.250827 -24.338176 15.787825 -114.334175 -24.338176 15.787825 -114.334175 -3.886199 -4.633607 79.960898 -9.317513 -11.246376 79.225045 -95.936969 -38.587853 144.976064 -95.936969 -38.587853 144.976064 7.138708 -0.169553 2.717927 -24.215903 0.708171 3.297409 72.449823 -39.410573 -29.402151 41.792386 -36.498109 -14.350102 -0.732457 0.005618 0.639104 -20.232139 -0.677407 -3.800707 39.008781 -4.696801 -1.660404 29.915720 -7.868276 -2.098290
5.989193 0.239640 43.451259 22.447678 19.609247 -82.105017 -47.801168 -29.524885 -61.474797 -47.801168 -29.524885 -61.474797 -63.964457 -13.565755 -21.569454 4.778347 -3.890631 78.319855 2.449853 -3.453334 -70.576238 5.206584 -5.821823 -83.607805 -26.690302 16.012124 -118.565705 -26.690302 16.012124 -118.565705 -3.792736 -4.515919 80.042917 -9.710600 -11.752472 79.070215 -97.373109 -39.171591 145.268158 -97.373109 -39.171591 145.268158 7.359729 -0.182542 2.828793 -24.541877 0.764231 3.513656 73.072239 -38.662783 -29.138179 42.718035 -35.550022 -14.289104 -0.261250 0.002044 0.245660 -20.919354 -0.658028 -3.567307 40.211471 -3.791282 -1.384027 31.837132 -6.536172 -1.855500
6.426669 0.239845 46.049551 22.868405 19.875246 -81.825867 -47.912924 -29.540562 -61.369532 -47.912924 -29.540562 -61.369532 -64.169045 -13.358176 -21.161179 4.975481 -4.016287 77.800543 2.169720 -3.200204 -68.299835 5.442979 -5.854275 -85.710754 -28.813939 15.712449 -123.354272 -28.813939 15.712449 -123.354272 -3.591369 -4.271591 80.107042 -9.741326 -11.871059 78.678712 -98.023511 -39.690245 145.176029 -98.023511 -39.690245 145.176029 7.886598 -0.214079 3.091704 -24.558682 0.793269 3.645410 74.012637 -38.232107 -29.279328 44.262260 -35.265924 -14.730298 0.517965 -0.004808 0.291480 -21.234799 -0.621641 -3.314971 41.721528 -2.618487 -0.983549 34.536261 -4.885336 -1.484773
6.777089 0.239935 48.224388 25.420468 21.377598 -80.051403 -47.669067 -29.506657 -61.599355 -47.669067 -29.506657 -61.599355 -64.367291 -13.155120 -20.766136 5.021320 -4.005066 77.152629 2.153522 -3.353113 -65.458315 5.672816 -5.830254 -88.517474 -32.850991 15.770679 -129.167901 -32.850991 15.770679 -129.167901 -3.354404 -3.983770 80.191145 -9.770263 -12.003701 78.219356 -98.939811 -40.542646 144.953238 -98.939811 -40.542646 144.953238 7.807959 -0.229406 3.364716 -26.228643 0.813399 3.515220 76.316965 -38.788411 -30.993680 46.323853 -36.205524 -15.960354 1.300946 -0.014009 0.907877 -21.165452 -0.579877 -3.102102 42.634341 -0.855186 -0.327075 36.171380 -2.305710 -0.737924
6.931482 0.240046 49.310832 30.755801 24.075338 -76.049812 -47.490886 -29.481921 -61.767297 -47.490886 -29.481921 -61.767297 -64.470017 -12.874526 -20.288214 5.217737 -4.113714 76.507733 1.943195 -3.139263 -63.487961 3.867081 -3.852947 -91.616078 -39.177633 16.531999 -135.119068 -39.177633 16.531999 -135.119068 -3.075947 -3.653589 80.178275 -9.850722 -12.256762 77.511877 -100.178062 -41.740373 144.632375 -100.178062 -41.740373 144.632375 6.773889 -0.205639 3.471782 -29.984620 0.762617 2.913393 83.330429 -39.405651 -35.572187 48.998324 -36.856527 -17.278252 1.614122 -0.021456 1.574704 -21.099648 -0.578826 -3.106902 43.200596 0.683726 0.272082 37.204534 0.142780 0.053054
6.909733 0.240403 49.244655 32.698306 24.969238 -74.537108 -47.729338 -29.514153 -61.542177 -47.729338 -29.514153 -61.542177 -64.330931 -12.589568 -19.896190 5.619588 -4.388398 75.977629 0.681667 -1.115410 -62.853183 0.554631 -0.598226 -94.386813 -44.952067 17.674657 -138.732467 -44.952067 17.674657 -138.732467 -3.065809 -3.649358 80.067524 -10.427619 -13.205045 76.548292 -101.554259 -42.986172 144.368886 -101.554259 -42.986172 144.368886 6.252986 -0.186913 3.425623 -33.383364 0.656739 2.219030 90.242724 -38.876197 -39.106448 53.119272 -36.176477 -18.526314 2.830494 -0.058561 2.109246 -21.288838 -0.627863 -3.337176 43.725622 2.478371 1.003134 38.136988 3.124079 1.102358
6.794430 0.240798 48.527089 29.417080 23.384741 -77.051406 -48.206915 -29.578030 -61.091015 -48.206915 -29.578030 -61.091015 -64.085930 -12.384864 -19.668545 5.929344 -4.600396 75.607222 -1.039445 1.707005 -62.812971 -2.847436 2.500650 -96.506979 -49.888022 18.867674 -140.598717 -49.888022 18.867674 -140.598717 -3.279750 -3.908350 80.002407 -11.220467 -14.427095 75.656499 -102.651430 -44.079653 144.096590 -102.651430 -44.079653 144.096590 6.821666 -0.199209 3.349818 -34.387015 0.569149 1.839546 93.131579 -38.006993 -40.018546 55.476474 -35.171729 -18.943041 4.781423 -0.110559 2.535093 -21.579162 -0.702125 -3.680897 44.508797 4.798163 1.972157 39.398029 6.967023 2.513594
6.625671 0.240212 47.478978 25.051915 21.234013 -80.360919 -48.473846 -29.612527 -60.838336 -48.473846 -29.612527 -60.838336 -63.970372 -12.255006 -19.507784 5.950465 -4.598689 75.372349 -2.022778 3.315640 -62.756763 -5.961601 5.138193 -98.074627 -55.932934 20.144865 -142.861482 -55.932934 20.144865 -142.861482 -3.281663 -3.908074 80.038681 -11.644299 -15.080546 75.215305 -103.287354 -44.698891 143.956342 -103.287354 -44.698891 143.956342 7.512464 -0.211034 3.215847 -34.325461 0.505392 1.637693 94.168387 -38.092725 -40.778274 55.008928 -35.113124 -18.719874 5.684807 -0.136243 2.748743 -21.763272 -0.772631 -4.017217 45.241382 6.461456 2.698752 40.489260 9.754024 3.616240
6.507705 0.238576 46.773728 20.050329 17.549239 -83.144278 -48.522923 -29.618615 -60.791772 -48.522923 -29.618615 -60.791772 -63.987632 -12.174243 -19.374475 5.727923 -4.421014 75.305161 -2.159355 3.541332 -62.732698 -8.197822 6.970534 -99.214394 -60.826278 20.780561 -145.274245 -60.826278 20.780561 -145.274245 -3.019423 -3.601690 79.934699 -11.575983 -15.004751 75.171023 -103.829908 -44.709384 144.268405 -103.829908 -44.709384 144.268405 7.675828 -0.175656 2.627839 -34.342901 0.443279 1.436867 95.976866 -38.233783 -42.096865 54.139678 -35.068244 -18.346338 5.255556 -0.126412 2.751080 -21.792306 -0.838276 -4.352554 46.247936 6.706816 2.865186 41.970426 10.192348 3.914843
6.431043 0.237259 46.427892 12.886433 11.915481 -86.732552 -48.027167 -29.549629 -61.258967 -48.027167 -29.549629 -61.258967 -64.564800 -12.055190 -18.985375 6.115926 -4.717049 75.268579 -2.661107 4.372547 -62.647379 -9.511138 8.001817 -99.896840 -64.545882 21.323684 -146.806416 -64.545882 21.323684 -146.806416 -2.763360 -3.320165 79.510736 -11.866650 -15.302913 75.442862 -105.326664 -44.640524 145.214955 -105.326664 -44.640524 145.214955 7.438757 -0.111178 1.677826 -34.847920 0.384547 1.229149 96.389609 -38.479830 -42.645018 54.308882 -35.356449 -18.568520 4.628743 -0.107788 2.649725 -21.974280 -0.918770 -4.725989 46.655346 6.662077 2.874021 42.308439 10.146511 3.929859
6.510830 0.237862 47.295406 9.037398 8.807913 -88.575922 -47.058204 -29.410965 -62.170469 -47.058204 -29.410965 -62.170469 -65.339382 -11.878697 -18.437227 6.406684 -4.916699 74.952654 -2.995997 4.944709 -62.377279 -10.007673 8.405558 -99.976791 -67.731464 22.222349 -147.395216 -67.731464 22.222349 -147.395216 -2.539962 -3.088931 78.820022 -12.428008 -15.835483 76.098086 -107.597280 -44.761027 146.452101 -107.597280 -44.761027 146.452101 6.346999 -0.056929 0.989668 -36.068029 0.302830 0.943587 96.066542 -38.415227 -42.366374 54.227199 -35.030546 -18.353938 3.674164 -0.080880 2.501960 -22.280211 -1.011070 -5.127188 46.232156 6.977391 2.978618 41.314922 10.781696 4.065524
6.697682 0.218203 49.044877 6.647294 6.468633 -88.914504 -47.362293 -29.437989 -61.877432 -47.362293 -29.437989 -61.877432 -64.442095 -11.758521 -18.578685 6.883800 -5.181240 73.984286 -3.772898 6.258941 -62.109233 -10.219837 8.615610 -99.755264 -65.263749 22.207239 -145.745722 -65.263749 22.207239 -145.745722 -3.109605 -3.828364 78.221889 -12.550537 -15.730092 77.063536 -104.884226 -42.836810 146.549578 -104.884226 -42.836810 146.549578 25.812946 0.039404 0.522217 -33.460222 0.244247 0.884706 88.634424 -36.868617 -36.848439 51.758125 -32.473466 -16.236846 2.706234 -0.066514 3.050144 -23.921923 -1.126626 -5.316706 46.495526 8.376437 3.628272 41.064023 13.418671 5.088060
6.776554 0.172947 49.816181 2.287745 2.201190 -89.495711 -49.676910 -29.689118 -59.666441 -49.676910 -29.689118 -59.666441 -62.145402 -11.749923 -19.402857 8.203639 -6.051584 72.928333 -4.788621 7.931049 -62.155936 -8.312839 7.032216 -99.466482 -55.197834 20.662598 -140.993589 -55.197834 20.662598 -140.993589 -3.987847 -4.940059 77.815946 -10.718507 -13.229268 78.077524 -96.431374 -38.245227 145.797829 -96.431374 -38.245227 145.797829 64.683520 0.565029 -0.303260 -23.670444 0.218873 1.166521 73.775726 -33.881713 -26.719707 45.854196 -28.630298 -12.563912 1.153570 -0.029804 4.162915 -26.060894 -1.233458 -5.330270 47.870008 10.124661 4.529204 42.725108 16.763324 6.653895
6.637767 0.130570 48.611606 -1.222436 -1.221551 -89.967996 -51.818493 -29.902807 -57.612962 -51.818493 -29.902807 -57.612962 -60.411748 -11.788333 -20.114998 9.139009 -6.719874 72.623736 -5.015802 8.249231 -62.608241 -5.389298 4.579163 -99.063504 -46.542964 19.847856 -135.447657 -46.542964 19.847856 -135.447657 -4.177887 -5.181124 77.742042 -8.027933 -9.793814 78.764692 -89.260246 -34.338070 145.291126 -89.260246 -34.338070 145.291126 93.110843 1.364012 -1.210062 -14.671449 0.161305 1.213538 63.497891 -31.480572 -19.889670 41.207298 -25.985694 -9.943404 -0.648950 0.035642 5.384119 -26.742375 -1.258598 -5.290164 48.608543 11.131536 5.039273 43.901674 18.974183 7.703932
6.332318 0.114556 45.833979 -1.795678 -1.793795 -89.942487 -52.129283 -29.930041 -57.313345 -52.129283 -29.930041 -57.313345 -60.054752 -11.859560 -20.376175 8.401001 -6.195991 72.799869 -3.862785 6.278925 -63.307919 -1.890065 1.600295 -97.821531 -41.548050 19.907801 -130.089304 -41.548050 19.907801 -130.089304 -3.698511 -4.568532 77.996944 -7.000636 -8.468201 79.120850 -87.878334 -33.698911 145.109172 -87.878334 -33.698911 145.109172 95.870840 1.967298 -1.785726 -13.945749 0.120280 1.007425 63.420177 -30.860554 -19.374792 41.039069 -25.356719 -9.623653 -1.202000 0.064737 6.569493 -26.052793 -1.230735 -5.314375 47.899048 11.302988 5.031887 43.083935 19.910205 7.915361
5.947103 0.112015 42.326219 -1.987564 -1.985116 -89.930541 -51.823144 -29.914077 -57.612954 -51.823144 -29.914077 -57.612954 -59.757023 -12.035560 -20.800145 7.289494 -5.374489 72.755181 -2.563607 4.100278 -64.403086 1.386833 -1.372824 -95.462294 -36.462687 19.553968 -124.239993 -36.462687 19.553968 -124.239993 -3.778194 -4.609761 78.621481 -7.079640 -8.545683 79.252598 -86.135346 -33.701853 144.090082 -86.135346 -33.701853 144.090082 95.180671 2.160124 -1.977825 -14.937156 0.100921 0.696440 63.509686 -30.005656 -18.936206 40.251726 -23.938231 -8.961644 0.007681 -0.037218 9.351183 -25.052181 -1.146297 -5.135466 47.084587 10.832276 4.732280 41.737847 19.794275 7.613781
5.715900 0.114633 40.726799 -1.944864 -1.942586 -89.933656 -51.836642 -29.915489 -57.600035 -51.836642 -29.915489 -57.600035 -58.676829 -12.317162 -21.758817 6.036172 -4.434580 72.567814 -1.409013 2.200332 -66.137209 3.491985 -3.363857 -92.360507 -31.230418 18.723322 -118.701719 -31.230418 18.723322 -118.701719 -4.751752 -5.714448 79.339389 -6.755787 -8.102999 79.617937 -81.644307 -32.642831 142.550051 -81.644307 -32.642831 142.550051 94.590362 2.098962 -1.933884 -14.834936 0.103833 0.661228 64.214406 -26.762131 -16.926606 43.245006 -20.556781 -8.113569 2.213218 -0.252914 11.899875 -23.889895 -1.042973 -4.906213 44.489545 9.578689 3.957434 37.717886 17.635066 6.189593
5.612619 0.133335 40.670884 -2.166314 -2.162608 -89.913175 -51.965347 -29.923362 -57.474553 -51.965347 -29.923362 -57.474553 -58.124815 -12.573232 -22.438849 4.526054 -3.316539 72.430983 -0.330548 0.519725 -68.141621 4.972220 -5.071360 -89.402388 -27.719471 17.598483 -115.729204 -27.719471 17.598483 -115.729204 -6.019562 -7.162937 80.006992 -6.946439 -8.224844 80.265528 -78.081274 -31.878899 141.190423 -78.081274 -31.878899 141.190423 76.162781 1.527930 -1.760838 -20.352402 0.343444 1.439440 69.114309 -26.061266 -18.214670 48.033171 -20.488956 -9.052980 4.223820 -0.429474 12.044445 -23.163273 -1.074178 -5.237678 39.955000 9.252465 3.359358 31.200396 16.024201 4.552990
5.506972 0.173134 40.285725 -2.526886 -2.521389 -89.884142 -51.639217 -29.901680 -57.791803 -51.639217 -29.901680 -57.791803 -59.539552 -12.778789 -22.168855 3.491889 -2.553399 72.345505 0.467740 -0.654718 -69.892479 7.544185 -8.090186 -86.738821 -24.920177 16.189143 -114.435674 -24.920177 16.189143 -114.435674 -6.659452 -7.858258 80.532247 -7.960246 -9.335479 80.846137 -77.952610 -32.549010 140.327876 -77.952610 -32.549010 140.327876 41.534703 0.702713 -1.328568 -30.308293 0.745101 2.551227 75.074653 -31.577654 -24.753124 47.067461 -26.577607 -11.336685 4.419691 -0.407992 10.410763 -23.545538 -1.349718 -6.447767 36.181712 10.846863 3.531230 26.316624 17.190583 4.026636
5.565129 0.212769 40.752155 -3.201236 -3.188506 -89.806167 -50.920798 -29.849929 -58.489012 -50.920798 -29.849929 -58.489012 -61.221280 -13.025037 -21.841788 3.053558 -2.230036 72.279265 0.683959 -0.961384 -70.902442 9.652878 -10.583398 -84.755156 -22.951630 15.178330 -113.419210 -22.951630 15.178330 -113.419210 -6.712099 -7.852674 81.020505 -8.283236 -9.637303 81.339139 -79.047323 -33.432120 140.000263 -79.047323 -33.432120 140.000263 18.003135 0.197760 -1.009643 -36.881399 1.170389 3.474230 76.546659 -36.021295 -28.872045 43.082361 -31.003669 -12.419613 4.004657 -0.335257 9.535638 -24.205669 -1.628181 -7.561745 35.019733 13.013822 4.117105 25.304807 19.709554 4.463691
6.061121 0.239718 45.658590 14.483125 5.267115 -77.798812 -49.413418 -29.697344 -59.933543 -49.413418 -29.697344 -59.933543 -61.477950 -13.219222 -22.053452 2.103463 -1.535435 72.308363 0.876154 -1.208912 -71.525972 9.406995 -10.624213 -82.970415 -21.265179 14.246872 -112.711910 -21.265179 14.246872 -112.711910 -6.754992 -7.835004 81.509942 -7.995439 -9.234470 81.762575 -82.507175 -34.728251 140.756783 -82.507175 -34.728251 140.756783 11.268858 0.091343 0.020247 -37.819075 1.179698 3.383973 76.134642 -35.909262 -28.535009 42.236361 -30.249724 -11.881714 4.182697 -0.337036 9.241285 -24.343716 -1.718804 -7.955368 34.169187 14.657484 4.520350 24.515063 21.774154 4.777329
6.814830 0.261698 53.953957 47.926024 18.709780 -54.040408 -47.402411 -29.440233 -61.838183 -47.402411 -29.440233 -61.838183 -61.277608 -13.314809 -22.295381 0.780575 -0.568424 72.449026 1.448234 -1.985746 -71.972126 9.166541 -10.737752 -80.995525 -18.862882 12.622713 -112.737533 -18.862882 12.622713 -112.737533 -6.772177 -7.794204 81.951773 -7.669114 -8.828475 81.931297 -88.064134 -36.445011 142.387414 -88.064134 -36.445011 142.387414 6.498374 0.002093 2.231124 -35.142695 0.760014 2.264005 73.255373 -35.149309 -26.533083 38.775796 -27.836566 -10.037982 4.519780 -0.360100 9.107544 -23.685959 -1.634767 -7.779697 33.329430 15.648117 4.707038 23.612935 23.015658 4.868687
7.279688 0.279509 59.755967 65.886287 27.367917 -42.432268 -46.262880 -29.288155 -62.914752 -46.262880 -29.288155 -62.914752 -61.526638 -13.279895 -22.133136 0.242245 -0.181315 72.838198 2.047250 -2.805471 -72.234289 9.453938 -11.402119 -79.301142 -17.304314 11.490085 -113.057106 -17.304314 11.490085 -113.057106 -6.724169 -7.695352 82.275861 -7.569448 -8.755972 81.658985 -93.207616 -37.828255 144.089402 -93.207616 -37.828255 144.089402 3.092854 -0.115800 4.201435 -32.332678 0.349245 1.186277 71.196986 -35.518003 -25.878766 34.641505 -26.576182 -8.472149 4.329760 -0.327235 8.638019 -23.172486 -1.543960 -7.519464 33.173010 15.503298 4.640940 23.385124 22.791555 4.774079
7.124934 0.288171 59.089189 61.270016 28.391128 -47.497194 -46.322110 -29.299870 -62.860432 -46.322110 -29.299870 -62.860432 -62.245935 -13.131760 -21.591973 0.941590 -0.706058 73.340425 2.566599 -3.514061 -72.261981 10.004172 -12.206894 -78.607051 -17.048600 11.332536 -112.983659 -17.048600 11.332536 -112.983659 -6.246119 -7.127936 82.442030 -7.478931 -8.707631 81.289340 -95.917283 -38.502315 145.039891 -95.917283 -38.502315 145.039891 3.998835 -0.163621 4.719694 -31.097061 0.259391 0.921394 69.431795 -35.900793 -25.300614 32.258497 -26.107093 -7.668486 4.315848 -0.297597 7.877580 -23.101240 -1.486692 -7.264756 33.568461 14.666292 4.443536 23.655348 21.805481 4.618052
6.393779 0.293558 53.293556 55.746762 29.732107 -53.614538 -46.712356 -29.364330 -62.497027 -46.712356 -29.364330 -62.497027 -63.193748 -12.959883 -20.927625 2.062167 -1.554640 73.880956 3.050116 -4.172222 -72.317838 10.580406 -12.925324 -78.524838 -16.316873 10.886398 -112.768036 -16.316873 10.886398 -112.768036 -5.291494 -6.037030 82.446138 -7.516220 -8.797125 80.992525 -98.364833 -39.340827 145.688768 -98.364833 -39.340827 145.688768 4.687805 -0.196207 4.798071 -31.463343 0.194493 0.682902 68.782161 -37.432299 -26.113919 30.524280 -27.134912 -7.531823 4.442036 -0.277227 7.162212 -23.102379 -1.455501 -7.112366 33.758967 13.747814 4.189531 23.559041 20.787010 4.381601
5.511237 0.298642 46.764023 50.190898 29.161840 -58.929624 -46.996639 -29.407997 -62.230875 -46.996639 -29.407997 -62.230875 -63.802274 -12.936990 -20.646617 2.856778 -2.167519 74.310938 2.878928 -3.940464 -72.276045 10.466780 -12.744301 -78.730771 -15.128136 10.112957 -112.654005 -15.128136 10.112957 -112.654005 -4.498452 -5.148928 82.265735 -7.915609 -9.244904 81.090869 -101.348498 -40.135303 146.670898 -101.348498 -40.135303 146.670898 5.545221 -0.235143 4.866250 -33.263659 0.142153 0.478057 71.352044 -37.418644 -27.309390 33.048162 -27.716370 -8.390272 4.661289 -0.263580 6.488109 -23.343237 -1.447345 -6.999098 33.865186 13.515643 4.132399 23.423189 20.567287 4.308588
4.872248 0.303337 42.104516 41.386478 27.958600 -67.218330 -47.294876 -29.454342 -61.951888 -47.294876 -29.454342 -61.951888 -63.864259 -13.023669 -20.758267 3.309995 -2.521339 74.588090 2.285683 -3.136359 -72.137583 9.622534 -11.641119 -79.117433 -14.855519 9.961807 -112.480727 -14.855519 9.961807 -112.480727 -4.036578 -4.650748 81.872859 -8.801788 -10.216990 81.423448 -106.312611 -40.848752 148.790981 -106.312611 -40.848752 148.790981 6.916653 -0.295092 4.868648 -35.461916 0.117038 0.369069 75.675384 -36.347676 -28.563591 38.215230 -27.946902 -9.854284 5.780164 -0.293845 5.868543 -23.010276 -1.402856 -6.879155 34.466646 14.116406 4.405951 24.417573 21.296797 4.675133
4.624339 0.307533 40.219667 35.895408 26.454277 -72.048748 -47.274982 -29.451405 -61.970564 -47.274982 -29.451405 -61.970564 -63.595834 -13.184571 -21.119310 3.415680 -2.606459 74.685473 1.770825 -2.433924 -72.082583 8.788686 -10.537324 -79.634619 -15.038479 10.178492 -111.986627 -15.038479 10.178492 -111.986627 -3.716960 -4.313511 81.466549 -9.928032 -11.446961 81.805702 -112.833849 -41.358549 151.812701 -112.833849 -41.358549 151.812701 8.166571 -0.357086 4.987451 -35.549005 0.045509 0.136728 78.525464 -35.946370 -29.719496 42.357243 -28.399830 -11.225466 7.556645 -0.391715 5.884771 -22.187479 -1.324224 -6.741026 34.913356 15.090688 4.773349 25.431760 22.440940 5.134654
4.463242 0.310740 38.957282 32.242327 24.954307 -75.007960 -47.256840 -29.448741 -61.987602 -47.256840 -29.448741 -61.987602 -63.343455 -13.337498 -21.463526 3.432630 -2.623970 74.785976 1.376195 -1.887973 -72.218516 8.162861 -9.671511 -80.328498 -15.043530 10.294199 -111.397382 -15.043530 10.294199 -111.397382 -3.568986 -4.182483 80.951698 -10.951096 -12.489999 82.403964 -119.051788 -41.437835 154.862478 -119.051788 -41.437835 154.862478 9.223345 -0.407060 5.045092 -34.668880 -0.023579 -0.078631 83.306651 -38.377450 -34.763993 44.439533 -31.008498 -12.971217 8.734400 -0.486107 6.349120 -21.966116 -1.281296 -6.597997 34.855189 15.627209 4.932892 25.557389 22.991594 5.282156
4.218300 0.312903 37.062963 26.254211 21.544952 -79.210483 -47.371331 -29.465090 -61.879884 -47.371331 -29.465090 -61.879884 -63.161356 -13.439168 -21.699316 3.606982 -2.772306 75.053421 0.995218 -1.358263 -72.519318 7.689018 -8.998836 -81.009751 -14.867282 10.299234 -110.727230 -14.867282 10.299234 -110.727230 -3.717638 -4.401126 80.379196 -11.600539 -13.032817 83.279035 -122.699646 -40.725655 157.054622 -122.699646 -40.725655 157.054622 12.188719 -0.542737 5.055522 -33.001788 -0.063859 -0.220167 84.235187 -40.982285 -37.710875 42.421020 -32.549364 -13.034264 8.878431 -0.510139 6.566146 -22.496715 -1.267786 -6.371066 34.916979 15.835972 5.009452 25.725845 22.996696 5.317242
4.078222 0.314037 36.153456 21.808938 18.895314 -82.258521 -47.141842 -29.427812 -62.093866 -47.141842 -29.427812 -62.093866 -62.779225 -13.593215 -22.109531 3.331012 -2.573781 75.397800 0.592237 -0.804811 -72.752247 7.346949 -8.544926 -81.350292 -14.588541 10.274320 -109.825042 -14.588541 10.274320 -109.825042 -3.883944 -4.632999 79.943555 -11.938406 -13.266129 83.917306 -125.003610 -39.837693 158.623225 -125.003610 -39.837693 158.623225 16.230136 -0.840120 5.760735 -30.637534 -0.278386 -1.074797 76.927424 -42.420889 -34.644185 35.397342 -31.602394 -10.517922 9.643421 -0.542974 6.435284 -22.219852 -1.214796 -6.180122 34.594208 16.051207 5.025057 25.719781 23.018372 5.317479
4.030806 0.315044 35.884213 22.508462 19.489890 -81.923687 -46.648302 -29.352188 -62.556007 -46.648302 -29.352188 -62.556007 -62.189640 -13.840972 -22.762436 2.482016 -1.925056 75.628239 0.084420 -0.115054 -72.913862 7.029253 -8.174950 -81.354036 -14.422506 10.314534 -109.000606 -14.422506 10.314534 -109.000606 -3.950096 -4.728987 79.731250 -12.001255 -13.267653 84.217116 -125.908013 -38.917729 159.550040 -125.908013 -38.917729 159.550040 18.531648 -1.154406 7.061536 -29.168580 -0.553668 -2.145246 69.326059 -42.084724 -29.798506 30.057387 -29.564854 -8.110897 10.632654 -0.601443 6.452786 -21.568548 -1.171773 -6.147828 33.618760 16.467246 5.002032 24.791397 23.430846 5.212870
3.931839 0.315706 34.894891 26.839680 22.228307 -79.075937 -46.292212 -29.298252 -62.889712 -46.292212 -29.298252 -62.889712 -61.790058 -14.072952 -23.311126 1.767555 -1.373848 75.711245 -0.296009 0.398462 -73.086041 6.949965 -8.129845 -81.039916 -14.348275 10.496571 -107.752082 -14.348275 10.496571 -107.752082 -3.928477 -4.725824 79.461801 -11.894884 -13.113004 84.380481 -125.585378 -38.266983 159.780840 -125.585378 -38.266983 159.780840 18.433709 -1.356839 8.354429 -27.928066 -0.611066 -2.442952 63.873151 -43.199136 -27.672609 25.953421 -30.387559 -7.088361 10.883802 -0.631574 6.627541 -21.709533 -1.195945 -6.228386 32.192172 16.913555 4.914475 23.381569 23.871080 5.012214
3.704136 0.317992 32.602378 32.051555 24.663802 -75.040087 -46.118386 -29.268911 -63.051313 -46.118386 -29.268911 -63.051313 -61.588966 -14.211491 -23.628311 1.510073 -1.173324 75.670380 0.081673 -0.109884 -73.234421 7.588956 -8.987267 -80.386986 -14.342267 10.702326 -106.656756 -14.342267 10.702326 -106.656756 -3.849407 -4.651964 79.202852 -11.996381 -13.221762 84.393117 -124.233375 -37.956648 159.372848 -124.233375 -37.956648 159.372848 16.674368 -1.305413 8.857489 -25.455862 -0.384972 -1.647097 54.461357 -43.052805 -23.162872 19.919478 -30.324453 -5.480712 10.200327 -0.618739 6.944424 -22.845110 -1.263050 -6.245671 31.244223 16.654939 4.689635 22.502039 23.227087 4.688372
3.652744 0.323333 32.285353 38.701183 27.210178 -69.565666 -45.918393 -29.235410 -63.237351 -45.918393 -29.235410 -63.237351 -61.129259 -14.320390 -24.020188 0.945705 -0.733416 75.460379 1.025162 -1.386984 -73.084213 8.821042 -10.564282 -79.718828 -13.419812 10.093100 -106.197446 -13.419812 10.093100 -106.197446 -3.908837 -4.743142 78.978634 -12.108219 -13.399869 84.150962 -119.041396 -38.040928 156.946258 -119.041396 -38.040928 156.946258 13.299492 -1.017751 8.545805 -22.970682 -0.183631 -0.872623 44.044086 -40.368528 -17.266049 13.278735 -27.584579 -3.438232 8.867567 -0.580187 7.573025 -24.040886 -1.353489 -6.346979 30.388105 16.011371 4.374168 20.772015 22.231908 4.127801
3.668496 0.328521 32.700849 45.833936 28.952281 -63.199635 -46.055728 -29.258476 -63.109625 -46.055728 -29.258476 -63.109625 -60.533878 -14.325263 -24.305845 0.465769 -0.359309 75.167112 2.163907 -2.931952 -72.865316 10.940911 -13.166996 -79.383382 -10.784468 8.076120 -106.450405 -10.784468 8.076120 -106.450405 -4.150608 -5.042397 78.908227 -11.679284 -13.057536 83.540735 -108.015484 -38.125746 151.530312 -108.015484 -38.125746 151.530312 9.911475 -0.684882 7.800957 -22.311302 -0.092281 -0.467841 39.252312 -35.984353 -13.242518 10.060795 -22.879673 -2.062581 7.317792 -0.528990 8.345270 -24.913831 -1.454195 -6.570640 30.034781 15.308651 4.130550 18.971177 21.461741 3.629259
3.716314 0.331272 33.313996 52.819591 29.656529 -56.509724 -46.079286 -29.261838 -63.087456 -46.079286 -29.261838 -63.087456 -60.120041 -14.307037 -24.471202 0.299645 -0.229583 74.928222 3.128001 -4.231458 -72.886103 13.107592 -15.790640 -79.277854 -8.028623 5.971829 -106.874906 -8.028623 5.971829 -106.874906 -4.437704 -5.375508 79.064609 -10.710669 -12.175356 82.574312 -97.360884 -37.865988 146.333017 -97.360884 -37.865988 146.333017 7.737614 -0.495861 7.264040 -23.005555 -0.105534 -0.517136 40.676938 -33.365537 -12.640160 10.375467 -19.799152 -1.788304 6.421895 -0.497735 8.862091 -25.252700 -1.546045 -6.894084 29.784206 14.412733 3.850383 17.752856 20.738718 3.274147
3.701691 0.333835 33.152303 62.688188 28.217924 -45.993834 -45.946984 -29.239242 -63.210339 -45.946984 -29.239242 -63.210339 -59.995029 -14.305912 -24.529248 0.331475 -0.253308 74.774072 3.802595 -5.123201 -73.141605 14.102636 -16.947504 -79.406700 -7.233073 5.304686 -107.510614 -7.233073 5.304686 -107.510614 -4.299892 -5.187491 79.304792 -9.669079 -11.217045 81.413547 -93.053579 -37.629450 144.200651 -93.053579 -37.629450 144.200651 5.531200 -0.328705 6.551639 -24.425241 -0.135161 -0.619636 44.296192 -32.372347 -13.483963 11.129389 -17.707176 -1.745180 5.174213 -0.409812 9.068706 -25.316697 -1.606276 -7.143813 29.428153 13.149925 3.473939 16.978508 19.425682 2.939589
3.529342 0.338787 31.556990 75.202489 16.150690 -24.264327 -46.263160 -29.289888 -62.915226 -46.263160 -29.289888 -62.915226 -60.149218 -14.259976 -24.379525 0.933086 -0.714344 74.761709 4.228815 -5.682770 -73.289045 13.937255 -16.629086 -79.821371 -7.168389 5.152266 -108.759377 -7.168389 5.152266 -108.759377 -3.854674 -4.637038 79.472919 -8.910238 -10.576527 80.147170 -95.493425 -38.825101 144.535746 -95.493425 -38.825101 144.535746 2.661530 -0.147024 5.568982 -26.023548 -0.120611 -0.533904 46.823115 -33.211595 -14.735701 10.089479 -16.907146 -1.510812 4.074896 -0.328226 9.200798 -24.916818 -1.608488 -7.269713 28.312713 11.914293 3.024914 15.510821 17.665835 2.443783
3.250574 0.342629 28.833388 84.905208 -1.216030 -0.118536 -46.927648 -29.397026 -62.295303 -46.927648 -29.397026 -62.295303 -60.648971 -14.097397 -23.875690 1.961929 -1.504002 74.876002 5.179983 -6.962612 -73.276578 15.272431 -18.022626 -80.370517 -4.753924 3.348889 -110.841389 -4.753924 3.348889 -110.841389 -2.987772 -3.584614 79.669302 -7.582349 -9.220287 78.560557 -99.738347 -41.364484 144.730752 -99.738347 -41.364484 144.730752 0.127299 -0.010965 4.754257 -27.444910 -0.050935 -0.223080 51.113070 -34.106245 -16.734840 11.212905 -17.255166 -1.732955 4.754190 -0.387669 9.294066 -24.158089 -1.525041 -7.111349 27.966866 10.721519 2.673213 15.055695 15.700893 2.082745
3.111182 0.343351 27.550907 86.967320 -12.467190 13.201552 -47.379190 -29.466080 -61.872433 -47.379190 -29.466080 -61.872433 -61.267364 -13.901280 -23.268417 2.862994 -2.199653 75.046759 6.343474 -8.535043 -73.199109 17.921699 -20.983106 -80.788187 -1.533592 1.049627 -112.689221 -1.533592 1.049627 -112.689221 -2.280709 -2.727132 79.850022 -6.364924 -7.964025 77.037425 -103.261448 -43.609564 144.851071 -103.261448 -43.609564 144.851071 -0.981205 0.036897 4.335284 -28.174596 0.051106 0.202964 56.037251 -33.606278 -18.255385 14.858575 -17.553842 -2.316802 7.404983 -0.605143 9.330741 -23.497207 -1.402754 -6.734513 28.991234 9.493831 2.449210 16.294455 13.780700 1.963704
3.038071 0.342402 27.036907 86.957667 -11.270373 12.097572 -47.656011 -29.504990 -61.611722 -47.656011 -29.504990 -61.611722 -61.799589 -13.715460 -22.726254 3.541783 -2.734711 75.292380 6.968699 -9.390984 -73.100839 19.765419 -23.044808 -81.031725 0.103493 -0.071491 -113.058148 0.103493 -0.071491 -113.058148 -2.144528 -2.559715 79.913370 -6.121990 -7.848314 75.925261 -104.667172 -44.694011 144.783779 -104.667172 -44.694011 144.783779 -0.853457 0.030590 3.858993 -28.143617 0.191971 0.769531 57.878224 -32.752607 -18.465629 17.132667 -17.565617 -2.665903 10.060076 -0.819288 9.290913 -23.377561 -1.325380 -6.399733 30.272488 8.125690 2.195472 17.966457 11.720913 1.845112
2.941148 0.342968 26.402997 87.608107 -2.036709 2.241899 -48.072605 -29.560533 -61.218096 -48.072605 -29.560533 -61.218096 -62.325073 -13.478070 -22.116560 4.311383 -3.350756 75.660410 6.944132 -9.384126 -72.943851 20.027026 -23.280936 -81.200478 0.529953 -0.356790 -112.706385 0.529953 -0.356790 -112.706385 -2.320110 -2.769611 79.902918 -6.529452 -8.483026 75.125574 -104.308899 -45.257153 144.091754 -104.308899 -45.257153 144.091754 -0.297256 0.012410 2.952474 -27.894790 0.376754 1.521976 57.547347 -34.637114 -19.466964 16.363410 -19.857650 -2.852812 12.106263 -0.973848 9.174935 -23.447059 -1.305035 -6.282713 31.012661 6.747899 1.869763 18.992227 9.717433 1.622859
3.009770 0.344162 26.946696 76.222801 13.280134 -23.128697 -48.559511 -29.621334 -60.756290 -48.559511 -29.621334 -60.756290 -62.916169 -13.178129 -21.388213 4.883379 -3.814246 75.959589 6.725180 -9.113638 -72.794007 19.797793 -22.985267 -81.277994 0.384514 -0.252924 -112.225723 0.384514 -0.252924 -112.225723 -2.370638 -2.823410 80.020034 -6.487857 -8.560269 74.280203 -101.551120 -46.157588 141.598851 -101.551120 -46.157588 141.598851 0.609481 -0.007102 1.957178 -27.205581 0.508284 2.107656 55.429399 -37.494326 -20.263975 14.001117 -22.743034 -2.812323 12.983501 -1.025358 8.996594 -23.629129 -1.310647 -6.260087 30.957932 5.883095 1.630010 18.735902 8.560799 1.414778
3.285543 0.345287 28.878020 56.204371 24.713620 -50.593925 -48.516906 -29.613846 -60.795782 -48.516906 -29.613846 -60.795782 -63.641414 -12.970226 -20.764207 5.079072 -3.982983 76.196804 6.743935 -9.160312 -72.672186 20.122894 -23.361454 -81.272411 1.326740 -0.876301 -112.179587 1.326740 -0.876301 -112.179587 -2.375011 -2.815016 80.306809 -6.213480 -8.298687 73.582757 -98.601481 -46.922151 139.029770 -98.601481 -46.922151 139.029770 1.442104 -0.018332 1.496277 -25.929372 0.570536 2.489955 50.375755 -38.551003 -18.760609 10.884431 -23.674290 -2.307700 12.520112 -0.983385 8.954882 -23.988575 -1.290424 -6.072326 31.046783 5.966416 1.662133 18.696060 8.491499 1.402657
3.599213 0.345973 31.050555 43.749816 28.804651 -65.224906 -47.980520 -29.545360 -61.303880 -47.980520 -29.545360 -61.303880 -64.517646 -12.863529 -20.257131 5.200067 -4.092804 76.397439 6.993245 -9.530610 -72.487295 20.905058 -24.212959 -81.390287 2.255900 -1.498979 -112.779645 2.255900 -1.498979 -112.779645 -2.175731 -2.564890 80.644994 -5.781088 -7.779005 73.182811 -97.819889 -47.152638 138.324610 -97.819889 -47.152638 138.324610 1.982592 -0.026230 1.506364 -24.807582 0.612211 2.788333 45.694892 -38.461521 -16.720199 8.625400 -23.617265 -1.800862 11.191019 -0.888970 9.068959 -24.456108 -1.251098 -5.772282 31.707130 6.620601 1.887578 19.559021 8.999988 1.559204
3.741218 0.347000 32.071147 41.764382 28.320915 -67.003779 -47.881535 -29.534638 -61.398453 -47.881535 -29.534638 -61.398453 -65.272995 -12.675869 -19.681350 5.697207 -4.481090 76.376336 7.059928 -9.669529 -72.202196 21.586859 -24.886608 -81.652915 1.856785 -1.234638 -113.661736 1.856785 -1.234638 -113.661736 -1.972853 -2.314828 80.879751 -5.665148 -7.639059 73.083970 -99.781173 -47.156004 139.616619 -99.781173 -47.156004 139.616619 2.145319 -0.029021 1.550691 -24.516038 0.648459 2.983487 43.989431 -39.019182 -16.286586 7.325530 -24.135303 -1.567410 10.305267 -0.830598 9.192008 -24.629226 -1.215839 -5.565469 31.712633 7.171478 2.037387 19.632029 9.484346 1.641141
3.738833 0.348501 32.194102 37.368667 26.808236 -70.718854 -48.286354 -29.587892 -61.015647 -48.286354 -29.587892 -61.015647 -65.516242 -12.413592 -19.187478 6.299129 -4.923488 76.017766 6.761460 -9.328086 -71.802377 21.655590 -24.850679 -81.921406 0.703667 -0.441034 -115.047248 0.703667 -0.441034 -115.047248 -2.083644 -2.434713 81.096850 -5.983486 -8.070305 73.068383 -102.599507 -47.760969 140.944983 -102.599507 -47.760969 140.944983 2.206309 -0.027304 1.419317 -24.694746 0.676028 3.087194 42.790840 -39.538915 -16.029160 5.945278 -24.237440 -1.277523 10.150890 -0.827514 9.297218 -24.519464 -1.203598 -5.534799 30.284752 7.562686 2.046356 17.691614 10.019191 1.556396
3.766113 0.351127 32.588611 23.292685 17.499067 -78.436335 -48.379387 -29.600662 -60.927897 -48.379387 -29.600662 -60.927897 -65.556443 -12.246325 -18.917519 6.561585 -5.089259 75.571558 6.327073 -8.839017 -71.105270 21.651531 -24.879905 -81.842947 1.953238 -1.194597 -116.636298 1.953238 -1.194597 -116.636298 -2.523346 -2.936226 81.323694 -6.437735 -8.691239 73.010738 -104.573749 -48.498020 141.598987 -104.573749 -48.498020 141.598987 2.281912 -0.017244 0.888665 -24.364187 0.732598 3.404972 38.834271 -39.491153 -14.473571 2.810490 -23.473528 -0.625731 10.483355 -0.867282 9.429939 -23.793014 -1.172457 -5.562026 27.664278 7.709541 1.904809 14.357722 10.251882 1.300043
3.843581 0.353926 33.419031 1.510173 0.400555 -84.725053 -48.351938 -29.597054 -60.953854 -48.351938 -29.597054 -60.953854 -65.990603 -12.058450 -18.483933 6.850538 -5.281004 75.238923 5.707884 -8.091754 -70.305689 20.990681 -24.304308 -81.400115 1.413540 -0.851692 -117.363030 1.413540 -0.851692 -117.363030 -3.016355 -3.498712 81.516123 -7.250169 -9.803795 72.914266 -106.607409 -49.366751 142.187498 -106.607409 -49.366751 142.187498 2.352992 -0.000358 0.037513 -23.717288 0.800643 3.823716 33.791644 -40.025658 -12.649947 -1.084976 -23.390784 0.210738 9.596565 -0.799914 9.500959 -23.360357 -1.151189 -5.565777 24.769597 7.652607 1.688374 10.559650 10.129349 0.947638
3.928243 0.356301 34.295693 -20.063383 -16.190840 -81.771311 -48.620746 -29.629332 -60.698361 -48.620746 -29.629332 -60.698361 -66.586847 -11.798365 -17.886983 7.155426 -5.490365 74.969619 4.909638 -7.053547 -69.588627 20.046965 -23.368833 -81.031931 0.004212 0.005952 -117.056747 0.004212 0.005952 -117.056747 -3.244561 -3.754132 81.668660 -7.999698 -10.826177 72.852902 -109.430060 -49.803957 143.612339 -109.430060 -49.803957 143.612339 2.209393 0.012840 -0.704392 -24.015656 0.844185 3.972934 31.240575 -41.762338 -12.185658 -3.924416 -24.206500 0.846511 6.904984 -0.573561 9.448168 -23.744969 -1.161466 -5.522581 22.661722 7.494132 1.504492 7.392652 9.773285 0.636480
3.988030 0.358999 34.964253 -44.932014 -22.727058 -61.113175 -48.905668 -29.663588 -60.427569 -48.905668 -29.663588 -60.427569 -66.853934 -11.572000 -17.455416 7.221692 -5.510007 74.650985 4.112195 -5.987260 -68.857303 18.718656 -21.915834 -80.791962 -2.385052 1.469124 -116.890052 -2.385052 1.469124 -116.890052 -3.087544 -3.559128 81.890659 -8.450562 -11.449813 72.779232 -116.169523 -50.545355 147.178582 -116.169523 -50.545355 147.178582 1.672230 0.016783 -1.323092 -25.579046 0.839912 3.713204 31.352993 -43.883099 -12.900836 -5.338861 -25.038664 1.182853 4.244704 -0.347535 9.327794 -24.579697 -1.208486 -5.542044 20.819297 6.030938 1.149286 4.344687 7.826967 0.367580
4.024461 0.361258 35.318645 -65.144751 -23.043413 -41.114932 -48.968095 -29.670929 -60.368168 -48.968095 -29.670929 -60.368168 -66.840495 -11.490897 -17.338600 7.161793 -5.440317 74.414548 3.670653 -5.405901 -68.298175 17.781889 -20.908844 -80.554600 -4.057917 2.500592 -116.851613 -4.057917 2.500592 -116.851613 -2.933659 -3.371516 82.059823 -8.637754 -11.716141 72.717092 -122.327748 -51.202972 150.432938 -122.327748 -51.202972 150.432938 1.197749 0.016759 -1.772529 -26.764107 0.826939 3.481179 31.262259 -44.806017 -13.157444 -6.301397 -24.972777 1.398702 3.451915 -0.279135 9.241673 -24.816171 -1.236926 -5.616409 19.123415 4.204647 0.747674 1.868541 5.521736 0.154002
