HIERARCHY
ROOT Hips
{
  OFFSET 0.000000 0.000000 0.000000
  CHANNELS 6 Xposition Yposition Zposition Xrotation Yrotation Zrotation
  JOINT Spine
  {
    OFFSET 0.000000 10.000000 0.000000
    CHANNELS 3 Xrotation Yrotation Zrotation
    JOINT Chest
    {
      OFFSET 0.000000 15.000000 0.000000
      CHANNELS 3 Xrotation Yrotation Zrotation
      JOINT Neck
      {
        OFFSET 0.000000 15.000000 0.000000
        CHANNELS 3 Xrotation Yrotation Zrotation
        JOINT Head
        {
          OFFSET 0.000000 10.000000 0.000000
          CHANNELS 3 Xrotation Yrotation Zrotation
          End Site
          {
            OFFSET 0.0 5.0 2.0
          }
        }
      }
      JOINT LeftShoulder
      {
        OFFSET 16.877865 5.000000 0.000000
        CHANNELS 3 Xrotation Yrotation Zrotation
        JOINT LeftArm
        {
          OFFSET 15.000000 0.000000 0.000000
          CHANNELS 3 Xrotation Yrotation Zrotation
          JOINT LeftForeArm
          {
            OFFSET 25.000000 0.000000 0.000000
            CHANNELS 3 Xrotation Yrotation Zrotation
            JOINT LeftHand
            {
              OFFSET 20.000000 0.000000 0.000000
              CHANNELS 3 Xrotation Yrotation Zrotation
              End Site
              {
                OFFSET -3.0 0.0 2.0
              }
            }
          }
        }
      }
      JOINT RightShoulder
      {
        OFFSET -16.877865 5.000000 0.000000
        CHANNELS 3 Xrotation Yrotation Zrotation
        JOINT RightArm
        {
          OFFSET -15.000000 0.000000 0.000000
          CHANNELS 3 Xrotation Yrotation Zrotation
          JOINT RightForeArm
          {
            OFFSET -25.000000 0.000000 0.000000
            CHANNELS 3 Xrotation Yrotation Zrotation
            JOINT RightHand
            {
              OFFSET -20.000000 0.000000 0.000000
              CHANNELS 3 Xrotation Yrotation Zrotation
              End Site
              {
                OFFSET 3.0 0.0 2.0
              }
            }
          }
        }
      }
    }
  }
  JOINT LeftUpLeg
  {
    OFFSET 10.000000 -10.000000 0.000000
    CHANNELS 3 Xrotation Yrotation Zrotation
    JOINT LeftLeg
    {
      OFFSET 0.000000 -45.000000 0.000000
      CHANNELS 3 Xrotation Yrotation Zrotation
      JOINT LeftFoot
      {
        OFFSET 0.000000 -45.000000 0.000000
        CHANNELS 3 Xrotation Yrotation Zrotation
        JOINT LeftToeBase
        {
          OFFSET 0.000000 0.000000 10.000000
          CHANNELS 3 Xrotation Yrotation Zrotation
          End Site
          {
            OFFSET 0.0 -1.0 3.0
          }
        }
      }
    }
  }
  JOINT RightUpLeg
  {
    OFFSET -10.000000 -10.000000 0.000000
    CHANNELS 3 Xrotation Yrotation Zrotation
    JOINT RightLeg
    {
      OFFSET 0.000000 -45.000000 0.000000
      CHANNELS 3 Xrotation Yrotation Zrotation
      JOINT RightFoot
      {
        OFFSET 0.000000 -45.000000 0.000000
        CHANNELS 3 Xrotation Yrotation Zrotation
        JOINT RightToeBase
        {
          OFFSET 0.000000 0.000000 10.000000
          CHANNELS 3 Xrotation Yrotation Zrotation
          End Site
          {
            OFFSET 0.0 -1.0 3.0
          }
        }
      }
    }
  }
}
MOTION
Frames: 192
Frame Time: 0.033333
-0.118631 0.100433 -2.501888 -3.720469 -3.704334 -89.756474 -41.523852 -28.261346 -67.218973 -41.523852 -28.261346 -67.218973 -63.940521 -14.731976 -23.406619 4.562149 -3.430602 73.814631 12.257291 -16.890493 -71.720817 4.193514 -4.658448 -83.976499 -26.969255 15.453190 -120.935072 -26.969255 15.453190 -120.935072 0.373582 0.417622 82.226324 -15.036623 -18.650631 77.556592 -112.894091 -50.484812 145.270082 -112.894091 -50.484812 145.270082 4.939983 0.014147 -0.322959 -36.321214 -0.284802 -0.870102 73.967457 -13.869759 -10.487818 39.934880 0.767006 0.216885 0.200989 -0.004498 4.717244 -49.230443 -2.130154 -4.647009 51.783483 1.082466 0.695622 40.055273 5.319815 2.261618
-0.243921 0.101784 -4.131144 -3.860459 -3.841377 -89.733029 -42.406653 -28.478052 -66.428679 -42.406653 -28.478052 -66.428679 -64.200620 -14.536299 -22.990597 5.633445 -4.232149 73.795202 11.771232 -16.304361 -71.434812 4.033967 -4.482750 -83.957665 -28.696710 16.310025 -121.403753 -28.696710 16.310025 -121.403753 0.160258 0.175943 81.834691 -15.563796 -19.268861 77.652384 -113.616334 -50.539558 145.675341 -113.616334 -50.539558 145.675341 4.653610 0.012768 -0.310918 -36.296496 -0.238621 -0.728662 72.843358 -13.750312 -10.185858 37.864111 1.216894 0.365516 -1.655592 0.074246 4.795744 -46.126870 -1.982063 -4.637944 46.117174 0.436423 0.362132 33.902930 3.969362 1.571270
-0.566890 0.104562 -7.145889 -5.077398 -4.988109 -89.413721 -43.433036 -28.714262 -65.502692 -43.433036 -28.714262 -65.502692 -64.505923 -14.255855 -22.426998 6.803688 -5.092392 73.648518 11.035211 -15.384190 -71.070515 3.661611 -4.069523 -83.956918 -30.217952 17.003229 -121.987252 -30.217952 17.003229 -121.987252 -0.014922 -0.023527 81.402208 -16.215100 -20.052318 77.708797 -114.791442 -50.806887 146.208194 -114.791442 -50.806887 146.208194 4.289645 0.012842 -0.354520 -36.155740 -0.188904 -0.577595 71.530709 -13.562935 -9.810534 35.666575 1.711682 0.509656 -0.708681 0.018743 4.969243 -41.686828 -1.790155 -4.693662 40.039790 -0.179682 0.074889 27.531662 2.593922 0.941794
-1.030335 0.109191 -11.182344 -9.127146 -8.345197 -87.702503 -44.773385 -29.007981 -64.286815 -44.773385 -29.007981 -64.286815 -64.915297 -13.836509 -21.608665 8.250274 -6.143493 73.376406 10.010090 -14.095451 -70.542475 3.120616 -3.467822 -83.982919 -31.872933 17.674221 -122.841302 -31.872933 17.674221 -122.841302 -0.295287 -0.346779 80.928223 -17.089957 -21.148599 77.667737 -116.513033 -51.301266 146.918169 -116.513033 -51.301266 146.918169 3.735826 0.014739 -0.505032 -35.906911 -0.137180 -0.421768 69.689419 -12.826408 -8.980721 32.991395 2.805041 0.808256 1.983153 -0.124217 5.247565 -36.026975 -1.555396 -4.795385 33.002922 -0.975358 -0.252834 20.267807 0.888572 0.248749
-1.654412 0.114705 -15.668729 -15.781605 -13.460048 -84.437838 -45.745364 -29.193007 -63.392451 -45.745364 -29.193007 -63.392451 -65.239005 -13.426538 -20.847416 9.093156 -6.729140 73.004590 9.147738 -13.017540 -70.010926 2.447750 -2.716386 -84.145490 -33.243961 18.022217 -123.988248 -33.243961 18.022217 -123.988248 -0.516428 -0.608084 80.720611 -17.723219 -21.997160 77.484596 -118.007776 -51.926283 147.396824 -118.007776 -51.926283 147.396824 3.249356 0.019564 -0.769617 -35.587586 -0.111742 -0.347446 67.963676 -11.853593 -8.061699 31.186419 3.913294 1.056597 7.446801 -0.402309 5.552572 -31.102680 -1.368368 -4.964432 28.798749 -1.531506 -0.373289 16.176878 -0.256897 -0.002723
-2.166896 0.120293 -19.046392 -23.282218 -18.916999 -80.399490 -46.469013 -29.320256 -62.721946 -46.469013 -29.320256 -62.721946 -65.462580 -13.046635 -20.177064 9.613309 -7.079546 72.697469 8.531181 -12.274087 -69.451068 1.485124 -1.653407 -84.539120 -35.820630 18.629131 -125.866134 -35.820630 18.629131 -125.866134 -0.823665 -0.969551 80.655118 -18.191550 -22.642726 77.303463 -118.621335 -52.342790 147.481552 -118.621335 -52.342790 147.481552 2.858080 0.025160 -1.067158 -35.395289 -0.098954 -0.309912 66.160707 -10.611077 -6.972073 29.599489 5.272460 1.368113 12.664741 -0.675858 5.866622 -27.910245 -1.276824 -5.175858 25.866875 -2.009902 -0.445337 13.411343 -1.045843 -0.101440
-2.475121 0.124984 -20.790553 -30.232778 -23.409955 -76.110068 -46.957994 -29.402656 -62.267310 -46.957994 -29.402656 -62.267310 -65.597019 -12.725865 -19.636108 9.832905 -7.223639 72.543789 8.070520 -11.749760 -68.847985 0.077866 -0.131205 -85.292635 -41.041414 20.002298 -128.826514 -41.041414 20.002298 -128.826514 -1.076737 -1.266853 80.684087 -18.427654 -22.961297 77.229172 -118.595737 -52.337609 147.467438 -118.595737 -52.337609 147.467438 2.615760 0.029673 -1.324572 -35.271834 -0.111154 -0.350118 63.865120 -9.947393 -6.218568 27.726043 5.991465 1.481660 13.885525 -0.742896 6.235384 -25.538093 -1.214037 -5.363733 23.256420 -2.422222 -0.487371 10.992735 -1.688672 -0.144448
-2.362019 0.128076 -19.368137 -36.128009 -26.275501 -71.717394 -47.158394 -29.434121 -62.079984 -47.158394 -29.434121 -62.079984 -65.688591 -12.482904 -19.231568 9.869805 -7.264088 72.641737 7.651341 -11.269868 -68.197111 -1.134884 1.156914 -86.410187 -47.994425 21.724283 -132.566070 -47.994425 21.724283 -132.566070 -1.190550 -1.400368 80.735328 -18.511047 -23.027044 77.319726 -118.288141 -51.965387 147.531225 -118.288141 -51.965387 147.531225 2.436177 0.031734 -1.500121 -35.242568 -0.175786 -0.554022 61.208552 -10.207886 -5.995775 25.385002 5.866792 1.364224 9.485508 -0.502761 6.632500 -24.808653 -1.190100 -5.412232 21.662511 -2.914332 -0.552047 9.320027 -2.469183 -0.187829
-1.948559 0.129803 -15.995426 -40.932459 -27.704522 -67.554181 -47.135662 -29.430525 -62.101222 -47.135662 -29.430525 -62.101222 -65.711764 -12.284549 -18.920566 9.784421 -7.234500 72.900964 7.006432 -10.433472 -67.577427 -2.328481 2.378145 -87.844303 -55.014974 23.127287 -136.542585 -55.014974 23.127287 -136.542585 -1.125967 -1.324150 80.749888 -18.652580 -23.097437 77.574359 -118.275222 -51.541607 147.808236 -118.275222 -51.541607 147.808236 2.280743 0.031521 -1.593581 -35.279773 -0.285599 -0.897308 58.656067 -11.008554 -6.143781 22.581957 5.424690 1.117256 3.169847 -0.135518 7.101010 -24.936523 -1.187527 -5.375406 20.991804 -2.888980 -0.527457 8.388650 -2.574784 -0.179558
-1.232584 0.130567 -10.807561 -50.413436 -25.598760 -56.689554 -46.989512 -29.408046 -62.238038 -46.989512 -29.408046 -62.238038 -65.677202 -12.129446 -18.695927 9.543539 -7.099474 73.251276 6.141546 -9.239927 -67.043733 -3.779739 3.742609 -89.569697 -61.292112 24.024891 -140.184148 -61.292112 24.024891 -140.184148 -0.978319 -1.150154 80.775275 -18.882031 -23.253693 77.880361 -118.755178 -51.216720 148.316501 -118.755178 -51.216720 148.316501 1.881617 0.026825 -1.647155 -35.653294 -0.431600 -1.332652 57.651506 -11.286114 -6.178598 20.444290 5.769826 1.048324 -3.192736 0.251523 7.602796 -26.249152 -1.233208 -5.294230 21.452739 -2.125772 -0.378849 8.278105 -1.648161 -0.107102
-0.540910 0.130617 -6.021589 -62.474552 -21.697910 -42.356786 -46.787296 -29.376949 -62.427343 -46.787296 -29.376949 -62.427343 -65.591144 -12.026696 -18.569235 9.189444 -6.874551 73.569167 5.354171 -8.114505 -66.718206 -5.370173 5.137160 -91.443150 -65.987176 24.413409 -142.988935 -65.987176 24.413409 -142.988935 -0.845032 -0.991935 80.874644 -19.087587 -23.378041 78.194268 -119.530917 -51.071762 148.879773 -119.530917 -51.071762 148.879773 1.367814 0.019933 -1.659603 -36.321926 -0.567894 -1.718872 58.270633 -10.742858 -5.930902 19.634014 6.940765 1.222409 -7.427919 0.529724 8.025748 -27.870745 -1.302034 -5.247038 22.440564 -0.807710 -0.126128 8.640278 0.087580 0.022601
0.094138 0.130418 -1.863356 -74.664570 -14.581871 -25.453928 -46.615774 -29.350493 -62.587878 -46.615774 -29.350493 -62.587878 -65.458032 -11.973450 -18.534536 8.792780 -6.604029 73.782065 4.712679 -7.177429 -66.515361 -7.487191 6.952985 -93.269855 -69.525395 24.665448 -144.942143 -69.525395 24.665448 -144.942143 -0.731085 -0.855699 81.059457 -19.219510 -23.407022 78.520690 -120.511432 -51.067079 149.460984 -120.511432 -51.067079 149.460984 0.802127 0.011808 -1.627539 -37.391365 -0.654385 -1.928683 60.801298 -8.918655 -5.099931 20.572740 9.200502 1.744449 -8.863464 0.644910 8.294806 -29.902539 -1.403791 -5.248997 23.562243 0.597729 0.141590 9.012978 2.028335 0.164222
0.554133 0.130150 0.958329 -83.887195 -7.794982 -11.698402 -46.423870 -29.319669 -62.766964 -46.423870 -29.319669 -62.766964 -65.214820 -12.019395 -18.692909 8.374789 -6.302612 73.890207 4.371940 -6.665182 -66.485545 -9.611658 8.786155 -94.729410 -71.662675 24.951003 -145.899713 -71.662675 24.951003 -145.899713 -0.665120 -0.774067 81.389218 -19.168853 -23.193651 78.905862 -121.524548 -51.038843 150.072469 -121.524548 -51.038843 150.072469 0.354333 0.005142 -1.568571 -38.509897 -0.687615 -1.970009 63.833947 -6.341856 -3.797659 22.817173 11.764242 2.483554 -9.432000 0.698473 8.449079 -31.254751 -1.481530 -5.289510 24.155528 1.685725 0.360939 9.197369 3.522835 0.280849
0.716076 0.128006 1.604986 -77.796344 -3.230190 -14.702253 -46.524580 -29.333192 -62.671841 -46.524580 -29.333192 -62.671841 -64.745323 -12.139952 -19.052909 8.040087 -6.052916 73.909858 4.243991 -6.463897 -66.539647 -10.386413 9.397791 -95.680255 -71.877932 24.940273 -146.056183 -71.877932 24.940273 -146.056183 -0.803184 -0.926837 81.738174 -18.972262 -22.805893 79.291985 -121.505429 -50.593525 150.361038 -121.505429 -50.593525 150.361038 3.318348 0.056484 -1.577737 -39.119874 -0.672875 -1.894708 66.380596 -4.396029 -2.792930 25.887881 13.150625 3.073890 -9.380700 0.697829 8.486597 -32.224578 -1.525990 -5.281148 24.539160 1.825535 0.394360 9.355305 3.781072 0.307600
0.695018 0.124796 0.645002 -58.645631 -2.668050 -33.499713 -46.747050 -29.366097 -62.463015 -46.747050 -29.366097 -62.463015 -64.179391 -12.298628 -19.509550 7.707437 -5.799413 73.881018 4.293587 -6.528567 -66.625337 -9.372038 8.436590 -95.980395 -69.157968 24.340357 -145.188977 -69.157968 24.340357 -145.188977 -1.145894 -1.315120 82.034660 -18.688840 -22.334848 79.633833 -120.359377 -49.873598 150.179681 -120.359377 -49.873598 150.179681 8.058536 0.130113 -1.603118 -39.199143 -0.632968 -1.775494 68.337889 -3.359113 -2.250953 28.863526 13.481386 3.467657 -8.644574 0.642308 8.484831 -32.616491 -1.480717 -5.049562 24.835667 1.002065 0.220507 9.624440 2.703473 0.225341
0.650636 0.121623 -1.005596 -35.629984 -2.763994 -56.830570 -46.916985 -29.392093 -62.303874 -46.916985 -29.392093 -62.303874 -63.641198 -12.462864 -19.966886 7.172307 -5.392011 73.832707 4.635029 -7.045196 -66.646672 -6.931783 6.232200 -95.834140 -64.464555 23.342175 -143.544173 -64.464555 23.342175 -143.544173 -1.596556 -1.826705 82.254257 -18.345672 -21.815335 79.930464 -118.353248 -48.970890 149.624542 -118.353248 -48.970890 149.624542 12.422947 0.185261 -1.549915 -38.792856 -0.606534 -1.721315 69.192531 -3.189799 -2.204553 30.904553 13.029145 3.576511 -7.290500 0.550200 8.695942 -32.358454 -1.346484 -4.605197 24.638483 -0.255046 -0.043723 9.475564 0.974224 0.091033
0.744733 0.119619 -2.586590 -13.445326 -1.768064 -77.389615 -47.043172 -29.412617 -62.186225 -47.043172 -29.412617 -62.186225 -63.263500 -12.568544 -20.273874 6.680181 -5.014576 73.753009 5.243557 -7.956293 -66.723985 -3.620422 3.253912 -95.422876 -58.414921 22.067669 -141.267608 -58.414921 22.067669 -141.267608 -2.045869 -2.336564 82.399487 -18.012356 -21.317159 80.211259 -116.286679 -48.114279 149.006113 -116.286679 -48.114279 149.006113 14.594723 0.156555 -0.930485 -38.128758 -0.652528 -1.894283 68.637752 -3.957645 -2.681843 31.682108 11.938737 3.392939 -5.889883 0.467000 9.226637 -31.466094 -1.139966 -3.988859 24.102309 -1.529780 -0.308127 9.146888 -0.877727 -0.050991
1.179795 0.118836 -2.779957 4.437653 3.465645 -87.152555 -47.105700 -29.424344 -62.128597 -47.105700 -29.424344 -62.128597 -63.058927 -12.596590 -20.397034 6.341755 -4.749802 73.637656 5.950977 -8.996247 -66.870909 -0.812412 0.708672 -94.802625 -52.315562 20.825308 -138.599566 -52.315562 20.825308 -138.599566 -2.404415 -2.741896 82.483006 -17.909829 -21.042158 80.628052 -115.005501 -47.499191 148.685860 -115.005501 -47.499191 148.685860 14.221872 0.029936 0.395761 -38.127878 -0.776023 -2.238086 69.680182 -4.211255 -2.829766 32.812067 12.097200 3.670955 -4.686138 0.402450 9.980362 -30.440284 -0.924997 -3.357519 23.526996 -2.075791 -0.421259 8.821699 -1.848777 -0.127987
2.000900 0.119522 -0.866618 15.452767 11.598944 -82.233782 -46.902942 -29.394174 -62.318841 -46.902942 -29.394174 -62.318841 -62.954604 -12.640039 -20.508011 6.144441 -4.594329 73.552068 6.658560 -9.993555 -67.213846 0.921046 -0.885458 -93.828381 -46.669709 19.836047 -135.511316 -46.669709 19.836047 -135.511316 -2.584156 -2.939926 82.618108 -18.029437 -20.933983 81.294902 -114.819533 -47.264553 148.744103 -114.819533 -47.264553 148.744103 11.080303 -0.158179 2.246316 -39.042635 -0.936082 -2.622905 74.103506 -3.362412 -2.195318 34.610840 14.088344 4.645258 -4.146523 0.388538 10.839989 -29.703900 -0.757293 -2.846892 23.285806 -1.394068 -0.274876 8.880499 -1.267388 -0.076489
2.913738 0.119809 1.351170 28.847357 19.922685 -74.703816 -46.637525 -29.351368 -62.566451 -46.637525 -29.351368 -62.566451 -62.844087 -12.703611 -20.653480 6.080563 -4.539315 73.465913 7.384640 -10.963370 -67.757515 1.889947 -1.822167 -92.555237 -42.038016 19.144707 -132.195171 -42.038016 19.144707 -132.195171 -2.725142 -3.089071 82.821154 -18.295498 -20.985078 81.994074 -114.685694 -47.173054 148.731440 -114.685694 -47.173054 148.731440 9.076921 -0.294838 4.066302 -40.296233 -1.048055 -2.847533 78.786282 -1.996724 -1.218921 36.990355 16.610827 5.861192 -3.818444 0.387129 11.659443 -29.599072 -0.681491 -2.578484 23.571291 0.684043 0.169020 9.403995 1.193812 0.140563
3.743968 0.120200 3.442776 41.763173 26.252175 -65.906665 -46.214186 -29.278851 -62.959547 -46.214186 -29.278851 -62.959547 -62.789123 -12.798970 -20.827975 6.004624 -4.478728 73.414280 8.093516 -11.848575 -68.465185 2.231862 -2.204571 -91.012274 -38.075595 18.626207 -128.737162 -38.075595 18.626207 -128.737162 -2.867192 -3.236847 83.052317 -18.618286 -21.166332 82.514894 -114.843285 -47.318805 148.719762 -114.843285 -47.318805 148.719762 7.792333 -0.352224 5.356691 -41.446287 -1.056775 -2.796680 82.500784 -0.252865 0.005784 38.320476 19.339326 6.899762 -3.594856 0.386158 12.266370 -29.784791 -0.656030 -2.467029 24.330662 3.462194 0.783725 10.278253 4.616135 0.460937
4.390109 0.120776 5.435210 51.649443 28.778991 -57.288891 -45.575191 -29.167734 -63.552167 -45.575191 -29.167734 -63.552167 -62.735049 -12.943709 -21.082285 5.510484 -4.112327 73.471769 8.791231 -12.707313 -69.152196 2.288552 -2.317570 -89.406244 -34.844854 18.230327 -125.527754 -34.844854 18.230327 -125.527754 -2.942430 -3.308045 83.295398 -18.832041 -21.331303 82.732358 -115.612962 -47.668998 148.916052 -115.612962 -47.668998 148.916052 6.569073 -0.334889 5.888465 -41.978560 -0.970358 -2.525287 84.068467 1.490847 1.298991 38.590152 21.909514 7.724789 -3.541340 0.394671 12.694468 -30.236526 -0.671005 -2.481609 25.326152 6.437122 1.489303 11.113565 8.400018 0.855630
4.779763 0.121611 6.787047 59.114890 29.221286 -50.030768 -44.988965 -29.062854 -64.094566 -44.988965 -29.062854 -64.094566 -62.685790 -13.078286 -21.319106 4.869690 -3.641500 73.620391 9.299339 -13.297988 -69.769238 2.283567 -2.363146 -87.940372 -32.350158 17.913215 -122.761686 -32.350158 17.913215 -122.761686 -2.908207 -3.259422 83.476355 -18.871653 -21.418622 82.616403 -117.176909 -48.215322 149.436148 -117.176909 -48.215322 149.436148 5.442785 -0.286174 5.996918 -41.637558 -0.853978 -2.238563 84.545336 2.592629 2.377677 37.454993 23.748110 8.148895 -3.614422 0.410980 12.968477 -30.736880 -0.700556 -2.545536 26.335089 8.818874 2.102489 11.831074 11.510038 1.224191
4.970129 0.122300 7.797294 64.079827 28.670023 -44.831872 -44.595044 -28.989295 -64.457691 -44.595044 -28.989295 -64.457691 -62.638895 -13.179475 -21.500961 4.281760 -3.211770 73.794769 9.507244 -13.474495 -70.288430 2.258710 -2.391729 -86.668329 -30.526540 17.680366 -120.543348 -30.526540 17.680366 -120.543348 -2.736954 -3.065075 83.508266 -18.788662 -21.435966 82.311099 -119.578340 -48.822881 150.396262 -119.578340 -48.822881 150.396262 4.723028 -0.247221 5.982019 -40.885263 -0.753351 -2.015068 84.350084 3.219016 3.008508 36.662881 25.234874 8.499408 -3.688072 0.421862 13.049026 -31.446668 -0.733182 -2.602808 27.366254 10.331514 2.540027 12.473315 13.530617 1.499810
4.996456 0.122758 8.185053 64.769162 28.350828 -44.007204 -44.327675 -28.936816 -64.703033 -44.327675 -28.936816 -64.703033 -62.601625 -13.294041 -21.699831 3.713715 -2.795256 73.957621 9.444198 -13.275865 -70.749244 2.314108 -2.505219 -85.609608 -29.396657 17.554763 -118.983870 -29.396657 17.554763 -118.983870 -2.453959 -2.754799 83.327516 -18.675130 -21.408908 82.032990 -122.791557 -49.345213 151.864785 -122.791557 -49.345213 151.864785 4.604650 -0.238593 5.946591 -39.740903 -0.675107 -1.861381 84.397021 3.435401 3.219284 35.780771 26.099841 8.600412 -3.745969 0.422498 12.866977 -32.261330 -0.718002 -2.489402 28.359396 10.828378 2.744326 13.108788 14.199763 1.640207
4.826177 0.123000 7.150781 59.980192 27.923014 -48.609033 -44.238940 -28.918767 -64.784179 -44.238940 -28.918767 -64.784179 -62.743560 -13.394839 -21.801932 3.206240 -2.417576 74.016083 9.381374 -13.071441 -71.224602 2.848249 -3.140684 -84.728402 -28.851865 17.649833 -117.757421 -28.851865 17.649833 -117.757421 -2.083726 -2.349581 83.033797 -18.581216 -21.389330 81.797457 -126.343908 -49.735846 153.592501 -126.343908 -49.735846 153.592501 5.351818 -0.272469 5.891402 -38.136931 -0.595512 -1.706937 81.435612 2.796117 2.616256 34.685608 25.156576 8.063799 -3.690875 0.406471 12.529553 -32.967724 -0.646970 -2.198071 29.295749 10.408442 2.714998 13.950010 13.624847 1.656898
4.421064 0.123339 4.225722 50.678999 27.141789 -57.550705 -44.182653 -28.907131 -64.835568 -44.182653 -28.907131 -64.835568 -63.059027 -13.490557 -21.823401 2.675682 -2.017303 74.008521 9.442323 -13.006287 -71.833677 3.714613 -4.150331 -83.950839 -28.652321 17.888999 -116.721568 -28.652321 17.888999 -116.721568 -1.744829 -1.979575 82.686442 -18.560200 -21.429280 81.625797 -129.918131 -49.990297 155.397215 -129.918131 -49.990297 155.397215 6.645553 -0.320252 5.645424 -35.827111 -0.467478 -1.396418 75.011627 1.251938 1.336862 32.061353 22.206144 6.657114 -3.450847 0.367230 12.050731 -33.106118 -0.519268 -1.743779 29.763082 9.240865 2.454308 14.625447 12.045954 1.531357
3.836092 0.123854 -0.112725 40.114976 25.785631 -67.481317 -44.061535 -28.881566 -64.945911 -44.061535 -28.881566 -64.945911 -63.413107 -13.601835 -21.852695 1.980701 -1.492759 74.048384 9.600739 -13.063030 -72.501618 4.658053 -5.264021 -83.238793 -28.710511 18.199972 -115.932977 -28.710511 18.199972 -115.932977 -1.498149 -1.711106 82.354231 -18.590201 -21.483126 81.573340 -133.518456 -50.114680 157.273301 -133.518456 -50.114680 157.273301 7.973677 -0.355812 5.219249 -33.003098 -0.298859 -0.913889 66.823844 -1.107930 -0.346771 28.732172 17.944658 4.898180 -3.068191 0.314506 11.584991 -32.377508 -0.372105 -1.254585 29.459835 7.741430 2.058920 14.741940 10.052588 1.307725
3.184214 0.124804 -5.008835 31.668926 24.142503 -75.158037 -43.834685 -28.832766 -65.152166 -43.834685 -28.832766 -65.152166 -63.727797 -13.737834 -21.936009 1.337438 -1.009497 74.217977 9.755922 -13.130589 -73.107373 5.400115 -6.158686 -82.607839 -28.683984 18.471898 -115.091474 -28.683984 18.471898 -115.091474 -1.378868 -1.584506 82.047854 -18.660792 -21.531906 81.659613 -136.702004 -50.074921 158.972141 -136.702004 -50.074921 158.972141 8.841828 -0.361823 4.709183 -30.149240 -0.122522 -0.350342 60.254361 -3.696334 -1.814581 25.412580 13.520944 3.296562 -2.631815 0.260012 11.217887 -30.723661 -0.235955 -0.821874 28.334508 6.057241 1.574245 14.218629 7.824076 1.010730
2.584395 0.126246 -8.749795 26.945722 22.227389 -78.958320 -43.523317 -28.764718 -65.434784 -43.523317 -28.764718 -65.434784 -64.031062 -13.867823 -22.012889 1.077433 -0.819792 74.560521 9.912697 -13.247431 -73.505705 5.882141 -6.756975 -82.090559 -28.547284 18.642842 -114.332389 -28.547284 18.642842 -114.332389 -1.388419 -1.604123 81.788078 -18.906038 -21.726394 81.882785 -139.664987 -49.708013 160.645154 -139.664987 -49.708013 160.645154 8.860765 -0.322647 4.110054 -27.931665 0.055376 0.291743 56.009289 -7.072605 -3.631468 23.221371 8.749706 1.910840 -2.386134 0.229253 10.962651 -28.745221 -0.134418 -0.489621 27.055017 4.169760 1.039915 13.422580 5.294954 0.659317
2.159828 0.128065 -10.657803 24.579250 20.898823 -80.645882 -43.104708 -28.672222 -65.814282 -43.104708 -28.672222 -65.814282 -64.203164 -14.026094 -22.188137 1.082257 -0.833517 75.012714 10.016519 -13.335043 -73.715309 5.993643 -6.919613 -81.784725 -28.299309 18.626023 -113.908522 -28.299309 18.626023 -113.908522 -1.592262 -1.849965 81.507789 -19.645528 -22.422349 82.241958 -143.049578 -48.949701 162.616314 -143.049578 -48.949701 162.616314 8.320051 -0.262774 3.534131 -26.736894 0.217664 0.926438 54.513398 -10.913317 -5.732522 22.282315 3.984999 0.742754 -2.316915 0.216414 10.692987 -27.078331 -0.045859 -0.167270 26.166738 2.406797 0.563063 12.714582 2.874747 0.324827
1.917275 0.129978 -10.591428 22.911635 19.857613 -81.760380 -42.776919 -28.598061 -66.110663 -42.776919 -28.598061 -66.110663 -64.284474 -14.178287 -22.391620 1.280665 -0.993973 75.440987 10.108649 -13.430725 -73.824680 6.042414 -6.984811 -81.706722 -28.150668 18.556078 -113.825462 -28.150668 18.556078 -113.825462 -1.934213 -2.262044 81.177506 -21.010505 -23.773790 82.694995 -146.772259 -47.914510 164.786594 -146.772259 -47.914510 164.786594 7.691372 -0.209902 3.049397 -26.622846 0.355331 1.481033 55.239928 -15.231266 -8.226512 22.727363 -1.093987 -0.335633 -2.328100 0.211647 10.407833 -26.375877 0.034272 0.149389 26.264791 0.497262 0.095296 12.648493 0.185797 0.004955
1.839289 0.131767 -9.203855 22.307071 19.472650 -82.158699 -42.637678 -28.566036 -66.236325 -42.637678 -28.566036 -66.236325 -64.270178 -14.301831 -22.590662 1.576818 -1.228319 75.759022 10.141426 -13.447607 -73.936014 6.078943 -7.016910 -81.787281 -28.100091 18.440781 -114.061622 -28.100091 18.440781 -114.061622 -2.363141 -2.786380 80.746115 -22.959192 -25.737216 83.192659 -150.530359 -46.903266 166.896349 -150.530359 -46.903266 166.896349 7.036212 -0.168573 2.696035 -27.160916 0.472109 1.933672 56.901453 -19.289001 -10.696004 23.806579 -5.769699 -1.306021 -2.406733 0.213122 10.129549 -26.557928 0.121423 0.500566 27.049180 -1.537018 -0.399858 13.163268 -2.764103 -0.345075
1.833871 0.133349 -7.096538 22.755995 19.750494 -81.856464 -42.768458 -28.595121 -66.117847 -42.768458 -28.595121 -66.117847 -64.166041 -14.354184 -22.716586 1.920522 -1.499155 75.938607 10.049253 -13.290332 -74.087307 6.185480 -7.119123 -81.948144 -28.141907 18.305789 -114.533547 -28.141907 18.305789 -114.533547 -2.836168 -3.374688 80.237815 -25.193638 -28.004583 83.662046 -153.730858 -46.165740 168.604781 -153.730858 -46.165740 168.604781 6.353808 -0.136648 2.447215 -27.845298 0.556003 2.236421 58.355665 -23.278018 -13.170987 24.801083 -10.439791 -2.333979 -2.903049 0.252235 9.930637 -27.312892 0.200550 0.809587 28.022516 -3.643278 -0.937747 13.830660 -5.854796 -0.740345
1.876577 0.134858 -5.176922 24.472468 20.808689 -80.698707 -43.152105 -28.680224 -65.770195 -43.152105 -28.680224 -65.770195 -64.023657 -14.360946 -22.787573 2.297521 -1.794446 75.979022 9.830592 -12.964508 -74.248168 6.266172 -7.185261 -82.158027 -28.223143 18.182215 -115.046035 -28.223143 18.182215 -115.046035 -3.308789 -3.973677 79.683662 -27.263709 -30.071132 84.109036 -155.789157 -45.858658 169.625106 -155.789157 -45.858658 169.625106 5.683701 -0.117044 2.335023 -28.409073 0.594727 2.348573 58.695631 -26.089152 -14.860768 25.094343 -13.805296 -3.104644 -3.619708 0.312513 9.857324 -28.108165 0.261632 1.036317 28.672629 -5.439879 -1.410645 14.276405 -8.496579 -1.088267
1.854462 0.136732 -3.895047 26.963701 22.230607 -78.938281 -43.736364 -28.807053 -65.239508 -43.736364 -28.807053 -65.239508 -63.955202 -14.317744 -22.749451 2.856965 -2.231897 75.990540 9.565251 -12.590491 -74.358115 6.278778 -7.171215 -82.392138 -28.354379 18.072618 -115.612509 -28.354379 18.072618 -115.612509 -3.724841 -4.507227 79.204443 -28.622993 -31.368890 84.493627 -156.331329 -45.782238 169.887207 -156.331329 -45.782238 169.887207 4.907922 -0.095959 2.204099 -28.771433 0.608194 2.370857 58.372434 -27.893330 -15.801529 25.035184 -15.977341 -3.577098 -4.455797 0.381843 9.792962 -28.497990 0.268745 1.052468 28.621936 -6.524339 -1.676946 14.231643 -9.987044 -1.264950
1.789901 0.138812 -3.261770 29.535596 23.638733 -77.078714 -44.435046 -28.951416 -64.601629 -44.435046 -28.951416 -64.601629 -63.943288 -14.269052 -22.678491 3.653718 -2.853285 75.972620 9.369292 -12.305808 -74.481628 6.178601 -7.029901 -82.619239 -28.342248 17.875915 -116.168512 -28.342248 17.875915 -116.168512 -3.967564 -4.825089 78.870722 -29.004062 -31.621357 84.820785 -155.439304 -45.780979 169.496125 -155.439304 -45.780979 169.496125 4.202677 -0.077717 2.082018 -29.048255 0.607141 2.343529 57.880530 -28.551809 -16.027430 24.727317 -16.645303 -3.681807 -4.898830 0.408755 9.472956 -28.674339 0.235841 0.918374 28.328144 -6.426073 -1.635635 14.195617 -9.711486 -1.220774
1.783317 0.140573 -2.273383 31.366858 24.564700 -75.699352 -45.088707 -29.080099 -64.002009 -45.088707 -29.080099 -64.002009 -63.934270 -14.222399 -22.609370 4.464129 -3.483199 75.929072 9.298579 -12.157768 -74.730738 5.993366 -6.795573 -82.818445 -28.223175 17.644280 -116.628223 -28.223175 17.644280 -116.628223 -4.001714 -4.881572 78.670856 -28.400047 -30.867755 85.018454 -152.478187 -45.679724 168.212311 -152.478187 -45.679724 168.212311 3.716902 -0.064570 1.971876 -29.603194 0.591126 2.244179 58.673401 -28.445930 -16.217956 25.137918 -16.271344 -3.641542 -4.872279 0.383891 8.824150 -29.269209 0.203789 0.770648 28.597196 -5.749171 -1.470280 14.745370 -8.618959 -1.112557
1.917168 0.141353 -0.489498 31.644107 24.691705 -75.481692 -45.475339 -29.154033 -63.646368 -45.475339 -29.154033 -63.646368 -63.830464 -14.206980 -22.630067 5.017119 -3.907649 75.821206 9.477626 -12.309754 -75.081904 5.789630 -6.548998 -82.948723 -27.841500 17.295366 -116.940726 -27.841500 17.295366 -116.940726 -3.762419 -4.591925 78.666593 -26.885349 -29.240556 84.969478 -148.030768 -45.578562 166.243708 -148.030768 -45.578562 166.243708 3.498365 -0.057656 1.884790 -30.426640 0.551445 2.045659 60.927167 -27.350654 -16.272111 26.492346 -14.630415 -3.416821 -4.185221 0.302309 7.958393 -30.871356 0.186316 0.664580 30.574445 -4.567980 -1.207884 17.198857 -6.869706 -0.972440
2.177228 0.140794 2.374155 30.027182 23.797416 -76.645627 -45.564125 -29.171189 -63.564777 -45.564125 -29.171189 -63.564777 -63.539268 -14.177812 -22.710390 5.158167 -4.006600 75.638118 9.809654 -12.654208 -75.451546 5.651577 -6.384649 -83.017439 -27.277181 16.893277 -117.066215 -27.277181 16.893277 -117.066215 -3.237527 -3.944811 78.844843 -24.680342 -27.004985 84.578346 -141.545811 -45.495901 163.257848 -141.545811 -45.495901 163.257848 3.570527 -0.056166 1.811134 -31.528015 0.498823 1.787760 64.574341 -26.394962 -16.843125 28.867692 -13.237432 -3.369281 -3.399211 0.219885 7.074901 -33.413794 0.181946 0.602771 34.208720 -3.409500 -0.976705 21.390561 -5.226996 -0.879763
2.527930 0.138548 5.824412 26.843451 22.028447 -78.928004 -45.367661 -29.135052 -63.746125 -45.367661 -29.135052 -63.746125 -63.111477 -14.130519 -22.820955 4.872246 -3.770390 75.402041 10.198411 -13.100078 -75.695170 5.623267 -6.340615 -83.122294 -26.610865 16.454974 -117.118706 -26.610865 16.454974 -117.118706 -2.516888 -3.055463 79.192367 -22.174372 -24.552710 83.839955 -133.912646 -45.441502 159.644701 -133.912646 -45.441502 159.644701 3.878015 -0.058555 1.742392 -32.716645 0.449127 1.543027 68.553941 -25.837469 -17.775863 31.621693 -12.453789 -3.516241 -2.605920 0.149777 6.367779 -36.531195 0.201717 0.619041 39.158725 -2.582496 -0.849561 26.985973 -4.068349 -0.864035
2.906843 0.135000 9.375701 23.362728 19.968917 -81.327057 -45.059886 -29.078741 -64.030352 -45.059886 -29.078741 -64.030352 -62.517294 -14.050512 -22.952527 4.282178 -3.296998 75.105841 10.448669 -13.411274 -75.743619 5.639639 -6.340565 -83.285644 -25.872445 15.959378 -117.221754 -25.872445 15.959378 -117.221754 -1.556628 -1.885142 79.684745 -19.611675 -22.098639 82.809579 -126.557504 -45.423604 156.060215 -126.557504 -45.423604 156.060215 4.278626 -0.062049 1.671647 -33.917166 0.395052 1.305453 72.839833 -25.440673 -18.941023 35.199658 -12.158987 -3.884009 -2.005679 0.106950 5.949859 -39.808428 0.228369 0.633742 44.944478 -1.894245 -0.722158 33.854295 -3.056713 -0.822751
3.181340 0.131024 12.078768 20.467113 18.166917 -83.253883 -44.722215 -29.014656 -64.341170 -44.722215 -29.014656 -64.341170 -61.819320 -13.966492 -23.126158 3.635524 -2.783843 74.792136 10.516924 -13.539977 -75.569215 5.558066 -6.221078 -83.555129 -25.175038 15.462677 -117.416076 -25.175038 15.462677 -117.416076 -0.598002 -0.725934 80.168411 -17.559663 -20.153908 81.844256 -121.029300 -45.475631 153.258006 -121.029300 -45.475631 153.258006 4.656595 -0.065545 1.615779 -34.913957 0.324673 1.047094 76.238039 -24.810378 -19.595268 38.574283 -11.648334 -4.077641 -1.758409 0.088106 5.712918 -42.413421 0.207587 0.530127 49.258925 -1.093969 -0.483200 39.273629 -1.843687 -0.621297
3.413593 0.127537 13.972027 19.647622 17.614710 -83.766284 -44.453281 -28.960905 -64.587522 -44.453281 -28.960905 -64.587522 -61.145400 -13.880932 -23.289407 3.092876 -2.357103 74.540915 10.401582 -13.463274 -75.269324 5.380192 -5.990394 -83.872275 -24.782648 15.131042 -117.700439 -24.782648 15.131042 -117.700439 0.124567 0.138821 80.489231 -16.407313 -19.073245 81.213474 -117.332149 -45.547999 151.308643 -117.332149 -45.547999 151.308643 4.806856 -0.067468 1.610892 -35.809795 0.241659 0.762280 78.910093 -23.220206 -19.179019 41.379439 -9.649927 -3.612819 -2.068549 0.102185 5.626307 -43.890791 0.168036 0.412348 51.007081 -0.588128 -0.283567 41.586075 -1.103239 -0.418755
3.668683 0.125093 15.846136 21.637168 18.744753 -82.359020 -44.168403 -28.902806 -64.847963 -44.168403 -28.902806 -64.847963 -60.592988 -13.824302 -23.445952 2.697293 -2.048924 74.398027 10.306088 -13.435526 -74.875326 5.118312 -5.666608 -84.202599 -24.782649 14.979693 -118.197443 -24.782649 14.979693 -118.197443 0.473140 0.554884 80.655375 -16.096434 -18.807138 80.965106 -116.097952 -45.724358 150.529932 -116.097952 -45.724358 150.529932 4.524183 -0.063447 1.607177 -37.131301 0.135687 0.425599 81.784617 -20.494207 -17.681491 44.138514 -5.892169 -2.278723 -3.027738 0.153829 5.693968 -44.528562 0.078260 0.184448 50.621634 0.063650 0.002526 41.271816 -0.176212 -0.108549
3.909126 0.123853 17.939749 25.296608 20.884252 -79.820504 -43.933671 -28.854588 -65.062406 -43.933671 -28.854588 -65.062406 -60.202627 -13.775856 -23.542116 2.482070 -1.883792 74.384908 10.260786 -13.488996 -74.417255 4.775885 -5.259766 -84.507131 -25.600072 15.146189 -119.228016 -25.600072 15.146189 -119.228016 0.595229 0.698920 80.777585 -16.052950 -18.773254 80.917826 -116.018981 -45.991824 150.305522 -116.018981 -45.991824 150.305522 3.920391 -0.054438 1.570889 -39.102840 0.053604 0.168554 84.403715 -17.652271 -15.924622 46.922977 -2.023737 -0.784592 -4.639224 0.240347 5.818984 -44.338875 -0.047994 -0.128890 48.597673 0.262806 0.108410 38.820403 0.100946 0.019510
3.932217 0.123525 19.215965 26.998186 21.800029 -78.574262 -43.788233 -28.824896 -65.195354 -43.788233 -28.824896 -65.195354 -60.077627 -13.709751 -23.488234 2.499767 -1.901049 74.488351 10.217322 -13.605707 -73.700218 4.399655 -4.805486 -85.031919 -27.325274 15.544832 -121.111100 -27.325274 15.544832 -121.111100 0.550559 0.643911 80.944621 -16.054474 -18.828056 80.752646 -116.398559 -46.313427 150.295854 -116.398559 -46.313427 150.295854 3.343301 -0.043165 1.450456 -40.685252 0.024272 0.074500 85.111819 -16.300109 -14.861634 48.422454 -0.416063 -0.113957 -6.370127 0.324384 5.819301 -43.645114 -0.165751 -0.416649 46.030768 -0.521046 -0.192600 35.670634 -0.934008 -0.258599
3.693997 0.123602 19.037614 25.334226 20.506954 -79.439359 -43.808666 -28.829227 -65.176748 -43.808666 -28.829227 -65.176748 -60.194679 -13.608939 -23.266879 2.699348 -2.056509 74.591015 10.026681 -13.645583 -72.454520 4.066074 -4.367969 -86.130019 -30.331957 16.037797 -124.432393 -30.331957 16.037797 -124.432393 0.599004 0.696247 81.285681 -15.794571 -18.714947 80.159829 -116.838944 -46.685296 150.287139 -116.838944 -46.685296 150.287139 3.023807 -0.032638 1.243018 -41.279419 0.055867 0.161228 83.882138 -16.771079 -14.901833 48.593854 -1.614967 -0.597307 -7.547104 0.372488 5.663962 -42.470571 -0.217658 -0.561606 44.559358 -2.305013 -0.895310 33.891258 -3.411065 -0.969034
3.087832 0.123949 16.168924 20.071791 16.733304 -82.405508 -43.923245 -28.853207 -65.072270 -43.923245 -28.853207 -65.072270 -60.469327 -13.486567 -22.939957 3.041353 -2.318051 74.627160 9.352759 -13.091780 -70.705058 3.279581 -3.464705 -87.971020 -34.685176 16.605334 -128.935626 -34.685176 16.605334 -128.935626 0.615815 0.712261 81.655995 -15.517220 -18.654356 79.346023 -117.342134 -47.197196 150.218050 -117.342134 -47.197196 150.218050 3.058284 -0.024458 0.967322 -40.396730 0.124581 0.367948 80.165887 -18.547499 -15.418558 46.668657 -4.704542 -1.784974 -7.583938 0.360627 5.399835 -40.281134 -0.236501 -0.643089 42.931015 -4.472942 -1.685814 32.131534 -6.438894 -1.747689
2.172593 0.124910 10.510628 12.922357 11.465301 -86.131942 -44.195067 -28.908323 -64.823624 -44.195067 -28.908323 -64.823624 -60.882207 -13.315910 -22.475638 3.537939 -2.693801 74.588325 8.228737 -11.897887 -68.772539 1.753513 -1.889179 -90.449840 -40.681497 17.334181 -134.176360 -40.681497 17.334181 -134.176360 0.562759 0.648655 81.910235 -15.384808 -18.779383 78.496811 -117.577229 -47.888133 149.882392 -117.577229 -47.888133 149.882392 3.400358 -0.018531 0.675951 -38.113965 0.210577 0.642814 74.209070 -20.480943 -15.460633 42.283405 -7.690589 -2.808204 -5.940993 0.272180 5.113518 -37.077686 -0.265116 -0.819356 40.643960 -6.321421 -2.299303 29.584244 -8.968856 -2.311272
1.244704 0.126317 4.498959 6.939219 6.675371 -88.736270 -44.588851 -28.985872 -64.462396 -44.588851 -28.985872 -64.462396 -61.484000 -13.061041 -21.803164 4.259789 -3.233278 74.444166 6.897555 -10.298248 -67.115049 -0.438892 0.208774 -93.365302 -47.936660 18.131984 -139.466197 -47.936660 18.131984 -139.466197 0.444962 0.511896 81.953523 -15.446014 -19.104217 77.741533 -117.989394 -48.761620 149.532964 -117.989394 -48.761620 149.532964 3.791556 -0.012880 0.420505 -35.767419 0.263790 0.832725 69.315669 -21.538904 -14.986283 37.976913 -9.121202 -3.123780 -3.466503 0.154093 4.834265 -33.849332 -0.360015 -1.257709 38.182751 -7.018802 -2.431867 26.794378 -9.772208 -2.343709
0.439687 0.127998 0.171379 3.029616 2.955468 -89.479496 -45.059995 -29.076279 -64.029153 -45.059995 -29.076279 -64.029153 -62.157045 -12.746538 -21.014721 4.993426 -3.779251 74.276638 5.554336 -8.493699 -66.095645 -3.595084 2.946329 -96.515246 -57.001892 19.223559 -144.509918 -57.001892 19.223559 -144.509918 0.355182 0.409242 81.843444 -15.535293 -19.424472 77.120083 -118.753085 -49.713309 149.341643 -118.753085 -49.713309 149.341643 4.120286 -0.005184 0.178352 -34.337743 0.265049 0.858553 66.451420 -21.832550 -14.400328 35.203690 -9.362615 -2.971284 -1.206422 0.056438 4.492651 -31.410969 -0.553512 -2.032800 36.114359 -7.207236 -2.365595 24.300502 -9.675381 -2.123861
-0.163456 0.129918 -1.827265 0.075119 0.069172 -89.797766 -45.487262 -29.157018 -63.635708 -45.487262 -29.157018 -63.635708 -62.765369 -12.427769 -20.254563 5.555298 -4.197281 74.152744 4.296933 -6.640231 -65.760911 -7.801153 6.298311 -99.574162 -68.201891 20.679898 -149.083512 -68.201891 20.679898 -149.083512 0.326387 0.378542 81.580486 -15.746872 -19.817178 76.740154 -120.083142 -50.645049 149.502443 -120.083142 -50.645049 149.502443 4.358754 0.001198 -0.013648 -33.786189 0.220209 0.725383 64.984457 -21.702428 -13.920897 33.654122 -9.097807 -2.758310 -0.218373 0.008236 4.066002 -30.175370 -0.827626 -3.099472 34.845011 -7.014249 -2.211842 22.646724 -8.831181 -1.794079
-0.499236 0.132467 -1.997822 -0.327614 -0.342510 -89.718485 -45.813015 -29.216557 -63.334854 -45.813015 -29.216557 -63.334854 -63.243907 -12.156846 -19.629868 5.811335 -4.387446 74.093122 3.172879 -4.912204 -65.758689 -12.838430 9.975453 -102.584526 -82.065316 22.444120 -153.698360 -82.065316 22.444120 -153.698360 0.363031 0.423426 81.308332 -16.049870 -20.260133 76.547942 -121.759639 -51.421627 149.978884 -121.759639 -51.421627 149.978884 4.358176 0.002723 -0.049457 -34.047366 0.155498 0.513856 64.708923 -20.758322 -13.231273 32.880025 -7.835001 -2.330726 -0.756571 0.018088 3.662316 -29.330632 -1.117108 -4.315805 33.305364 -6.440925 -1.963375 20.744210 -7.405484 -1.419161
-0.481999 0.135587 -0.882171 4.869644 3.711732 -87.393586 -46.001055 -29.249440 -63.160536 -46.001055 -29.249440 -63.160536 -63.508473 -11.994288 -19.267373 5.807346 -4.384796 74.091609 1.988386 -3.076757 -65.872272 -17.846638 13.433943 -105.232095 -95.605319 24.044445 -157.769259 -95.605319 24.044445 -157.769259 0.406885 0.476501 81.049399 -16.407051 -20.704693 76.551223 -123.352374 -52.008002 150.542800 -123.352374 -52.008002 150.542800 4.039106 -0.003852 0.209068 -35.066694 0.109361 0.349164 65.460493 -18.561802 -11.928413 32.672469 -5.057049 -1.495946 -2.363932 0.067950 3.409562 -28.478658 -1.350557 -5.386591 31.724879 -5.752910 -1.692164 18.967065 -5.924174 -1.080983
-0.170842 0.139248 0.667543 19.859659 9.640578 -76.841295 -46.095008 -29.265546 -63.073298 -46.095008 -29.265546 -63.073298 -63.615598 -11.934235 -19.132396 5.619422 -4.246416 74.136385 0.921877 -1.423500 -65.905489 -21.650467 15.921073 -107.286246 -106.282024 25.116301 -160.876582 -106.282024 25.116301 -160.876582 0.435405 0.511434 80.839505 -16.684129 -21.034909 76.600128 -124.537639 -52.436363 150.973652 -124.537639 -52.436363 150.973652 3.348277 -0.012769 0.758725 -36.738252 0.095368 0.282618 67.885204 -15.078904 -9.881619 33.761281 -0.728335 -0.052109 -3.900562 0.115862 3.361001 -27.278913 -1.486418 -6.177165 29.809743 -4.988891 -1.385162 17.113085 -4.544615 -0.766890
0.278922 0.143045 1.859880 40.228997 16.190556 -61.396312 -46.086136 -29.263974 -63.081514 -46.086136 -29.263974 -63.081514 -63.746525 -11.921719 -19.064771 5.438609 -4.112842 74.179551 0.031316 -0.041785 -65.771344 -23.125035 16.732075 -108.530479 -110.658887 25.378790 -162.255481 -110.658887 25.378790 -162.255481 0.433644 0.509906 80.761479 -16.709720 -21.089409 76.539848 -125.271183 -52.671350 151.260852 -125.271183 -52.671350 151.260852 2.513229 -0.021804 1.435680 -38.433961 0.091506 0.258804 70.789379 -10.758033 -7.302478 35.644791 4.471291 1.704525 -5.013389 0.155605 3.525980 -25.847038 -1.521358 -6.642208 27.716766 -4.244559 -1.068693 15.092506 -3.449545 -0.483453
0.634726 0.146573 2.301161 59.291921 21.138427 -45.818916 -46.094686 -29.265339 -63.073531 -46.094686 -29.265339 -63.073531 -63.981904 -11.904838 -18.953575 5.320813 -4.028919 74.251826 -0.581971 0.913106 -65.483962 -22.498478 16.130253 -109.082700 -108.813792 25.026212 -161.900929 -108.813792 25.026212 -161.900929 0.401428 0.471699 80.815517 -16.450331 -20.834804 76.344025 -125.436430 -52.710692 151.333806 -125.436430 -52.710692 151.333806 1.822714 -0.026408 1.991800 -39.533378 0.078251 0.215752 73.472327 -7.157863 -5.147639 37.886578 8.718004 3.187162 -5.352689 0.179364 3.840299 -24.628854 -1.499636 -6.863749 26.124278 -3.821182 -0.888162 13.605423 -2.949878 -0.350533
0.907811 0.149490 2.252553 71.450206 23.690744 -35.162625 -46.038473 -29.255714 -63.125732 -46.038473 -29.255714 -63.125732 -64.281845 -11.916409 -18.864037 5.196301 -3.944377 74.390782 -0.766647 1.201621 -65.073889 -20.037838 14.360960 -108.949305 -101.985363 24.198818 -160.195397 -101.985363 24.198818 -160.195397 0.381745 0.447976 80.890018 -16.001640 -20.312632 76.233186 -125.300710 -52.525473 151.366563 -125.300710 -52.525473 151.366563 1.443352 -0.028346 2.343506 -39.837413 0.099239 0.275363 74.767658 -4.818022 -3.648577 39.273527 11.409140 4.136795 -5.314904 0.199131 4.331188 -23.907677 -1.480934 -6.988576 25.672545 -3.238003 -0.736843 13.171460 -2.229158 -0.253549
1.021851 0.152662 1.186376 75.044789 24.658921 -32.034744 -45.951416 -29.240658 -63.206509 -45.951416 -29.240658 -63.206509 -64.546742 -11.936021 -18.799262 5.042124 -3.833501 74.475993 -0.465517 0.725320 -64.644571 -16.767734 12.127211 -108.078541 -92.836675 23.301746 -157.541631 -92.836675 23.301746 -157.541631 0.375003 0.439622 80.939649 -15.508007 -19.649396 76.368781 -124.957911 -52.130158 151.406759 -124.957911 -52.130158 151.406759 1.377179 -0.030249 2.495164 -39.245061 0.150718 0.433563 74.153747 -3.830908 -2.917590 39.131645 12.395985 4.417142 -4.974883 0.208966 4.883338 -23.278150 -1.454340 -7.049159 25.420618 -2.252013 -0.497129 12.889530 -0.945066 -0.092011
1.172588 0.156270 -0.181767 72.900195 26.001819 -34.830701 -45.828601 -29.219241 -63.320388 -45.828601 -29.219241 -63.320388 -64.644874 -11.964328 -18.807979 4.872677 -3.701328 74.415899 0.247410 -0.404592 -64.366943 -12.573777 9.231102 -106.261793 -81.576078 22.261529 -153.720461 -81.576078 22.261529 -153.720461 0.362599 0.424991 80.937775 -15.110367 -19.039655 76.700359 -124.497423 -51.693824 151.404329 -124.497423 -51.693824 151.404329 1.588254 -0.037281 2.645346 -38.125271 0.243780 0.723143 72.180937 -3.511869 -2.577204 37.534791 12.534288 4.273804 -4.324979 0.201437 5.485683 -23.110855 -1.431366 -6.987002 25.784191 -0.571220 -0.111778 13.181120 1.267443 0.172063
1.658180 0.159492 -1.086806 72.464359 26.260272 -35.390407 -45.752577 -29.206081 -63.390923 -45.752577 -29.206081 -63.390923 -64.501888 -12.024253 -18.953849 4.691658 -3.550780 74.204591 1.304777 -2.072232 -64.314523 -7.554340 5.557506 -103.404639 -69.525558 21.005247 -149.002749 -69.525558 21.005247 -149.002749 0.269608 0.316076 80.873149 -14.870377 -18.611765 77.081125 -123.925980 -51.263062 151.336738 -123.925980 -51.263062 151.336738 1.933726 -0.060828 3.263768 -37.746954 0.310049 0.922343 74.064118 -2.015560 -1.125405 38.120298 14.337234 5.195340 -3.301194 0.166189 6.205898 -22.908361 -1.317627 -6.469727 26.373818 1.828864 0.443667 13.913981 4.176991 0.532646
2.524229 0.161846 -0.582772 75.261567 22.623348 -30.214040 -45.522988 -29.164418 -63.603095 -45.522988 -29.164418 -63.603095 -64.128443 -12.162367 -19.309058 4.488507 -3.378165 73.900437 2.367925 -3.718759 -64.633921 -2.581586 1.704507 -99.583864 -57.460663 19.771115 -143.258173 -57.460663 19.771115 -143.258173 -0.095837 -0.109376 80.902330 -14.870930 -18.478958 77.475355 -123.298036 -50.965982 151.155530 -123.298036 -50.965982 151.155530 1.925096 -0.072044 4.268225 -38.701115 0.334569 0.973099 76.838960 0.943939 1.448925 41.799650 18.441539 7.911380 -2.253861 0.123114 7.041407 -22.700007 -1.111930 -5.501619 26.962110 4.220451 1.028971 14.745027 6.804559 0.908460
3.599300 0.162932 1.708587 79.249559 18.331266 -23.617551 -45.379017 -29.137712 -63.735890 -45.379017 -29.137712 -63.735890 -63.706726 -12.311308 -19.701092 4.359522 -3.262881 73.605463 3.491133 -5.373003 -65.472200 1.701060 -1.950342 -95.417780 -46.778907 18.598647 -137.030621 -46.778907 18.598647 -137.030621 -0.622516 -0.719955 81.098039 -15.159597 -18.709061 77.845978 -122.455754 -50.805417 150.766603 -122.455754 -50.805417 150.766603 1.860369 -0.085970 5.462829 -41.391624 0.278383 0.779477 78.286214 3.741132 3.654982 50.269261 22.828183 12.099726 -1.360064 0.083040 7.868493 -22.606797 -0.876056 -4.373163 28.071233 6.321387 1.610650 16.493786 8.997130 1.352968
4.779434 0.162629 6.039231 82.818546 15.049692 -18.174394 -45.277943 -29.119155 -63.829203 -45.277943 -29.119155 -63.829203 -63.416926 -12.459000 -20.042773 4.281078 -3.193997 73.435513 4.789822 -7.170735 -66.758135 4.842521 -4.918589 -91.670424 -38.507758 17.498281 -131.240263 -38.507758 17.498281 -131.240263 -1.167169 -1.349341 81.394570 -15.787015 -19.337306 78.240674 -121.600951 -50.560322 150.429059 -121.600951 -50.560322 150.429059 1.832421 -0.101074 6.474411 -45.951901 0.227182 0.575616 76.293824 5.402189 4.692016 61.827791 25.545011 16.184597 -0.808058 0.058055 8.628317 -23.039648 -0.686581 -3.380410 29.929038 7.989790 2.169460 19.490864 10.729276 1.898863
5.734377 0.161758 10.945353 83.260340 15.169389 -17.958561 -45.225839 -29.110159 -63.877556 -45.225839 -29.110159 -63.877556 -63.291070 -12.580620 -20.281859 4.210841 -3.139973 73.412281 6.231350 -9.053474 -68.357581 6.508897 -6.745333 -88.664264 -33.001812 16.743869 -126.409918 -33.001812 16.743869 -126.409918 -1.567170 -1.808612 81.705485 -16.572507 -20.135453 78.684211 -120.848912 -50.225633 150.209770 -120.848912 -50.225633 150.209770 2.126548 -0.128729 7.020945 -51.152008 0.182997 0.396119 70.531391 5.466748 4.312516 72.534985 25.885866 18.973060 -0.655490 0.052389 9.115700 -23.759875 -0.551175 -2.648589 32.499845 8.774471 2.587116 23.404114 11.456508 2.425497
6.236451 0.160906 15.000712 81.043574 18.058370 -22.044074 -45.143722 -29.095721 -63.953649 -45.143722 -29.095721 -63.953649 -63.271903 -12.662188 -20.418771 4.148504 -3.097677 73.491319 7.634454 -10.806991 -69.967041 7.153031 -7.622649 -86.530610 -29.546286 16.281126 -122.727328 -29.546286 16.281126 -122.727328 -1.737388 -2.001368 81.926813 -17.298274 -20.838859 79.172842 -120.493843 -49.930685 150.195273 -120.493843 -49.930685 150.195273 2.614403 -0.158309 7.014016 -55.072290 0.079451 0.165514 63.921118 3.750151 2.574407 79.393648 23.863794 19.640660 -0.722774 0.058753 9.323981 -25.137857 -0.511709 -2.314889 35.532735 9.110773 2.947541 27.523292 11.814640 2.942626
6.342104 0.159839 17.070706 77.096884 22.862278 -29.010959 -45.141733 -29.095674 -63.955625 -45.141733 -29.095674 -63.955625 -63.221677 -12.745508 -20.572135 3.950462 -2.957587 73.653806 8.821915 -12.222871 -71.358372 7.287703 -7.930470 -85.066904 -27.678820 16.086908 -120.256200 -27.678820 16.086908 -120.256200 -1.777504 -2.044074 82.015953 -17.751501 -21.221976 79.620620 -120.534398 -49.736667 150.343649 -120.534398 -49.736667 150.343649 3.360373 -0.198869 6.836050 -56.853837 -0.079811 -0.159661 61.634315 1.269286 0.685488 82.610373 20.992527 18.443923 -0.766457 0.062390 9.332387 -26.589082 -0.487255 -2.081636 38.145522 9.245565 3.203756 30.683248 11.989423 3.302015
6.099683 0.158753 16.914925 74.267894 25.187776 -33.065509 -45.002600 -29.069388 -64.083749 -45.002600 -29.069388 -64.083749 -63.030799 -12.919377 -20.927491 3.459672 -2.597423 73.831788 9.552527 -13.017076 -72.374180 6.926616 -7.680447 -84.020209 -26.890157 16.136085 -118.642810 -26.890157 16.136085 -118.642810 -1.888776 -2.174854 81.955839 -18.034597 -21.376257 80.116099 -121.401141 -49.802850 150.798446 -121.401141 -49.802850 150.798446 3.691162 -0.210834 6.546801 -55.178623 -0.309876 -0.682673 66.230699 -0.369155 -0.370799 78.964631 19.737852 16.344308 -1.007094 0.080329 9.223139 -28.395041 -0.444957 -1.786052 40.464333 8.658795 3.171303 33.078363 11.158797 3.291621
5.529556 0.157784 14.385443 71.853331 26.523175 -36.122661 -44.838754 -29.038061 -64.234467 -44.838754 -29.038061 -64.234467 -62.780421 -13.163987 -21.420683 2.777220 -2.090707 73.995593 9.891888 -13.323680 -73.057973 6.614379 -7.423045 -83.357913 -26.442876 16.186294 -117.618670 -26.442876 16.186294 -117.618670 -2.032790 -2.349005 81.773503 -18.199837 -21.352115 80.697792 -122.824640 -50.051932 151.448418 -122.824640 -50.051932 151.448418 3.851029 -0.210102 6.240443 -50.260699 -0.555381 -1.359357 72.374593 -1.307405 -0.941778 70.549502 19.595876 13.955883 -1.446208 0.112499 9.012836 -30.029776 -0.386241 -1.471451 42.007615 7.357518 2.799645 34.474195 9.387408 2.877448
4.733809 0.157087 10.037256 68.589628 27.358480 -39.749980 -44.560737 -28.982045 -64.488937 -44.560737 -28.982045 -64.488937 -62.554808 -13.475363 -22.013335 1.955747 -1.475077 74.115312 9.946305 -13.284004 -73.545305 6.444576 -7.283506 -82.980061 -25.958043 16.099485 -116.924737 -25.958043 16.099485 -116.924737 -2.248432 -2.616570 81.410315 -18.408033 -21.326015 81.421415 -124.563964 -49.938840 152.485420 -124.563964 -49.938840 152.485420 3.953116 -0.199920 5.822870 -43.147993 -0.714466 -1.986352 76.453264 -1.158756 -0.802774 59.311216 19.969611 11.361177 -2.215707 0.167160 8.778016 -31.142811 -0.318598 -1.162765 42.539006 4.653319 1.828898 34.864688 5.479794 1.756907
3.795059 0.157000 4.473634 60.977272 27.671179 -47.492425 -44.140396 -28.893886 -64.872128 -44.140396 -28.893886 -64.872128 -62.359600 -13.814339 -22.642613 1.073696 -0.810949 74.201849 9.813366 -12.999495 -74.016861 6.394491 -7.268260 -82.672598 -25.682895 16.094909 -116.374351 -25.682895 16.094909 -116.374351 -2.492042 -2.934431 80.795014 -18.798256 -21.390766 82.443551 -126.811710 -49.439691 153.995795 -126.811710 -49.439691 153.995795 4.356509 -0.191845 5.197154 -35.261165 -0.696855 -2.269105 74.702063 0.021805 -0.072907 46.512037 20.731664 8.860679 -2.973974 0.216427 8.437776 -31.597040 -0.276911 -0.984126 41.779295 0.732093 0.391217 33.769449 -0.059011 0.182944
2.745781 0.157745 -1.394351 49.598515 26.409749 -58.231022 -43.688655 -28.798965 -65.283866 -43.688655 -28.798965 -65.283866 -62.081151 -14.135711 -23.287061 0.211946 -0.160448 74.226451 9.553766 -12.573863 -74.382394 6.431518 -7.344421 -82.408225 -25.570199 16.171407 -115.904936 -25.570199 16.171407 -115.904936 -2.711536 -3.240838 79.976875 -19.371018 -21.554988 83.716209 -129.755934 -48.581212 156.016549 -129.755934 -48.581212 156.016549 5.062076 -0.182556 4.395362 -28.221159 -0.586943 -2.194975 69.517765 1.522039 0.854122 35.411221 21.579028 7.038747 -3.417014 0.238315 7.955090 -31.306055 -0.315591 -1.143697 39.771953 -4.038405 -1.227648 30.931232 -6.630764 -1.420343
1.835511 0.159392 -5.881030 37.354240 24.069180 -69.322463 -43.334612 -28.723721 -65.606177 -43.334612 -28.723721 -65.606177 -61.795912 -14.395583 -23.838143 -0.367441 0.277326 74.229895 9.279958 -12.153405 -74.651053 6.402824 -7.341957 -82.168481 -25.959734 16.550839 -115.507437 -25.959734 16.550839 -115.507437 -3.024892 -3.672074 79.112579 -20.407854 -22.186940 85.013206 -133.677055 -47.620051 158.495560 -133.677055 -47.620051 158.495560 5.866492 -0.173701 3.602604 -23.900804 -0.370905 -1.614437 62.410115 1.806355 1.025206 29.037942 20.937841 5.533923 -3.353302 0.220257 7.338566 -30.475745 -0.444513 -1.666517 36.930436 -8.089784 -2.528842 26.756580 -11.914870 -2.532415
1.205028 0.161211 -8.249716 27.008197 20.860512 -78.053158 -43.120628 -28.677779 -65.800775 -43.120628 -28.677779 -65.800775 -61.548013 -14.590309 -24.267284 -0.658804 0.497700 74.199801 9.085274 -11.849363 -74.876726 6.292174 -7.230629 -82.045460 -26.573275 17.052474 -115.190425 -26.573275 17.052474 -115.190425 -3.349414 -4.124961 78.263517 -22.132645 -23.512785 86.302210 -139.523179 -46.631437 161.758746 -139.523179 -46.631437 161.758746 6.640348 -0.163267 2.922491 -21.731330 -0.172010 -0.866056 58.663783 1.001461 0.579551 25.412780 19.337950 4.438095 -2.985758 0.179776 6.628920 -30.576114 -0.617756 -2.269539 35.726776 -10.719781 -3.397372 24.604968 -15.142407 -3.214111
0.947501 0.162978 -8.797512 20.436449 17.977812 -83.132888 -43.066043 -28.665639 -65.850226 -43.066043 -28.665639 -65.850226 -61.289344 -14.723698 -24.606643 -0.748745 0.565773 74.175441 8.913760 -11.594567 -75.027990 5.958432 -6.844500 -82.083103 -27.426685 17.636267 -115.110059 -27.426685 17.636267 -115.110059 -3.826524 -4.767242 77.596878 -25.299526 -26.259963 87.556424 -147.011942 -45.908923 165.501756 -147.011942 -45.908923 165.501756 7.262047 -0.156996 2.499623 -21.247491 -0.022224 -0.144813 57.277097 -0.139405 -0.077744 23.807160 17.696513 3.748704 -2.476091 0.132111 5.994400 -31.476300 -0.766753 -2.723460 35.845473 -11.263247 -3.619310 24.332543 -15.462458 -3.296576
0.975948 0.164651 -7.891307 17.526434 16.016271 -84.931926 -43.116033 -28.676939 -65.805020 -43.116033 -28.676939 -65.805020 -60.990104 -14.809335 -24.891305 -0.592653 0.447775 74.202589 8.760633 -11.365168 -75.182102 5.522954 -6.328786 -82.226147 -28.199863 18.122634 -115.172651 -28.199863 18.122634 -115.172651 -4.561455 -5.716968 77.213344 -29.411632 -29.877841 88.758507 -154.763725 -45.238694 169.181762 -154.763725 -45.238694 169.181762 7.651871 -0.152338 2.286892 -21.662774 0.081295 0.413535 57.885859 -1.715899 -0.971532 24.096817 15.830439 3.378044 -2.324294 0.112666 5.536742 -32.756303 -0.844563 -2.883018 37.255491 -10.674993 -3.571120 25.948783 -14.558765 -3.313905
1.149709 0.166465 -6.711477 16.346151 15.111029 -85.565896 -43.195076 -28.694441 -65.733378 -43.195076 -28.694441 -65.733378 -60.695679 -14.848182 -25.098037 -0.337342 0.254903 74.251164 8.605632 -11.132521 -75.341209 5.114035 -5.849243 -82.323628 -28.808192 18.448008 -115.385041 -28.808192 18.448008 -115.385041 -5.448473 -6.858020 76.938684 -33.623289 -33.495614 90.004754 -161.109473 -44.616943 172.105317 -161.109473 -44.616943 172.105317 7.776074 -0.147706 2.176904 -22.173724 0.179388 0.898502 59.185442 -2.992612 -1.749937 24.995378 14.309564 3.152254 -2.458272 0.112852 5.266685 -33.872941 -0.851050 -2.806215 38.571094 -9.455525 -3.308658 27.851907 -12.920897 -3.203550
1.292547 0.168562 -5.878965 15.512187 14.475061 -86.017609 -43.360861 -28.731186 -65.583130 -43.360861 -28.731186 -65.583130 -60.393996 -14.841755 -25.232979 -0.126622 0.095461 74.276703 8.460338 -10.929099 -75.419331 4.839221 -5.530408 -82.363978 -29.179964 18.578535 -115.707092 -29.179964 18.578535 -115.707092 -6.236515 -7.877122 76.726979 -36.711885 -35.996645 91.116742 -165.169077 -44.068298 173.952161 -165.169077 -44.068298 173.952161 7.726653 -0.139597 2.063150 -22.787374 0.271518 1.314276 60.864075 -4.426002 -2.681556 25.883486 12.764044 2.911952 -2.741755 0.122914 5.135492 -34.143365 -0.808069 -2.627518 38.858723 -8.410473 -2.987737 28.599636 -11.613272 -2.989275
1.259919 0.171308 -5.943788 13.759628 12.872979 -86.562577 -43.589437 -28.781338 -65.375747 -43.589437 -28.781338 -65.375747 -60.250819 -14.774350 -25.189861 0.175179 -0.131935 74.217252 8.262251 -10.678119 -75.397966 4.741478 -5.417464 -82.375727 -29.226329 18.509020 -115.993787 -29.226329 18.509020 -115.993787 -6.889462 -8.713085 76.637421 -37.994105 -37.034252 91.559737 -166.123517 -43.706709 174.411123 -166.123517 -43.706709 174.411123 7.623208 -0.118390 1.789389 -22.881110 0.326971 1.585489 61.709012 -6.473128 -3.876374 26.130762 10.589188 2.477552 -2.730437 0.122248 5.123116 -33.971640 -0.767958 -2.513501 38.691442 -7.318051 -2.571294 29.040772 -10.226991 -2.641370
1.152409 0.173185 -5.331661 9.530979 8.890462 -87.316207 -43.819263 -28.830995 -65.166883 -43.819263 -28.830995 -65.166883 -60.338434 -14.650508 -24.941531 0.721071 -0.540353 74.028009 8.115719 -10.486407 -75.413669 4.875738 -5.569550 -82.387695 -28.620647 18.092162 -116.051597 -28.620647 18.092162 -116.051597 -6.913868 -8.752069 76.573892 -37.177544 -36.323240 91.389140 -164.974224 -43.172890 174.039612 -164.974224 -43.172890 174.039612 7.671246 -0.075875 1.193704 -21.919025 0.315180 1.553165 61.830501 -10.277978 -6.086628 26.469761 6.135684 1.462971 -2.220556 0.100319 4.942810 -37.038993 -0.657275 -2.137618 45.197232 -5.294116 -1.627345 35.087543 -7.939491 -2.046640
0.849432 0.174152 -5.007451 3.628185 3.287661 -88.061360 -44.109333 -28.890736 -64.901957 -44.109333 -28.890736 -64.901957 -60.509257 -14.510194 -24.625647 1.230736 -0.919551 73.775952 7.928326 -10.235127 -75.470031 5.211245 -5.953408 -82.384482 -27.542413 17.449558 -115.868281 -27.542413 17.449558 -115.868281 -6.572009 -8.317330 76.593560 -35.228812 -34.792152 90.678601 -161.147398 -42.807093 172.545658 -161.147398 -42.807093 172.545658 7.845222 -0.021761 0.400793 -20.453968 0.246937 1.263051 61.427195 -13.785418 -8.174646 26.694674 1.905924 0.417366 -1.301419 0.061458 4.512293 -40.730244 -0.567509 -1.756837 52.919377 -5.026025 -1.829766 44.591559 -9.039662 -3.935361
0.333784 0.174384 -4.554273 -2.539955 -2.572453 -88.666988 -44.439286 -28.957357 -64.600010 -44.439286 -28.957357 -64.600010 -60.647370 -14.366923 -24.321473 1.728371 -1.289584 73.573395 7.739026 -9.973717 -75.568312 5.763428 -6.584532 -82.381966 -26.299508 16.745651 -115.554211 -26.299508 16.745651 -115.554211 -6.051108 -7.639384 76.742441 -32.474192 -32.593380 89.645584 -154.518721 -42.703330 169.780355 -154.518721 -42.703330 169.780355 8.073146 0.031928 -0.406536 -19.332638 0.156791 0.857024 61.417154 -17.209305 -10.312799 27.108797 -2.141849 -0.601128 -0.410587 0.022846 3.749190 -43.548162 -0.604276 -1.734651 60.190206 -6.942126 -3.324843 54.108635 -13.661880 -7.653310
-0.101333 0.173791 -3.028082 -6.978354 -6.819886 -88.902387 -44.664904 -29.002804 -64.393494 -44.664904 -29.002804 -64.393494 -60.735232 -14.269307 -24.117374 1.988796 -1.483559 73.468016 7.712319 -9.919151 -75.676074 6.362880 -7.266741 -82.393402 -25.126343 16.048057 -115.366039 -25.126343 16.048057 -115.366039 -5.247468 -6.602701 76.987103 -28.871308 -29.513409 88.479672 -145.788577 -42.940034 165.934921 -145.788577 -42.940034 165.934921 8.128602 0.069593 -0.980846 -20.613663 0.121042 0.628136 66.365216 -19.513079 -13.269968 30.181042 -4.922169 -1.437674 0.112153 -0.001658 2.875979 -44.442794 -0.799353 -2.167080 63.916405 -10.032848 -5.477619 60.051335 -19.018852 -11.301038
-0.318927 0.172674 -0.707827 -8.603947 -8.414416 -88.727269 -44.761714 -29.022385 -64.304915 -44.761714 -29.022385 -64.304915 -60.670110 -14.233784 -24.089199 1.941006 -1.448601 73.486179 7.851103 -10.083384 -75.750431 6.815541 -7.777757 -82.432200 -24.205043 15.446476 -115.385571 -24.205043 15.446476 -115.385571 -4.306405 -5.392554 77.398672 -24.974153 -25.991241 87.345994 -135.879495 -43.377614 161.337706 -135.879495 -43.377614 161.337706 7.984059 0.083120 -1.190277 -23.989041 0.152331 0.644234 72.983303 -20.889647 -16.074205 34.805726 -6.692011 -2.213763 0.243418 -0.006047 2.112936 -43.596634 -1.062727 -2.828073 64.298218 -12.656798 -7.298201 61.798962 -22.370978 -13.317400
-0.291058 0.171726 1.762228 -8.581826 -8.394450 -88.735396 -44.752121 -29.020973 -64.313926 -44.752121 -29.020973 -64.313926 -60.476704 -14.223176 -24.162705 1.731744 -1.294996 73.590886 8.137908 -10.446218 -75.776867 7.107582 -8.102808 -82.489985 -23.278864 14.821169 -115.469060 -23.278864 14.821169 -115.469060 -3.417649 -4.243281 78.064457 -21.108065 -22.446239 86.064390 -125.775899 -43.825570 156.457901 -125.775899 -43.825570 156.457901 7.807870 0.079523 -1.163017 -28.048339 0.211419 0.790272 80.802027 -21.376539 -18.859648 40.087862 -7.492465 -2.894765 0.361044 -0.005604 1.677932 -42.143107 -1.287117 -3.372891 63.972920 -13.740517 -8.445804 64.383166 -22.333674 -13.849756
0.055130 0.170255 5.367807 -8.262164 -8.093886 -88.824763 -44.671916 -29.005641 -64.387706 -44.671916 -29.005641 -64.387706 -60.259276 -14.189855 -24.209168 1.751800 -1.314436 73.724457 8.590192 -11.046987 -75.681509 7.285184 -8.287830 -82.606010 -22.326758 14.193267 -115.505482 -22.326758 14.193267 -115.505482 -2.472683 -3.031033 78.910696 -17.979365 -19.592547 84.729724 -117.281855 -43.927364 152.189568 -117.281855 -43.927364 152.189568 7.651585 0.073567 -1.097896 -31.301328 0.249709 0.873879 87.423369 -22.358090 -21.774102 45.193023 -9.216816 -3.960065 0.329860 -0.004801 1.425354 -43.678020 -1.310729 -3.323127 69.210212 -11.932692 -8.001893 71.142195 -17.845607 -12.217205
0.712876 0.168660 9.645723 -7.281210 -7.147875 -89.028309 -44.727986 -29.016415 -64.336153 -44.727986 -29.016415 -64.336153 -60.132331 -14.113905 -24.141774 2.076537 -1.568763 73.986469 9.001270 -11.605445 -75.536314 7.501732 -8.500185 -82.815993 -21.499558 13.636874 -115.592228 -21.499558 13.636874 -115.592228 -1.633506 -1.971126 79.896932 -15.936323 -17.831142 83.337498 -111.222338 -44.065851 148.916911 -111.222338 -44.065851 148.916911 7.288570 0.061628 -0.942360 -33.972764 0.250523 0.831236 90.875321 -23.036370 -23.477325 50.363481 -10.799068 -5.200381 -0.323905 0.007210 1.470287 -46.271292 -1.052912 -2.557769 75.296750 -9.087239 -6.787469 80.577097 -12.971364 -10.571582
1.475173 0.167348 13.347908 -5.554827 -5.463638 -89.306367 -44.981121 -29.064053 -64.102967 -44.981121 -29.064053 -64.102967 -60.136218 -14.028688 -23.997503 2.571871 -1.952300 74.268580 9.273800 -11.996472 -75.343190 7.806918 -8.792646 -83.153311 -21.184455 13.343840 -115.932478 -21.184455 13.343840 -115.932478 -1.042273 -1.242706 80.857914 -14.973287 -17.158762 82.062695 -107.941810 -44.533321 146.810197 -107.941810 -44.533321 146.810197 6.703234 0.045174 -0.703746 -35.671088 0.246807 0.773884 89.853221 -23.054171 -23.115731 53.958945 -11.534084 -5.950866 -1.799022 0.041974 1.740318 -48.138297 -0.613085 -1.438684 78.603558 -6.197372 -5.089486 85.805440 -9.368519 -8.763821
2.343204 0.166118 16.839860 -3.076798 -3.029205 -89.589727 -45.334998 -29.128813 -63.776173 -45.334998 -29.128813 -63.776173 -60.236659 -13.968390 -23.849242 2.987419 -2.274014 74.492711 9.350799 -12.138133 -75.133530 7.904551 -8.838518 -83.599089 -21.770707 13.520136 -116.629123 -21.770707 13.520136 -116.629123 -0.461254 -0.546591 81.634203 -14.468422 -16.892034 81.050613 -107.723875 -45.395424 146.050736 -107.723875 -45.395424 146.050736 5.936306 0.025258 -0.394103 -37.618182 0.255579 0.749726 89.284966 -22.130651 -21.986072 57.017639 -10.734014 -5.845976 -3.971593 0.106951 2.306652 -48.990377 -0.129499 -0.283146 77.979044 -3.537682 -3.136951 84.692756 -6.481150 -6.403628
3.123553 0.164360 19.589172 -0.155253 -0.146855 -89.732537 -45.674963 -29.190721 -63.462092 -45.674963 -29.190721 -63.462092 -60.388616 -13.938006 -23.727550 3.105911 -2.366606 74.587878 9.251390 -12.076306 -74.815966 7.757294 -8.602429 -84.097088 -23.095105 14.077569 -117.607388 -23.095105 14.077569 -117.607388 0.020506 0.017935 82.161998 -14.249635 -16.817854 80.427221 -108.874791 -46.311484 146.013914 -108.874791 -46.311484 146.013914 5.147996 0.007079 -0.079464 -40.442770 0.258525 0.709394 85.983153 -20.239068 -19.137229 60.451292 -8.471065 -4.796801 -6.020093 0.178179 2.970244 -48.651585 0.265650 0.614674 72.463397 -1.647423 -1.410728 76.136038 -4.502710 -3.884014
3.684574 0.162212 20.698042 4.640486 4.291703 -88.842985 -45.950830 -29.240337 -63.206957 -45.950830 -29.240337 -63.206957 -60.499678 -13.910951 -23.631251 3.007065 -2.290159 74.565058 8.955908 -11.785883 -74.354577 7.524431 -8.281837 -84.522787 -24.938940 14.852566 -118.835545 -24.938940 14.852566 -118.835545 0.270586 0.308183 82.424096 -13.859978 -16.456562 80.088217 -110.294057 -47.141782 146.207338 -110.294057 -47.141782 146.207338 4.331442 -0.006636 0.242588 -42.937097 0.277358 0.718893 83.841177 -16.892615 -15.330809 62.577484 -3.907498 -2.293823 -7.646603 0.246676 3.570064 -46.906997 0.489139 1.134056 64.614284 -0.808985 -0.467993 65.241232 -3.633452 -2.347497
3.814613 0.160244 19.455502 11.435855 9.903210 -86.179798 -46.049584 -29.257811 -63.115497 -46.049584 -29.257811 -63.115497 -60.506045 -13.851598 -23.529008 2.759194 -2.095879 74.418673 8.636587 -11.505008 -73.670908 7.283725 -7.962652 -84.897439 -27.319563 15.781365 -120.407233 -27.319563 15.781365 -120.407233 0.266202 0.303418 82.463705 -13.359233 -15.914546 79.899640 -111.568666 -47.880184 146.411602 -111.568666 -47.880184 146.411602 3.669776 -0.014420 0.554591 -44.314730 0.373062 0.942118 83.543253 -13.665072 -12.249091 62.565586 0.752039 0.404682 -8.606656 0.292394 3.861208 -43.681981 0.486729 1.191704 55.828837 -1.608492 -0.667693 53.066872 -4.617360 -2.082615
3.557971 0.159504 15.728947 20.543777 16.400404 -81.373003 -46.021062 -29.252968 -63.142001 -46.021062 -29.252968 -63.142001 -60.443710 -13.705233 -23.312148 2.562279 -1.941545 74.283061 8.325540 -11.302089 -72.648224 6.980736 -7.562668 -85.469187 -31.354712 16.922770 -123.366774 -31.354712 16.922770 -123.366774 0.095447 0.108340 82.416865 -12.884975 -15.434845 79.591234 -112.859131 -48.649340 146.619775 -112.859131 -48.649340 146.619775 3.135729 -0.023053 0.953530 -44.313565 0.591353 1.523319 84.573368 -11.484069 -10.407752 60.999675 3.881912 2.166362 -8.032430 0.277240 3.933569 -38.066375 0.381687 1.047805 47.747776 -3.510545 -1.313125 42.304659 -7.184522 -2.368547
3.013681 0.160348 10.330659 28.536786 21.856945 -76.791725 -46.046870 -29.256886 -63.117819 -46.046870 -29.256886 -63.117819 -60.474346 -13.487335 -22.936434 2.604307 -1.962063 74.039288 7.956901 -11.067839 -71.265842 6.435847 -6.875112 -86.568030 -37.358464 18.101530 -128.027581 -37.358464 18.101530 -128.027581 -0.084021 -0.096533 82.316467 -12.691785 -15.334696 79.127021 -114.409889 -49.547828 146.896972 -114.409889 -49.547828 146.896972 2.870468 -0.033224 1.354797 -43.135101 0.889018 2.359056 86.656181 -10.838966 -10.240356 58.272947 4.747826 2.622963 -6.206358 0.212541 3.863198 -31.038772 0.260962 0.835435 40.932926 -5.969940 -1.992996 32.997819 -10.858674 -2.722756
2.380674 0.162608 4.785304 34.163481 25.421788 -73.258598 -46.056867 -29.258113 -63.108325 -46.056867 -29.258113 -63.108325 -60.632550 -13.235204 -22.450340 2.750072 -2.058844 73.718862 7.241507 -10.345955 -69.659977 4.664037 -4.954573 -88.235190 -46.747209 19.672373 -134.281191 -46.747209 19.672373 -134.281191 -0.101398 -0.115149 82.164209 -12.824860 -15.698193 78.426939 -115.986479 -50.323911 147.281750 -115.986479 -50.323911 147.281750 2.850531 -0.042724 1.684014 -41.349892 1.178011 3.175629 88.616255 -11.107256 -10.923704 55.742696 4.216592 2.320490 -3.458358 0.118800 3.803465 -24.175552 0.153901 0.607178 36.684944 -8.619083 -2.730876 27.017463 -15.016246 -3.323253
1.887961 0.164856 1.228905 36.242805 26.520336 -71.727469 -45.925468 -29.234323 -63.229782 -45.925468 -29.234323 -63.229782 -61.011501 -12.988741 -21.879987 2.894166 -2.155221 73.411230 5.961165 -8.728007 -67.928642 1.984029 -2.190571 -90.411881 -57.980527 21.222964 -140.969562 -57.980527 21.222964 -140.969562 0.068587 0.080991 81.954849 -13.284840 -16.483571 77.664119 -116.923135 -50.658700 147.604652 -116.923135 -50.658700 147.604652 3.030710 -0.050099 1.881628 -40.534754 1.360207 3.694905 88.735086 -12.196127 -11.979486 55.397415 2.272134 1.221081 -0.519122 0.017446 3.815067 -19.611271 0.076880 0.377553 34.811378 -10.859877 -3.382202 24.117797 -18.545154 -3.916090
1.685152 0.166749 -0.297947 37.811095 27.017533 -70.381037 -45.650976 -29.184710 -63.483538 -45.650976 -29.184710 -63.483538 -61.445799 -12.806908 -21.393224 2.888321 -2.145559 73.237434 4.237209 -6.347367 -66.384182 -1.502012 1.218684 -92.642915 -69.783028 22.711876 -146.978002 -69.783028 22.711876 -146.978002 0.175949 0.204197 81.720023 -13.827082 -17.373412 76.921269 -117.520068 -50.647249 147.967507 -117.520068 -50.647249 147.967507 3.089836 -0.053739 1.997381 -40.440385 1.424252 3.866736 88.085110 -12.457050 -12.097453 55.740718 1.563059 0.842785 1.600036 -0.057704 3.956121 -17.429088 0.022425 0.141000 33.920911 -11.599353 -3.561927 22.874030 -19.667812 -4.037680
1.735379 0.168700 -0.002415 42.146914 27.465414 -66.241132 -45.231252 -29.107746 -63.871068 -45.231252 -29.107746 -63.871068 -61.762927 -12.707292 -21.095069 2.610388 -1.938600 73.243890 2.127516 -3.228156 -65.282098 -5.721833 5.091785 -94.654877 -80.044736 24.145367 -151.080604 -80.044736 24.145367 -151.080604 0.092851 0.106266 81.482433 -14.188321 -18.037157 76.223042 -118.003240 -50.575947 148.304512 -118.003240 -50.575947 148.304512 2.893309 -0.051605 2.061269 -40.705292 1.426686 3.845197 87.298167 -12.205690 -11.685087 55.467721 2.098585 1.081765 2.032704 -0.074866 4.203036 -17.469993 -0.037743 -0.229080 33.542390 -11.165381 -3.400021 22.405443 -18.810393 -3.806240
1.800982 0.170839 0.381070 47.182652 28.327439 -61.581694 -44.874164 -29.043349 -64.201240 -44.874164 -29.043349 -64.201240 -61.931948 -12.667307 -20.960287 2.251022 -1.681771 73.572537 0.276217 -0.396136 -64.630592 -9.580711 8.471543 -96.259615 -88.125605 25.444165 -153.684889 -88.125605 25.444165 -153.684889 -0.175238 -0.206188 81.295766 -14.345313 -18.429507 75.606654 -119.173460 -50.593926 148.984358 -119.173460 -50.593926 148.984358 2.650264 -0.049200 2.143750 -40.617353 1.396413 3.766587 87.896930 -12.125872 -11.762860 53.421958 2.817479 1.391870 1.802413 -0.067973 4.487764 -18.006759 -0.129268 -0.767925 32.638324 -9.873956 -2.939804 20.978620 -16.522998 -3.187563
1.778902 0.172934 0.902365 50.302887 28.900240 -58.708683 -44.912888 -29.049597 -64.165112 -44.912888 -29.049597 -64.165112 -62.117568 -12.639691 -20.840697 2.108474 -1.594166 74.150512 -1.133695 1.815140 -64.242196 -12.714905 11.040284 -97.675146 -92.265597 26.431342 -154.566378 -92.265597 26.431342 -154.566378 -0.547812 -0.640239 81.187252 -14.463183 -18.744101 75.109509 -121.087035 -50.764277 149.988327 -121.087035 -50.764277 149.988327 2.524318 -0.048644 2.214293 -40.056473 1.265706 3.451869 89.670962 -12.160059 -12.181766 50.317462 3.801403 1.768833 0.533588 -0.019486 4.704113 -18.831696 -0.264066 -1.518266 31.481262 -8.388598 -2.406503 18.897098 -13.912971 -2.440368
1.669534 0.174771 1.417570 50.767586 29.244188 -58.391602 -45.290581 -29.117289 -63.815703 -45.290581 -29.117289 -63.815703 -62.325793 -12.620716 -20.726867 2.165766 -1.662963 74.863909 -1.985255 3.183967 -63.998995 -14.908914 12.739899 -98.880257 -93.534555 27.129355 -154.419397 -93.534555 27.129355 -154.419397 -0.894658 -1.045743 81.119516 -14.583244 -19.037241 74.700220 -123.851335 -50.968364 151.448938 -123.851335 -50.968364 151.448938 2.540952 -0.050390 2.267970 -39.239060 1.055510 2.927609 91.574794 -11.962692 -12.383882 47.956218 5.082582 2.295376 -1.312787 0.056589 4.817006 -19.623297 -0.420957 -2.361798 30.370464 -7.017126 -1.924182 16.785172 -11.411220 -1.751629
1.535330 0.176468 1.455275 49.526195 29.347724 -59.675975 -45.779944 -29.205534 -63.363222 -45.779944 -29.205534 -63.363222 -62.621302 -12.626250 -20.617543 2.365374 -1.836065 75.501398 -2.497609 4.022708 -63.714866 -15.530535 13.087537 -99.857432 -91.989808 27.243798 -153.616110 -91.989808 27.243798 -153.616110 -1.148338 -1.345627 80.992989 -14.764888 -19.330540 74.527918 -126.607231 -50.967984 153.011205 -126.607231 -50.967984 153.011205 2.696753 -0.055551 2.348682 -38.278198 0.834554 2.378409 93.384167 -11.648641 -12.388941 46.568428 6.062539 2.644182 -2.974520 0.127657 4.881342 -20.165615 -0.556151 -3.107866 29.519787 -5.255902 -1.419017 15.358579 -8.345235 -1.186168
1.550197 0.178227 1.323509 50.562976 29.183950 -58.568085 -46.151021 -29.273165 -63.020426 -46.151021 -29.273165 -63.020426 -62.882182 -12.658938 -20.566017 2.614931 -2.040369 75.899756 -2.558642 4.141316 -63.431109 -14.346786 11.972230 -100.407521 -88.792992 26.812470 -152.610146 -88.792992 26.812470 -152.610146 -1.275186 -1.497985 80.839440 -14.901904 -19.495738 74.563555 -128.976383 -50.777439 154.458279 -128.976383 -50.777439 154.458279 2.784351 -0.061039 2.530724 -37.291267 0.692116 2.048853 94.654287 -10.716595 -11.616023 46.109957 7.231213 3.102129 -4.559055 0.198363 4.949267 -20.274041 -0.644510 -3.605704 28.816168 -2.691458 -0.715703 14.539986 -4.070690 -0.523425
1.729659 0.180292 1.556048 56.167837 28.716443 -52.762770 -46.203941 -29.283127 -62.971677 -46.203941 -29.283127 -62.971677 -63.097048 -12.681461 -20.517489 2.814723 -2.197728 75.970789 -2.253403 3.661046 -63.075379 -10.991276 9.114732 -100.442791 -82.566253 25.618739 -150.894073 -82.566253 25.618739 -150.894073 -1.294296 -1.523954 80.683670 -14.792048 -19.307958 74.698500 -130.028749 -50.486982 155.209619 -130.028749 -50.486982 155.209619 2.653669 -0.063472 2.789131 -36.342384 0.658154 2.015284 92.887132 -9.477349 -10.029634 46.006149 8.432911 3.585494 -6.147107 0.268967 4.995312 -20.310022 -0.700754 -3.912230 28.805245 0.075589 0.010412 14.827447 0.498695 0.079738
1.971638 0.182600 1.873362 65.135660 25.294198 -41.828613 -45.987427 -29.245781 -63.172616 -45.987427 -29.245781 -63.172616 -63.265043 -12.684506 -20.456954 2.983284 -2.323488 75.835819 -1.394224 2.261572 -62.723592 -5.497204 4.478425 -99.783507 -73.897659 23.694801 -148.519318 -73.897659 23.694801 -148.519318 -1.243363 -1.465542 80.619283 -14.408747 -18.752583 74.877689 -130.117669 -50.196156 155.422892 -130.117669 -50.196156 155.422892 2.222952 -0.057719 3.118181 -35.121164 0.701159 2.230228 89.409483 -9.120445 -9.076322 45.125924 8.177343 3.423498 -7.426328 0.328539 5.053180 -20.456073 -0.735558 -4.071054 29.093556 2.739921 0.723751 15.296889 4.844261 0.684424
2.309764 0.185029 3.089568 73.775126 16.643497 -25.647047 -45.716918 -29.199290 -63.423738 -45.716918 -29.199290 -63.423738 -63.323041 -12.675263 -20.419896 3.003907 -2.331930 75.639864 -0.008999 -0.015652 -62.398718 0.874324 -1.044973 -98.315205 -62.524684 21.221538 -144.931874 -62.524684 21.221538 -144.931874 -1.295217 -1.525181 80.658578 -14.001001 -18.126829 75.187745 -129.540902 -49.798092 155.328520 -129.540902 -49.798092 155.328520 1.340854 -0.032962 3.618283 -34.343592 0.727225 2.362933 86.655998 -8.732952 -8.203181 45.340592 8.148726 3.463981 -8.405714 0.376466 5.116143 -20.981133 -0.777124 -4.186170 30.083985 4.786747 1.309847 16.836479 8.084421 1.241903
2.865044 0.186975 5.844573 80.876780 5.850432 -9.161191 -45.512641 -29.163649 -63.613143 -45.512641 -29.163649 -63.613143 -63.180266 -12.655706 -20.445385 2.970357 -2.298032 75.433005 1.669208 -2.758455 -62.321799 6.457260 -6.104550 -96.132335 -51.043890 18.946404 -140.315862 -51.043890 18.946404 -140.315862 -1.499296 -1.759036 80.824926 -13.731538 -17.667574 75.542032 -128.912685 -49.413578 155.200271 -128.912685 -49.413578 155.200271 0.306502 0.001991 4.300645 -34.411172 0.749754 2.425239 84.960758 -8.158048 -7.372126 47.170674 8.780027 4.000825 -9.248262 0.431901 5.328489 -22.380750 -0.807576 -4.114929 32.483728 6.224594 1.882646 20.192094 10.120042 1.923072
3.702220 0.187830 10.324458 84.708422 -3.772581 3.105716 -45.410662 -29.145575 -63.707576 -45.410662 -29.145575 -63.707576 -62.879474 -12.674477 -20.595065 2.810494 -2.165401 75.192586 3.598782 -5.836584 -62.688964 9.974408 -9.546200 -93.402487 -41.846758 17.461997 -135.316212 -41.846758 17.461997 -135.316212 -1.735485 -2.028944 81.044481 -13.708451 -17.480225 76.035491 -128.306409 -49.127686 155.029486 -128.306409 -49.127686 155.029486 -0.560450 0.036468 5.144614 -36.086839 0.781355 2.398714 82.595467 -7.351022 -6.454766 52.589010 10.229887 5.496149 -9.610855 0.487127 5.748366 -24.594618 -0.792454 -3.758108 35.936073 7.652180 2.607571 24.927947 11.895853 2.823681
4.776194 0.187496 16.206562 87.319634 -9.363819 10.053931 -45.414213 -29.146254 -63.704310 -45.414213 -29.146254 -63.704310 -62.470110 -12.733082 -20.852572 2.599474 -1.991165 74.860204 5.463003 -8.646480 -63.777692 10.869490 -10.782539 -90.504690 -36.654988 17.091947 -130.699386 -36.654988 17.091947 -130.699386 -1.793184 -2.088107 81.365241 -13.747301 -17.386362 76.500446 -127.708850 -49.167860 154.676925 -127.708850 -49.167860 154.676925 -1.076516 0.058591 5.968977 -38.645391 0.853977 2.426324 80.399506 -6.438991 -5.510440 59.455961 11.988432 7.292408 -10.202976 0.572076 6.311085 -27.609146 -0.697451 -3.044968 40.925203 8.951226 3.474328 31.772092 13.292553 3.957827
5.780430 0.186331 21.535819 88.013166 -8.769689 9.253006 -45.516543 -29.164565 -63.609628 -45.516543 -29.164565 -63.609628 -62.129945 -12.813447 -21.118718 2.407140 -1.829117 74.388261 7.056720 -10.883667 -65.293601 10.377570 -10.697023 -87.902322 -33.759299 17.223555 -126.808934 -33.759299 17.223555 -126.808934 -1.641983 -1.900919 81.831763 -13.658846 -17.158799 76.893491 -126.583153 -49.508493 153.853436 -126.583153 -49.508493 153.853436 -0.999984 0.055287 6.707940 -41.279106 0.935118 2.469349 77.211722 -6.703222 -5.373860 65.558427 11.888299 7.774235 -10.225630 0.626403 7.011812 -30.727665 -0.574775 -2.250914 46.582720 10.542388 4.708519 38.857585 15.232094 5.601479
6.409714 0.185291 24.554542 88.720251 -3.248630 3.280093 -45.659547 -29.189809 -63.477163 -45.659547 -29.189809 -63.477163 -61.937583 -12.893611 -21.327038 2.181318 -1.643063 73.857167 8.187660 -12.314049 -66.885765 9.211204 -9.838554 -85.915468 -32.480719 17.532654 -124.123466 -32.480719 17.532654 -124.123466 -1.318424 -1.512860 82.402444 -13.317870 -16.669700 77.109100 -124.903212 -50.023898 152.611261 -124.903212 -50.023898 152.611261 -0.349737 0.018302 7.195384 -43.347777 1.017031 2.557252 72.878146 -8.825963 -6.441166 69.547894 8.791022 6.057926 -9.249653 0.607759 7.757882 -32.958482 -0.478453 -1.668783 51.372693 12.097502 5.947208 44.259006 17.472385 7.285999
6.502251 0.185034 24.914786 86.444490 4.277550 -5.690871 -45.865109 -29.225663 -63.286560 -45.865109 -29.225663 -63.286560 -61.764052 -12.969420 -21.522741 1.835756 -1.370978 73.377612 8.811382 -12.966965 -68.241716 8.099637 -8.893641 -84.439777 -31.730484 17.632863 -122.710704 -31.730484 17.632863 -122.710704 -1.024334 -1.162637 82.962837 -12.932448 -16.148611 77.246905 -123.034695 -50.406230 151.329890 -123.034695 -50.406230 151.329890 0.758308 -0.051483 7.456077 -45.361135 1.027029 2.471443 69.314515 -12.977492 -8.763179 73.038579 1.955855 0.941834 -7.083459 0.491586 8.384668 -33.857569 -0.469186 -1.556265 53.847526 13.209000 6.794225 46.621214 19.319275 8.444202
6.105391 0.185655 22.674327 81.475374 13.041316 -17.470858 -46.022795 -29.253082 -63.140313 -46.022795 -29.253082 -63.140313 -61.601318 -12.991737 -21.627138 1.476040 -1.094572 73.021962 8.939826 -12.960876 -69.078804 7.229180 -8.086758 -83.444754 -31.373716 17.645981 -122.137671 -31.373716 17.645981 -122.137671 -0.845976 -0.950202 83.442987 -12.692879 -15.843760 77.270432 -121.475493 -50.582798 150.333900 -121.475493 -50.582798 150.333900 2.237912 -0.145394 7.514172 -47.148326 0.954070 2.220236 66.700517 -18.229869 -11.640208 77.236597 -7.268761 -7.507848 -4.241077 0.308861 8.819905 -33.337206 -0.514876 -1.739498 52.564629 13.663501 6.853691 44.402008 20.209776 8.431916
5.339277 0.186370 18.702195 74.428146 21.116967 -30.093994 -46.161596 -29.276526 -63.011281 -46.161596 -29.276526 -63.011281 -61.434309 -12.957023 -21.639857 1.189662 -0.877775 72.808928 8.857260 -12.768777 -69.381934 6.566454 -7.429502 -82.858036 -31.506413 17.815072 -121.886647 -31.506413 17.815072 -121.886647 -0.761633 -0.849271 83.810796 -12.708856 -15.861437 77.277454 -120.503135 -50.635882 149.740023 -120.503135 -50.635882 149.740023 3.778735 -0.239016 7.408030 -47.773629 0.792002 1.792394 66.603343 -24.408968 -16.482472 77.364903 -17.067554 -14.579997 -1.680864 0.132227 9.030027 -32.071930 -0.585627 -2.055119 48.195580 13.421623 6.191989 38.403549 19.978455 7.328402
4.382882 0.187159 13.893922 66.213407 26.612064 -41.606114 -46.274447 -29.295265 -62.906232 -46.274447 -29.295265 -62.906232 -61.257806 -12.889354 -21.602321 0.985389 -0.725370 72.703981 8.694610 -12.508119 -69.497346 6.135154 -6.986104 -82.541308 -31.818995 18.151469 -121.474557 -31.818995 18.151469 -121.474557 -0.754513 -0.837409 84.035902 -12.908613 -16.123001 77.231629 -120.132885 -50.711738 149.474521 -120.132885 -50.711738 149.474521 5.050026 -0.304723 7.020347 -46.195318 0.591995 1.341951 70.775515 -29.821161 -22.675280 71.720324 -24.442482 -18.032404 -0.373847 0.030728 8.921032 -30.741516 -0.607292 -2.213706 42.877662 12.113463 4.930175 31.654251 17.930907 5.427374
3.481961 0.188151 9.009610 58.677889 29.120050 -50.423464 -46.338822 -29.305918 -62.846292 -46.338822 -29.305918 -62.846292 -61.111020 -12.847934 -21.595835 0.852097 -0.626081 72.604378 8.447252 -12.138290 -69.571700 5.846245 -6.675954 -82.403607 -31.965406 18.494793 -120.776004 -31.965406 18.494793 -120.776004 -0.846841 -0.937878 84.160473 -13.205792 -16.494887 77.222353 -121.067058 -50.910131 149.888900 -121.067058 -50.910131 149.888900 5.818876 -0.327734 6.499767 -42.605447 0.427355 1.055890 78.607042 -33.960184 -29.449035 60.323579 -28.709621 -17.490144 0.093346 -0.007378 8.681447 -29.694946 -0.587535 -2.213390 38.449586 10.830324 3.872218 25.835670 15.883743 3.833780
2.858845 0.189255 5.261257 53.669419 29.593915 -55.634539 -46.321799 -29.303102 -62.862143 -46.321799 -29.303102 -62.862143 -61.111816 -12.873545 -21.637576 0.744099 -0.546230 72.560448 8.181351 -11.723791 -69.742280 5.813354 -6.645826 -82.345834 -31.802124 18.702853 -119.936610 -31.802124 18.702853 -119.936610 -0.994054 -1.101638 84.152929 -13.473741 -16.794879 77.330086 -123.349001 -51.120892 151.062555 -123.349001 -51.120892 151.062555 6.062433 -0.315033 5.962191 -38.600116 0.352201 1.006408 86.485185 -35.551058 -34.223820 48.336291 -28.628892 -13.784959 0.025772 -0.003341 8.417371 -28.985470 -0.548312 -2.118896 35.886428 9.672751 3.151726 22.214720 14.145441 2.826119
2.589290 0.190386 3.577647 51.108323 29.728419 -58.251458 -46.281994 -29.296619 -62.899250 -46.281994 -29.296619 -62.899250 -61.173029 -12.979510 -21.786119 0.604885 -0.444056 72.587128 7.856754 -11.187028 -70.102063 5.897816 -6.753482 -82.256418 -31.455123 18.760226 -119.199276 -31.455123 18.760226 -119.199276 -1.153265 -1.284139 83.917133 -13.816492 -17.082192 77.769702 -127.566447 -50.975259 153.459831 -127.566447 -50.975259 153.459831 5.984282 -0.287752 5.488355 -35.869006 0.362169 1.130444 91.415364 -35.049747 -35.894068 39.943191 -25.945289 -9.672367 -0.509118 0.035158 8.191001 -28.752761 -0.522239 -2.035892 35.265470 8.653814 2.762103 21.140366 12.664118 2.388538
2.598680 0.191494 3.713961 50.340920 29.766287 -59.034412 -46.103936 -29.266537 -63.064774 -46.103936 -29.266537 -63.064774 -61.334207 -13.152183 -22.001468 0.445434 -0.327385 72.668582 7.572818 -10.693432 -70.558623 6.031202 -6.914909 -82.182603 -31.069242 18.680712 -118.765919 -31.069242 18.680712 -118.765919 -1.277523 -1.435118 83.399955 -14.353879 -17.449698 78.678572 -133.288162 -50.424093 156.805422 -133.288162 -50.424093 156.805422 5.717829 -0.257048 5.120830 -35.055977 0.423720 1.342364 92.557175 -32.694087 -34.114064 38.858092 -21.883752 -7.762237 -1.253259 0.086905 8.032539 -28.664653 -0.520018 -2.034026 35.206628 7.744532 2.460216 20.941149 11.438086 2.118141
2.635350 0.192717 4.163653 50.170431 29.724648 -59.187552 -45.778185 -29.208442 -63.366256 -45.778185 -29.208442 -63.366256 -61.539576 -13.391717 -22.306324 0.337201 -0.248248 72.756253 7.374081 -10.311413 -71.086877 6.153433 -7.045974 -82.250601 -30.536470 18.451774 -118.487634 -30.536470 18.451774 -118.487634 -1.355184 -1.541723 82.687447 -15.101195 -17.939802 79.940240 -139.702650 -49.544875 160.567178 -139.702650 -49.544875 160.567178 5.418351 -0.230102 4.841781 -34.539161 0.486126 1.570833 90.468348 -30.171219 -30.615836 38.419703 -17.989578 -6.320226 -2.093638 0.143454 7.911169 -28.857474 -0.564491 -2.187560 35.698660 7.178295 2.311925 21.639768 10.911348 2.091915
2.625669 0.193888 4.538895 48.557948 29.429293 -60.675423 -45.255270 -29.109896 -63.847889 -45.255270 -29.109896 -63.847889 -61.735909 -13.682347 -22.696340 0.181710 -0.133725 72.864865 7.377413 -10.200910 -71.672882 6.192241 -7.065496 -82.453905 -30.041855 18.229679 -118.244684 -30.041855 18.229679 -118.244684 -1.412331 -1.629883 81.884894 -16.068018 -18.648930 81.255228 -145.708536 -48.548944 164.000045 -145.708536 -48.548944 164.000045 5.238086 -0.207020 4.516451 -33.577575 0.536020 1.797319 86.917740 -27.946613 -26.855595 37.738804 -14.766037 -5.139991 -3.080608 0.207070 7.762990 -29.449738 -0.621079 -2.354722 37.180377 6.970745 2.357140 23.758633 11.006250 2.360130
2.499343 0.195063 4.693871 45.122675 28.752918 -63.822202 -44.599194 -28.982252 -64.450400 -44.599194 -28.982252 -64.450400 -61.879122 -13.985320 -23.126057 -0.036718 0.028077 72.981307 7.560034 -10.350820 -72.191084 6.095423 -6.923384 -82.712323 -29.637386 18.050441 -118.034392 -29.637386 18.050441 -118.034392 -1.458196 -1.703672 81.161891 -17.133798 -19.531933 82.318712 -150.699905 -47.751030 166.733084 -150.699905 -47.751030 166.733084 5.212762 -0.187347 4.125111 -32.205357 0.560340 1.957314 83.218443 -27.541025 -24.780328 36.736249 -14.400210 -4.865822 -3.966200 0.256769 7.490673 -30.311779 -0.664689 -2.452200 39.615370 7.243689 2.649953 27.409262 11.881116 3.019862
2.297929 0.195999 4.844332 40.888270 27.835960 -67.661631 -43.962352 -28.856009 -65.034209 -43.962352 -28.856009 -65.034209 -62.114380 -14.247076 -23.445650 -0.226185 0.169025 73.221790 7.863928 -10.694878 -72.565851 6.036275 -6.826913 -82.953885 -29.294809 17.889472 -117.882203 -29.294809 17.889472 -117.882203 -1.400146 -1.648951 80.653874 -18.116580 -20.434143 82.960271 -154.470432 -47.254841 168.643223 -154.470432 -47.254841 168.643223 5.337590 -0.175206 3.771418 -31.160508 0.542338 1.951784 80.613004 -29.040031 -24.920326 36.550844 -17.081290 -5.823986 -4.565481 0.281859 7.130837 -31.167015 -0.681236 -2.447661 42.348907 7.985133 3.142786 31.637591 13.370761 3.932486
2.065947 0.196706 5.117208 37.606322 26.997791 -70.579869 -43.478123 -28.755751 -65.476218 -43.478123 -28.755751 -65.476218 -62.437714 -14.426091 -23.589948 -0.329981 0.246646 73.562662 8.108428 -10.998471 -72.717728 5.958965 -6.716142 -83.151673 -29.135140 17.815603 -117.809604 -29.135140 17.815603 -117.809604 -1.263797 -1.496273 80.311699 -18.961940 -21.271612 83.280144 -157.506244 -46.888421 170.121802 -157.506244 -46.888421 170.121802 5.482255 -0.169172 3.538911 -30.864761 0.486696 1.772607 81.194845 -31.573840 -27.578517 38.193268 -21.601872 -7.855009 -4.916411 0.284443 6.654575 -31.675845 -0.687907 -2.429293 44.413493 9.168111 3.779913 35.108749 15.385287 4.983746
1.859908 0.197272 5.625638 35.672415 26.416322 -72.258694 -43.229042 -28.702199 -65.702699 -43.229042 -28.702199 -65.702699 -62.816557 -14.516510 -23.565100 -0.251540 0.186934 74.043541 8.261331 -11.198339 -72.754949 5.914484 -6.653456 -83.258650 -29.200641 17.888943 -117.718712 -29.200641 17.888943 -117.718712 -1.147648 -1.365182 80.073345 -19.945588 -22.306208 83.448761 -159.581753 -46.719005 171.095572 -159.581753 -46.719005 171.095572 5.564556 -0.165281 3.400927 -31.311012 0.423850 1.523314 85.335706 -33.902802 -31.754490 41.069338 -26.042444 -10.140032 -5.200741 0.282654 6.223520 -31.748398 -0.695435 -2.448230 45.454355 10.444955 4.385254 36.971057 17.440937 5.882769
1.571191 0.198094 5.594355 34.953321 26.166062 -72.866334 -43.160415 -28.686942 -65.764873 -43.160415 -28.686942 -65.764873 -63.235029 -14.541615 -23.418532 0.033100 -0.030141 74.600209 8.301843 -11.238500 -72.826544 5.874694 -6.609829 -83.247272 -29.422620 18.119393 -117.467430 -29.422620 18.119393 -117.467430 -1.080553 -1.290816 79.867890 -20.799818 -23.226541 83.526596 -160.316905 -46.586508 171.453806 -160.316905 -46.586508 171.453806 5.580838 -0.163000 3.342093 -31.797224 0.369715 1.301993 89.576965 -35.566983 -35.504142 43.933752 -29.596359 -12.261558 -5.343371 0.273645 5.869893 -31.240637 -0.758129 -2.728156 44.782202 11.378294 4.694130 36.143424 18.992244 6.230913
1.225962 0.199587 4.910131 34.534252 25.996723 -73.207885 -43.311848 -28.719414 -65.627141 -43.311848 -28.719414 -65.627141 -63.645504 -14.541473 -23.236661 0.523941 -0.412261 75.251712 8.115911 -10.958792 -72.981379 6.043508 -6.815889 -83.123113 -29.220291 18.178104 -116.916505 -29.220291 18.178104 -116.916505 -1.164124 -1.391669 79.803422 -20.869326 -23.364587 83.341084 -158.057754 -46.296363 170.531129 -158.057754 -46.296363 170.531129 5.483003 -0.155832 3.246097 -31.879600 0.352713 1.236214 90.275349 -36.139434 -36.430767 44.766911 -31.067168 -13.090440 -5.508489 0.271473 5.645336 -30.388966 -0.851808 -3.166251 42.941847 11.548250 4.583050 33.550371 19.304351 5.921176
0.616630 0.201920 2.536642 34.000861 25.773740 -73.638452 -43.648692 -28.790852 -65.320420 -43.648692 -28.790852 -65.320420 -64.119103 -14.517624 -22.994124 1.209785 -0.959907 75.992337 7.753309 -10.434981 -73.176470 6.607684 -7.485681 -82.893440 -28.236067 17.855583 -115.943722 -28.236067 17.855583 -115.943722 -1.372855 -1.639340 79.825368 -19.821550 -22.319177 82.947578 -151.796023 -45.701160 167.927574 -151.796023 -45.701160 167.927574 5.335102 -0.145451 3.111005 -31.045962 0.347201 1.252123 87.097762 -36.320546 -34.915929 43.835853 -31.541603 -13.000751 -4.939346 0.237774 5.465557 -28.495314 -0.927360 -3.728388 40.301227 10.554952 3.979557 30.203964 17.814195 5.012291
-0.235821 0.205446 -1.292438 33.390010 25.521180 -74.133137 -44.121222 -28.890390 -64.889846 -44.121222 -28.890390 -64.889846 -64.589340 -14.468702 -22.716121 1.948513 -1.557970 76.767053 7.280310 -9.775190 -73.305783 7.513751 -8.544236 -82.671561 -26.613578 17.165368 -114.779704 -26.613578 17.165368 -114.779704 -1.625089 -1.939932 79.869792 -17.857867 -20.285022 82.420211 -142.284362 -44.725201 164.003807 -142.284362 -44.725201 164.003807 5.188410 -0.134950 2.969410 -29.527471 0.335737 1.273400 80.688572 -36.383915 -31.562047 41.275371 -31.408372 -12.156227 -3.459767 0.168298 5.222238 -25.889172 -0.980807 -4.402394 37.265488 8.780442 3.080015 26.665165 15.080766 3.776171
-1.202628 0.209409 -5.238938 31.947987 24.820574 -75.236415 -44.497044 -28.968764 -64.547035 -44.497044 -28.968764 -64.547035 -64.999283 -14.397159 -22.430819 2.556492 -2.056437 77.380931 6.856359 -9.194487 -73.371587 8.350227 -9.514564 -82.530721 -24.903344 16.358875 -113.761767 -24.903344 16.358875 -113.761767 -1.836805 -2.193866 79.871614 -15.393828 -17.677325 81.848680 -131.254703 -43.404798 159.522499 -131.254703 -43.404798 159.522499 5.144837 -0.126231 2.809334 -27.867396 0.319891 1.287360 74.734522 -36.796925 -28.716263 38.935353 -31.713465 -11.519103 -1.458462 0.080282 4.628982 -23.468566 -1.031208 -5.075305 34.954448 6.526373 2.119659 24.142242 11.689969 2.598534
-2.036840 0.213007 -8.121489 29.610750 23.590273 -76.961412 -44.785806 -29.027687 -64.283061 -44.785806 -29.027687 -64.283061 -65.165691 -14.341691 -22.274659 2.977903 -2.406148 77.816207 6.623091 -8.875722 -73.409192 8.868612 -10.115551 -82.455858 -23.545077 15.706947 -112.963386 -23.545077 15.706947 -112.963386 -1.999711 -2.391861 79.811761 -13.281962 -15.413552 81.344085 -120.110010 -41.900946 155.088962 -120.110010 -41.900946 155.088962 5.286228 -0.121809 2.651783 -26.551714 0.303670 1.284186 71.083788 -37.470683 -27.271414 37.529858 -32.440006 -11.313870 0.156938 0.009953 3.798356 -21.771149 -1.046141 -5.492645 34.222401 4.192441 1.283053 23.680802 8.173419 1.690233
-2.675612 0.215348 -9.617872 26.728268 21.986666 -79.029053 -45.021555 -29.071957 -64.065849 -45.021555 -29.071957 -64.065849 -65.176998 -14.250077 -22.128698 3.453570 -2.803598 78.087277 6.522730 -8.730133 -73.484707 8.917142 -10.184539 -82.369638 -22.810259 15.399861 -112.327166 -22.810259 15.399861 -112.327166 -1.976581 -2.369435 79.666205 -11.684263 -13.660522 80.918211 -111.058680 -40.469679 151.554388 -111.058680 -40.469679 151.554388 5.663696 -0.125086 2.543870 -25.575776 0.285097 1.254436 70.229305 -38.643153 -27.720226 37.593498 -34.194861 -11.985746 0.959852 -0.025376 2.881904 -21.065872 -1.050425 -5.647716 34.916395 1.791063 0.492359 24.777199 4.497296 0.851928
-3.046495 0.216398 -9.829636 23.775345 20.285137 -81.102845 -45.467837 -29.149464 -63.651912 -45.467837 -29.149464 -63.651912 -64.979857 -14.166759 -22.082789 3.897057 -3.176654 78.289984 6.314074 -8.433425 -73.610371 8.668502 -9.922078 -82.244989 -22.326992 15.215062 -111.792273 -22.326992 15.215062 -111.792273 -1.942248 -2.332704 79.558363 -10.382206 -12.252375 80.384994 -104.167874 -39.343618 148.839641 -104.167874 -39.343618 148.839641 6.184404 -0.133257 2.471378 -24.875557 0.270303 1.222128 70.222405 -40.061955 -28.770207 37.968506 -36.301278 -12.902071 0.771435 -0.019399 2.056163 -21.366674 -1.034239 -5.483762 36.644998 -0.476765 -0.237389 27.063039 0.796718 0.026636
-3.375865 0.216417 -10.368557 20.960338 18.533608 -82.972965 -46.109719 -29.257467 -63.055045 -46.109719 -29.257467 -63.055045 -64.752675 -14.075672 -22.036771 4.320573 -3.536958 78.546143 5.945337 -7.921518 -73.753142 8.405785 -9.653510 -82.057270 -21.817801 15.035851 -111.166024 -21.817801 15.035851 -111.166024 -1.966238 -2.364721 79.492222 -9.342781 -11.140096 79.838755 -99.498998 -38.642660 146.910480 -99.498998 -38.642660 146.910480 6.818597 -0.144251 2.419975 -24.010906 0.260425 1.223113 70.116364 -41.436254 -29.724212 38.397450 -38.358696 -13.820402 0.425415 -0.006529 1.475621 -21.354764 -0.965650 -5.107822 38.247830 -2.636982 -0.951024 29.218070 -2.936808 -0.853563
-3.639343 0.216234 -11.283321 19.229005 17.311069 -84.006805 -46.798737 -29.371613 -62.413573 -46.798737 -29.371613 -62.413573 -64.519230 -13.995203 -22.009192 4.566753 -3.753709 78.818819 5.487482 -7.306995 -73.781668 8.271936 -9.537815 -81.831831 -21.389128 14.898068 -110.592753 -21.389128 14.898068 -110.592753 -2.106834 -2.535564 79.450605 -8.706133 -10.467941 79.411207 -96.899598 -38.394045 145.688016 -96.899598 -38.394045 145.688016 7.337410 -0.153745 2.401604 -23.308998 0.262776 1.274618 69.990661 -42.209422 -30.238711 38.725653 -39.551090 -14.409160 0.243548 -0.002060 1.053831 -20.843509 -0.877152 -4.752344 38.871866 -4.234989 -1.503607 29.974428 -5.879038 -1.589497
-3.727633 0.216064 -11.878019 18.520454 16.793194 -84.413972 -47.251323 -29.445044 -61.991544 -47.251323 -29.445044 -61.991544 -64.321173 -13.931373 -21.992573 4.513979 -3.720839 79.002783 4.965123 -6.622028 -73.671435 8.115061 -9.386627 -81.652431 -21.152079 14.809237 -110.320495 -21.152079 14.809237 -110.320495 -2.470607 -2.969914 79.486515 -8.408732 -10.166790 79.137069 -95.561886 -38.314702 145.004358 -95.561886 -38.314702 145.004358 7.622706 -0.160442 2.413387 -22.972054 0.322553 1.580810 70.141145 -42.449234 -30.499181 39.250730 -40.081256 -14.820868 0.095377 -0.000753 0.770984 -20.308150 -0.804063 -4.472450 38.886252 -5.347799 -1.884008 29.847760 -8.018849 -2.125950
-3.536649 0.216010 -11.718758 18.924832 17.072466 -84.166082 -47.438599 -29.474780 -61.816630 -47.438599 -29.474780 -61.816630 -64.090950 -13.903393 -22.044472 4.243751 -3.501799 79.046400 4.454835 -5.972332 -73.327761 7.663607 -8.875139 -81.607389 -21.639439 15.015280 -110.766275 -21.639439 15.015280 -110.766275 -2.962768 -3.551907 79.609477 -8.547065 -10.345411 79.072776 -95.114854 -38.330300 144.735855 -95.114854 -38.330300 144.735855 7.621896 -0.163489 2.462582 -23.193212 0.429380 2.072816 70.840931 -41.947186 -30.486428 40.056817 -39.615330 -14.943251 -0.198838 0.001574 0.636431 -19.873296 -0.743336 -4.236262 38.595977 -5.665821 -1.981773 29.331247 -8.853878 -2.311183
-3.164373 0.216136 -11.004941 20.063403 17.890176 -83.497884 -47.489380 -29.481743 -61.768730 -47.489380 -29.481743 -61.768730 -63.972775 -13.833813 -21.985025 4.240581 -3.490669 78.926249 3.829332 -5.178251 -72.737616 6.933184 -8.005688 -81.867491 -22.781036 15.333074 -112.299239 -22.781036 15.333074 -112.299239 -3.381680 -4.043118 79.772125 -8.865650 -10.719973 79.125014 -95.276904 -38.441392 144.728476 -95.276904 -38.441392 144.728476 7.464723 -0.165920 2.553025 -23.690061 0.556235 2.631020 71.566205 -40.992945 -30.142215 40.815187 -38.458911 -14.767530 -0.429520 0.003332 0.545575 -19.859087 -0.702976 -4.020752 38.627087 -5.417499 -1.894418 29.330131 -8.709116 -2.272725
-2.714962 0.216351 -10.078946 21.447904 18.896152 -82.696631 -47.578172 -29.493882 -61.684960 -47.578172 -29.493882 -61.684960 -63.937947 -13.721047 -21.823326 4.399395 -3.602981 78.664296 3.187989 -4.381001 -71.727860 6.195245 -7.072235 -82.606673 -24.435724 15.607713 -114.995541 -24.435724 15.607713 -114.995541 -3.655506 -4.360721 79.921539 -9.235467 -11.170104 79.112133 -96.081708 -38.702691 144.953804 -96.081708 -38.702691 144.953804 7.375854 -0.174424 2.705029 -24.127976 0.673144 3.140358 72.472532 -39.770647 -29.681871 41.896137 -36.989451 -14.577521 -0.513934 0.003927 0.441746 -20.288383 -0.678758 -3.802588 39.221757 -4.753201 -1.682296 30.249974 -7.878592 -2.107529
-2.365127 0.216621 -9.641409 22.551364 19.668739 -82.031105 -47.700629 -29.510930 -61.569561 -47.700629 -29.510930 -61.569561 -63.996856 -13.562930 -21.552242 4.617961 -3.755024 78.265765 2.627572 -3.717051 -70.155640 5.669075 -6.309841 -83.973143 -26.578716 15.756798 -118.835794 -26.578716 15.756798 -118.835794 -3.740165 -4.454190 80.034573 -9.533758 -11.563539 78.953845 -96.993561 -39.139909 145.082823 -96.993561 -39.139909 145.082823 7.510036 -0.191653 2.903465 -24.388685 0.751141 3.473211 73.229325 -38.815173 -29.334998 43.024254 -35.872580 -14.535121 -0.113106 0.000462 0.461601 -20.736413 -0.649699 -3.558197 40.359712 -3.658896 -1.322671 32.214115 -6.378516 -1.792272
-2.059879 0.216849 -8.939566 23.912315 20.481129 -81.093719 -47.739083 -29.516326 -61.533340 -47.739083 -29.516326 -61.533340 -64.166068 -13.360539 -21.167834 4.901628 -3.949447 77.737291 2.298026 -3.397701 -68.023214 5.438811 -5.825507 -86.054805 -29.749334 15.887266 -123.856417 -29.749334 15.887266 -123.856417 -3.574159 -4.250558 80.116827 -9.740091 -11.877458 78.645691 -98.148069 -39.853961 145.108518 -98.148069 -39.853961 145.108518 7.590124 -0.206162 3.096824 -25.366558 0.788684 3.516295 74.675705 -38.715741 -30.047264 44.510690 -35.864387 -15.114323 0.523710 -0.005989 0.571766 -21.046340 -0.618949 -3.333975 41.432154 -2.328264 -0.857799 34.020376 -4.428798 -1.300132
-1.693643 0.216989 -7.514217 26.783707 21.963506 -78.960773 -47.700448 -29.511033 -61.569785 -47.700448 -29.511033 -61.569785 -64.320982 -13.117035 -20.725193 5.096092 -4.064574 77.153945 2.059276 -3.174894 -65.883930 4.678801 -4.876169 -88.661545 -33.976868 16.115373 -129.239858 -33.976868 16.115373 -129.239858 -3.333664 -3.962532 80.143577 -9.796194 -12.063310 78.098854 -99.103627 -40.711690 144.908841 -99.103627 -40.711690 144.908841 7.338738 -0.210186 3.283022 -27.256733 0.779092 3.285033 78.623044 -38.823432 -32.400137 46.627860 -36.071760 -16.008599 1.067529 -0.013128 0.931280 -21.167541 -0.599835 -3.208749 42.459673 -0.966210 -0.355572 35.867591 -2.371302 -0.716640
-1.321489 0.217190 -5.901241 29.106965 23.196450 -77.257936 -47.695998 -29.509978 -61.573794 -47.695998 -29.509978 -61.573794 -64.350925 -12.872142 -20.330154 5.316831 -4.193878 76.564533 1.429121 -2.253863 -64.144964 3.121523 -3.220327 -91.454447 -38.906479 16.719441 -133.970059 -38.906479 16.719441 -133.970059 -3.207121 -3.812942 80.130294 -10.092073 -12.595441 77.384430 -100.241375 -41.764132 144.657819 -100.241375 -41.764132 144.657819 7.024027 -0.208092 3.397001 -29.805271 0.735054 2.866715 83.300281 -38.835862 -35.066302 49.702907 -36.192200 -17.236369 2.054192 -0.035905 1.510349 -21.224276 -0.603425 -3.217743 43.185678 0.806987 0.335875 37.165378 0.400371 0.178331
-1.049537 0.217422 -4.604976 30.112204 23.743974 -76.531822 -47.846267 -29.529617 -61.431641 -47.846267 -29.529617 -61.431641 -64.279283 -12.629368 -19.977378 5.576568 -4.359262 76.055077 0.452249 -0.717370 -63.141997 0.520004 -0.683189 -94.068480 -44.532592 17.697438 -137.874263 -44.532592 17.697438 -137.874263 -3.176901 -3.779887 80.089786 -10.536786 -13.343058 76.585252 -101.418867 -42.911014 144.365777 -101.418867 -42.911014 144.365777 6.791410 -0.202244 3.411004 -32.210583 0.666154 2.374722 88.238485 -38.714634 -37.805013 52.265928 -36.027012 -18.128117 3.199970 -0.066079 2.056253 -21.339114 -0.640111 -3.392042 43.848355 2.740179 1.121480 38.290418 3.553168 1.281959
-0.975895 0.217326 -4.133720 28.910858 23.118411 -77.421435 -48.103367 -29.563590 -61.188586 -48.103367 -29.563590 -61.188586 -64.149503 -12.421074 -19.700538 5.785930 -4.494192 75.674265 -0.672645 1.103644 -62.805177 -2.711497 2.279444 -96.236700 -50.442034 18.910398 -140.799437 -50.442034 18.910398 -140.799437 -3.174600 -3.779789 80.052407 -11.036389 -14.144636 75.876030 -102.427455 -43.848558 144.161447 -102.427455 -43.848558 144.161447 6.877197 -0.198869 3.321629 -33.864039 0.580786 1.926403 92.250809 -38.474127 -39.960106 54.076512 -35.631523 -18.621241 4.257633 -0.097424 2.430764 -21.526184 -0.700374 -3.677898 44.485995 4.473874 1.852390 39.318896 6.445898 2.361268
-1.140127 0.216764 -4.603015 24.737355 20.483540 -80.107359 -48.367153 -29.598618 -60.939282 -48.367153 -29.598618 -60.939282 -64.035309 -12.279255 -19.521592 5.832183 -4.513276 75.453856 -1.611003 2.643069 -62.773268 -5.533370 4.745286 -97.864819 -55.368567 19.831812 -142.931952 -55.368567 19.831812 -142.931952 -3.152427 -3.758313 79.970103 -11.404705 -14.725051 75.410313 -103.236405 -44.399479 144.175776 -103.236405 -44.399479 144.175776 7.255513 -0.187995 2.994028 -34.367687 0.505836 1.636839 94.537744 -38.120038 -41.046868 54.823887 -35.120367 -18.651154 5.037765 -0.118987 2.645669 -21.687902 -0.770148 -4.016106 45.374551 5.766703 2.424207 40.678756 8.602909 3.222010
-1.399481 0.215894 -4.900531 18.976827 16.582773 -83.545404 -48.257476 -29.582037 -61.042079 -48.257476 -29.582037 -61.042079 -64.260698 -12.155690 -19.249914 6.025608 -4.652033 75.320718 -2.336659 3.835426 -62.701701 -7.737577 6.571179 -98.991363 -60.237145 20.729568 -144.843075 -60.237145 20.729568 -144.843075 -3.023066 -3.614635 79.777467 -11.751015 -15.186969 75.325593 -104.302406 -44.670565 144.582221 -104.302406 -44.670565 144.582221 7.480493 -0.161282 2.448697 -34.578809 0.445506 1.435464 95.291674 -38.283076 -41.716004 54.648302 -35.231106 -18.637944 5.158406 -0.122081 2.699998 -21.866540 -0.845583 -4.371549 45.956728 6.565130 2.788292 41.413498 9.955726 3.776374
-1.558818 0.215409 -4.014096 14.522467 13.162123 -85.870769 -47.792790 -29.515148 -61.479043 -47.792790 -29.515148 -61.479043 -64.664740 -12.026405 -18.905325 6.072468 -4.673061 75.131828 -2.582735 4.251105 -62.557905 -9.123649 7.705129 -99.601251 -64.308032 21.506359 -146.345909 -64.308032 21.506359 -146.345909 -2.778778 -3.344065 79.380644 -12.000901 -15.420123 75.629715 -105.704200 -44.735178 145.354831 -105.704200 -44.735178 145.354831 7.019357 -0.116293 1.807715 -35.199240 0.372771 1.189286 96.035345 -38.331965 -42.248874 54.179572 -35.058243 -18.353492 4.466475 -0.103706 2.627307 -22.036142 -0.924633 -4.739736 46.245045 6.839547 2.921176 41.651042 10.482270 3.989299
-1.701479 0.206182 -3.824238 9.759396 9.192554 -87.839249 -47.681175 -29.492040 -61.581023 -47.681175 -29.492040 -61.581023 -64.519721 -11.906905 -18.776196 6.490166 -4.942528 74.632918 -3.205969 5.297507 -62.377067 -9.855892 8.300256 -99.828664 -64.952262 21.770071 -146.300396 -64.952262 21.770071 -146.300396 -2.926915 -3.562567 78.864550 -12.212274 -15.521476 76.251678 -105.166135 -43.762156 145.897155 -105.166135 -43.762156 145.897155 16.364764 -0.036474 1.098184 -34.204896 0.314297 1.054694 92.593968 -37.686630 -39.800752 53.070838 -33.936156 -17.425695 3.670205 -0.087049 2.841012 -22.930094 -1.022243 -5.023447 46.568745 7.505314 3.244275 41.680504 11.756775 4.497878
-1.969331 0.185894 -5.764215 5.659945 5.502446 -89.038151 -48.351387 -29.548453 -60.933970 -48.351387 -29.548453 -60.933970 -63.751679 -11.812864 -18.914429 7.304102 -5.483554 73.940166 -3.898670 6.448771 -62.264067 -9.196007 7.748878 -99.724126 -61.534905 21.456911 -144.223879 -61.534905 21.456911 -144.223879 -3.265767 -4.016815 78.317321 -11.595360 -14.559911 77.085587 -102.052452 -41.522831 146.128008 -102.052452 -41.522831 146.128008 35.430928 0.249170 0.345559 -29.924073 0.260864 1.053354 84.969713 -36.162317 -34.574854 50.061204 -31.840206 -15.468020 2.419469 -0.055670 3.330588 -24.174798 -1.122707 -5.230081 47.044468 8.553242 3.754354 42.003912 13.775742 5.358719
-2.300152 0.157739 -9.146392 2.721213 2.631731 -89.438831 -49.590053 -29.670195 -59.745452 -49.590053 -29.670195 -59.745452 -62.427896 -11.772978 -19.345584 8.014170 -5.951837 73.297979 -4.396103 7.257342 -62.354845 -7.799751 6.593610 -99.408808 -55.894416 21.021745 -140.603194 -55.894416 21.021745 -140.603194 -3.644826 -4.506414 77.976913 -10.291417 -12.763207 77.918859 -97.071555 -38.584018 145.923003 -97.071555 -38.584018 145.923003 59.476949 0.700665 -0.342978 -24.058205 0.202530 1.049743 76.034538 -34.169777 -28.348237 46.471399 -29.222345 -13.083487 1.027768 -0.015498 4.211461 -25.338097 -1.193190 -5.304790 47.554254 9.755323 4.334633 42.486505 16.196570 6.396819
-2.595741 0.129755 -12.612865 0.210697 0.169452 -89.725419 -50.919853 -29.811524 -58.473941 -50.919853 -29.811524 -58.473941 -61.082001 -11.804481 -19.895764 8.314405 -6.132346 72.859445 -4.341320 7.131057 -62.728410 -5.121144 4.333304 -98.655422 -48.348423 20.278913 -135.548572 -48.348423 20.278913 -135.548572 -3.853219 -4.766846 77.904458 -8.848936 -10.835134 78.601483 -92.100226 -35.941347 145.449456 -92.100226 -35.941347 145.449456 80.554273 1.266189 -1.046988 -18.741576 0.169769 1.089659 68.505729 -32.353156 -22.984487 43.414927 -26.970545 -11.072269 -0.033453 0.017691 5.369291 -26.073154 -1.232562 -5.320858 47.900172 10.725378 4.787228 42.922062 18.355495 7.294831
-2.834313 0.109550 -15.957715 -1.610018 -1.608345 -89.949075 -51.827788 -29.908930 -57.606188 -51.827788 -29.908930 -57.606188 -60.087096 -11.910473 -20.453870 8.223326 -6.053912 72.690094 -3.792311 6.178593 -63.501962 -1.991245 1.596719 -97.271328 -41.486973 19.701486 -129.839301 -41.486973 19.701486 -129.839301 -3.970917 -4.887139 78.176872 -7.543948 -9.157018 79.011463 -87.700130 -34.013943 144.697787 -87.700130 -34.013943 144.697787 94.189702 1.767396 -1.598984 -14.780208 0.130955 0.957585 63.492220 -30.749515 -19.410861 40.725637 -24.975157 -9.455149 -0.340201 0.000676 7.347189 -25.904948 -1.203548 -5.216264 47.847113 10.990067 4.889385 42.826424 19.397706 7.665323
-2.820342 0.103580 -17.029759 -1.871754 -1.869670 -89.937985 -51.981973 -29.922723 -57.457662 -51.981973 -29.922723 -57.457662 -59.371111 -12.087914 -21.064135 7.219408 -5.316122 72.686113 -2.633521 4.235363 -64.715750 0.814658 -0.894029 -95.100490 -36.396743 19.321367 -124.396063 -36.396743 19.321367 -124.396063 -4.216587 -5.131307 78.667984 -6.874482 -8.281512 79.366657 -84.778502 -33.175153 143.835393 -84.778502 -33.175153 143.835393 95.249561 2.035441 -1.861249 -14.383183 0.111347 0.828465 63.789847 -28.829550 -18.155988 42.084086 -22.967767 -8.863643 0.495381 -0.093094 9.247552 -24.965860 -1.136230 -5.108591 46.219895 10.444775 4.498436 40.438318 18.787525 7.063175
-2.513134 0.110761 -15.659335 -2.074067 -2.071008 -89.922122 -51.890999 -29.918534 -57.546924 -51.890999 -29.918534 -57.546924 -58.932401 -12.304206 -21.623110 5.907183 -4.344981 72.592745 -1.447357 2.309360 -66.270410 3.173193 -3.212126 -92.430436 -32.075912 18.581341 -119.957897 -32.075912 18.581341 -119.957897 -4.897460 -5.884741 79.314159 -7.013911 -8.386797 79.756927 -82.106945 -32.791592 142.638736 -82.106945 -32.791592 142.638736 85.863910 1.849875 -1.871514 -17.602572 0.219954 1.062405 66.305587 -27.999594 -18.547045 44.176878 -22.176411 -8.997103 2.119179 -0.233780 10.710348 -24.109670 -1.109431 -5.182085 43.526466 10.034503 4.043747 36.474446 17.904674 6.083330
-1.985564 0.129969 -11.984180 -2.236828 -2.232932 -89.908781 -51.744449 -29.909001 -57.689570 -51.744449 -29.909001 -57.689570 -59.094959 -12.548379 -21.970179 4.763373 -3.493410 72.455427 -0.466181 0.765313 -68.016413 5.524129 -5.730810 -89.547083 -28.062832 17.455506 -116.553014 -28.062832 17.455506 -116.553014 -5.709223 -6.790710 79.937415 -7.348179 -8.707395 80.232447 -79.762555 -32.581023 141.433589 -79.762555 -32.581023 141.433589 68.166561 1.402063 -1.634149 -22.531596 0.423385 1.602733 69.605743 -29.125465 -20.791202 45.158520 -23.520591 -9.708596 3.333952 -0.332315 11.179064 -23.702262 -1.193668 -5.668198 40.337622 10.195147 3.737908 32.017327 17.388922 5.100482
-1.408775 0.156484 -7.680754 -2.675934 -2.667808 -89.860630 -51.445101 -29.886836 -57.979832 -51.445101 -29.886836 -57.979832 -59.667255 -12.799137 -22.143087 3.780889 -2.766766 72.355932 0.181665 -0.228270 -69.530693 7.308172 -7.823919 -87.070629 -25.329614 16.386946 -114.568608 -25.329614 16.386946 -114.568608 -6.373305 -7.516729 80.514184 -7.621492 -8.939035 80.802224 -78.552146 -32.653419 140.590097 -78.552146 -32.653419 140.590097 47.019244 0.860742 -1.381878 -28.637975 0.755494 2.455822 72.890476 -31.047370 -23.571254 45.611348 -25.757826 -10.748523 4.116206 -0.382630 10.782719 -23.684293 -1.351424 -6.401175 37.458828 11.125666 3.733224 28.208137 17.850015 4.496772
-0.699600 0.186751 -2.390243 5.740320 1.251715 -83.991356 -50.537358 -29.800827 -58.852175 -50.537358 -29.800827 -58.852175 -60.521154 -12.999352 -22.106194 2.805584 -2.050121 72.324728 0.670876 -0.930701 -70.711283 8.498847 -9.380491 -84.855376 -23.091367 15.218445 -113.569934 -23.091367 15.218445 -113.569934 -6.707116 -7.846519 81.021053 -7.983191 -9.290834 81.307011 -80.196397 -33.630832 140.529298 -80.196397 -33.630832 140.529298 26.248072 0.393199 -0.667527 -34.128938 0.968720 2.983848 75.614456 -33.771100 -26.668803 44.634342 -28.451015 -11.624991 4.303978 -0.372456 9.819406 -23.949282 -1.535783 -7.207224 35.172328 12.756898 4.027564 25.414294 19.486808 4.403450
-0.113407 0.214637 0.659959 22.308134 7.772557 -71.982412 -49.163148 -29.645759 -60.162338 -49.163148 -29.645759 -60.162338 -61.256090 -13.170770 -22.067184 1.916919 -1.399158 72.364058 1.065774 -1.473019 -71.441948 9.412753 -10.663880 -82.873412 -20.910162 13.903921 -113.073481 -20.910162 13.903921 -113.073481 -6.742705 -7.824000 81.486825 -7.978010 -9.234863 81.636193 -83.549819 -34.940035 141.188403 -83.549819 -34.940035 141.188403 12.180217 0.098796 0.606506 -36.046462 0.966840 2.872163 74.937644 -35.615788 -27.744550 40.933943 -29.457669 -11.243676 4.253498 -0.346900 9.320519 -23.951780 -1.633379 -7.677886 34.171036 14.338615 4.414084 24.455487 21.371491 4.667618
0.274064 0.234789 1.881806 40.266628 16.298098 -60.021267 -47.830203 -29.491650 -61.431637 -47.830203 -29.491650 -61.431637 -61.497313 -13.251427 -22.098462 1.166692 -0.853769 72.569809 1.458229 -2.002391 -71.879937 9.425178 -11.007464 -81.134669 -19.276552 12.864418 -112.879094 -19.276552 12.864418 -112.879094 -6.740039 -7.765558 81.893915 -7.779428 -8.990834 81.716341 -87.848182 -36.277044 142.418905 -87.848182 -36.277044 142.418905 7.195547 -0.011433 2.109585 -35.074646 0.766280 2.289771 73.641763 -35.687581 -27.174251 38.452044 -28.386537 -10.170883 4.264880 -0.332960 8.942816 -23.758934 -1.631492 -7.737658 33.667365 15.092662 4.583922 23.947398 22.298919 4.778734
0.436859 0.248721 1.651146 54.808652 23.667439 -50.641805 -46.853483 -29.369045 -62.357670 -46.853483 -29.369045 -62.357670 -61.757210 -13.223761 -21.946320 0.850066 -0.629144 72.894404 2.009318 -2.752518 -72.120348 9.580645 -11.468422 -79.791097 -17.947746 11.970835 -112.866223 -17.947746 11.970835 -112.866223 -6.514443 -7.466861 82.198700 -7.574522 -8.768624 81.610469 -92.021545 -37.482252 143.723498 -92.021545 -37.482252 143.723498 5.197601 -0.081667 3.488327 -33.115012 0.506329 1.584170 71.363163 -35.530545 -25.930852 35.510500 -26.973496 -8.851505 4.415032 -0.328700 8.494518 -23.388809 -1.560514 -7.522900 33.442479 15.161370 4.575616 23.628157 22.414646 4.742993
0.480186 0.259155 1.637292 60.893689 28.534214 -47.939234 -46.478954 -29.324837 -62.713968 -46.478954 -29.324837 -62.713968 -62.357899 -13.120684 -21.532539 1.144893 -0.862431 73.358459 2.550190 -3.490907 -72.275903 10.019752 -12.168129 -78.906368 -16.810048 11.188000 -112.912005 -16.810048 11.188000 -112.912005 -6.011187 -6.869821 82.362647 -7.540429 -8.773725 81.325885 -95.785410 -38.583130 144.889915 -95.785410 -38.583130 144.889915 3.888048 -0.156072 4.507561 -31.867846 0.270938 0.932356 69.953010 -36.463209 -25.970307 32.557824 -26.835273 -7.988848 4.384382 -0.302198 7.901256 -23.135896 -1.499287 -7.314265 33.467023 14.630960 4.417064 23.474153 21.795512 4.579608
0.333929 0.265338 0.985405 55.690031 28.801833 -53.264877 -46.664249 -29.354752 -62.541119 -46.664249 -29.354752 -62.541119 -63.027762 -13.032452 -21.114672 1.905161 -1.441200 73.827308 2.728123 -3.734557 -72.269803 10.240980 -12.482958 -78.665640 -16.092901 10.725585 -112.819703 -16.092901 10.725585 -112.819703 -5.371170 -6.136956 82.355840 -7.694353 -8.973696 81.185014 -98.630829 -39.319873 145.853461 -98.630829 -39.319873 145.853461 4.773122 -0.199374 4.791474 -32.175734 0.201140 0.700901 70.373483 -36.678002 -26.309682 32.616844 -26.919282 -8.021739 4.488593 -0.280543 7.181562 -23.219994 -1.466905 -7.132053 33.718399 14.079046 4.284548 23.540913 21.172001 4.460561
0.126836 0.269904 0.291183 48.608996 28.848690 -60.375567 -47.001292 -29.408967 -62.226627 -47.001292 -29.408967 -62.226627 -63.533781 -12.991092 -20.839923 2.686855 -2.038571 74.235873 2.672021 -3.659870 -72.228729 10.107860 -12.291340 -78.819324 -15.579775 10.419793 -112.624707 -15.579775 10.419793 -112.624707 -4.662213 -5.341689 82.161799 -8.153656 -9.501010 81.207131 -102.314133 -40.093977 147.227255 -102.314133 -40.093977 147.227255 5.796724 -0.245438 4.834540 -33.456154 0.155265 0.524291 72.216809 -36.891127 -27.333700 34.356941 -27.540188 -8.689524 5.098216 -0.284883 6.514547 -23.064715 -1.429633 -6.995476 34.106627 13.927771 4.295479 23.974409 21.037218 4.524448
-0.051565 0.274088 -0.826057 43.015392 27.813533 -65.519434 -47.139934 -29.430339 -62.096860 -47.139934 -29.430339 -62.096860 -63.703222 -13.059560 -20.879375 3.142005 -2.391421 74.500046 2.325595 -3.188243 -72.178306 9.629961 -11.643661 -79.181271 -15.077227 10.141225 -112.322462 -15.077227 10.141225 -112.322462 -4.103600 -4.726559 81.865708 -8.919496 -10.343743 81.446064 -107.081082 -40.751403 149.233857 -107.081082 -40.751403 149.233857 6.856468 -0.296087 4.925934 -34.424903 0.094355 0.308871 74.931611 -36.687421 -28.513735 37.684443 -28.059217 -9.801905 6.108776 -0.327248 6.179822 -22.764543 -1.385771 -6.870229 34.394332 14.297814 4.451965 24.434001 21.498313 4.721776
-0.191596 0.277681 -2.101716 36.791652 26.456021 -71.136100 -47.275404 -29.451475 -61.970171 -47.275404 -29.451475 -61.970171 -63.603286 -13.181012 -21.111784 3.371054 -2.572452 74.686923 1.828403 -2.508758 -72.176396 8.889092 -10.652145 -79.720882 -14.950609 10.128272 -111.941395 -14.950609 10.128272 -111.941395 -3.803141 -4.416840 81.414923 -9.877596 -11.355474 81.911882 -112.681601 -41.145884 151.825766 -112.681601 -41.145884 151.825766 8.072123 -0.351193 4.957259 -35.076445 0.046608 0.144687 79.487789 -37.322032 -31.621491 41.376532 -29.450844 -11.414971 7.257961 -0.389880 6.105795 -22.487301 -1.342105 -6.738973 34.660928 14.875027 4.670385 24.987305 22.148454 4.979467
-0.417151 0.280543 -4.429175 31.103350 24.022698 -75.614303 -47.322099 -29.458098 -61.926219 -47.322099 -29.458098 -61.926219 -63.378439 -13.312199 -21.409883 3.509558 -2.687921 74.867908 1.383728 -1.897100 -72.299018 8.237759 -9.766520 -80.323212 -14.956071 10.241014 -111.357257 -14.956071 10.241014 -111.357257 -3.712996 -4.352429 80.921283 -10.767763 -12.244355 82.540611 -117.794636 -41.051627 154.442265 -117.794636 -41.051627 154.442265 10.153576 -0.448799 5.021700 -34.288024 -0.009308 -0.041921 81.434406 -38.478021 -33.761775 42.418381 -30.499833 -12.149612 8.229300 -0.451566 6.226235 -22.333101 -1.295557 -6.556579 34.917226 15.468602 4.893340 25.583562 22.727123 5.228823
-0.745889 0.282514 -7.675173 26.989625 21.902866 -78.657234 -47.204098 -29.439011 -62.036281 -47.204098 -29.439011 -62.036281 -63.063559 -13.464504 -21.784151 3.389719 -2.604985 75.091310 0.984167 -1.346251 -72.486481 7.754007 -9.106633 -80.842023 -14.815635 10.283566 -110.613534 -14.815635 10.283566 -110.613534 -3.726876 -4.408170 80.448010 -11.448056 -12.881625 83.161947 -122.037202 -40.637622 156.748523 -122.037202 -40.637622 156.748523 12.727839 -0.622282 5.394800 -32.652787 -0.148855 -0.568042 80.161799 -40.393788 -34.724226 39.964640 -31.309050 -11.759944 9.182270 -0.514450 6.395973 -22.101337 -1.248413 -6.388505 34.730931 15.837088 4.979307 25.643766 23.001551 5.300126
-1.010668 0.283937 -10.696675 24.356230 20.503589 -80.585162 -47.009251 -29.408533 -62.218466 -47.009251 -29.408533 -62.218466 -62.676381 -13.639916 -22.230218 3.044469 -2.348703 75.341632 0.540636 -0.737716 -72.716429 7.357735 -8.584667 -81.185464 -14.644589 10.306849 -109.862880 -14.644589 10.306849 -109.862880 -3.834778 -4.566365 80.052273 -11.804292 -13.153245 83.751588 -124.328210 -39.825128 158.311575 -124.328210 -39.825128 158.311575 15.366040 -0.848401 6.055553 -31.081127 -0.309424 -1.185551 76.814335 -41.564364 -33.803604 36.230683 -31.086176 -10.581561 9.756709 -0.555750 6.508335 -22.033801 -1.219648 -6.258408 34.267362 16.151350 5.005598 25.258737 23.212858 5.264878
-1.256636 0.284749 -13.820750 24.268148 20.526873 -80.704600 -46.719310 -29.363384 -62.489651 -46.719310 -29.363384 -62.489651 -62.283845 -13.832485 -22.709686 2.553021 -1.976788 75.556180 0.146876 -0.201456 -72.919979 7.146668 -8.334665 -81.199370 -14.467951 10.383921 -108.795203 -14.467951 10.383921 -108.795203 -3.906511 -4.679713 79.703188 -11.917461 -13.189996 84.150990 -125.295813 -39.046060 159.206291 -125.295813 -39.046060 159.206291 17.360955 -1.099215 7.054030 -29.283948 -0.445510 -1.760746 70.380687 -42.784468 -31.122791 30.668472 -30.953214 -8.786594 10.266832 -0.587339 6.529944 -21.959570 -1.204737 -6.202539 33.407002 16.481802 4.971768 24.565817 23.443920 5.167875
-1.323787 0.286219 -15.806610 27.273476 22.082714 -78.493230 -46.379353 -29.309961 -62.807407 -46.379353 -29.309961 -62.807407 -61.887326 -14.027578 -23.198332 1.989592 -1.544228 75.650733 0.074335 -0.100730 -73.073986 7.300918 -8.571059 -80.872651 -14.379943 10.507976 -107.821481 -14.379943 10.507976 -107.821481 -3.901499 -4.692594 79.466964 -11.997172 -13.242662 84.306131 -125.091076 -38.436639 159.470577 -125.091076 -38.436639 159.470577 17.624050 -1.233342 7.970901 -27.315601 -0.473069 -1.911571 61.917493 -42.599096 -26.506951 24.995059 -29.971449 -6.801747 10.428772 -0.610619 6.696404 -22.195768 -1.217028 -6.197916 32.417408 16.568268 4.845754 23.632971 23.339594 4.949959
-1.174303 0.288928 -15.845185 32.761690 24.720062 -74.330370 -46.105776 -29.266902 -63.063087 -46.105776 -29.266902 -63.063087 -61.461948 -14.196862 -23.664865 1.359645 -1.055978 75.587447 0.361372 -0.489852 -73.088500 7.880766 -9.341198 -80.380276 -13.898033 10.305291 -106.975288 -13.898033 10.305291 -106.975288 -3.915597 -4.730796 79.219993 -12.002699 -13.256982 84.268889 -122.356080 -38.148245 158.386973 -122.356080 -38.148245 158.386973 15.875596 -1.188661 8.455754 -25.456272 -0.396582 -1.654517 53.977090 -41.789817 -22.476436 19.629721 -28.993087 -5.265819 9.882126 -0.606197 7.097574 -22.874615 -1.274271 -6.285829 31.297732 16.465038 4.646231 22.094093 23.053244 4.573906
-0.910276 0.292332 -14.360969 38.927405 26.813327 -69.138078 -46.084055 -29.263196 -63.083264 -46.084055 -29.263196 -63.083264 -61.062262 -14.269602 -23.968698 0.986640 -0.765328 75.419485 1.117246 -1.513450 -73.049592 9.252790 -11.062967 -79.881833 -12.575663 9.400720 -106.540557 -12.575663 9.400720 -106.540557 -3.999891 -4.847219 79.053461 -11.841652 -13.143120 83.970617 -116.171232 -38.041624 155.476402 -116.171232 -38.041624 155.476402 13.299616 -0.996371 8.334787 -23.861502 -0.238003 -1.056316 46.794895 -39.549418 -18.189561 14.950221 -26.635189 -3.766280 8.759308 -0.573858 7.643771 -23.882234 -1.358761 -6.408185 30.627458 15.985124 4.409053 20.727311 22.346407 4.156962
-0.661529 0.296004 -11.998595 45.771721 28.446188 -63.032167 -46.000608 -29.248924 -63.160761 -46.000608 -29.248924 -63.160761 -60.623748 -14.313549 -24.245802 0.620566 -0.479847 75.194000 2.081400 -2.815785 -72.983896 10.969222 -13.183726 -79.495840 -10.725766 8.033117 -106.537484 -10.725766 8.033117 -106.537484 -4.171783 -5.057679 79.019931 -11.415854 -12.794187 83.365979 -108.202455 -37.957826 151.637664 -108.202455 -37.957826 151.637664 10.503761 -0.755188 7.903519 -22.976482 -0.143285 -0.689146 42.303763 -36.842505 -14.917127 11.796931 -23.669581 -2.602333 7.640701 -0.538896 8.219425 -24.653096 -1.449666 -6.618394 30.089293 15.212071 4.112734 19.264785 21.481131 3.700485
-0.376452 0.299502 -8.413548 54.217177 28.609624 -54.651478 -46.000662 -29.248737 -63.160625 -46.000662 -29.248737 -63.160625 -60.260759 -14.316038 -24.420042 0.395655 -0.304012 74.969608 2.984358 -4.029244 -73.000542 12.528793 -15.066374 -79.392308 -8.992397 6.678617 -106.977445 -8.992397 6.678617 -106.977445 -4.230279 -5.121123 79.105367 -10.674700 -12.137672 82.479764 -100.474157 -37.874240 147.840060 -100.474157 -37.874240 147.840060 7.723502 -0.506624 7.177974 -23.359376 -0.113500 -0.542984 41.748581 -34.165471 -13.348408 10.589138 -20.287818 -1.901331 6.250905 -0.470125 8.710477 -25.116739 -1.530650 -6.858784 29.731959 14.233869 3.803323 17.967829 20.452595 3.284138
-0.158394 0.302953 -4.876879 64.002278 23.026037 -40.498685 -46.168442 -29.275434 -63.003944 -46.168442 -29.275434 -63.003944 -60.131975 -14.283559 -24.426707 0.609589 -0.466761 74.843288 3.680945 -4.960500 -73.088872 13.535545 -16.226369 -79.547000 -7.590246 5.556367 -107.808180 -7.590246 5.556367 -107.808180 -4.148329 -5.008792 79.269273 -9.807400 -11.372551 81.361481 -96.351329 -38.332675 145.403706 -96.351329 -38.332675 145.403706 5.204273 -0.321418 6.418266 -24.511889 -0.113753 -0.528436 43.755306 -33.267348 -13.680844 10.244683 -18.334751 -1.650142 5.238882 -0.412272 9.032105 -25.092268 -1.577947 -7.082749 29.054198 13.162904 3.438068 16.636562 19.204682 2.859878
-0.004363 0.305891 -1.852688 73.819033 13.509508 -23.044887 -46.434218 -29.317608 -62.755701 -46.434218 -29.317608 -62.755701 -60.318359 -14.202968 -24.206339 1.145393 -0.877642 74.824238 4.486322 -6.036116 -73.210359 14.670122 -17.465202 -79.887201 -6.018714 4.343809 -109.172524 -6.018714 4.343809 -109.172524 -3.650039 -4.393442 79.486891 -8.634583 -10.229654 79.991104 -96.388945 -39.485290 144.472048 -96.388945 -39.485290 144.472048 2.824309 -0.169387 5.652059 -25.939068 -0.093221 -0.421971 47.686128 -33.241630 -15.102817 11.147911 -17.473003 -1.734511 4.955005 -0.398036 9.182202 -24.737690 -1.566372 -7.130782 28.689246 11.935875 3.072756 16.007138 17.566400 2.510126
0.055049 0.308454 -0.090439 81.157188 1.832473 -5.475302 -46.821472 -29.378088 -62.393576 -46.821472 -29.378088 -62.393576 -60.707343 -14.080945 -23.824873 1.895728 -1.455178 74.903046 5.285288 -7.107660 -73.244995 15.923219 -18.798474 -80.305980 -4.349795 3.100224 -110.723158 -4.349795 3.100224 -110.723158 -3.062775 -3.676155 79.661951 -7.628596 -9.259770 78.589655 -99.364830 -41.217267 144.685275 -99.364830 -41.217267 144.685275 0.829532 -0.054292 4.948032 -27.103976 -0.035484 -0.168359 51.437806 -33.420044 -16.504464 12.462235 -17.231445 -1.912528 5.714263 -0.464609 9.265933 -24.208394 -1.506123 -7.004076 28.641941 10.703948 2.736008 15.888280 15.723526 2.201739
-0.014314 0.309772 0.210689 85.952921 -6.407825 6.180927 -47.295072 -29.451535 -61.950490 -47.295072 -29.451535 -61.950490 -61.224637 -13.906379 -23.300636 2.756084 -2.122497 75.083655 6.078071 -8.181714 -73.189070 17.520450 -20.535097 -80.702793 -2.322338 1.635414 -111.966383 -2.322338 1.635414 -111.966383 -2.564046 -3.069592 79.792033 -6.851531 -8.533945 77.241225 -102.244079 -43.042626 144.769457 -102.244079 -43.042626 144.769457 -0.379365 0.010522 4.307629 -27.803196 0.070281 0.272459 54.509834 -33.431043 -17.605566 14.172012 -17.406776 -2.198496 7.410005 -0.603770 9.293610 -23.761651 -1.424698 -6.755058 29.113349 9.425335 2.434354 16.503992 13.711123 1.963357
-0.259179 0.310311 -0.766940 87.295608 -7.315021 7.788520 -47.723496 -29.513004 -61.547541 -47.723496 -29.513004 -61.547541 -61.796310 -13.690377 -22.693436 3.585944 -2.774142 75.352405 6.651172 -8.969428 -73.071802 18.992174 -22.152554 -80.995288 -0.481649 0.332637 -112.703221 -0.481649 0.332637 -112.703221 -2.295269 -2.742166 79.877528 -6.434695 -8.208754 76.076721 -103.789121 -44.437058 144.470764 -103.789121 -44.437058 144.470764 -0.641554 0.024694 3.647520 -28.036633 0.213573 0.860959 56.821594 -34.095654 -18.856901 15.648832 -18.686401 -2.588218 9.759307 -0.789891 9.253518 -23.470129 -1.353411 -6.506897 30.008539 8.120553 2.160214 17.650407 11.749023 1.794476
-0.638569 0.310440 -2.357931 81.725061 0.932964 -5.323084 -48.107942 -29.563227 -61.183852 -48.107942 -29.563227 -61.183852 -62.357722 -13.447029 -22.057579 4.214500 -3.275969 75.626766 6.848928 -9.254983 -72.947480 19.788065 -23.022078 -81.155953 0.251134 -0.167073 -112.646243 0.251134 -0.167073 -112.646243 -2.258398 -2.692621 79.965112 -6.310899 -8.211687 75.103539 -103.141734 -45.423630 143.213581 -103.141734 -45.423630 143.213581 -0.127585 0.011826 2.908630 -27.680519 0.350552 1.439717 56.681612 -35.120650 -19.375143 15.583071 -20.155720 -2.742406 11.535621 -0.923512 9.144276 -23.502061 -1.317671 -6.328612 30.624638 6.998604 1.911776 18.365901 10.131034 1.629738
-0.980002 0.311201 -3.882489 71.936349 11.386976 -24.217435 -48.300846 -29.587967 -61.001170 -48.300846 -29.587967 -61.001170 -62.980934 -13.223376 -21.439975 4.699533 -3.670197 75.928649 6.841166 -9.268355 -72.807894 20.065984 -23.310673 -81.236888 0.905559 -0.601275 -112.435789 0.905559 -0.601275 -112.435789 -2.349662 -2.794867 80.103525 -6.374791 -8.395634 74.352409 -101.454032 -46.093351 141.557436 -101.454032 -46.093351 141.557436 0.574853 -0.003073 2.219700 -26.916382 0.474328 2.008057 53.974598 -36.600005 -19.122773 13.628477 -21.771028 -2.582337 12.326812 -0.979560 9.063432 -23.715819 -1.298038 -6.179460 31.023147 6.348364 1.763148 18.835237 9.095034 1.510552
-1.193127 0.312061 -4.888256 59.972804 21.101720 -44.239364 -48.272163 -29.583609 -61.028046 -48.272163 -29.583609 -61.028046 -63.716360 -13.020157 -20.821637 5.041135 -3.953128 76.179816 6.858342 -9.320859 -72.641133 20.352839 -23.601223 -81.333010 1.343604 -0.891537 -112.497950 1.343604 -0.891537 -112.497950 -2.273665 -2.694729 80.331801 -6.133765 -8.169154 73.728457 -99.660293 -46.655469 139.945163 -99.660293 -46.655469 139.945163 1.297875 -0.016698 1.727022 -26.004966 0.560547 2.449285 50.569627 -37.997009 -18.506802 11.308857 -23.201322 -2.308923 12.094431 -0.957624 9.031697 -24.042060 -1.280961 -6.016700 31.334858 6.245878 1.757243 19.149340 8.773360 1.485928
-1.243103 0.313024 -5.484229 48.853023 26.575095 -58.960318 -48.197303 -29.573974 -61.098925 -48.197303 -29.573974 -61.098925 -64.458247 -12.823445 -20.222892 5.385797 -4.230352 76.288447 6.902481 -9.415495 -72.438269 20.849730 -24.118534 -81.461666 1.579185 -1.047070 -112.918048 1.579185 -1.047070 -112.918048 -2.174367 -2.565405 80.594276 -5.938195 -7.967799 73.330536 -99.173091 -47.046456 139.304862 -99.173091 -47.046456 139.304862 1.797830 -0.023725 1.522564 -25.215948 0.609536 2.737486 47.151764 -38.777442 -17.506229 9.093720 -23.895349 -1.934069 11.410052 -0.906712 9.072797 -24.311864 -1.253205 -5.818505 31.381319 6.569348 1.850075 19.165117 8.987866 1.522089
-1.188814 0.314013 -5.778148 40.585387 27.818129 -67.951153 -48.128523 -29.566001 -61.164419 -48.128523 -29.566001 -61.164419 -65.021935 -12.639316 -19.721553 5.748679 -4.507689 76.210868 6.881438 -9.434713 -72.146151 21.290698 -24.544088 -81.655067 1.504424 -0.986725 -113.904238 1.504424 -0.986725 -113.904238 -2.127149 -2.496807 80.870939 -5.877155 -7.917919 73.124509 -100.190405 -47.446441 139.631110 -100.190405 -47.446441 139.631110 2.095803 -0.026822 1.464925 -24.745021 0.644198 2.938795 44.235640 -39.000108 -16.371842 7.285772 -23.931854 -1.539724 10.663947 -0.857730 9.183376 -24.489571 -1.227035 -5.651630 31.010524 7.093133 1.968339 18.646169 9.509106 1.559515
-1.216624 0.315657 -6.463628 32.638794 23.002708 -72.678792 -48.132212 -29.567881 -61.161519 -48.132212 -29.567881 -61.161519 -65.416330 -12.460267 -19.297513 6.131400 -4.786873 75.975068 6.695079 -9.256008 -71.657027 21.617557 -24.879360 -81.752687 1.873402 -1.194139 -115.154007 1.873402 -1.194139 -115.154007 -2.243583 -2.620256 81.102116 -6.049552 -8.162563 73.047601 -102.192169 -47.829937 140.615034 -102.192169 -47.829937 140.615034 2.213200 -0.023223 1.224100 -24.446708 0.690179 3.191577 41.445125 -39.262496 -15.395893 5.089663 -23.815632 -1.101047 10.387059 -0.848335 9.310923 -24.220467 -1.194472 -5.563045 29.705135 7.444160 1.973243 17.013695 9.872418 1.472894
-1.310626 0.317615 -6.979968 19.487597 13.654577 -77.751218 -48.320470 -29.592653 -60.983501 -48.320470 -29.592653 -60.983501 -65.749960 -12.236576 -18.837685 6.575293 -5.102562 75.627220 6.236729 -8.712974 -71.053972 21.332458 -24.587376 -81.662826 1.086311 -0.663405 -116.207952 1.086311 -0.663405 -116.207952 -2.550989 -2.967896 81.306349 -6.613270 -8.932116 72.992003 -104.598131 -48.558391 141.567319 -104.598131 -48.558391 141.567319 2.280131 -0.013880 0.730599 -24.206098 0.738414 3.455836 38.287503 -39.770969 -14.334697 2.427908 -23.799258 -0.533326 9.892393 -0.815310 9.399522 -23.930757 -1.177008 -5.550660 27.522466 7.607968 1.867175 14.123513 10.075514 1.252100
-1.346041 0.319872 -6.685199 1.646742 0.673999 -80.181936 -48.497927 -29.614744 -60.815164 -48.497927 -29.614744 -60.815164 -66.071033 -12.022245 -18.402314 6.859475 -5.290518 75.270122 5.619813 -7.948472 -70.347825 20.848718 -24.123715 -81.437548 0.969035 -0.588214 -116.858805 0.969035 -0.588214 -116.858805 -2.885322 -3.346749 81.496847 -7.220800 -9.761651 72.931058 -106.995888 -49.159113 142.595478 -106.995888 -49.159113 142.595478 2.247862 -0.002179 0.092025 -24.181884 0.788402 3.690338 35.028083 -40.622340 -13.324590 -0.556010 -23.843844 0.110271 8.703458 -0.721282 9.440422 -23.768307 -1.166983 -5.542565 25.162843 7.604725 1.705300 10.875643 10.017704 0.968743
-1.330758 0.322360 -5.190782 -21.675905 -11.281547 -73.125181 -48.628395 -29.630263 -60.691096 -48.628395 -29.630263 -60.691096 -66.423771 -11.815626 -17.969735 7.036522 -5.395859 74.945196 4.910277 -7.040315 -69.580490 19.863118 -23.120208 -81.095785 -0.450996 0.287375 -117.126305 -0.450996 0.287375 -117.126305 -3.056407 -3.534138 81.702511 -7.850572 -10.626910 72.847507 -111.343055 -49.948348 144.661456 -111.343055 -49.948348 144.661456 2.016361 0.008304 -0.643749 -24.636822 0.820965 3.773259 32.538495 -41.944814 -12.758995 -3.233639 -24.202541 0.701035 6.925592 -0.574167 9.414960 -23.960079 -1.179181 -5.553235 22.789088 6.857077 1.420624 7.449522 8.996129 0.656864
-1.284083 0.324117 -3.647163 -39.253124 -19.138699 -64.490879 -48.769571 -29.647165 -60.556891 -48.769571 -29.647165 -60.556891 -66.698730 -11.666103 -17.650136 7.161483 -5.471661 74.733583 4.380928 -6.350269 -69.040283 19.077866 -22.316597 -80.827330 -1.751454 1.084055 -116.967312 -1.751454 1.084055 -116.967312 -3.112726 -3.591839 81.835279 -8.276075 -11.211583 72.794412 -114.915065 -50.403757 146.509284 -114.915065 -50.403757 146.509284 1.780107 0.014550 -1.160114 -25.181257 0.836787 3.764017 31.250771 -43.066901 -12.602461 -4.933232 -24.549077 1.081374 5.423080 -0.447224 9.360487 -24.207638 -1.193853 -5.562170 21.158031 6.097243 1.183082 5.041579 7.968108 0.431239
-1.186838 0.325405 -1.702944 -52.884434 -22.277197 -52.957249 -48.909710 -29.664112 -60.423743 -48.909710 -29.664112 -60.423743 -66.856381 -11.541644 -17.409242 7.221443 -5.501245 74.565782 3.961768 -5.789123 -68.657624 18.310859 -21.484319 -80.670596 -3.354890 2.066617 -116.865216 -3.354890 2.066617 -116.865216 -3.028708 -3.487399 81.956511 -8.554098 -11.596997 72.744966 -118.657841 -50.874079 148.442438 -118.657841 -50.874079 148.442438 1.496411 0.016704 -1.503668 -25.968528 0.832130 3.623344 31.294131 -44.209308 -12.980084 -5.638909 -25.089941 1.253683 4.041166 -0.329811 9.299253 -24.676392 -1.221378 -5.578193 20.146188 5.230899 0.978912 3.375814 6.838214 0.286414
